date,open,high,low,prev. close,ltp,close,52w h,52w l,volume,value,price_range,gap_up,body,upper_shadow,lower_shadow,close_lag_1,high_lag_1,low_lag_1,volume_lag_1,close_lag_2,high_lag_2,low_lag_2,volume_lag_2,close_lag_3,high_lag_3,low_lag_3,volume_lag_3,close_lag_5,high_lag_5,low_lag_5,volume_lag_5,close_ma_3,high_std_3,volume_ma_3,close_ma_5,high_std_5,volume_ma_5,close_ma_10,high_std_10,volume_ma_10,close_ma_20,high_std_20,volume_ma_20,rsi,pct_change_close,pct_change_high,pct_change_volume,close_to_high,low_to_close,volume_to_value,day_of_week,month,high_t_plus_1,high_t_plus_2,high_t_plus_3,high_t_plus_4,high_t_plus_5,high_t_plus_6,high_t_plus_7,high_t_plus_8,high_t_plus_9,high_t_plus_10,high_t_plus_11,high_t_plus_12,high_t_plus_13,high_t_plus_14,high_t_plus_15,high_t_plus_16,high_t_plus_17,high_t_plus_18,high_t_plus_19,high_t_plus_20
2023-05-02,61.0,61.47,61.0,60.88,61.4,61.4,62.3,57.2,20049,1225531.12,0.46999999999999886,0.11999999999999744,0.3999999999999986,0.07000000000000028,0.0,60.88,61.06,60.35,3229.0,60.35,60.49,59.8,4159.0,60.15,60.33,59.81,17499.0,59.77,59.82,59.33,4993.0,60.876666666666665,0.49217205663600705,9145.666666666666,60.574,0.5619163638834537,15667.0,59.99399999999999,0.6324730999988991,10561.3,59.6385,0.7307098207258892,16048.45,76.71957643543018,0.00854139290407363,0.006714706845725393,5.209043047383091,0.9988612331055985,0.9934853420033635,0.01635943769424638,1,5,61.21,61.5,61.4,61.59,61.84,61.69,61.99,62.01,63.5,62.31,61.69,61.95,61.69,62.1,62.29,62.19,61.96,62.62,63.15,63.05
2023-05-03,61.21,61.21,60.7,61.4,60.8,60.87,62.3,57.2,12106,735609.46,0.509999999999998,-0.18999999999999773,0.3400000000000034,0.0,0.1699999999999946,61.4,61.47,61.0,20049.0,60.88,61.06,60.35,3229.0,60.35,60.49,59.8,4159.0,60.09,60.1,59.69,33399.0,61.050000000000004,0.2074447717666505,11794.666666666666,60.73,0.48447910171647585,11408.4,60.142999999999994,0.6875794903540593,11477.4,59.782000000000004,0.5897499470114426,16446.7,62.49999976728724,-0.008631921824104216,-0.004229705547421525,-0.39617936056661185,0.9944453520504093,0.9972071627895975,0.016457102115027156,2,5,61.5,61.4,61.59,61.84,61.69,61.99,62.01,63.5,62.31,61.69,61.95,61.69,62.1,62.29,62.19,61.96,62.62,63.15,63.05,63.12
2023-05-04,61.1,61.5,61.08,60.87,61.44,61.47,62.3,57.2,7840,480636.08,0.4200000000000017,0.23000000000000398,0.36999999999999744,0.030000000000001137,0.020000000000003126,60.87,61.21,60.7,12106.0,61.4,61.47,61.0,20049.0,60.88,61.06,60.35,3229.0,60.15,60.33,59.81,17499.0,61.24666666666667,0.15947831618535777,13331.666666666666,60.99400000000001,0.4099146252575084,9476.6,60.370000000000005,0.7353918078895761,11728.5,59.924,0.6531212509335848,16438.7,66.66666644602049,0.009857072449482418,0.004737787943146499,-0.3523872459937222,0.999512195105699,0.9936554416627029,0.016311717588908398,3,5,61.4,61.59,61.84,61.69,61.99,62.01,63.5,62.31,61.69,61.95,61.69,62.1,62.29,62.19,61.96,62.62,63.15,63.05,63.12,62.89
2023-05-05,61.4,61.4,60.65,61.47,60.65,60.73,62.3,57.2,6046,369325.33,0.75,-0.07000000000000028,0.6700000000000017,0.0,0.0799999999999983,61.47,61.5,61.08,7840.0,60.87,61.21,60.7,12106.0,61.4,61.47,61.0,20049.0,60.35,60.49,59.8,4159.0,61.02333333333333,0.1473091986265078,8664.0,61.07000000000001,0.18753666308219188,9854.0,60.511,0.7161695950603278,12114.1,60.0235,0.6412151293483791,14790.3,56.56565640567288,-0.012038392711891999,-0.001626016260162677,-0.2288265306122449,0.9890879478666272,0.9986826938745483,0.016370390842133636,4,5,61.59,61.84,61.69,61.99,62.01,63.5,62.31,61.69,61.95,61.69,62.1,62.29,62.19,61.96,62.62,63.15,63.05,63.12,62.89,62.68
2023-05-08,61.0,61.59,61.0,60.73,61.55,61.44,62.3,57.2,5730,351723.96,0.5900000000000034,0.2700000000000031,0.4399999999999977,0.15000000000000568,0.0,60.73,61.4,60.65,6046.0,61.47,61.5,61.08,7840.0,60.87,61.21,60.7,12106.0,60.88,61.06,60.35,3229.0,61.21333333333333,0.09504384952913422,6538.666666666667,61.182,0.1425833089811125,10354.2,60.714999999999996,0.6525173475769604,11505.0,60.134,0.7000411642031781,12353.0,67.8916826014538,0.011691091717437763,0.003094462540716769,-0.05226596096592784,0.997564539681806,0.9928385416505072,0.016291184712011044,0,5,61.84,61.69,61.99,62.01,63.5,62.31,61.69,61.95,61.69,62.1,62.29,62.19,61.96,62.62,63.15,63.05,63.12,62.89,62.68,63.17
2023-05-09,61.68,61.84,61.34,61.44,61.34,61.34,62.3,57.2,5971,367525.23,0.5,0.240000000000002,0.3399999999999963,0.1600000000000037,0.0,61.44,61.59,61.0,5730.0,60.73,61.4,60.65,6046.0,61.47,61.5,61.08,7840.0,61.4,61.47,61.0,20049.0,61.169999999999995,0.22068076490709995,5915.666666666667,61.17,0.23317375495540554,7538.6,60.872,0.5919168485146683,11602.8,60.24150000000001,0.7548877574287316,12069.5,69.36758874088022,-0.0016276041666666297,0.004059100503328361,0.04205933682373475,0.9919146183539471,0.9999999999836975,0.016246503675407493,1,5,61.69,61.99,62.01,63.5,62.31,61.69,61.95,61.69,62.1,62.29,62.19,61.96,62.62,63.15,63.05,63.12,62.89,62.68,63.17,63.07
2023-05-10,61.64,61.69,60.6,61.34,61.0,60.88,62.3,57.2,4305,264097.62,1.0899999999999963,0.29999999999999716,0.759999999999998,0.04999999999999716,0.28000000000000114,61.34,61.84,61.34,5971.0,61.44,61.59,61.0,5730.0,60.73,61.4,60.65,6046.0,60.87,61.21,60.7,12106.0,61.220000000000006,0.12583057392110125,5335.333333333333,61.172000000000004,0.17008821240757108,5978.4,60.951,0.5001955173285104,8693.4,60.3165,0.7858168730020522,11282.95,65.73033690632496,-0.0074991848712097076,-0.0024256144890040243,-0.2790152403282532,0.9868698330201514,0.9954007884199179,0.01630079059402347,2,5,61.99,62.01,63.5,62.31,61.69,61.95,61.69,62.1,62.29,62.19,61.96,62.62,63.15,63.05,63.12,62.89,62.68,63.17,63.07,63.42
2023-05-11,61.7,61.99,61.59,60.88,61.66,61.66,62.3,57.2,6213,383235.98,0.3999999999999986,0.8200000000000003,0.04000000000000625,0.28999999999999915,0.06999999999999318,60.88,61.69,60.6,4305.0,61.34,61.84,61.34,5971.0,61.44,61.59,61.0,5730.0,61.47,61.5,61.08,7840.0,61.29333333333333,0.14999999999993488,5496.333333333333,61.21,0.22687000683211514,5653.0,61.102,0.42828339527309006,7564.8,60.403000000000006,0.8326375340794322,9363.05,69.49999983783333,0.012812089356110334,0.00486302480142653,0.44320557491289203,0.9946765607195567,0.9988647421180854,0.016211943356675394,3,5,62.01,63.5,62.31,61.69,61.95,61.69,62.1,62.29,62.19,61.96,62.62,63.15,63.05,63.12,62.89,62.68,63.17,63.07,63.42,63.49
2023-05-12,61.6,62.01,61.2,61.66,61.73,61.72,62.3,57.2,9530,586423.12,0.8099999999999952,-0.05999999999999517,0.11999999999999744,0.28999999999999915,0.3999999999999986,61.66,61.99,61.59,6213.0,60.88,61.69,60.6,4305.0,61.34,61.84,61.34,5971.0,60.73,61.4,60.65,6046.0,61.419999999999995,0.17925772879659385,6682.666666666667,61.408,0.18379336223053394,6349.8,61.239,0.3146144024392389,8101.9,60.486000000000004,0.8746805431879446,9029.5,69.39799314856658,0.0009730781706129843,0.0003226326826906156,0.5338805729921132,0.9953233349299255,0.991574854164103,0.016251064589677133,4,5,63.5,62.31,61.69,61.95,61.69,62.1,62.29,62.19,61.96,62.62,63.15,63.05,63.12,62.89,62.68,63.17,63.07,63.42,63.49,63.19
2023-05-15,63.5,63.5,61.77,61.72,62.01,62.01,63.5,57.2,3114,193399.72,1.7299999999999969,1.7800000000000011,1.490000000000002,0.0,0.23999999999999488,61.72,62.01,61.2,9530.0,61.66,61.99,61.59,6213.0,60.88,61.69,60.6,4305.0,61.44,61.59,61.0,5730.0,61.79666666666666,0.8660831368869729,6285.666666666667,61.522000000000006,0.7347992923241073,5826.6,61.352,0.6438598881399037,8090.4,60.5825,1.0510175520593432,8992.5,68.98305068376902,0.00469863901490597,0.024028382518948677,-0.6732423924449108,0.9765354330554876,0.9961296564909511,0.016101367675196137,0,5,62.31,61.69,61.95,61.69,62.1,62.29,62.19,61.96,62.62,63.15,63.05,63.12,62.89,62.68,63.17,63.07,63.42,63.49,63.19,62.8
2023-05-16,62.0,62.31,61.46,62.01,61.61,61.54,63.5,57.2,27002,1665416.94,0.8500000000000014,-0.00999999999999801,0.46000000000000085,0.3100000000000023,0.0799999999999983,62.01,63.5,61.77,3114.0,61.72,62.01,61.2,9530.0,61.66,61.99,61.59,6213.0,61.34,61.84,61.34,5971.0,61.75666666666666,0.7880566815485497,13215.333333333334,61.562,0.7057619995437633,10032.8,61.36600000000001,0.6479060288515569,8785.7,60.68000000000001,1.0693436255356141,9673.5,61.98347093094732,-0.007579422673762326,-0.01874015748031488,7.6711624919717405,0.9876424329804583,0.9987000324829591,0.016213357359028655,1,5,61.69,61.95,61.69,62.1,62.29,62.19,61.96,62.62,63.15,63.05,63.12,62.89,62.68,63.17,63.07,63.42,63.49,63.19,62.8,63.3
2023-05-17,61.69,61.69,61.11,61.54,61.42,61.42,63.5,57.2,1318,81035.85,0.5799999999999983,0.14999999999999858,0.269999999999996,0.0,0.3100000000000023,61.54,62.31,61.46,27002.0,62.01,63.5,61.77,3114.0,61.72,62.01,61.2,9530.0,60.88,61.69,60.6,4305.0,61.656666666666666,0.9198369420717873,10478.0,61.67,0.7057619995437633,9435.4,61.42100000000001,0.6072853987669445,7706.9,60.782,1.0367483326550964,9592.15,60.3927985522915,-0.0019499512512186623,-0.009950248756218971,-0.9511888008295681,0.9956232776625772,0.9949527840932114,0.01626440643246148,2,5,61.95,61.69,62.1,62.29,62.19,61.96,62.62,63.15,63.05,63.12,62.89,62.68,63.17,63.07,63.42,63.49,63.19,62.8,63.3,63.37
2023-05-18,61.6,61.95,61.46,61.42,61.55,61.52,63.5,57.2,3238,199355.07,0.490000000000002,0.17999999999999972,0.0799999999999983,0.3500000000000014,0.060000000000002274,61.42,61.69,61.11,1318.0,61.54,62.31,61.46,27002.0,62.01,63.5,61.77,3114.0,61.66,61.99,61.59,6213.0,61.49333333333334,0.31134118476889167,10519.333333333334,61.641999999999996,0.7103661027948978,8840.4,61.426,0.5863834543671279,7246.7,60.898,0.9938315011265946,9487.6,59.73377689912268,0.0016281341582546904,0.004214621494569748,1.4567526555386952,0.9930589184666173,0.9990247073959847,0.0162423759776964,3,5,61.69,62.1,62.29,62.19,61.96,62.62,63.15,63.05,63.12,62.89,62.68,63.17,63.07,63.42,63.49,63.19,62.8,63.3,63.37,65.0
2023-05-19,61.69,61.69,61.14,61.52,61.48,61.48,63.5,57.2,4571,280524.3,0.5499999999999972,0.1699999999999946,0.21000000000000085,0.0,0.3399999999999963,61.52,61.95,61.46,3238.0,61.42,61.69,61.11,1318.0,61.54,62.31,61.46,27002.0,61.72,62.01,61.2,9530.0,61.473333333333336,0.15011106998916957,3042.3333333333335,61.59400000000001,0.7551291280304395,7848.6,61.501,0.5601626747849158,7099.2,61.00599999999999,0.9246556969460012,9606.65,55.43478246810014,-0.0006501950585177108,-0.0041969330104923985,0.41167387276096346,0.9965958826228466,0.9944697462427706,0.016294488570152334,4,5,62.1,62.29,62.19,61.96,62.62,63.15,63.05,63.12,62.89,62.68,63.17,63.07,63.42,63.49,63.19,62.8,63.3,63.37,65.0,63.76
2023-05-22,61.73,62.1,61.7,61.48,61.83,61.83,63.5,57.2,6241,385409.79,0.3999999999999986,0.25,0.10000000000000142,0.2700000000000031,0.02999999999999403,61.48,61.69,61.14,4571.0,61.52,61.95,61.46,3238.0,61.42,61.69,61.11,1318.0,62.01,63.5,61.77,3114.0,61.60999999999999,0.20744477176659687,4683.333333333333,61.55799999999999,0.2679925372095531,8474.0,61.540000000000006,0.5388681553857654,7150.3,61.1275,0.840031954279408,9327.65,54.01869144742773,0.0056929082628496275,0.006646133895283013,0.3653467512579305,0.9956521738970104,0.9978974607634176,0.016193153785740586,0,5,62.29,62.19,61.96,62.62,63.15,63.05,63.12,62.89,62.68,63.17,63.07,63.42,63.49,63.19,62.8,63.3,63.37,65.0,63.76,75.0
2023-05-23,62.0,62.29,60.83,61.83,60.83,60.9,63.5,57.2,9539,591653.0,1.4600000000000009,0.1700000000000017,1.1000000000000014,0.28999999999999915,0.07000000000000028,61.83,62.1,61.7,6241.0,61.48,61.69,61.14,4571.0,61.52,61.95,61.46,3238.0,61.54,62.31,61.46,27002.0,61.40333333333333,0.3066485501894606,6783.666666666667,61.42999999999999,0.26130442016929767,4981.4,61.496,0.5356574361369931,7507.1,61.18399999999999,0.7597885786259735,9554.95,50.26086944284311,-0.01504124211547797,0.0030595813204508104,0.5284409549751643,0.977685021657125,0.9988505746962423,0.016122625931077817,1,5,62.19,61.96,62.62,63.15,63.05,63.12,62.89,62.68,63.17,63.07,63.42,63.49,63.19,62.8,63.3,63.37,65.0,63.76,75.0,66.01
2023-05-24,61.88,62.19,60.0,60.9,60.0,60.67,63.5,57.2,3093,190035.29,2.1899999999999977,0.980000000000004,1.2100000000000009,0.30999999999999517,0.6700000000000017,60.9,62.29,60.83,9539.0,61.83,62.1,61.7,6241.0,61.48,61.69,61.14,4571.0,61.42,61.69,61.11,1318.0,61.13333333333333,0.09504384952905677,6291.0,61.279999999999994,0.23405127643320217,5336.4,61.475,0.5137400985798712,7385.9,61.213,0.6807155677744364,8039.65,42.56505565131772,-0.0037766830870278323,-0.001605394124257531,-0.6757521752804276,0.9755587714909865,0.9889566507171756,0.016275924329633637,2,5,61.96,62.62,63.15,63.05,63.12,62.89,62.68,63.17,63.07,63.42,63.49,63.19,62.8,63.3,63.37,65.0,63.76,75.0,66.01,63.89
2023-05-25,61.96,61.96,61.34,60.67,61.95,61.9,63.5,57.2,958,59032.87,0.6199999999999974,1.2899999999999991,0.060000000000002274,0.0,0.5599999999999952,60.67,62.19,60.0,3093.0,60.9,62.29,60.83,9539.0,61.83,62.1,61.7,6241.0,61.52,61.95,61.46,3238.0,61.156666666666666,0.1692138686198627,4530.0,61.355999999999995,0.23308796622736916,4880.4,61.499,0.5150070118184696,6860.4,61.3005,0.5988170355836636,7212.6,59.965928306725246,0.020273611340036135,-0.0036983437851744183,-0.6902683478823148,0.9990316332956902,0.9909531502263176,0.01622824707658604,3,5,62.62,63.15,63.05,63.12,62.89,62.68,63.17,63.07,63.42,63.49,63.19,62.8,63.3,63.37,65.0,63.76,75.0,66.01,63.89,64.0
2023-05-26,62.0,62.62,61.98,61.9,62.62,62.62,63.5,57.2,125,7791.92,0.6400000000000006,0.10000000000000142,0.6199999999999974,0.0,0.020000000000003126,61.9,61.96,61.34,958.0,60.67,62.19,60.0,3093.0,60.9,62.29,60.83,9539.0,61.48,61.69,61.14,4571.0,61.73,0.3350124375800149,1392.0,61.58399999999999,0.24853571171968566,3991.2,61.589,0.5299895177160149,5919.9,61.414,0.5408287986725772,7010.9,60.03401346250406,0.011631663974151829,0.010652033570045072,-0.8695198329853862,0.9999999999840307,0.9897796231077965,0.016042259160769613,4,5,63.15,63.05,63.12,62.89,62.68,63.17,63.07,63.42,63.49,63.19,62.8,63.3,63.37,65.0,63.76,75.0,66.01,63.89,64.0,63.48
2023-05-29,62.8,63.15,62.67,62.62,62.67,62.68,63.5,57.2,14505,909986.32,0.4799999999999969,0.17999999999999972,0.11999999999999744,0.3500000000000014,0.00999999999999801,62.62,62.62,61.98,125.0,61.9,61.96,61.34,958.0,60.67,62.19,60.0,3093.0,61.83,62.1,61.7,6241.0,62.4,0.5961822987420169,5196.0,61.754,0.4614867278698382,5644.0,61.656000000000006,0.4408640505995884,7059.0,61.504,0.5704741794977392,7574.7,61.47260259236017,0.0009581603321622278,0.008463749600766457,115.04,0.992557402992992,0.9998404594607556,0.015939800062049266,0,5,63.05,63.12,62.89,62.68,63.17,63.07,63.42,63.49,63.19,62.8,63.3,63.37,65.0,63.76,75.0,66.01,63.89,64.0,63.48,64.18
2023-05-30,62.69,63.05,62.67,62.68,62.81,62.8,63.5,57.2,1994,125186.19,0.37999999999999545,0.00999999999999801,0.10999999999999943,0.25,0.01999999999999602,62.68,63.15,62.67,14505.0,62.62,62.62,61.98,125.0,61.9,61.96,61.34,958.0,60.9,62.29,60.83,9539.0,62.699999999999996,0.2816025568065713,5541.333333333333,62.13399999999999,0.5203172109396426,4135.0,61.782,0.5177182846125727,4558.2,61.574,0.600721276992508,6671.95,67.45454528284294,0.0019144862795148487,-0.0015835312747426444,-0.862530162013099,0.996034892926312,0.9979299362898421,0.015928274516541992,1,5,63.12,62.89,62.68,63.17,63.07,63.42,63.49,63.19,62.8,63.3,63.37,65.0,63.76,75.0,66.01,63.89,64.0,63.48,64.18,64.2
2023-05-31,63.12,63.12,62.29,62.8,62.82,62.67,63.5,57.2,8262,515447.1,0.8299999999999983,0.3200000000000003,0.44999999999999574,0.0,0.38000000000000256,62.8,63.05,62.67,1994.0,62.68,63.15,62.67,14505.0,62.62,62.62,61.98,125.0,60.67,62.19,60.0,3093.0,62.71666666666666,0.05131601439451321,8253.666666666666,62.534000000000006,0.5058161721416261,5168.8,61.907,0.5371488517057877,5252.6,61.664,0.605845212123161,6479.75,60.41237095963445,-0.002070063694267432,0.0011102299762093537,3.143430290872618,0.9928707224177303,0.9939364927238881,0.016028802955725202,2,5,62.89,62.68,63.17,63.07,63.42,63.49,63.19,62.8,63.3,63.37,65.0,63.76,75.0,66.01,63.89,64.0,63.48,64.18,64.2,64.38
2023-06-01,62.82,62.89,62.36,62.67,62.69,62.45,63.5,57.2,2569,160641.83,0.5300000000000011,0.14999999999999858,0.36999999999999744,0.07000000000000028,0.09000000000000341,62.67,63.12,62.29,8262.0,62.8,63.05,62.67,1994.0,62.68,63.15,62.67,14505.0,61.9,61.96,61.34,958.0,62.64000000000001,0.11789826122552148,4275.0,62.644000000000005,0.21801376103358105,5491.0,62.0,0.529511305093836,5185.7,61.71299999999999,0.6032131071449818,6216.2,57.28542898163758,-0.003510451571724915,-0.00364385297845371,-0.6890583393851368,0.9930036571634123,0.9985588470616724,0.01599209869558872,3,6,62.68,63.17,63.07,63.42,63.49,63.19,62.8,63.3,63.37,65.0,63.76,75.0,66.01,63.89,64.0,63.48,64.18,64.2,64.38,75.0
2023-06-02,62.5,62.68,62.33,62.45,62.33,62.37,63.5,57.2,194,12112.75,0.3500000000000014,0.04999999999999716,0.13000000000000256,0.17999999999999972,0.03999999999999915,62.45,62.89,62.36,2569.0,62.67,63.12,62.29,8262.0,62.8,63.05,62.67,1994.0,62.62,62.62,61.98,125.0,62.49666666666667,0.2200757445365804,3675.0,62.593999999999994,0.19460215826143074,5504.8,62.089,0.4459509190731348,4748.0,61.795,0.5753760783860148,5923.6,53.74999984322916,-0.0012810248198559249,-0.0033391636190173157,-0.9244842351109381,0.9950542437620444,0.9993586660093097,0.016016181296566342,4,6,63.17,63.07,63.42,63.49,63.19,62.8,63.3,63.37,65.0,63.76,75.0,66.01,63.89,64.0,63.48,64.18,64.2,64.38,75.0,66.34
2023-06-05,62.69,63.17,62.69,62.37,62.95,62.95,63.5,57.2,10991,690491.98,0.480000000000004,0.3200000000000003,0.2600000000000051,0.21999999999999886,0.0,62.37,62.68,62.33,194.0,62.45,62.89,62.36,2569.0,62.67,63.12,62.29,8262.0,62.68,63.15,62.67,14505.0,62.59,0.24583192089989506,4584.666666666667,62.648,0.19917329138217144,4802.0,62.201,0.4396412679041763,5223.0,61.87050000000001,0.5789780015818472,6186.65,64.35845195498612,0.009299342632675955,0.007817485641352873,55.654639175257735,0.9965173341618409,0.995869737871392,0.01591763600208649,0,6,63.07,63.42,63.49,63.19,62.8,63.3,63.37,65.0,63.76,75.0,66.01,63.89,64.0,63.48,64.18,64.2,64.38,75.0,66.34,66.6
2023-06-06,63.07,63.07,62.58,62.95,62.8,62.79,63.5,57.2,2301,144183.07,0.490000000000002,0.11999999999999744,0.28000000000000114,0.0,0.21000000000000085,62.95,63.17,62.69,10991.0,62.37,62.68,62.33,194.0,62.45,62.89,62.36,2569.0,62.8,63.05,62.67,1994.0,62.70333333333334,0.2589079630550872,4495.333333333333,62.646,0.20107212636267452,4863.4,62.39,0.4254148302277691,4499.2,61.943,0.5822949153315446,6003.15,63.83838365783078,-0.002541699761715699,-0.0015830299192655106,-0.7906468929123829,0.9955604883304969,0.9966555183787761,0.015958877834963452,1,6,63.42,63.49,63.19,62.8,63.3,63.37,65.0,63.76,75.0,66.01,63.89,64.0,63.48,64.18,64.2,64.38,75.0,66.34,66.6,65.78
2023-06-07,62.85,63.42,62.81,62.79,63.42,63.42,63.5,57.2,7111,446921.43,0.6099999999999994,0.060000000000002274,0.5700000000000003,0.0,0.03999999999999915,62.79,63.07,62.58,2301.0,62.95,63.17,62.69,10991.0,62.37,62.68,62.33,194.0,62.67,63.12,62.29,8262.0,63.053333333333335,0.18027756377322507,6801.0,62.79600000000001,0.28023204670416774,4633.2,62.665,0.41020455601774525,4901.0,62.07000000000001,0.5909481676441851,6143.45,67.33576625133193,0.010033444816053505,0.005549389567147678,2.0903954802259888,0.9999999999842322,0.9903815830811987,0.015911074123252458,2,6,63.49,63.19,62.8,63.3,63.37,65.0,63.76,75.0,66.01,63.89,64.0,63.48,64.18,64.2,64.38,75.0,66.34,66.6,65.78,66.38
2023-06-08,63.49,63.49,62.91,63.42,63.01,63.01,63.5,57.2,39935,2517214.58,0.5800000000000054,0.07000000000000028,0.480000000000004,0.0,0.10000000000000142,63.42,63.42,62.81,7111.0,62.79,63.07,62.58,2301.0,62.95,63.17,62.69,10991.0,62.45,62.89,62.36,2569.0,63.07333333333333,0.22501851775652848,16449.0,62.908,0.3220714206507706,12106.4,62.775999999999996,0.27988886683415515,8798.7,62.1375,0.6119500753629782,7829.55,63.07692292596975,-0.0064648375906655176,0.001103752759381793,4.6159471241738155,0.9924397542763831,0.9984129503095,0.015864757942090097,3,6,63.19,62.8,63.3,63.37,65.0,63.76,75.0,66.01,63.89,64.0,63.48,64.18,64.2,64.38,75.0,66.34,66.6,65.78,66.38,67.15
2023-06-09,63.02,63.19,62.62,63.01,62.62,62.63,63.5,57.2,9816,616235.5,0.5700000000000003,0.010000000000005116,0.39000000000000057,0.1699999999999946,0.010000000000005116,63.01,63.49,62.91,39935.0,63.42,63.42,62.81,7111.0,62.79,63.07,62.58,2301.0,62.37,62.68,62.33,194.0,63.02,0.15695009822662204,18954.0,62.96,0.17838161340229086,14030.8,62.777,0.23309749986726774,9767.8,62.18299999999999,0.60716142828733,7843.85,56.802720953190835,-0.006030788763688233,-0.004725153567491036,-0.7542005759358958,0.9911378382498635,0.9998403320932485,0.015928975205096077,4,6,62.8,63.3,63.37,65.0,63.76,75.0,66.01,63.89,64.0,63.48,64.18,64.2,64.38,75.0,66.34,66.6,65.78,66.38,67.15,70.25
2023-06-12,62.78,62.8,61.83,62.63,62.0,62.45,63.5,57.2,4062,254538.27,0.9699999999999989,0.14999999999999858,0.3299999999999983,0.01999999999999602,0.6200000000000045,62.63,63.19,62.62,9816.0,63.01,63.49,62.91,39935.0,63.42,63.42,62.81,7111.0,62.95,63.17,62.69,10991.0,62.696666666666665,0.3459768778401366,17937.666666666668,62.86,0.2780827215056823,12645.0,62.754,0.25393787516708166,8723.5,62.205,0.5765986928804907,7891.25,65.10721229795305,-0.002874022034168977,-0.006171862636493164,-0.5861858190709046,0.994426751576522,0.9900720576302631,0.015958307566088133,0,6,63.3,63.37,65.0,63.76,75.0,66.01,63.89,64.0,63.48,64.18,64.2,64.38,75.0,66.34,66.6,65.78,66.38,67.15,70.25,66.38
2023-06-13,63.0,63.3,62.97,62.45,63.12,63.12,63.5,57.2,15291,964248.61,0.3299999999999983,0.5499999999999972,0.11999999999999744,0.17999999999999972,0.030000000000001137,62.45,62.8,61.83,4062.0,62.63,63.19,62.62,9816.0,63.01,63.49,62.91,39935.0,62.79,63.07,62.58,2301.0,62.73333333333334,0.26274195198585704,9723.0,62.926,0.271385334902249,15243.0,62.786,0.2619605568272832,10053.2,62.28399999999999,0.5890036189683433,7305.7,71.99281849050276,0.010728582866292857,0.0079617834394905,2.7644017725258494,0.9971563980885126,0.9976235741286816,0.015857943523506852,1,6,63.37,65.0,63.76,75.0,66.01,63.89,64.0,63.48,64.18,64.2,64.38,75.0,66.34,66.6,65.78,66.38,67.15,70.25,66.38,66.98
2023-06-14,63.06,63.37,63.06,63.12,63.18,63.19,63.5,57.2,12836,810784.32,0.30999999999999517,-0.05999999999999517,0.12999999999999545,0.17999999999999972,0.0,63.12,63.3,62.97,15291.0,62.45,62.8,61.83,4062.0,62.63,63.19,62.62,9816.0,63.42,63.42,62.81,7111.0,62.919999999999995,0.31085902485425876,10729.666666666666,62.879999999999995,0.2639128644079441,16388.0,62.838,0.27433961110665067,10510.6,62.3725,0.5576973334967474,7881.6,64.6258501349746,0.0011089987325729744,0.0011058451816745585,-0.1605519586684978,0.9971595391984037,0.9979427124387097,0.015831583916176357,2,6,65.0,63.76,75.0,66.01,63.89,64.0,63.48,64.18,64.2,64.38,75.0,66.34,66.6,65.78,66.38,67.15,70.25,66.38,66.98,66.35
2023-06-15,65.0,65.0,63.08,63.19,63.17,63.18,65.0,57.2,1160,73345.88,1.9200000000000017,1.8100000000000023,1.8200000000000003,0.0,0.10000000000000142,63.19,63.37,63.06,12836.0,63.12,63.3,62.97,15291.0,62.45,62.8,61.83,4062.0,63.01,63.49,62.91,39935.0,63.163333333333334,0.9619251530134953,9762.333333333334,62.914,0.8496881780982966,8633.0,62.911,0.6357576407544766,10369.7,62.455499999999994,0.7150404846837336,7777.7,57.56756734974436,-0.00015825288811521787,0.025721950449739683,-0.9096291679650982,0.971999999985046,0.9984172206236401,0.01581547593402634,3,6,63.76,75.0,66.01,63.89,64.0,63.48,64.18,64.2,64.38,75.0,66.34,66.6,65.78,66.38,67.15,70.25,66.38,66.98,66.35,66.68
2023-06-16,63.18,63.76,63.15,63.18,63.43,63.43,65.0,57.2,14351,909822.63,0.6099999999999994,0.0,0.25,0.3299999999999983,0.030000000000001137,63.18,65.0,63.08,1160.0,63.19,63.37,63.06,12836.0,63.12,63.3,62.97,15291.0,62.63,63.19,62.62,9816.0,63.26666666666666,0.8511364951248278,9449.0,63.074,0.8303493240799323,9540.0,63.016999999999996,0.6002231066675918,11785.4,62.55300000000001,0.6751912009902391,8266.7,59.640102613120455,0.0039569484013928236,-0.019076923076923102,11.37155172413793,0.9948243412641967,0.9955856849913987,0.015773404097455767,4,6,75.0,66.01,63.89,64.0,63.48,64.18,64.2,64.38,75.0,66.34,66.6,65.78,66.38,67.15,70.25,66.38,66.98,66.35,66.68,69.2
2023-06-19,75.0,75.0,63.16,63.43,63.16,63.16,75.0,57.2,2105,133209.68,11.840000000000003,11.57,11.840000000000003,0.0,0.0,63.43,63.76,63.15,14351.0,63.18,65.0,63.08,1160.0,63.19,63.37,63.06,12836.0,62.45,62.8,61.83,4062.0,63.25666666666666,6.162726669259329,5872.0,63.215999999999994,5.029600381740078,9148.6,63.038,3.6879081695002354,10896.8,62.619499999999995,2.740836215080105,8059.9,54.455445355847445,-0.0042566608860161725,0.17628607277289832,-0.8533203261096788,0.8421333333221048,0.9999999999841672,0.015802154918471274,0,6,66.01,63.89,64.0,63.48,64.18,64.2,64.38,75.0,66.34,66.6,65.78,66.38,67.15,70.25,66.38,66.98,66.35,66.68,69.2,67.58
2023-06-20,66.01,66.01,62.83,63.16,63.44,63.4,75.0,57.2,2065,130447.16,3.180000000000007,2.8500000000000085,2.6100000000000065,0.0,0.5700000000000003,63.16,75.0,63.16,2105.0,63.43,63.76,63.15,14351.0,63.18,65.0,63.08,1160.0,63.12,63.3,62.97,15291.0,63.330000000000005,5.947271082886127,6173.666666666667,63.272000000000006,4.7948587049046525,6503.4,63.099000000000004,3.665964175129545,10873.2,62.7445,2.767918845783236,7686.2,58.79518052454632,0.0037998733375554927,-0.11986666666666657,-0.019002375296912066,0.9604605362678311,0.9910094637067665,0.015830164489590914,1,6,63.89,64.0,63.48,64.18,64.2,64.38,75.0,66.34,66.6,65.78,66.38,67.15,70.25,66.38,66.98,66.35,66.68,69.2,67.58,67.35
2023-06-21,63.5,63.89,63.38,63.4,63.57,63.57,75.0,57.2,13480,858426.6,0.509999999999998,0.10000000000000142,0.07000000000000028,0.3200000000000003,0.11999999999999744,63.4,66.01,62.83,2065.0,63.16,75.0,63.16,2105.0,63.43,63.76,63.15,14351.0,63.19,63.37,63.06,12836.0,63.376666666666665,5.8983980876166875,5883.333333333333,63.348,4.711440331788137,6632.2,63.114,3.647362669716895,11510.1,62.8895,2.7398311511554874,8205.55,63.658536367995154,0.002681388012618413,-0.032116346008180696,5.527845036319612,0.9949913914384882,0.9970111687746263,0.015703148061814467,2,6,64.0,63.48,64.18,64.2,64.38,75.0,66.34,66.6,65.78,66.38,67.15,70.25,66.38,66.98,66.35,66.68,69.2,67.58,67.35,68.57
2023-06-22,64.0,64.0,62.43,63.57,62.43,62.45,75.0,57.2,1822,115382.66,1.5700000000000003,0.4299999999999997,1.5499999999999972,0.0,0.020000000000003126,63.57,63.89,63.38,13480.0,63.4,66.01,62.83,2065.0,63.16,75.0,63.16,2105.0,63.18,65.0,63.08,1160.0,63.13999999999999,1.193496264482409,5789.0,63.202,4.823242685165232,6764.6,63.05800000000001,3.6277106340561893,7698.8,62.916999999999994,2.6996430563277887,8248.75,50.77820997842516,-0.017618373446594227,0.0017217091876662316,-0.8648367952522256,0.9757812499847534,0.9996797437790284,0.015790934270365965,3,6,63.48,64.18,64.2,64.38,75.0,66.34,66.6,65.78,66.38,67.15,70.25,66.38,66.98,66.35,66.68,69.2,67.58,67.35,68.57,70.0
2023-06-23,63.48,63.48,63.0,62.45,63.0,63.03,75.0,57.2,29082,1836328.98,0.4799999999999969,1.029999999999994,0.44999999999999574,0.0,0.030000000000001137,62.45,64.0,62.43,1822.0,63.57,63.89,63.38,13480.0,63.4,66.01,62.83,2065.0,63.43,63.76,63.15,14351.0,63.01666666666667,0.27404379212108065,14794.666666666666,63.122,4.864918293250145,9710.8,63.098,3.612476681970098,9625.4,62.9375,2.6824784297950446,9696.6,50.77820997842509,0.00928742994395515,-0.008125000000000049,14.961580680570801,0.9929111531034515,0.9995240361573929,0.01583703155411727,4,6,64.18,64.2,64.38,75.0,66.34,66.6,65.78,66.38,67.15,70.25,66.38,66.98,66.35,66.68,69.2,67.58,67.35,68.57,70.0,68.76
2023-06-26,63.0,64.18,61.83,63.03,61.83,62.9,75.0,57.2,21640,1363471.76,2.3500000000000085,-0.030000000000001137,0.10000000000000142,1.1800000000000068,1.0700000000000003,63.03,63.48,63.0,29082.0,62.45,64.0,62.43,1822.0,63.57,63.89,63.38,13480.0,63.16,75.0,63.16,2105.0,62.79333333333333,0.3635014901392279,17514.666666666668,63.07000000000001,0.9833971730689004,13617.8,63.142999999999994,3.5421821585633277,11383.2,62.9485,2.673313093286445,10053.35,51.076320799399504,-0.0020625099159130578,0.011027095148078203,-0.2558971184925384,0.9800560922253028,0.9829888712085376,0.01587124914123633,0,6,64.2,64.38,75.0,66.34,66.6,65.78,66.38,67.15,70.25,66.38,66.98,66.35,66.68,69.2,67.58,67.35,68.57,70.0,68.76,66.75
2023-06-27,64.2,64.2,62.23,62.9,62.23,63.34,75.0,57.2,22069,1395097.66,1.970000000000006,1.3000000000000043,0.8599999999999994,0.0,1.1100000000000065,62.9,64.18,61.83,21640.0,63.03,63.48,63.0,29082.0,62.45,64.0,62.43,1822.0,63.4,66.01,62.83,2065.0,63.089999999999996,0.4100406483916441,24263.666666666668,63.05800000000001,0.2925747767663815,17618.6,63.165,3.4997506260367115,12061.0,62.9755,2.6608939930228646,11057.1,49.18699172995573,0.0069952305246423485,0.00031162355874103653,0.0198243992606284,0.9866043613553488,0.9824755288761844,0.015818964243693154,1,6,64.38,75.0,66.34,66.6,65.78,66.38,67.15,70.25,66.38,66.98,66.35,66.68,69.2,67.58,67.35,68.57,70.0,68.76,66.75,67.84
2023-06-28,63.2,64.38,63.2,63.34,63.97,63.99,75.0,57.2,9387,599858.29,1.1799999999999926,-0.14000000000000057,0.7899999999999991,0.38999999999999346,0.0,63.34,64.2,62.23,22069.0,62.9,64.18,61.83,21640.0,63.03,63.48,63.0,29082.0,63.57,63.89,63.38,13480.0,63.41,0.1101514109461988,17698.666666666668,63.14200000000001,0.3448477925112721,16800.0,63.245000000000005,3.452470934787933,11716.1,63.0415,2.648841653489891,11113.35,59.49612386958421,0.010262077676034043,0.002803738317756821,-0.5746522271058951,0.9939422180647105,0.9876543209722198,0.0156486959611744,2,6,75.0,66.34,66.6,65.78,66.38,67.15,70.25,66.38,66.98,66.35,66.68,69.2,67.58,67.35,68.57,70.0,68.76,66.75,67.84,70.11
2023-06-30,75.0,75.0,62.71,63.99,64.77,65.04,75.0,57.2,25513,1648466.92,12.29,11.009999999999998,9.959999999999994,0.0,2.3300000000000054,63.99,64.38,63.2,9387.0,63.34,64.2,62.23,22069.0,62.9,64.18,61.83,21640.0,62.45,64.0,62.43,1822.0,64.12333333333333,6.184076325531578,18989.666666666668,63.660000000000004,4.90458153158859,21538.2,63.431,4.5883427170263555,14151.4,63.17100000000001,3.549292701963373,12260.55,70.66895351811917,0.016408813877168305,0.16495806150978565,1.7179077447533824,0.8671999999884373,0.9641758917440931,0.015476804351039078,4,6,66.34,66.6,65.78,66.38,67.15,70.25,66.38,66.98,66.35,66.68,69.2,67.58,67.35,68.57,70.0,68.76,66.75,67.84,70.11,67.63
2023-07-03,65.25,66.34,64.77,65.04,65.32,65.28,75.0,57.2,8881,579675.38,1.5700000000000074,0.20999999999999375,0.030000000000001137,1.0600000000000023,0.480000000000004,65.04,75.0,62.71,25513.0,63.99,64.38,63.2,9387.0,63.34,64.2,62.23,22069.0,63.03,63.48,63.0,29082.0,64.77,5.651277141791357,14593.666666666666,64.11,4.6618236774893,17498.0,63.61600000000001,4.495627011021058,13604.4,63.3165,3.524730486150671,12694.9,74.02376892422193,0.0036900369003689537,-0.1154666666666666,-0.6519029514365225,0.9840217063463367,0.9921874999848009,0.015320643771346619,0,7,66.6,65.78,66.38,67.15,70.25,66.38,66.98,66.35,66.68,69.2,67.58,67.35,68.57,70.0,68.76,66.75,67.84,70.11,67.63,70.0
2023-07-04,66.6,66.6,64.77,65.28,65.54,65.55,75.0,57.2,14779,967069.62,1.8299999999999983,1.3199999999999932,1.0499999999999972,0.0,0.7800000000000011,65.28,66.34,64.77,8881.0,65.04,75.0,62.71,25513.0,63.99,64.38,63.2,9387.0,62.9,64.18,61.83,21640.0,65.29,4.926513303882725,16391.0,64.64000000000001,4.4395360117922085,16125.8,63.855,3.417054612121691,14871.8,63.4465,3.5117358131061884,12884.3,72.13114735704261,0.004136029411764719,0.00391920410009039,0.6641144015313591,0.9842342342194559,0.9881006864837818,0.015282250309962156,1,7,65.78,66.38,67.15,70.25,66.38,66.98,66.35,66.68,69.2,67.58,67.35,68.57,70.0,68.76,66.75,67.84,70.11,67.63,70.0,68.06
2023-07-05,64.25,65.78,64.25,65.55,65.52,65.5,75.0,57.2,9657,632121.51,1.5300000000000011,-1.2999999999999972,1.25,0.28000000000000114,0.0,65.55,66.6,64.77,14779.0,65.28,66.34,64.77,8881.0,65.04,75.0,62.71,25513.0,63.34,64.2,62.23,22069.0,65.44333333333334,0.4190465367954943,11105.666666666666,65.072,4.213858089684544,13643.4,64.065,3.416317868374908,15631.0,63.58200000000001,3.4763539202657894,13252.1,71.11517349257545,-0.0007627765064835978,-0.012312312312312224,-0.34657283984031395,0.9957433870325973,0.9809160305193753,0.015277126070270862,2,7,66.38,67.15,70.25,66.38,66.98,66.35,66.68,69.2,67.58,67.35,68.57,70.0,68.76,66.75,67.84,70.11,67.63,70.0,68.06,67.1
2023-07-06,66.38,66.38,65.51,65.5,65.82,65.83,75.0,57.2,33658,2213899.68,0.8699999999999903,0.8799999999999955,0.5499999999999972,0.0,0.3199999999999932,65.5,65.78,64.25,9657.0,65.55,66.6,64.77,14779.0,65.28,66.34,64.77,8881.0,63.99,64.38,63.2,9387.0,65.62666666666667,0.42442117446426975,19364.666666666668,65.44,3.913642804344805,18497.6,64.29100000000001,3.353009262007937,17648.8,63.7025,3.452362844564035,14579.45,72.88428307074611,0.005038167938931304,0.00912131346913947,2.485347416381899,0.9917143717837946,0.9951389943643455,0.01520303756491802,3,7,67.15,70.25,66.38,66.98,66.35,66.68,69.2,67.58,67.35,68.57,70.0,68.76,66.75,67.84,70.11,67.63,70.0,68.06,67.1,66.15
2023-07-07,67.15,67.15,65.0,65.83,65.0,65.29,75.0,57.2,7480,489651.22,2.1500000000000057,1.3200000000000074,1.8599999999999994,0.0,0.29000000000000625,65.83,66.38,65.51,33658.0,65.5,65.78,64.25,9657.0,65.55,66.6,64.77,14779.0,65.04,75.0,62.71,25513.0,65.54,0.6867556576640852,16931.666666666668,65.49,0.49457052075503044,14891.0,64.575,3.2880269328445313,18214.6,63.8165,3.43676021704652,12956.7,65.29605248122627,-0.008202946984657289,0.011599879481771769,-0.7777645730584111,0.9723008190473224,0.995558278434744,0.015276179644768342,4,7,70.25,66.38,66.98,66.35,66.68,69.2,67.58,67.35,68.57,70.0,68.76,66.75,67.84,70.11,67.63,70.0,68.06,67.1,66.15,66.19
2023-07-10,65.29,70.25,65.29,65.29,65.42,65.43,75.0,57.2,6928,453533.05,4.959999999999994,0.0,0.14000000000000057,4.819999999999993,0.0,65.29,67.15,65.0,7480.0,65.83,66.38,65.51,33658.0,65.5,65.78,64.25,9657.0,65.28,66.34,64.77,8881.0,65.51666666666667,2.0485686059621204,16022.0,65.52000000000001,1.7570344333563581,14500.4,64.81500000000001,3.328386996729784,15999.2,63.956500000000005,3.527780389095128,12812.3,69.07563008957007,0.0021442793689692152,0.046165301563663386,-0.07379679144385032,0.9313879003426138,0.9978603087116328,0.01527562324289263,0,7,66.38,66.98,66.35,66.68,69.2,67.58,67.35,68.57,70.0,68.76,66.75,67.84,70.11,67.63,70.0,68.06,67.1,66.15,66.19,67.0
2023-07-11,65.43,66.38,65.43,65.43,65.7,65.7,75.0,57.2,12149,800296.94,0.9499999999999886,0.0,0.269999999999996,0.6799999999999926,0.0,65.43,70.25,65.29,6928.0,65.29,67.15,65.0,7480.0,65.83,66.38,65.51,33658.0,65.55,66.6,64.77,14779.0,65.47333333333334,2.0485686059621204,8852.333333333334,65.55,1.7794296839155797,13974.4,65.095,3.1891663835902544,15050.1,64.119,3.4443819627420997,13216.65,69.2307690686906,0.004126547455295615,-0.05508896797153029,0.7536085450346421,0.989755950572616,0.995890410943746,0.015180615335102975,1,7,66.98,66.35,66.68,69.2,67.58,67.35,68.57,70.0,68.76,66.75,67.84,70.11,67.63,70.0,68.06,67.1,66.15,66.19,67.0,68.95
2023-07-12,66.98,66.98,65.42,65.7,65.45,65.47,75.0,57.2,953,62699.59,1.5600000000000023,1.2800000000000011,1.5100000000000051,0.0,0.04999999999999716,65.7,66.38,65.43,12149.0,65.43,70.25,65.29,6928.0,65.29,67.15,65.0,7480.0,65.5,65.78,64.25,9657.0,65.53333333333335,2.0828586125803765,6676.666666666667,65.54400000000001,1.6154163549995086,12233.6,65.308,3.010294190126778,12938.5,64.2365,3.3776919478745846,12499.75,65.7284766688413,-0.003500761035007627,0.009038867128653427,-0.9215573298213845,0.9774559569874968,0.9992362914159273,0.01519946143188472,2,7,66.35,66.68,69.2,67.58,67.35,68.57,70.0,68.76,66.75,67.84,70.11,67.63,70.0,68.06,67.1,66.15,66.19,67.0,68.95,66.48
2023-07-13,65.47,66.35,65.47,65.47,65.57,65.78,75.0,57.2,3111,204764.49,0.8799999999999955,0.0,0.3100000000000023,0.5699999999999932,0.0,65.47,66.98,65.42,953.0,65.7,66.38,65.43,12149.0,65.43,70.25,65.29,6928.0,65.83,66.38,65.51,33658.0,65.64999999999999,0.3553871128787181,5404.333333333333,65.534,1.6203302132589825,6124.2,65.487,2.8414059508943277,12310.9,64.36600000000001,3.3015633856513564,12013.5,81.83556383447464,0.004734993126622955,-0.009405792773962474,2.2644281217208815,0.9914091936549901,0.9952873213591472,0.015193063992687331,3,7,66.68,69.2,67.58,67.35,68.57,70.0,68.76,66.75,67.84,70.11,67.63,70.0,68.06,67.1,66.15,66.19,67.0,68.95,66.48,67.78
2023-07-14,66.68,66.68,64.83,65.78,66.19,66.21,75.0,57.2,5044,332529.09,1.8500000000000085,0.9000000000000057,0.4700000000000131,0.0,1.3799999999999955,65.78,66.35,65.47,3111.0,65.47,66.98,65.42,953.0,65.7,66.38,65.43,12149.0,65.29,67.15,65.0,7480.0,65.82000000000001,0.31511902513219747,3036.0,65.71799999999999,1.6533511423771716,5637.0,65.604,1.2400667544755333,10264.0,64.5175,3.281213631377391,12207.7,81.29921237437227,0.00653694131954996,0.004973624717407921,0.6213436194149791,0.9929514097031649,0.9791572269901955,0.015168597730802993,4,7,69.2,67.58,67.35,68.57,70.0,68.76,66.75,67.84,70.11,67.63,70.0,68.06,67.1,66.15,66.19,67.0,68.95,66.48,67.78,66.15
2023-07-17,69.2,69.2,65.23,66.21,66.68,66.69,75.0,57.2,5366,356933.32,3.969999999999999,2.990000000000009,2.510000000000005,0.0,1.4599999999999937,66.21,66.68,64.83,5044.0,65.78,66.35,65.47,3111.0,65.47,66.98,65.42,953.0,65.43,70.25,65.29,6928.0,66.22666666666667,1.558941948887209,4507.0,65.97,1.1916459205652938,5324.6,65.74499999999999,1.4166176462106759,9912.5,64.6805,3.2553264449449397,11758.45,84.89871064667008,0.0072496601721794285,0.037792441511697694,0.06383822363203806,0.9637283236854951,0.9781076623035222,0.01503362028515574,0,7,67.58,67.35,68.57,70.0,68.76,66.75,67.84,70.11,67.63,70.0,68.06,67.1,66.15,66.19,67.0,68.95,66.48,67.78,66.15,66.7
2023-07-18,67.58,67.58,66.81,66.69,66.85,66.85,75.0,57.2,3558,238138.49,0.769999999999996,0.8900000000000006,0.730000000000004,0.0,0.03999999999999204,66.69,69.2,65.23,5366.0,66.21,66.68,64.83,5044.0,65.78,66.35,65.47,3111.0,65.7,66.38,65.43,12149.0,66.58333333333333,1.2770277992276546,4656.0,66.2,1.1248199855976544,3606.4,65.875,1.4062799626437295,8790.4,64.86500000000001,2.651872178788327,11831.1,84.07766967435202,0.0023991602938970846,-0.02341040462427757,-0.33693626537458066,0.9891979875556495,0.9994016454599941,0.014940885868554828,1,7,67.35,68.57,70.0,68.76,66.75,67.84,70.11,67.63,70.0,68.06,67.1,66.15,66.19,67.0,68.95,66.48,67.78,66.15,66.7,78.0
2023-07-19,65.51,67.35,65.51,66.85,67.23,67.23,75.0,57.2,2678,179403.06,1.8399999999999892,-1.3399999999999892,1.7199999999999989,0.11999999999999034,0.0,66.85,67.58,66.81,3558.0,66.69,69.2,65.23,5366.0,66.21,66.68,64.83,5044.0,65.47,66.98,65.42,953.0,66.92333333333335,1.008282367858111,3867.3333333333335,66.55199999999999,1.1057440933597207,3951.4,66.048,1.3050755618821965,8092.5,65.0565,2.654689742998024,11861.75,83.1967210727964,0.005684367988032957,-0.0034033737792247276,-0.2473299606520517,0.9982182627914148,0.9744161832370308,0.014927281619388126,2,7,68.57,70.0,68.76,66.75,67.84,70.11,67.63,70.0,68.06,67.1,66.15,66.19,67.0,68.95,66.48,67.78,66.15,66.7,78.0,67.51
2023-07-20,68.57,68.57,67.0,67.23,67.1,67.19,75.0,57.2,2018,136392.74,1.5699999999999932,1.3399999999999892,1.3799999999999955,0.0,0.18999999999999773,67.23,67.35,65.51,2678.0,66.85,67.58,66.81,3558.0,66.69,69.2,65.23,5366.0,65.78,66.35,65.47,3111.0,67.09000000000002,0.6482540654199999,2751.3333333333335,66.83399999999999,1.0036583083898207,3732.8,66.184,1.2929935120572398,4928.5,65.2375,2.6084039786408533,11288.65,77.7777774964111,-0.0005949724825228264,0.018114328136599855,-0.2464525765496639,0.9798745807061415,0.9971721982289452,0.014795508910518151,3,7,70.0,68.76,66.75,67.84,70.11,67.63,70.0,68.06,67.1,66.15,66.19,67.0,68.95,66.48,67.78,66.15,66.7,78.0,67.51,67.0
2023-07-21,70.0,70.0,65.0,67.19,65.6,65.79,75.0,57.2,7524,496723.14,5.0,2.8100000000000023,4.209999999999994,0.0,0.7900000000000063,67.19,68.57,67.0,2018.0,67.23,67.35,65.51,2678.0,66.85,67.58,66.81,3558.0,66.21,66.68,64.83,5044.0,66.73666666666666,1.3263860674781531,4073.3333333333335,66.75,1.1074520305638251,4228.8,66.23400000000001,1.4724295870732718,4932.9,65.4045,2.6094328381550773,11573.75,55.06958235169506,-0.020836433993153602,0.02085460113752391,2.728444003964321,0.9398571428437164,0.987992096048214,0.0151472709727193,4,7,68.76,66.75,67.84,70.11,67.63,70.0,68.06,67.1,66.15,66.19,67.0,68.95,66.48,67.78,66.15,66.7,78.0,67.51,67.0,68.12
2023-07-24,68.76,68.76,65.53,65.79,66.67,66.53,75.0,57.2,14864,990003.89,3.230000000000004,2.969999999999999,2.230000000000004,0.0,1.0,65.79,70.0,65.0,7524.0,67.19,68.57,67.0,2018.0,67.23,67.35,65.51,2678.0,66.69,69.2,65.23,5366.0,66.50333333333334,0.7765951326142254,8135.333333333333,66.718,1.058286350663155,6128.4,66.344,1.2740508449647687,5726.5,65.57950000000001,2.483553216451646,10862.85,58.909090759140554,0.011247910016719764,-0.017714285714285682,0.9755449229133439,0.9675683536799363,0.9849691868182027,0.015014082419413507,0,7,66.75,67.84,70.11,67.63,70.0,68.06,67.1,66.15,66.19,67.0,68.95,66.48,67.78,66.15,66.7,78.0,67.51,67.0,68.12,66.0
2023-07-25,66.5,66.75,66.41,66.53,66.51,66.51,75.0,57.2,339,22538.67,0.3400000000000034,-0.030000000000001137,0.010000000000005116,0.23999999999999488,0.09000000000000341,66.53,68.76,65.53,14864.0,65.79,70.0,65.0,7524.0,67.19,68.57,67.0,2018.0,66.85,67.58,66.81,3558.0,66.27666666666669,1.6401321085002607,7575.666666666667,66.65,1.2726468481082776,5484.6,66.425,1.2334396350584882,4545.5,65.76,2.3718555915924493,9797.8,59.23217535114259,-0.0003006162633397702,-0.029232111692844787,-0.9771932185145318,0.9964044943670951,0.9984964666817244,0.015040816516679333,1,7,67.84,70.11,67.63,70.0,68.06,67.1,66.15,66.19,67.0,68.95,66.48,67.78,66.15,66.7,78.0,67.51,67.0,68.12,66.0,68.62
2023-07-26,67.84,67.84,66.6,66.51,66.77,67.08,75.0,57.2,4928,328987.72,1.240000000000009,1.3299999999999983,0.7600000000000051,0.0,0.480000000000004,66.51,66.75,66.41,339.0,66.53,68.76,65.53,14864.0,65.79,70.0,65.0,7524.0,67.23,67.35,65.51,2678.0,66.70666666666666,1.0061974623967163,6710.333333333333,66.61999999999999,1.1993039648062256,5934.6,66.586,1.1976718155561883,4943.0,65.947,2.238466110155731,8940.75,60.94570913253245,0.008570139828597112,0.01632958801498141,13.536873156342184,0.9887971697967451,0.9928443649225872,0.014979282509389668,2,7,70.11,67.63,70.0,68.06,67.1,66.15,66.19,67.0,68.95,66.48,67.78,66.15,66.7,78.0,67.51,67.0,68.12,66.0,68.62,66.88
2023-07-27,70.11,70.11,66.03,67.08,66.11,66.3,75.0,57.2,2354,156943.99,4.079999999999998,3.030000000000001,3.8100000000000023,0.0,0.269999999999996,67.08,67.84,66.6,4928.0,66.51,66.75,66.41,339.0,66.53,68.76,65.53,14864.0,67.19,68.57,67.0,2018.0,66.63000000000001,1.7141859097931957,2540.3333333333335,66.442,1.4338305339195245,6001.8,66.638,1.2435361764830473,4867.3,66.0625,2.1541218139821177,8589.1,58.487394820365736,-0.011627906976744207,0.03346108490566024,-0.5223214285714286,0.9456568249758143,0.9959276017949332,0.01499898148377638,3,7,67.63,70.0,68.06,67.1,66.15,66.19,67.0,68.95,66.48,67.78,66.15,66.7,78.0,67.51,67.0,68.12,66.0,68.62,66.88,68.68
2023-07-28,67.63,67.63,64.97,66.3,66.18,66.23,75.0,57.2,2043,134955.1,2.6599999999999966,1.3299999999999983,1.3999999999999915,0.0,1.2600000000000051,66.3,70.11,66.03,2354.0,67.08,67.84,66.6,4928.0,66.51,66.75,66.41,339.0,65.79,70.0,65.0,7524.0,66.53666666666668,1.3752211943296593,3108.3333333333335,66.53,1.2764286113997643,4905.6,66.64,1.1393024181488662,4567.2,66.122,1.3883439585954065,7415.6,56.8027209531908,-0.0010558069381597646,-0.03537298530880051,-0.13211554800339842,0.9792991275916118,0.9809753887818061,0.015138368242474607,4,7,70.0,68.06,67.1,66.15,66.19,67.0,68.95,66.48,67.78,66.15,66.7,78.0,67.51,67.0,68.12,66.0,68.62,66.88,68.68,66.65
2023-07-31,67.55,70.0,65.61,66.23,66.44,66.73,75.0,57.2,1735,115553.4,4.390000000000001,1.3199999999999932,0.8199999999999932,2.450000000000003,1.1200000000000045,66.23,67.63,64.97,2043.0,66.3,70.11,66.03,2354.0,67.08,67.84,66.6,4928.0,66.53,68.76,65.53,14864.0,66.42000000000002,1.4011542860561086,2044.0,66.57000000000001,1.5075907932857449,2279.8,66.644,1.227992490024024,4204.1,66.1945,1.4487057744941072,7058.3,58.428805103436474,0.007549448890231014,0.035043619695401595,-0.15075868820362215,0.953285714272096,0.9832159448376558,0.01501470315888572,0,7,68.06,67.1,66.15,66.19,67.0,68.95,66.48,67.78,66.15,66.7,78.0,67.51,67.0,68.12,66.0,68.62,66.88,68.68,66.65,70.0
2023-08-01,65.4,68.06,65.4,66.73,66.8,66.74,75.0,57.2,2799,186498.88,2.6599999999999966,-1.3299999999999983,1.3399999999999892,1.3200000000000074,0.0,66.73,70.0,65.61,1735.0,66.23,67.63,64.97,2043.0,66.3,70.11,66.03,2354.0,66.51,66.75,66.41,339.0,66.56666666666668,1.2626295313089644,2192.3333333333335,66.616,1.2215031723249645,2771.8,66.63300000000001,1.198851765463687,4128.2,66.25399999999999,1.420667004206842,6459.3,60.78098457539326,0.000149857635246331,-0.02771428571428569,0.613256484149856,0.9806053482077488,0.9799220856910411,0.01500813302471299,1,8,67.1,66.15,66.19,67.0,68.95,66.48,67.78,66.15,66.7,78.0,67.51,67.0,68.12,66.0,68.62,66.88,68.68,66.65,70.0,68.55
2023-08-02,67.1,67.1,65.59,66.74,67.0,65.88,75.0,57.2,3601,237523.84,1.509999999999991,0.35999999999999943,1.2199999999999989,0.0,0.28999999999999204,66.74,68.06,65.4,2799.0,66.73,70.0,65.61,1735.0,66.23,67.63,64.97,2043.0,67.08,67.84,66.6,4928.0,66.45,1.4773399518504569,2711.6666666666665,66.376,1.389298384077356,2506.4,66.498,1.2279142206738956,4220.5,66.273,1.3461930728813096,6156.5,50.776397405144444,-0.01288582559184892,-0.014105201292976877,0.28653090389424785,0.9818181818035496,0.9955980570583547,0.01516058345974865,2,8,66.15,66.19,67.0,68.95,66.48,67.78,66.15,66.7,78.0,67.51,67.0,68.12,66.0,68.62,66.88,68.68,66.65,70.0,68.55,66.9
2023-08-03,65.4,66.15,64.33,65.88,65.5,64.97,75.0,57.2,3149,206182.07,1.8200000000000074,-0.47999999999998977,0.4300000000000068,0.75,0.6400000000000006,65.88,67.1,65.59,3601.0,66.74,68.06,65.4,2799.0,66.73,70.0,65.61,1735.0,66.3,70.11,66.03,2354.0,65.86333333333333,0.9550043629919285,3183.0,66.11,1.427259611983718,2665.4,66.276,1.4304156350126893,4333.6,66.22999999999999,1.3612628618115252,4631.05,41.040462344715834,-0.013812993321190015,-0.0141579731743664,-0.12552068869758404,0.9821617535754774,0.9901492996615338,0.015272909036173635,3,8,66.19,67.0,68.95,66.48,67.78,66.15,66.7,78.0,67.51,67.0,68.12,66.0,68.62,66.88,68.68,66.65,70.0,68.55,66.9,65.97
2023-08-04,65.8,66.19,65.21,64.97,65.21,65.62,75.0,57.2,2053,135078.26,0.980000000000004,0.8299999999999983,0.1799999999999926,0.39000000000000057,0.4100000000000108,64.97,66.15,64.33,3149.0,65.88,67.1,65.59,3601.0,66.74,68.06,65.4,2799.0,66.23,67.63,64.97,2043.0,65.49000000000001,0.5373081052807138,2934.3333333333335,65.988,1.601733435999856,2667.4,66.259,1.4168858653947578,3786.5,66.2465,1.4069125398320879,4359.7,42.45416070601437,0.010004617515776637,0.0006046863189719254,-0.3480469990473166,0.9913884272398945,0.9937519048918962,0.015198596724594948,4,8,67.0,68.95,66.48,67.78,66.15,66.7,78.0,67.51,67.0,68.12,66.0,68.62,66.88,68.68,66.65,70.0,68.55,66.9,65.97,66.68
2023-08-07,67.0,67.0,64.53,65.62,66.8,65.97,75.0,57.2,4236,280642.86,2.469999999999999,1.3799999999999955,1.0300000000000011,0.0,1.4399999999999977,65.62,66.19,65.21,2053.0,64.97,66.15,64.33,3149.0,65.88,67.1,65.59,3601.0,66.73,70.0,65.61,1735.0,65.52000000000001,0.47961790347493355,3146.0,65.836,0.7845699458938544,3167.6,66.203,1.4017611938002688,2723.7,66.2735,1.3047540603097054,4225.1,43.95604387151311,0.005333739713501817,0.012237498111497214,1.0633219678519241,0.9846268656569458,0.97817189630168,0.015093916873566586,0,8,68.95,66.48,67.78,66.15,66.7,78.0,67.51,67.0,68.12,66.0,68.62,66.88,68.68,66.65,70.0,68.55,66.9,65.97,66.68,66.78
2023-08-08,68.95,68.95,66.01,65.97,66.21,66.2,75.0,57.2,1891,125107.18,2.9399999999999977,2.980000000000004,2.75,0.0,0.18999999999999773,65.97,67.0,64.53,4236.0,65.62,66.19,65.21,2053.0,64.97,66.15,64.33,3149.0,66.74,68.06,65.4,2799.0,65.93,1.418696584897652,2726.6666666666665,65.728,1.135856505021604,2986.0,66.172,1.4116660763477336,2878.9,66.29849999999999,1.2908661922584075,3712.2,42.7769985134813,0.003486433227224639,0.029104477611940238,-0.5535882908404155,0.9601160260919489,0.9971299093504965,0.015115039760307801,1,8,66.48,67.78,66.15,66.7,78.0,67.51,67.0,68.12,66.0,68.62,66.88,68.68,66.65,70.0,68.55,66.9,65.97,66.68,66.78,67.39
2023-08-09,66.01,66.48,65.75,66.2,66.48,66.45,75.0,57.2,704,46403.92,0.730000000000004,-0.18999999999999773,0.4399999999999977,0.030000000000001137,0.2600000000000051,66.2,68.95,66.01,1891.0,65.97,67.0,64.53,4236.0,65.62,66.19,65.21,2053.0,65.88,67.1,65.59,3601.0,66.20666666666668,1.3021648641142078,2277.0,65.84200000000001,1.1662889864865784,2406.6,66.10900000000001,1.4821609599200134,2456.5,66.3475,1.3135002454269935,3699.75,44.95912797964199,0.003776435045317328,-0.03582306018854242,-0.6277102062400846,0.9995487364470584,0.9894657637172389,0.015171132094012421,2,8,67.78,66.15,66.7,78.0,67.51,67.0,68.12,66.0,68.62,66.88,68.68,66.65,70.0,68.55,66.9,65.97,66.68,66.78,67.39,66.68
2023-08-10,65.12,67.78,65.12,66.45,66.17,66.17,75.0,57.2,4599,302386.81,2.6599999999999966,-1.3299999999999983,1.0499999999999972,1.6099999999999994,0.0,66.45,66.48,65.75,704.0,66.2,68.95,66.01,1891.0,65.97,67.0,64.53,4236.0,64.97,66.15,64.33,3149.0,66.27333333333335,1.235570043879967,2398.0,66.082,1.111912766362497,2696.6,66.096,1.2355313746634284,2681.0,66.36699999999999,1.2663411862527139,3774.15,53.054662260005564,-0.004213694507148258,0.019554753309265926,5.532670454545454,0.9762466804223038,0.9841317817593451,0.01520899671516752,3,8,66.15,66.7,78.0,67.51,67.0,68.12,66.0,68.62,66.88,68.68,66.65,70.0,68.55,66.9,65.97,66.68,66.78,67.39,66.68,67.29
2023-08-11,64.85,66.15,64.43,66.17,64.43,65.39,75.0,57.2,2102,137787.49,1.7199999999999989,-1.3200000000000074,0.5400000000000063,0.7600000000000051,0.4199999999999875,66.17,67.78,65.12,4599.0,66.45,66.48,65.75,704.0,66.2,68.95,66.01,1891.0,65.62,66.19,65.21,2053.0,66.00333333333334,0.8617617613549806,2468.3333333333335,66.036,1.1218154928507171,2706.4,66.012,1.309199925314838,2686.9,66.32600000000001,1.2985492917705606,3627.05,40.8945685986383,-0.011787819253438081,-0.024048391856004603,-0.5429441182865841,0.9885109599245877,0.9853188560791357,0.015255376231905995,4,8,66.7,78.0,67.51,67.0,68.12,66.0,68.62,66.88,68.68,66.65,70.0,68.55,66.9,65.97,66.68,66.78,67.39,66.68,67.29,67.98
2023-08-14,66.7,66.7,64.89,65.39,65.0,65.75,75.0,57.2,1643,107675.11,1.8100000000000023,1.3100000000000023,0.9500000000000028,0.0,0.8599999999999994,65.39,66.15,64.43,2102.0,66.17,67.78,65.12,4599.0,66.45,66.48,65.75,704.0,65.97,67.0,64.53,4236.0,65.77,0.8292365967163,2781.3333333333335,65.992,1.1477238343782423,2187.8,65.914,0.9413135030961098,2677.7,66.27900000000001,1.2853091989253138,3440.9,44.24242414857662,0.005505428964673431,0.008314436885865417,-0.21836346336822077,0.9857571214245013,0.9869201520762445,0.015258865303225459,0,8,78.0,67.51,67.0,68.12,66.0,68.62,66.88,68.68,66.65,70.0,68.55,66.9,65.97,66.68,66.78,67.39,66.68,67.29,67.98,68.04
2023-08-16,78.0,78.0,65.5,65.75,67.5,67.51,78.0,57.2,2161,144298.48,12.5,12.25,10.489999999999995,0.0,2.010000000000005,65.75,66.7,64.89,1643.0,65.39,66.15,64.43,2102.0,66.17,67.78,65.12,4599.0,66.2,68.95,66.01,1891.0,66.21666666666668,6.688485129932875,1968.6666666666667,66.25399999999999,5.055909413745457,2241.8,65.991,3.6033533764474766,2613.9,66.312,2.6241475307531448,3371.05,52.75994855729924,0.02676806083650196,0.16941529235382302,0.31527693244065724,0.8655128205017242,0.9702266330770222,0.014975902726071577,2,8,67.51,67.0,68.12,66.0,68.62,66.88,68.68,66.65,70.0,68.55,66.9,65.97,66.68,66.78,67.39,66.68,67.29,67.98,68.04,69.74
2023-08-17,67.51,67.51,64.8,67.51,65.92,65.69,78.0,57.2,4530,298664.37,2.710000000000008,0.0,1.8200000000000074,0.0,0.8900000000000006,67.51,78.0,65.5,2161.0,65.75,66.7,64.89,1643.0,65.39,66.15,64.43,2102.0,66.45,66.48,65.75,704.0,66.31666666666668,6.303255772482435,2778.0,66.102,4.946237964352295,3007.0,65.97200000000001,3.5936624771950787,2706.8,66.235,2.6214103777205477,3463.65,46.54586629086726,-0.026958969041623537,-0.13448717948717948,1.0962517353077281,0.9730410309439631,0.9864515146751948,0.015167527348508243,3,8,67.0,68.12,66.0,68.62,66.88,68.68,66.65,70.0,68.55,66.9,65.97,66.68,66.78,67.39,66.68,67.29,67.98,68.04,69.74,68.19
2023-08-18,67.0,67.0,64.89,65.69,65.18,65.18,78.0,57.2,3187,207843.6,2.1099999999999994,1.3100000000000023,1.8199999999999932,0.0,0.29000000000000625,65.69,67.51,64.8,4530.0,67.51,78.0,65.5,2161.0,65.75,66.7,64.89,1643.0,66.17,67.78,65.12,4599.0,66.12666666666668,6.208867314843596,3292.6666666666665,65.90400000000001,5.015144065727318,2724.6,65.993,3.552467686927853,2710.6,66.1345,2.6359410583618565,3522.1,44.336569512328815,-0.00776373877302472,-0.007554436379795693,-0.2964679911699779,0.9728358208810025,0.9955507824333298,0.01533364510622403,4,8,68.12,66.0,68.62,66.88,68.68,66.65,70.0,68.55,66.9,65.97,66.68,66.78,67.39,66.68,67.29,67.98,68.04,69.74,68.19,68.38
2023-08-21,63.88,68.12,63.88,65.18,65.11,65.19,78.0,57.2,2916,190162.68,4.240000000000002,-1.3000000000000043,1.3099999999999952,2.930000000000007,0.0,65.18,67.0,64.89,3187.0,65.69,67.51,64.8,4530.0,67.51,78.0,65.5,2161.0,65.39,66.15,64.43,2102.0,65.35333333333334,0.5607435539829986,3544.3333333333335,65.864,4.801008227445559,2887.4,65.95,3.4843569468889353,2796.9,66.1045,2.6019757675152873,3291.7,41.23006827138709,0.00015342129487549983,0.016716417910447756,-0.08503294634452463,0.9569876688056812,0.979904893373525,0.015334239084135672,0,8,66.0,68.62,66.88,68.68,66.65,70.0,68.55,66.9,65.97,66.68,66.78,67.39,66.68,67.29,67.98,68.04,69.74,68.19,68.38,68.55
2023-08-22,66.0,66.0,64.23,65.19,65.75,65.66,78.0,57.2,3592,234725.72,1.769999999999996,0.8100000000000023,0.3400000000000034,0.0,1.4299999999999926,65.19,68.12,63.88,2916.0,65.18,67.0,64.89,3187.0,65.69,67.51,64.8,4530.0,65.75,66.7,64.89,1643.0,65.34333333333335,1.0605658866851224,3231.6666666666665,65.846,4.910782015117342,3277.2,65.91900000000001,3.5418872872460816,2732.5,66.06099999999999,2.6388402556306363,2728.1,44.155844088941365,0.0072096947384567844,-0.031121550205519766,0.2318244170096022,0.9948484848334113,0.9782211391870512,0.015302967224895443,1,8,68.62,66.88,68.68,66.65,70.0,68.55,66.9,65.97,66.68,66.78,67.39,66.68,67.29,67.98,68.04,69.74,68.19,68.38,68.55,67.76
2023-08-23,68.62,68.62,65.31,65.66,65.31,65.57,78.0,57.2,4234,277996.76,3.3100000000000023,2.960000000000008,3.0500000000000114,0.0,0.2599999999999909,65.66,66.0,64.23,3592.0,65.19,68.12,63.88,2916.0,65.18,67.0,64.89,3187.0,67.51,78.0,65.5,2161.0,65.47333333333334,1.390970883951257,3580.6666666666665,65.458,1.0156771140474936,3691.8,65.856,3.536370392868288,2966.8,66.014,2.6262129528437206,2922.85,48.170011726755575,-0.001370697532744547,0.039696969696969786,0.17873051224944314,0.9555523170947892,0.9960347719841997,0.015230393332641664,2,8,66.88,68.68,66.65,70.0,68.55,66.9,65.97,66.68,66.78,67.39,66.68,67.29,67.98,68.04,69.74,68.19,68.38,68.55,67.76,67.12
2023-08-24,66.88,66.88,65.48,65.57,65.76,65.71,78.0,57.2,2013,132843.42,1.3999999999999915,1.3100000000000023,1.1700000000000017,0.0,0.22999999999998977,65.57,68.62,65.31,4234.0,65.66,66.0,64.23,3592.0,65.19,68.12,63.88,2916.0,65.69,67.51,64.8,4530.0,65.64666666666666,1.333316666562569,3279.6666666666665,65.462,1.045026315458056,3188.4,65.782,3.5165077373249902,3097.7,65.94550000000001,2.639368495044127,2777.1,54.805194705548956,0.0021351227695591835,-0.025357038764208806,-0.5245630609352858,0.9825059808465534,0.9964997717090779,0.015153178079877684,3,8,68.68,66.65,70.0,68.55,66.9,65.97,66.68,66.78,67.39,66.68,67.29,67.98,68.04,69.74,68.19,68.38,68.55,67.76,67.12,67.85
2023-08-25,68.68,68.68,64.83,65.71,65.34,65.34,78.0,57.2,6503,422673.48,3.8500000000000085,2.970000000000013,3.3400000000000034,0.0,0.5100000000000051,65.71,66.88,65.48,2013.0,65.57,68.62,65.31,4234.0,65.66,66.0,64.23,3592.0,65.18,67.0,64.89,3187.0,65.54,1.0223502335306098,4250.0,65.494,1.176605286406559,3851.6,65.699,3.5139189897700427,3288.1,65.89750000000001,2.5988722250440066,2984.55,48.11320745639016,-0.005630802008826485,0.026913875598086223,2.23050173869846,0.9513686662645403,0.9921946739976706,0.015385398677011827,4,8,66.65,70.0,68.55,66.9,65.97,66.68,66.78,67.39,66.68,67.29,67.98,68.04,69.74,68.19,68.38,68.55,67.76,67.12,67.85,67.8
2023-08-28,66.65,66.65,65.15,65.34,65.55,65.49,78.0,57.2,1656,108400.6,1.5,1.3100000000000023,1.1600000000000108,0.0,0.3399999999999892,65.34,68.68,64.83,6503.0,65.71,66.88,65.48,2013.0,65.57,68.62,65.31,4234.0,65.19,68.12,63.88,2916.0,65.51333333333334,1.1115904521601017,3390.6666666666665,65.554,1.2159276294253056,3599.6,65.709,3.4822987299260086,3243.5,65.8605,2.614415301443321,2965.2,46.67590018650099,0.0022956841138657147,-0.02955736750145599,-0.7453483007842534,0.9825956488974852,0.9948083676745335,0.015276668210323417,0,8,70.0,68.55,66.9,65.97,66.68,66.78,67.39,66.68,67.29,67.98,68.04,69.74,68.19,68.38,68.55,67.76,67.12,67.85,67.8,67.58
2023-08-29,70.0,70.0,65.23,65.49,65.5,65.5,78.0,57.2,1829,119699.11,4.769999999999996,4.510000000000005,4.5,0.0,0.269999999999996,65.49,66.65,65.15,1656.0,65.34,68.68,64.83,6503.0,65.71,66.88,65.48,2013.0,65.66,66.0,64.23,3592.0,65.44333333333334,1.6874932098628836,3329.3333333333335,65.522,1.3951630729057711,3247.0,65.684,3.457890172409221,3262.1,65.799,2.614415301443321,2969.9,44.99999990999997,0.00015269506794934884,0.050262565641410184,0.10446859903381633,0.9357142857009183,0.9958778625802156,0.015279979943042055,1,8,68.55,66.9,65.97,66.68,66.78,67.39,66.68,67.29,67.98,68.04,69.74,68.19,68.38,68.55,67.76,67.12,67.85,67.8,67.58,66.74
2023-08-30,68.55,68.55,65.48,65.5,65.6,65.59,78.0,57.2,2289,150254.83,3.069999999999993,3.049999999999997,2.9599999999999937,0.0,0.10999999999999943,65.5,70.0,65.23,1829.0,65.49,66.65,65.15,1656.0,65.34,68.68,64.83,6503.0,65.57,68.62,65.31,4234.0,65.52666666666666,1.680029761641147,1924.6666666666667,65.526,1.3898093394418787,2858.0,65.492,1.2057588666247983,3274.9,65.7415,2.618276803749472,2944.4,43.71345020292568,0.0013740458015267798,-0.020714285714285796,0.25150355385456535,0.9568198395192296,0.9983229150632974,0.015234119262588665,2,8,66.9,65.97,66.68,66.78,67.39,66.68,67.29,67.98,68.04,69.74,68.19,68.38,68.55,67.76,67.12,67.85,67.8,67.58,66.74,66.37
2023-08-31,64.3,66.9,64.3,65.59,66.68,65.21,78.0,57.2,1091,71255.07,2.6000000000000085,-1.2900000000000063,0.9099999999999966,1.690000000000012,0.0,65.59,68.55,65.48,2289.0,65.5,70.0,65.23,1829.0,65.49,66.65,65.15,1656.0,65.71,66.88,65.48,2013.0,65.43333333333334,1.5510748961069953,1736.3333333333333,65.426,1.3852544892545435,2673.6,65.44399999999999,1.2371382748549116,2931.0,65.708,2.621974898510848,2818.9,43.083573400119526,-0.005793566092392233,-0.024070021881837933,-0.5233726518130188,0.9747384155310201,0.9860450850945247,0.015311191189623203,3,8,65.97,66.68,66.78,67.39,66.68,67.29,67.98,68.04,69.74,68.19,68.38,68.55,67.76,67.12,67.85,67.8,67.58,66.74,66.37,67.0
2023-09-01,65.4,65.97,65.2,65.21,65.63,65.69,78.0,57.2,1219,79883.83,0.769999999999996,0.19000000000001194,0.28999999999999204,0.28000000000000114,0.20000000000000284,65.21,66.9,64.3,1091.0,65.59,68.55,65.48,2289.0,65.5,70.0,65.23,1829.0,65.34,68.68,64.83,6503.0,65.49666666666667,1.3066369044230193,1533.0,65.49600000000001,1.636377095904197,1616.8,65.495,1.3438671395970554,2734.2,65.744,2.6286543986169697,2722.4,52.259036034393574,0.007360834227879254,-0.013901345291479905,0.11732355637030256,0.9957556464908934,0.9925407215559059,0.015259658932226769,4,9,66.68,66.78,67.39,66.68,67.29,67.98,68.04,69.74,68.19,68.38,68.55,67.76,67.12,67.85,67.8,67.58,66.74,66.37,67.0,69.44
2023-09-04,64.43,66.68,64.43,65.69,65.84,65.84,78.0,57.2,5877,386684.88,2.25,-1.259999999999991,1.4099999999999966,0.8400000000000034,0.0,65.69,65.97,65.2,1219.0,65.21,66.9,64.3,1091.0,65.59,68.55,65.48,2289.0,65.49,66.65,65.15,1656.0,65.58,0.48603840726180003,2729.0,65.566,1.6320079656667896,2461.0,65.55999999999999,1.3633704151435813,3030.3,65.755,2.6140569397414524,2913.6,50.69984436861623,0.0022834525803014927,0.010762467788388852,3.8211648892534864,0.9874025194812927,0.9785844471297299,0.01519842203294834,0,9,66.78,67.39,66.68,67.29,67.98,68.04,69.74,68.19,68.38,68.55,67.76,67.12,67.85,67.8,67.58,66.74,66.37,67.0,69.44,67.39
2023-09-05,66.78,66.78,65.9,65.84,66.12,66.07,78.0,57.2,766,50612.15,0.8799999999999955,0.9399999999999977,0.710000000000008,0.0,0.1699999999999875,65.84,66.68,64.43,5877.0,65.69,65.97,65.2,1219.0,65.21,66.9,64.3,1091.0,65.5,70.0,65.23,1829.0,65.86666666666667,0.4416257842716969,2620.6666666666665,65.67999999999999,0.9514883078629189,2248.4,65.601,1.288732797061558,2747.7,65.75999999999999,2.6186396629186013,2740.1,35.30612234810481,0.003493317132442053,0.0014997000599878962,-0.8696613918665986,0.9893680742589192,0.9974269713788797,0.015134705796927909,1,9,67.39,66.68,67.29,67.98,68.04,69.74,68.19,68.38,68.55,67.76,67.12,67.85,67.8,67.58,66.74,66.37,67.0,69.44,67.39,69.0
2023-09-06,67.39,67.39,65.76,66.07,66.47,66.17,78.0,57.2,2303,152233.17,1.6299999999999955,1.3200000000000074,1.2199999999999989,0.0,0.4099999999999966,66.07,66.78,65.9,766.0,65.84,66.68,64.43,5877.0,65.69,65.97,65.2,1219.0,65.59,68.55,65.48,2289.0,66.02666666666669,0.38431757701178826,2982.0,65.79599999999999,0.5114000391081742,2251.2,65.661,1.2350690489019012,2554.6,65.7585,2.609562576775115,2760.7,57.54716955796851,0.0015135462388378151,0.009134471398622335,2.006527415143603,0.9818964237871806,0.9938038385825329,0.015128109071104444,2,9,66.68,67.29,67.98,68.04,69.74,68.19,68.38,68.55,67.76,67.12,67.85,67.8,67.58,66.74,66.37,67.0,69.44,67.39,69.0,66.45
2023-09-07,65.03,66.68,65.03,66.17,66.68,66.64,78.0,57.2,1368,90695.9,1.6500000000000057,-1.1400000000000006,1.6099999999999994,0.04000000000000625,0.0,66.17,67.39,65.76,2303.0,66.07,66.78,65.9,766.0,65.84,66.68,64.43,5877.0,65.21,66.9,64.3,1091.0,66.29333333333334,0.38431757701178826,1479.0,66.082,0.5040337290299545,2306.6,65.75399999999999,1.2468520361293443,2490.1,65.768,2.6044468045814746,2793.9,73.24840731672674,0.0071029167296357,-0.010535687787505466,-0.40599218410768567,0.9994001199610166,0.9758403361198102,0.015083372015713884,3,9,67.29,67.98,68.04,69.74,68.19,68.38,68.55,67.76,67.12,67.85,67.8,67.58,66.74,66.37,67.0,69.44,67.39,69.0,66.45,67.2
2023-09-08,66.68,67.29,66.65,66.64,66.85,66.85,78.0,57.2,5465,365271.79,0.6400000000000006,0.04000000000000625,0.1699999999999875,0.44000000000001194,0.030000000000001137,66.64,66.68,65.03,1368.0,66.17,67.39,65.76,2303.0,66.07,66.78,65.9,766.0,65.69,65.97,65.2,1219.0,66.55333333333333,0.38431757701176783,3045.3333333333335,66.314,0.34746222816277206,3155.8,65.905,1.1666709523730385,2386.3,65.80199999999999,2.607462721134317,2837.2,74.85029908745376,0.0031512605042016695,0.009148170365926855,2.9948830409356724,0.9934611383416039,0.9970082273598055,0.014961461984239149,4,9,67.98,68.04,69.74,68.19,68.38,68.55,67.76,67.12,67.85,67.8,67.58,66.74,66.37,67.0,69.44,67.39,69.0,66.45,67.2,66.65
2023-09-11,67.98,67.98,66.13,66.85,66.13,66.13,78.0,57.2,2941,197085.62,1.8500000000000085,1.1300000000000097,1.8500000000000085,0.0,0.0,66.85,67.29,66.65,5465.0,66.64,66.68,65.03,1368.0,66.17,67.39,65.76,2303.0,65.84,66.68,64.43,5877.0,66.54,0.6504101270225723,3258.0,66.372,0.5235742545234976,2568.6,65.969,1.1615296428034037,2514.8,65.839,2.577434260737016,2879.15,56.545960782272,-0.010770381451009725,0.010254123941150217,-0.46184812442817935,0.9727861135485025,0.9999999999848782,0.014922448426221991,0,9,68.04,69.74,68.19,68.38,68.55,67.76,67.12,67.85,67.8,67.58,66.74,66.37,67.0,69.44,67.39,69.0,66.45,67.2,66.65,67.96
2023-09-12,67.45,68.04,66.5,66.13,66.5,66.73,78.0,57.2,11297,756072.93,1.5400000000000063,1.3200000000000074,0.7199999999999989,0.5900000000000034,0.23000000000000398,66.13,67.98,66.13,2941.0,66.85,67.29,66.65,5465.0,66.64,66.68,65.03,1368.0,66.07,66.78,65.9,766.0,66.57000000000001,0.41677331968368725,6567.666666666667,66.50399999999999,0.5585069381841496,4674.8,66.092,0.7813122864058891,3461.6,65.88799999999999,2.561445726640765,3361.85,64.14634124437845,0.009073037955542151,0.0008826125330980705,2.8412104726283576,0.9807466196210942,0.9965532743743959,0.01494168029531223,1,9,69.74,68.19,68.38,68.55,67.76,67.12,67.85,67.8,67.58,66.74,66.37,67.0,69.44,67.39,69.0,66.45,67.2,66.65,67.96,67.0
2023-09-13,69.74,69.74,66.5,66.73,66.5,67.55,78.0,57.2,7379,498126.11,3.239999999999995,3.009999999999991,2.1899999999999977,0.0,1.0499999999999972,66.73,68.04,66.5,11297.0,66.13,67.98,66.13,2941.0,66.85,67.29,66.65,5465.0,66.17,67.39,65.76,2303.0,66.80333333333333,0.9992663975804633,7205.666666666667,66.78,1.1469001700234478,5690.0,66.28799999999998,1.049849195519637,3970.6,65.89,1.1249332143918602,3622.75,69.24686172187114,0.012288326090214241,0.02498530276308042,-0.34681773922280257,0.9685976483944853,0.9844559585346491,0.01481351780576205,2,9,68.19,68.38,68.55,67.76,67.12,67.85,67.8,67.58,66.74,66.37,67.0,69.44,67.39,69.0,66.45,67.2,66.65,67.96,67.0,66.99
2023-09-14,67.7,68.19,67.69,67.55,67.82,68.02,78.0,57.2,11533,783111.84,0.5,0.15000000000000568,0.3199999999999932,0.1700000000000017,0.010000000000005116,67.55,69.74,66.5,7379.0,66.73,68.04,66.5,11297.0,66.13,67.98,66.13,2941.0,66.64,66.68,65.03,1368.0,67.43333333333334,0.9411871935664203,10069.666666666666,67.056,0.9030891428866857,7723.0,66.569,1.0681884977224527,5014.8,66.0065,1.1331748599213602,3972.9,77.45901617122401,0.006957809030347928,-0.022225408660739854,0.5629489090662692,0.9975069658161385,0.9951484857248581,0.014727142932738682,3,9,68.38,68.55,67.76,67.12,67.85,67.8,67.58,66.74,66.37,67.0,69.44,67.39,69.0,66.45,67.2,66.65,67.96,67.0,66.99,66.82
2023-09-15,66.66,68.38,66.66,68.02,67.99,67.99,78.0,57.2,2249,152939.86,1.7199999999999989,-1.3599999999999994,1.3299999999999983,0.39000000000000057,0.0,68.02,68.19,67.69,11533.0,67.55,69.74,66.5,7379.0,66.73,68.04,66.5,11297.0,66.85,67.29,66.65,5465.0,67.85333333333334,0.8453993139340146,7053.666666666667,67.28399999999999,0.7287523584866136,7079.8,66.79899999999999,0.9572675232718231,5117.8,66.147,1.1362792466272067,3926.0,76.26050397738496,-0.000441046750955576,0.0027863323067898182,-0.8049943639989595,0.9942965779322273,0.9804382997355429,0.014705126577204828,4,9,68.55,67.76,67.12,67.85,67.8,67.58,66.74,66.37,67.0,69.44,67.39,69.0,66.45,67.2,66.65,67.96,67.0,66.99,66.82,67.08
2023-09-18,68.55,68.55,66.75,67.99,68.14,67.93,78.0,57.2,1027,69932.97,1.7999999999999972,0.5600000000000023,0.6199999999999903,0.0,1.1800000000000068,67.99,68.38,66.66,2249.0,68.02,68.19,67.69,11533.0,67.55,69.74,66.5,7379.0,66.13,67.98,66.13,2941.0,67.98,0.1800925687902105,4936.333333333333,67.64399999999999,0.676424422977021,6697.0,67.00800000000001,0.9143036208563061,4632.8,66.28399999999999,1.1491180828883327,3831.55,75.25987504082372,-0.0008824827180465844,0.0024861070488446657,-0.5433526011560694,0.9909555069147928,0.982629177079602,0.01468549097800344,0,9,67.76,67.12,67.85,67.8,67.58,66.74,66.37,67.0,69.44,67.39,69.0,66.45,67.2,66.65,67.96,67.0,66.99,66.82,67.08,66.93
2023-09-20,67.76,67.76,67.1,67.93,67.2,67.2,78.0,57.2,1345,90702.78,0.6600000000000108,-0.1700000000000017,0.5600000000000023,0.0,0.10000000000000853,67.93,68.55,66.75,1027.0,67.99,68.38,66.66,2249.0,68.02,68.19,67.69,11533.0,66.73,68.04,66.5,11297.0,67.70666666666666,0.41581245772599057,1540.3333333333333,67.73800000000001,0.740830614918012,4706.6,67.12100000000001,0.8292432962914297,4690.7,66.361,1.0774359182311717,3719.2,64.77064203545154,-0.010746356543500757,-0.011524434719182963,0.30963972736124634,0.9917355371754466,0.9985119047470458,0.014828652440421176,2,9,67.12,67.85,67.8,67.58,66.74,66.37,67.0,69.44,67.39,69.0,66.45,67.2,66.65,67.96,67.0,66.99,66.82,67.08,66.93,66.29
2023-09-21,67.1,67.12,66.5,67.2,66.5,66.5,78.0,57.2,1164,77704.18,0.6200000000000045,-0.10000000000000853,0.5999999999999943,0.020000000000010232,0.0,67.2,67.76,67.1,1345.0,67.93,68.55,66.75,1027.0,67.99,68.38,66.66,2249.0,67.55,69.74,66.5,7379.0,67.21,0.7163099887619525,1178.6666666666667,67.52799999999999,0.5733672470588478,3463.6,67.154,0.8552978688411875,4576.8,66.4075,1.0684591709559634,3565.7,61.1785093836224,-0.01041666666666674,-0.009445100354191216,-0.13457249070631971,0.9907628128577061,0.9999999999849624,0.014979889112786275,3,9,67.85,67.8,67.58,66.74,66.37,67.0,69.44,67.39,69.0,66.45,67.2,66.65,67.96,67.0,66.99,66.82,67.08,66.93,66.29,66.04
2023-09-22,67.85,67.85,66.25,66.5,66.58,66.56,78.0,57.2,2110,140474.02,1.5999999999999943,1.3499999999999943,1.289999999999992,0.0,0.3100000000000023,66.5,67.12,66.5,1164.0,67.2,67.76,67.1,1345.0,67.93,68.55,66.75,1027.0,68.02,68.19,67.69,11533.0,66.75333333333333,0.39803684921561555,1539.6666666666667,67.23600000000002,0.5653052272886283,1579.0,67.146,0.7295508511709575,4651.0,66.45,1.0506434118897219,3570.55,58.13084096937729,0.0009022556390978487,0.01087604290822397,0.8127147766323024,0.980987472351054,0.995342548061969,0.015020571063602974,4,9,67.8,67.58,66.74,66.37,67.0,69.44,67.39,69.0,66.45,67.2,66.65,67.96,67.0,66.99,66.82,67.08,66.93,66.29,66.04,65.8
2023-09-25,67.8,67.8,66.25,66.56,66.55,66.45,78.0,57.2,246,16348.6,1.5499999999999972,1.2399999999999949,1.3499999999999943,0.0,0.20000000000000284,66.56,67.85,66.25,2110.0,66.5,67.12,66.5,1164.0,67.2,67.76,67.1,1345.0,67.99,68.38,66.66,2249.0,66.50333333333334,0.40779897008227084,1173.3333333333333,66.92800000000001,0.5068826294122314,1178.4,67.10600000000001,0.683803903014306,4129.1,66.5055,1.0282304677146783,3257.7,55.74387932572236,-0.0016526442307692735,-0.0007369196757552876,-0.8834123222748815,0.9800884955607657,0.9969902181941761,0.015047160001467094,0,9,67.58,66.74,66.37,67.0,69.44,67.39,69.0,66.45,67.2,66.65,67.96,67.0,66.99,66.82,67.08,66.93,66.29,66.04,65.8,65.24
2023-09-26,65.43,67.58,65.43,66.45,66.23,66.23,78.0,57.2,2926,193847.64,2.1499999999999915,-1.019999999999996,0.7999999999999972,1.3499999999999943,0.0,66.45,67.8,66.25,246.0,66.56,67.85,66.25,2110.0,66.5,67.12,66.5,1164.0,67.93,68.55,66.75,1027.0,66.41333333333334,0.14364307617666874,1760.6666666666667,66.58800000000001,0.29852973051251214,1558.2,67.11600000000001,0.7056195071628291,4127.6,66.54249999999999,0.9981207341799428,3321.2,51.509433826201594,-0.003310759969902155,-0.003244837758112129,10.894308943089431,0.9800236756291799,0.9879208817607138,0.015094328721257504,1,9,66.74,66.37,67.0,69.44,67.39,69.0,66.45,67.2,66.65,67.96,67.0,66.99,66.82,67.08,66.93,66.29,66.04,65.8,65.24,64.99
2023-09-27,66.39,66.74,65.85,66.23,66.37,66.72,78.0,57.2,360,23888.5,0.8900000000000006,0.1599999999999966,0.3299999999999983,0.01999999999999602,0.5400000000000063,66.23,67.58,65.43,2926.0,66.45,67.8,66.25,246.0,66.56,67.85,66.25,2110.0,67.2,67.76,67.1,1345.0,66.46666666666668,0.5594044452214397,1177.3333333333333,66.49199999999999,0.4762562335548871,1361.2,67.115,0.8273579099222721,3033.9,66.6035,0.8714734950825974,3247.75,54.83304028687827,0.007398459912426381,-0.012429712932820358,-0.8769651401230348,0.9997003296224198,0.9869604316398836,0.015070012767649075,2,9,66.37,67.0,69.44,67.39,69.0,66.45,67.2,66.65,67.96,67.0,66.99,66.82,67.08,66.93,66.29,66.04,65.8,65.24,64.99,65.15
2023-09-28,66.37,66.37,65.51,66.72,65.51,65.99,78.0,57.2,642,42476.18,0.8599999999999994,-0.3499999999999943,0.38000000000000966,0.0,0.47999999999998977,66.72,66.74,65.85,360.0,66.23,67.58,65.43,2926.0,66.45,67.8,66.25,246.0,66.5,67.12,66.5,1164.0,66.31333333333335,0.6200268811378277,1309.3333333333333,66.39000000000001,0.6716174506368123,1256.8,66.959,0.7038655174580879,2360.2,66.6235,0.8824635075203713,3165.4,44.537815021255504,-0.01094124700239818,-0.005543901708120913,0.7833333333333334,0.9942745216062334,0.9927261706168704,0.015114353503539747,3,9,67.0,69.44,67.39,69.0,66.45,67.2,66.65,67.96,67.0,66.99,66.82,67.08,66.93,66.29,66.04,65.8,65.24,64.99,65.15,65.68
2023-09-29,66.2,67.0,65.99,65.99,66.15,66.44,78.0,57.2,1189,78755.38,1.0100000000000051,0.21000000000000796,0.23999999999999488,0.5600000000000023,0.21000000000000796,65.99,66.37,65.51,642.0,66.72,66.74,65.85,360.0,66.23,67.58,65.43,2926.0,66.56,67.85,66.25,2110.0,66.38333333333334,0.3165964834509366,730.3333333333334,66.366,0.5901016861523942,1072.6,66.801,0.7000039682426392,1325.8,66.685,0.8792249876722468,3170.3,46.68820667954205,0.006819215032580761,0.009492240470091895,0.85202492211838,0.9916417910299754,0.9932269716888436,0.015097381283665761,4,9,69.44,67.39,69.0,66.45,67.2,66.65,67.96,67.0,66.99,66.82,67.08,66.93,66.29,66.04,65.8,65.24,64.99,65.15,65.68,64.97
2023-10-03,69.44,69.44,65.8,66.44,66.07,66.07,78.0,57.2,4340,285813.93,3.6400000000000006,3.0,3.3700000000000045,0.0,0.269999999999996,66.44,67.0,65.99,1189.0,65.99,66.37,65.51,642.0,66.72,66.74,65.85,360.0,66.45,67.8,66.25,246.0,66.16666666666667,1.62149108333456,2057.0,66.28999999999999,1.2090409422347475,1891.4,66.60900000000001,0.8978424756665194,1534.9,66.704,0.9045650306842175,3326.35,49.48630125123145,-0.00556893437688144,0.036417910447761104,2.650126156433978,0.9514688939955145,0.9959134251400649,0.015184704258466287,1,10,67.39,69.0,66.45,67.2,66.65,67.96,67.0,66.99,66.82,67.08,66.93,66.29,66.04,65.8,65.24,64.99,65.15,65.68,64.97,65.6
2023-10-04,64.83,67.39,64.83,66.07,65.77,65.77,78.0,57.2,1591,104216.62,2.5600000000000023,-1.2399999999999949,0.9399999999999977,1.6200000000000045,0.0,66.07,69.44,65.8,4340.0,66.44,67.0,65.99,1189.0,65.99,66.37,65.51,642.0,66.23,67.58,65.43,2926.0,66.09333333333332,1.3107377057723961,2373.3333333333335,66.19800000000001,1.2059726365054422,1624.4,66.393,0.8373801738490368,1591.3,66.7005,0.8772701378348294,3112.05,41.335739967743535,-0.004540638716512779,-0.029521889400921597,-0.633410138248848,0.9759608250337444,0.9857077694847847,0.015266279025360683,2,10,69.0,66.45,67.2,66.65,67.96,67.0,66.99,66.82,67.08,66.93,66.29,66.04,65.8,65.24,64.99,65.15,65.68,64.97,65.6,64.75
2023-10-05,66.0,69.0,65.88,65.77,69.0,65.95,78.0,57.2,3274,216066.27,3.1200000000000045,0.23000000000000398,0.04999999999999716,3.0,0.07000000000000739,65.77,67.39,64.83,1591.0,66.07,69.44,65.8,4340.0,66.44,67.0,65.99,1189.0,66.72,66.74,65.85,360.0,65.92999999999999,1.079212675981968,3068.3333333333335,66.044,1.3204733999592206,2207.2,66.268,0.9618899220919682,1784.2,66.6945,0.8945476657594551,3237.45,33.673469291545274,0.002736810095788522,0.023890784982935065,1.0578252671275927,0.9557971014354232,0.9989385898256414,0.015152758456930761,3,10,66.45,67.2,66.65,67.96,67.0,66.99,66.82,67.08,66.93,66.29,66.04,65.8,65.24,64.99,65.15,65.68,64.97,65.6,64.75,65.48
2023-10-06,65.95,66.45,64.63,65.95,66.18,66.2,78.0,57.2,7071,467417.51,1.8200000000000074,0.0,0.25,0.25,1.3200000000000074,65.95,69.0,65.88,3274.0,65.77,67.39,64.83,1591.0,66.07,69.44,65.8,4340.0,65.99,66.37,65.51,642.0,65.97333333333334,1.2895864970344104,3978.6666666666665,66.08599999999998,1.298510685362222,3493.0,66.23800000000001,1.0226957840269741,2374.9,66.696,0.9414874848931484,3475.85,30.555555464150146,0.0037907505686125553,-0.036956521739130443,1.1597434331093464,0.9962377727464824,0.9762839879006602,0.015127802978540501,4,10,67.2,66.65,67.96,67.0,66.99,66.82,67.08,66.93,66.29,66.04,65.8,65.24,64.99,65.15,65.68,64.97,65.6,64.75,65.48,65.58
2023-10-09,64.88,67.2,64.88,66.2,67.2,67.17,78.0,57.2,1013,66995.42,2.3200000000000074,-1.3200000000000074,2.2900000000000063,0.030000000000001137,0.0,66.2,66.45,64.63,7071.0,65.95,69.0,65.88,3274.0,65.77,67.39,64.83,1591.0,66.44,67.0,65.99,1189.0,66.44000000000001,1.3105342422081716,3786.0,66.232,1.2682783606132615,3457.8,66.299,1.0230135222305505,2265.2,66.7225,0.916729168523045,3458.1,42.70462622813802,0.0146525679758307,0.011286681715575675,-0.8567387922500354,0.999553571413697,0.9659073991221391,0.015120436591038386,0,10,66.65,67.96,67.0,66.99,66.82,67.08,66.93,66.29,66.04,65.8,65.24,64.99,65.15,65.68,64.97,65.6,64.75,65.48,65.58,66.75
2023-10-10,66.37,66.65,66.05,67.17,66.43,66.63,78.0,57.2,752,49914.48,0.6000000000000085,-0.7999999999999972,0.2599999999999909,0.020000000000010232,0.3200000000000074,67.17,67.2,64.88,1013.0,66.2,66.45,64.63,7071.0,65.95,69.0,65.88,3274.0,66.07,69.44,65.8,4340.0,66.66666666666667,0.38837267325787383,2945.3333333333335,66.344,1.0057186485294407,2740.2,66.317,1.0494633549263357,2315.8,66.7115,0.9459346533566437,3222.45,39.344262204783604,-0.008039303260384156,-0.008184523809523725,-0.25765054294175715,0.9996999249662458,0.9912952123519241,0.015065768490425723,1,10,67.96,67.0,66.99,66.82,67.08,66.93,66.29,66.04,65.8,65.24,64.99,65.15,65.68,64.97,65.6,64.75,65.48,65.58,66.75,68.61
2023-10-11,67.96,67.96,66.68,66.63,67.01,67.02,78.0,57.2,1634,109161.94,1.279999999999987,1.3299999999999983,0.9399999999999977,0.0,0.3399999999999892,66.63,66.65,66.05,752.0,67.17,67.2,64.88,1013.0,66.2,66.45,64.63,7071.0,65.77,67.39,64.83,1591.0,66.94,0.6577993615078486,1133.0,66.59400000000001,1.0446386935203364,2748.8,66.396,1.0642054939405428,2186.6,66.756,0.9457020505534254,3157.1,48.43749988226991,0.005853219270598897,0.019654913728431866,1.1728723404255321,0.9861683342997914,0.9949268874814247,0.01496858703683706,2,10,67.0,66.99,66.82,67.08,66.93,66.29,66.04,65.8,65.24,64.99,65.15,65.68,64.97,65.6,64.75,65.48,65.58,66.75,68.61,65.64
2023-10-12,67.0,67.0,65.68,67.02,66.8,66.8,78.0,57.2,1584,105697.29,1.3199999999999932,-0.01999999999999602,0.20000000000000284,0.0,1.1199999999999903,67.02,67.96,66.68,1634.0,66.63,66.65,66.05,752.0,67.17,67.2,64.88,1013.0,65.95,69.0,65.88,3274.0,66.81666666666666,0.6782575715268253,1323.3333333333333,66.764,0.5858924816038341,2410.8,66.404,1.0488109669737162,2309.0,66.75949999999999,0.9580367809662171,2671.45,52.84090895080058,-0.003282602208296015,-0.014125956444967502,-0.030599755201958345,0.9970149253582534,0.9832335329194127,0.014986193118101562,3,10,66.99,66.82,67.08,66.93,66.29,66.04,65.8,65.24,64.99,65.15,65.68,64.97,65.6,64.75,65.48,65.58,66.75,68.61,65.64,66.68
2023-10-13,66.69,66.99,66.25,66.8,66.93,66.93,78.0,57.2,2250,149876.46,0.7399999999999949,-0.10999999999999943,0.2400000000000091,0.05999999999998806,0.4399999999999977,66.8,67.0,65.68,1584.0,67.02,67.96,66.68,1634.0,66.63,66.65,66.05,752.0,66.2,66.45,64.63,7071.0,66.91666666666667,0.5571654452076805,1822.6666666666667,66.91,0.4889273974731778,1446.6,66.498,0.9950857026183448,2469.8,66.7285,0.8413641804892986,2415.0,53.45794378534373,0.0019461077844313834,-0.00014925373134333508,0.4204545454545454,0.9991043439170161,0.9898401314658621,0.015012364183141136,4,10,66.82,67.08,66.93,66.29,66.04,65.8,65.24,64.99,65.15,65.68,64.97,65.6,64.75,65.48,65.58,66.75,68.61,65.64,66.68,66.5
2023-10-16,66.72,66.82,66.34,66.93,66.82,66.63,78.0,57.2,371,24715.16,0.47999999999998977,-0.21000000000000796,0.09000000000000341,0.09999999999999432,0.28999999999999204,66.93,66.99,66.25,2250.0,66.8,67.0,65.68,1584.0,67.02,67.96,66.68,1634.0,67.17,67.2,64.88,1013.0,66.78666666666668,0.10115993937067616,1401.6666666666667,66.80199999999999,0.5102254403691581,1318.2,66.517,1.0068542871515462,2388.0,66.65899999999999,0.8440807831131779,1856.9,51.624548606002875,-0.0044822949350068475,-0.0025376921928645935,-0.8351111111111111,0.9971565399431733,0.995647606168458,0.015011029667620399,0,10,67.08,66.93,66.29,66.04,65.8,65.24,64.99,65.15,65.68,64.97,65.6,64.75,65.48,65.58,66.75,68.61,65.64,66.68,66.5,65.74
2023-10-17,66.82,67.08,66.7,66.63,66.99,66.71,78.0,57.2,826,55140.77,0.37999999999999545,0.18999999999999773,0.10999999999999943,0.2600000000000051,0.009999999999990905,66.63,66.82,66.34,371.0,66.93,66.99,66.25,2250.0,66.8,67.0,65.68,1584.0,66.63,66.65,66.05,752.0,66.75666666666666,0.13203534880280432,1149.0,66.81800000000001,0.4516635916253335,1333.0,66.58099999999999,0.7403032411713587,2036.6,66.595,0.8227353286765645,1785.75,54.44444430329206,0.001200660363199768,0.0038910505836575737,1.2264150943396226,0.9944841979577446,0.9998500974216782,0.014979841594522258,1,10,66.93,66.29,66.04,65.8,65.24,64.99,65.15,65.68,64.97,65.6,64.75,65.48,65.58,66.75,68.61,65.64,66.68,66.5,65.74,76.0
2023-10-18,66.93,66.93,66.16,66.71,66.35,66.21,78.0,57.2,1508,100046.4,0.7700000000000102,0.22000000000001307,0.7200000000000131,0.0,0.04999999999999716,66.71,67.08,66.7,826.0,66.63,66.82,66.34,371.0,66.93,66.99,66.25,2250.0,67.02,67.96,66.68,1634.0,66.51666666666667,0.13051181300356987,901.6666666666666,66.656,0.09659192512790328,1307.8,66.625,0.7451890140538873,2028.3,66.509,0.7863859705874369,1809.8,45.28650635230847,-0.0074951281666916225,-0.0022361359570660655,0.8256658595641646,0.9892424921412034,0.9992448270503059,0.015073006125157776,2,10,66.29,66.04,65.8,65.24,64.99,65.15,65.68,64.97,65.6,64.75,65.48,65.58,66.75,68.61,65.64,66.68,66.5,65.74,76.0,66.82
2023-10-19,66.01,66.29,65.82,66.21,66.1,66.1,78.0,57.2,163,10786.05,0.4700000000000131,-0.19999999999998863,0.0899999999999892,0.19000000000001194,0.19000000000001194,66.21,66.93,66.16,1508.0,66.71,67.08,66.7,826.0,66.63,66.82,66.34,371.0,66.8,67.0,65.68,1584.0,66.34,0.41956326499525926,832.3333333333334,66.51599999999999,0.31204166388468685,1023.6,66.64,0.4588403256519963,1717.2,66.454,0.8148690563196453,1750.7,51.148225320234815,-0.001661380456124406,-0.009562229194680971,-0.8919098143236074,0.9971338059888799,0.9957639939334982,0.015112112404446938,3,10,66.04,65.8,65.24,64.99,65.15,65.68,64.97,65.6,64.75,65.48,65.58,66.75,68.61,65.64,66.68,66.5,65.74,76.0,66.82,67.94
2023-10-20,66.01,66.04,65.62,66.1,65.8,65.69,78.0,57.2,1159,76213.94,0.4200000000000017,-0.0899999999999892,0.3200000000000074,0.030000000000001137,0.06999999999999318,66.1,66.29,65.82,163.0,66.21,66.93,66.16,1508.0,66.71,67.08,66.7,826.0,66.93,66.99,66.25,2250.0,66.0,0.4590206967013131,943.3333333333334,66.268,0.44505055892554324,805.4,66.589,0.5212634224224335,1126.0,66.4135,0.8607334693521895,1750.45,42.105263033795055,-0.006202723146747302,-0.0037713078895761365,6.110429447852761,0.9947001816929935,0.9989343887806525,0.015207191755208885,4,10,65.8,65.24,64.99,65.15,65.68,64.97,65.6,64.75,65.48,65.58,66.75,68.61,65.64,66.68,66.5,65.74,76.0,66.82,67.94,67.65
2023-10-23,64.38,65.8,64.38,65.69,65.1,65.13,78.0,57.2,334,21857.52,1.4200000000000017,-1.3100000000000023,0.75,0.6700000000000017,0.0,65.69,66.04,65.62,1159.0,66.1,66.29,65.82,163.0,66.21,66.93,66.16,1508.0,66.63,66.82,66.34,371.0,65.64,0.24501700621284578,552.0,65.96799999999999,0.5570188506684083,798.0,66.38499999999999,0.6108500452466196,1058.1,66.34200000000001,0.9038704786113774,1661.65,40.48582984477707,-0.008524889633125365,-0.003634161114476231,-0.7118205349439172,0.9898176291642884,0.9884845693077156,0.015280782083236556,0,10,65.24,64.99,65.15,65.68,64.97,65.6,64.75,65.48,65.58,66.75,68.61,65.64,66.68,66.5,65.74,76.0,66.82,67.94,67.65,66.7
2023-10-25,65.2,65.24,64.25,65.13,64.5,64.48,78.0,57.2,12772,824739.79,0.9899999999999949,0.07000000000000739,0.7199999999999989,0.03999999999999204,0.23000000000000398,65.13,65.8,64.38,334.0,65.69,66.04,65.62,1159.0,66.1,66.29,65.82,163.0,66.71,67.08,66.7,826.0,65.10000000000001,0.41052811515597626,4755.0,65.522,0.6225351395704324,3187.2,66.16999999999999,0.7779210185559695,2260.1,66.24350000000001,0.9814129180876778,2287.95,37.807183264782616,-0.0099800399201595,-0.008510638297872353,37.23952095808383,0.9883507050737531,0.9964330024659361,0.015486096529912766,2,10,64.99,65.15,65.68,64.97,65.6,64.75,65.48,65.58,66.75,68.61,65.64,66.68,66.5,65.74,76.0,66.82,67.94,67.65,66.7,66.7
2023-10-26,64.5,64.99,63.45,64.48,64.99,63.93,78.0,57.2,2589,164983.58,1.539999999999992,0.01999999999999602,0.5700000000000003,0.4899999999999949,0.4799999999999969,64.48,65.24,64.25,12772.0,65.13,65.8,64.38,334.0,65.69,66.04,65.62,1159.0,66.21,66.93,66.16,1508.0,64.51333333333334,0.4147690120217807,5231.666666666667,65.066,0.5443987509169994,3403.4,65.861,0.7743068584942342,2355.6,66.1285,1.0677270496861435,2271.1,32.15547695226563,-0.008529776674938039,-0.0038320049049662686,-0.79729094895083,0.9836897984153917,0.9924917878774834,0.01569247072951129,3,10,65.15,65.68,64.97,65.6,64.75,65.48,65.58,66.75,68.61,65.64,66.68,66.5,65.74,76.0,66.82,67.94,67.65,66.7,66.7,67.0
2023-10-27,65.15,65.15,64.01,63.93,64.46,64.39,78.0,57.2,941,60404.04,1.1400000000000006,1.220000000000006,0.7600000000000051,0.0,0.37999999999999545,63.93,64.99,63.45,2589.0,64.48,65.24,64.25,12772.0,65.13,65.8,64.38,334.0,66.1,66.29,65.82,163.0,64.26666666666668,0.1266227994222514,5434.0,64.724,0.4516968009627615,3559.0,65.62,0.8132793697945734,2291.3,66.012,1.134916992095574,2300.15,34.58262342688985,0.007195369935867335,0.0024619172180337934,-0.6365392043259945,0.988334612417677,0.9940984624787375,0.01557842819784876,4,10,65.68,64.97,65.6,64.75,65.48,65.58,66.75,68.61,65.64,66.68,66.5,65.74,76.0,66.82,67.94,67.65,66.7,66.7,67.0,67.9
2023-10-30,65.68,65.68,63.81,64.39,64.51,64.51,78.0,57.2,547,35069.29,1.8700000000000045,1.2900000000000063,1.1700000000000017,0.0,0.7000000000000028,64.39,65.15,64.01,941.0,63.93,64.99,63.45,2589.0,64.48,65.24,64.25,12772.0,65.69,66.04,65.62,1159.0,64.27666666666669,0.36115555282111234,1359.0,64.488,0.35024277294470274,3436.6,65.378,0.76390517154373,2121.0,65.938,1.1585812558106083,2295.4,23.505976030063167,0.001863643422891803,0.008135072908672214,-0.4187035069075452,0.982186358084924,0.9891489691367361,0.01559769245399563,0,10,64.97,65.6,64.75,65.48,65.58,66.75,68.61,65.64,66.68,66.5,65.74,76.0,66.82,67.94,67.65,66.7,66.7,67.0,67.9,66.84
2023-10-31,64.97,64.97,64.15,64.51,64.15,64.16,78.0,57.2,641,41180.1,0.8199999999999932,0.45999999999999375,0.8100000000000023,0.0,0.009999999999990905,64.51,65.68,63.81,547.0,64.39,65.15,64.01,941.0,63.93,64.99,63.45,2589.0,65.13,65.8,64.38,334.0,64.35333333333334,0.3690979996335982,709.6666666666666,64.29400000000001,0.28780201528134064,3498.0,65.131,0.7677969928453711,2148.0,65.824,1.2231119714632597,2268.0,24.430641751132868,-0.00542551542396541,-0.010809987819732192,0.17184643510054842,0.9875327073882171,0.9998441396352893,0.015565770845626516,1,10,65.6,64.75,65.48,65.58,66.75,68.61,65.64,66.68,66.5,65.74,76.0,66.82,67.94,67.65,66.7,66.7,67.0,67.9,66.84,68.18
2023-11-01,65.6,65.6,62.95,64.16,63.86,64.21,78.0,57.2,686,44037.79,2.6499999999999915,1.4399999999999977,1.3900000000000006,0.0,1.259999999999991,64.16,64.97,64.15,641.0,64.51,65.68,63.81,547.0,64.39,65.15,64.01,941.0,64.48,65.24,64.25,12772.0,64.29333333333334,0.3888873015842886,624.6666666666666,64.24,0.338924770413726,1080.8,64.881,0.6270291504832523,2134.0,65.731,1.0521170387166048,2085.3,18.70824047618825,0.0007793017456358964,0.009696783130675568,0.07020280811232449,0.9788109755948351,0.9803768883198821,0.015577530116747104,2,11,64.75,65.48,65.58,66.75,68.61,65.64,66.68,66.5,65.74,76.0,66.82,67.94,67.65,66.7,66.7,67.0,67.9,66.84,68.18,68.0
2023-11-02,64.68,64.75,64.23,64.21,64.64,64.64,78.0,57.2,1354,87262.12,0.519999999999996,0.4700000000000131,0.04000000000000625,0.06999999999999318,0.4099999999999966,64.21,65.6,62.95,686.0,64.16,64.97,64.15,641.0,64.51,65.68,63.81,547.0,63.93,64.99,63.45,2589.0,64.33666666666666,0.4411726797225079,893.6666666666666,64.38199999999999,0.4011857425183478,833.8,64.724,0.5074653792243636,2118.6,65.6745,1.0942600239430766,2073.45,27.021276515255963,0.006696776203083843,-0.012957317073170604,0.9737609329446064,0.9983011582857405,0.9936571782024496,0.015516469230864256,3,11,65.48,65.58,66.75,68.61,65.64,66.68,66.5,65.74,76.0,66.82,67.94,67.65,66.7,66.7,67.0,67.9,66.84,68.18,68.0,70.44
2023-11-03,64.8,65.48,64.67,64.64,64.67,64.67,78.0,57.2,4196,271947.24,0.8100000000000023,0.1599999999999966,0.12999999999999545,0.6800000000000068,0.0,64.64,64.75,64.23,1354.0,64.21,65.6,62.95,686.0,64.16,64.97,64.15,641.0,64.39,65.15,64.01,941.0,64.50666666666667,0.46003623045747655,2078.6666666666665,64.438,0.4117402093553595,1484.8,64.58099999999999,0.4148627617795245,2521.9,65.6105,0.9096342526994643,2119.55,25.434782531285506,0.0004641089108912144,0.01127413127413135,2.098966026587888,0.9876298106141167,0.9999999999845368,0.015429463450336856,4,11,65.58,66.75,68.61,65.64,66.68,66.5,65.74,76.0,66.82,67.94,67.65,66.7,66.7,67.0,67.9,66.84,68.18,68.0,70.44,69.54
2023-11-06,63.38,65.58,63.38,64.67,65.33,65.36,78.0,57.2,933,60774.02,2.1999999999999957,-1.2899999999999991,1.9799999999999969,0.21999999999999886,0.0,64.67,65.48,64.67,4196.0,64.64,64.75,64.23,1354.0,64.21,65.6,62.95,686.0,64.51,65.68,63.81,547.0,64.89,0.4531004303685796,2161.0,64.608,0.3902947604055111,1562.0,64.548,0.35324527204542966,2499.3,65.5685,0.9154923898041845,1812.65,37.27454899361856,0.010669553115818742,0.0015271838729382647,-0.7776453765490944,0.9966453186795265,0.9697062423352248,0.015351954667471145,0,11,66.75,68.61,65.64,66.68,66.5,65.74,76.0,66.82,67.94,67.65,66.7,66.7,67.0,67.9,66.84,68.18,68.0,70.44,69.54,70.0
2023-11-07,66.75,66.75,65.05,65.36,65.65,65.65,78.0,57.2,755,49410.82,1.7000000000000028,1.3900000000000006,1.0999999999999943,0.0,0.6000000000000085,65.36,65.58,63.38,933.0,64.67,65.48,64.67,4196.0,64.64,64.75,64.23,1354.0,64.16,64.97,64.15,641.0,65.22666666666669,0.7061397406558033,1961.3333333333333,64.90599999999999,0.7167077507603641,1584.8,64.6,0.5617126588491047,2541.4,65.4925,0.892535566149612,1799.75,39.807692200517906,0.004436964504284102,0.01784080512351327,-0.19078242229367637,0.9835205992362019,0.9908606245088976,0.0152800540448425,1,11,68.61,65.64,66.68,66.5,65.74,76.0,66.82,67.94,67.65,66.7,66.7,67.0,67.9,66.84,68.18,68.0,70.44,69.54,70.0,71.11
2023-11-08,68.61,68.61,64.25,65.65,65.62,65.62,78.0,57.2,152,9979.63,4.359999999999999,2.9599999999999937,2.989999999999995,0.0,1.3700000000000045,65.65,66.75,65.05,755.0,65.36,65.58,63.38,933.0,64.67,65.48,64.67,4196.0,64.21,65.6,62.95,686.0,65.54333333333335,1.5280379576437149,613.3333333333334,65.188,1.5091487666893362,1478.0,64.714,1.1476759124422653,1279.4,65.442,1.0510720091511099,1769.75,43.763213401123814,-0.0004569687738005257,0.027865168539325857,-0.7986754966887417,0.9564203468742688,0.9791222188207996,0.015231025599143933,2,11,65.64,66.68,66.5,65.74,76.0,66.82,67.94,67.65,66.7,66.7,67.0,67.9,66.84,68.18,68.0,70.44,69.54,70.0,71.11,71.0
2023-11-09,65.59,65.64,65.3,65.62,65.53,65.37,78.0,57.2,661,43182.71,0.3400000000000034,-0.030000000000001137,0.21999999999999886,0.04999999999999716,0.07000000000000739,65.62,68.61,64.25,152.0,65.65,66.75,65.05,755.0,65.36,65.58,63.38,933.0,64.64,64.75,64.23,1354.0,65.54666666666668,1.5006998367428328,522.6666666666666,65.334,1.3325051594646578,1339.4,64.85799999999999,1.117481792046624,1086.6,65.3595,0.9698045109575377,1721.1,42.50513334803466,-0.0038098140810728376,-0.04328815041539136,3.348684210526316,0.9958866544638043,0.9989291723879618,0.01530705229014077,3,11,66.68,66.5,65.74,76.0,66.82,67.94,67.65,66.7,66.7,67.0,67.9,66.84,68.18,68.0,70.44,69.54,70.0,71.11,71.0,80.0
2023-11-10,66.68,66.68,64.95,65.37,65.52,65.25,78.0,57.2,571,37326.39,1.730000000000004,1.3100000000000023,1.4300000000000068,0.0,0.29999999999999716,65.37,65.64,65.3,661.0,65.62,68.61,64.25,152.0,65.65,66.75,65.05,755.0,64.67,65.48,64.67,4196.0,65.41333333333336,1.507061157794632,461.3333333333333,65.45,1.2265276189307452,614.4,64.94399999999999,1.120140864157594,1049.6,65.28200000000001,0.9561891191489541,1670.45,45.19650641206314,-0.0018357044515833199,0.01584399756246202,-0.1361573373676248,0.978554289127496,0.9954022988353195,0.015297487916725533,4,11,66.5,65.74,76.0,66.82,67.94,67.65,66.7,66.7,67.0,67.9,66.84,68.18,68.0,70.44,69.54,70.0,71.11,71.0,80.0,71.8
2023-11-12,66.1,66.5,66.1,65.25,66.5,66.15,78.0,57.2,7,463.1,0.4000000000000057,0.8499999999999943,0.05000000000001137,0.3499999999999943,0.0,65.25,66.68,64.95,571.0,65.37,65.64,65.3,661.0,65.62,68.61,64.25,152.0,65.36,65.58,63.38,933.0,65.59000000000002,0.5558177159225614,413.0,65.608,1.0865219740069298,429.2,65.108,1.1262247654098096,995.6,65.243,0.937015980316413,1558.3,60.365853486763875,0.01379310344827589,-0.002699460107978502,-0.9877408056042032,0.9947368420903048,0.999244142086179,0.01511552580432927,6,11,65.74,76.0,66.82,67.94,67.65,66.7,66.7,67.0,67.9,66.84,68.18,68.0,70.44,69.54,70.0,71.11,71.0,80.0,71.8,70.66
2023-11-13,65.69,65.74,65.23,66.15,65.23,65.29,78.0,57.2,948,62051.07,0.5099999999999909,-0.46000000000000796,0.3999999999999915,0.04999999999999716,0.060000000000002274,66.15,66.5,66.1,7.0,65.25,66.68,64.95,571.0,65.37,65.64,65.3,661.0,65.65,66.75,65.05,755.0,65.56333333333335,0.4989321931218436,508.6666666666667,65.53600000000002,1.1949811713997527,467.8,65.221,1.0685717362702927,1026.3,65.176,0.9199971395836058,1587.15,57.89473668410789,-0.013000755857898727,-0.011428571428571455,134.42857142857142,0.9931548524339345,0.9990810231122823,0.01527773815987355,0,11,76.0,66.82,67.94,67.65,66.7,66.7,67.0,67.9,66.84,68.18,68.0,70.44,69.54,70.0,71.11,71.0,80.0,71.8,70.66,71.7
2023-11-15,65.77,76.0,65.0,65.29,76.0,66.98,78.0,57.2,1072,70850.78,11.0,0.47999999999998977,1.210000000000008,9.019999999999996,0.769999999999996,65.29,65.74,65.23,948.0,66.15,66.5,66.1,7.0,65.25,66.68,64.95,571.0,65.62,68.61,64.25,152.0,66.14000000000003,5.716863942174333,675.6666666666666,65.808,4.433026054513992,651.8,65.498,3.2750608136847448,1064.9,65.1895,2.4212087020633404,1599.45,74.32216889306045,0.025884515239699812,0.1560693641618498,0.13080168776371304,0.881315789462088,0.9704389369816296,0.015130390942767106,2,11,66.82,67.94,67.65,66.7,66.7,67.0,67.9,66.84,68.18,68.0,70.44,69.54,70.0,71.11,71.0,80.0,71.8,70.66,71.7,71.3
2023-11-16,66.19,66.82,66.0,66.98,66.78,66.61,78.0,57.2,740,49136.79,0.8199999999999932,-0.7900000000000063,0.4200000000000017,0.20999999999999375,0.18999999999999773,66.98,76.0,65.0,1072.0,65.29,65.74,65.23,948.0,66.15,66.5,66.1,7.0,65.37,65.64,65.3,661.0,66.29333333333334,5.637765514811673,920.0,66.05600000000001,4.29787389298475,667.6,65.69500000000001,3.168585383626795,1003.5,65.2095,2.4201162977709805,1561.05,67.96116489458625,-0.005524037025977924,-0.12078947368421067,-0.3097014925373134,0.9968572283598196,0.9908422158686256,0.015059998831832217,3,11,67.94,67.65,66.7,66.7,67.0,67.9,66.84,68.18,68.0,70.44,69.54,70.0,71.11,71.0,80.0,71.8,70.66,71.7,71.3,72.85
2023-11-17,67.94,67.94,66.18,66.61,66.61,66.54,78.0,57.2,2618,173629.73,1.759999999999991,1.3299999999999983,1.3999999999999915,0.0,0.35999999999999943,66.61,66.82,66.0,740.0,66.98,76.0,65.0,1072.0,65.29,65.74,65.23,948.0,65.25,66.68,64.95,571.0,66.71000000000002,5.008166663893382,1476.6666666666667,66.31400000000001,4.211697994870939,1077.0,65.882,3.099423602327807,845.7,65.23150000000001,2.4436224189337556,1683.8,66.55791175663767,-0.0010508932592703246,0.016761448668063617,2.537837837837838,0.9793935825584429,0.9945897204539436,0.015078062956153793,4,11,67.65,66.7,66.7,67.0,67.9,66.84,68.18,68.0,70.44,69.54,70.0,71.11,71.0,80.0,71.8,70.66,71.7,71.3,72.85,72.48
2023-11-20,67.65,67.65,66.0,66.54,66.39,66.39,78.0,57.2,1882,124323.43,1.6500000000000057,1.1099999999999994,1.2600000000000051,0.0,0.39000000000000057,66.54,67.94,66.18,2618.0,66.61,66.82,66.0,740.0,66.98,76.0,65.0,1072.0,66.15,66.5,66.1,7.0,66.51333333333334,0.5812916651733012,1746.6666666666667,66.362,4.098219125425077,1452.0,65.985,3.015585625822398,940.6,65.26650000000001,2.454236455386325,1719.95,68.80269798259056,-0.0022542831379621653,-0.0042684721813363025,-0.2811306340718105,0.9813747228236307,0.9941256213135392,0.015137934981362603,0,11,66.7,66.7,67.0,67.9,66.84,68.18,68.0,70.44,69.54,70.0,71.11,71.0,80.0,71.8,70.66,71.7,71.3,72.85,72.48,72.19
2023-11-21,65.06,66.7,65.06,66.39,66.31,66.47,78.0,57.2,5216,345868.23,1.6400000000000006,-1.3299999999999983,1.4099999999999966,0.23000000000000398,0.0,66.39,67.65,66.0,1882.0,66.54,67.94,66.18,2618.0,66.61,66.82,66.0,740.0,65.29,65.74,65.23,948.0,66.46666666666668,0.6486139067272232,3238.6666666666665,66.598,3.9365619517543307,2305.6,66.06700000000001,3.017621579986463,1386.7,65.3335,2.447452542413904,1964.05,68.95973138163819,0.0012050007531254625,-0.014042867701404282,1.7715196599362382,0.9965517241229901,0.9787874228828225,0.015080887886117743,1,11,66.7,67.0,67.9,66.84,68.18,68.0,70.44,69.54,70.0,71.11,71.0,80.0,71.8,70.66,71.7,71.3,72.85,72.48,72.19,73.3
2023-11-22,66.43,66.7,66.3,66.47,66.7,66.65,78.0,57.2,974,64695.5,0.4000000000000057,-0.03999999999999204,0.21999999999999886,0.04999999999999716,0.13000000000000966,66.47,66.7,65.06,5216.0,66.39,67.65,66.0,1882.0,66.54,67.94,66.18,2618.0,66.98,76.0,65.0,1072.0,66.50333333333334,0.548482755730152,2690.6666666666665,66.53200000000001,0.5889142552188477,2286.0,66.17,3.0230670592040227,1468.9,65.442,2.4256920336483607,1374.15,67.60070035964799,0.002707988566270636,0.0,-0.8132668711656441,0.9992503747976125,0.9947486871568678,0.015055142938844046,2,11,67.0,67.9,66.84,68.18,68.0,70.44,69.54,70.0,71.11,71.0,80.0,71.8,70.66,71.7,71.3,72.85,72.48,72.19,73.3,71.58
2023-11-23,67.0,67.0,66.4,66.65,66.4,66.64,78.0,57.2,784,52143.13,0.5999999999999943,0.3499999999999943,0.35999999999999943,0.0,0.23999999999999488,66.65,66.7,66.3,974.0,66.47,66.7,65.06,5216.0,66.39,67.65,66.0,1882.0,66.61,66.82,66.0,740.0,66.58666666666669,0.17320508075697585,2324.6666666666665,66.538,0.5679084433251251,2294.8,66.297,2.9530250027161413,1481.2,65.57750000000001,2.392682044990705,1283.9,67.31107189062294,-0.0001500375093774764,0.004497751124437732,-0.19507186858316217,0.9946268656567966,0.9963985594088176,0.01503553775924048,3,11,67.9,66.84,68.18,68.0,70.44,69.54,70.0,71.11,71.0,80.0,71.8,70.66,71.7,71.3,72.85,72.48,72.19,73.3,71.58,72.7
2023-11-24,67.9,67.9,66.36,66.64,66.37,66.4,78.0,57.2,1671,111234.63,1.5400000000000063,1.2600000000000051,1.5,0.0,0.04000000000000625,66.64,67.0,66.4,784.0,66.65,66.7,66.3,974.0,66.47,66.7,65.06,5216.0,66.54,67.94,66.18,2618.0,66.56333333333335,0.6244997998398366,1143.0,66.51,0.5549774770204369,2105.4,66.412,2.9279467587752017,1591.2,65.678,2.371980018998086,1320.4,59.92366396203603,-0.0036014405762304635,0.013432835820895717,1.131377551020408,0.9779086892344931,0.9993975903463944,0.015022300159581461,4,11,66.84,68.18,68.0,70.44,69.54,70.0,71.11,71.0,80.0,71.8,70.66,71.7,71.3,72.85,72.48,72.19,73.3,71.58,72.7,73.1
2023-11-28,65.3,66.84,65.3,66.4,66.84,66.84,78.0,57.2,675,44796.8,1.5400000000000063,-1.1000000000000085,1.5400000000000063,0.0,0.0,66.4,67.9,66.36,1671.0,66.64,67.0,66.4,784.0,66.65,66.7,66.3,974.0,66.39,67.65,66.0,1882.0,66.62666666666668,0.5714309523759848,1043.3333333333333,66.6,0.5029115230336025,1864.0,66.481,2.9118777828442943,1658.0,65.7945,2.353802913987188,1326.8,61.03896088041824,0.0066265060240964235,-0.015611192930780615,-0.5960502692998204,0.9999999999850389,0.9769599042343362,0.015068040574326402,1,11,68.18,68.0,70.44,69.54,70.0,71.11,71.0,80.0,71.8,70.66,71.7,71.3,72.85,72.48,72.19,73.3,71.58,72.7,73.1,73.0
2023-11-29,68.18,68.18,66.81,66.84,67.44,67.44,78.0,57.2,5231,351201.39,1.3700000000000045,1.3400000000000034,0.7400000000000091,0.0,0.6299999999999955,66.84,66.84,65.3,675.0,66.4,67.9,66.36,1671.0,66.64,67.0,66.4,784.0,66.47,66.7,65.06,5216.0,66.89333333333336,0.7068238818828636,2525.6666666666665,66.794,0.6695371535620441,1867.0,66.696,2.8084635973745025,2086.3,65.95849999999999,2.3178009087562748,1556.3,65.26845622252368,0.008976660682226134,0.020047875523638625,6.74962962962963,0.9891463772222182,0.9906583629746344,0.014894587974153477,2,11,68.0,70.44,69.54,70.0,71.11,71.0,80.0,71.8,70.66,71.7,71.3,72.85,72.48,72.19,73.3,71.58,72.7,73.1,73.0,73.87
2023-11-30,68.0,68.0,66.23,67.44,67.4,67.4,78.0,57.2,6008,403209.03,1.769999999999996,0.5600000000000023,0.5999999999999943,0.0,1.1700000000000017,67.44,68.18,66.81,5231.0,66.84,66.84,65.3,675.0,66.4,67.9,66.36,1671.0,66.65,66.7,66.3,974.0,67.22666666666667,0.7272780302836661,3971.3333333333335,66.944,0.6169927066019075,2873.8,66.738,0.6105744107896629,2579.9,66.11800000000001,2.295182827254976,1822.4,67.65217374832515,-0.0005931198102014923,-0.0026400704018775256,0.1485375645192124,0.9911764705736592,0.9826409495403168,0.014900459942576149,3,11,70.44,69.54,70.0,71.11,71.0,80.0,71.8,70.66,71.7,71.3,72.85,72.48,72.19,73.3,71.58,72.7,73.1,73.0,73.87,72.99
2023-12-01,70.44,70.44,67.46,67.4,70.0,67.82,78.0,57.2,10639,721587.56,2.980000000000004,3.039999999999992,2.6200000000000045,0.0,0.35999999999999943,67.4,68.0,66.23,6008.0,67.44,68.18,66.81,5231.0,66.84,66.84,65.3,675.0,66.64,67.0,66.4,784.0,67.55333333333334,1.3597548798710797,7292.666666666667,67.18,1.3201969550032615,4844.8,66.85900000000001,1.112826731047259,3569.8,66.277,2.318517845521104,2286.65,71.23966925663548,0.0062314540059345,0.035882352941176476,0.7708055925432757,0.9628052242907039,0.9946918313035286,0.014743879453797657,4,12,69.54,70.0,71.11,71.0,80.0,71.8,70.66,71.7,71.3,72.85,72.48,72.19,73.3,71.58,72.7,73.1,73.0,73.87,72.99,85.0
2023-12-04,66.46,69.54,66.46,67.82,69.28,69.22,78.0,57.2,6880,474851.25,3.0800000000000125,-1.3599999999999994,2.760000000000005,0.3200000000000074,0.0,67.82,70.44,67.46,10639.0,67.4,68.0,66.23,6008.0,67.44,68.18,66.81,5231.0,66.4,67.9,66.36,1671.0,68.14666666666669,1.233909775199629,7842.333333333333,67.744,1.405631530665082,5886.6,67.127,1.2519074335677562,3996.0,66.5045,2.3047444772171564,2420.85,73.43511434685625,0.02064287820701871,-0.012776831345826078,-0.3533226807030736,0.9953983318809978,0.960127130873156,0.014488747792071698,0,12,70.0,71.11,71.0,80.0,71.8,70.66,71.7,71.3,72.85,72.48,72.19,73.3,71.58,72.7,73.1,73.0,73.87,72.99,85.0,74.25
2023-12-05,67.84,70.0,67.84,69.22,69.62,69.72,78.0,57.2,5434,378037.9,2.1599999999999966,-1.3799999999999955,1.8799999999999955,0.28000000000000114,0.0,69.22,69.54,66.46,6880.0,67.82,70.44,67.46,10639.0,67.4,68.0,66.23,6008.0,66.84,66.84,65.3,675.0,68.92,0.4500370355128207,7651.0,68.32000000000001,1.091842479481268,6838.4,67.46000000000001,1.411232715670149,4351.2,66.7225,2.296554112028173,2645.9,85.78352161535233,0.007223345853799579,0.006614897900488748,-0.21017441860465114,0.9959999999857714,0.9730349971174264,0.0143742201509425,1,12,71.11,71.0,80.0,71.8,70.66,71.7,71.3,72.85,72.48,72.19,73.3,71.58,72.7,73.1,73.0,73.87,72.99,85.0,74.25,73.88
2023-12-06,71.11,71.11,69.85,69.72,70.26,70.23,78.0,57.2,892,62569.09,1.2600000000000051,1.3900000000000006,0.8799999999999955,0.0,0.38000000000000966,69.72,70.0,67.84,5434.0,69.22,69.54,66.46,6880.0,67.82,70.44,67.46,10639.0,67.44,68.18,66.81,5231.0,69.72333333333334,0.8071142009239748,4402.0,68.878,1.1695811215985616,5970.6,67.836,1.5921644945726257,3918.8,66.9515,2.378959248340119,2652.75,82.43512951016137,0.0073149741824440895,0.015857142857142792,-0.8358483621641517,0.987624806623715,0.9945892068774796,0.014256240581411459,2,12,71.0,80.0,71.8,70.66,71.7,71.3,72.85,72.48,72.19,73.3,71.58,72.7,73.1,73.0,73.87,72.99,85.0,74.25,73.88,75.25
2023-12-07,71.0,71.0,69.66,70.23,70.29,69.91,78.0,57.2,1029,71974.25,1.3400000000000034,0.769999999999996,1.0900000000000034,0.0,0.25,70.23,71.11,69.85,892.0,69.72,70.0,67.84,5434.0,69.22,69.54,66.46,6880.0,67.4,68.0,66.23,6008.0,69.95333333333335,0.611582646363607,2451.6666666666665,69.38,0.6640180720429901,4974.8,68.162,1.6112552042842956,3924.3,67.16600000000001,2.4593343130119014,2696.6,83.26612879723271,-0.0045564573544070175,-0.0015468991702994872,0.1535874439461884,0.9846478873100752,0.9964239736661933,0.014296779751091337,3,12,80.0,71.8,70.66,71.7,71.3,72.85,72.48,72.19,73.3,71.58,72.7,73.1,73.0,73.87,72.99,85.0,74.25,73.88,75.25,73.58
2023-12-08,80.0,80.0,69.95,69.91,70.1,70.39,80.0,57.2,2235,157312.79,10.049999999999997,10.090000000000003,9.61,0.0,0.4399999999999977,69.91,71.0,69.66,1029.0,70.23,71.11,69.85,892.0,69.72,70.0,67.84,5434.0,67.82,70.44,67.46,10639.0,70.17666666666668,5.164691020122392,1385.3333333333333,69.89399999999999,4.338755581961203,3294.0,68.537,3.70344119254869,4069.4,67.417,3.5084591009669346,2775.3,85.84729958996971,0.006865970533543209,0.12676056338028174,1.1720116618075802,0.8798749999890015,0.9937491120756677,0.014207363558932403,4,12,71.8,70.66,71.7,71.3,72.85,72.48,72.19,73.3,71.58,72.7,73.1,73.0,73.87,72.99,85.0,74.25,73.88,75.25,73.58,80.0
2023-12-11,71.8,71.8,69.03,70.39,70.59,70.58,80.0,57.2,2334,164131.08,2.769999999999996,1.4099999999999966,1.2199999999999989,0.0,1.5499999999999972,70.39,80.0,69.95,2235.0,69.91,71.0,69.66,1029.0,70.23,71.11,69.85,892.0,69.22,69.54,66.46,6880.0,70.29333333333334,4.981298358192656,1866.0,70.16600000000001,4.085782666760368,2384.8,68.955,3.6270663076375893,4135.7,67.68350000000001,3.5142148932285413,2863.45,88.7245838739105,0.0026992470521380874,-0.10250000000000004,0.04429530201342291,0.98300835653227,0.9780391045483418,0.014220341449041742,0,12,70.66,71.7,71.3,72.85,72.48,72.19,73.3,71.58,72.7,73.1,73.0,73.87,72.99,85.0,74.25,73.88,75.25,73.58,80.0,72.7
2023-12-12,70.66,70.66,69.88,70.58,70.29,70.25,80.0,57.2,939,66138.56,0.7800000000000011,0.0799999999999983,0.4099999999999966,0.0,0.37000000000000455,70.58,71.8,69.03,2334.0,70.39,80.0,69.95,2235.0,69.91,71.0,69.66,1029.0,69.72,70.0,67.84,5434.0,70.40666666666668,5.0953442801574145,1836.0,70.272,3.982798011448667,1485.8,69.296,3.3683495793769156,4162.1,67.8885,3.462938970843882,2910.05,83.3922259421394,-0.00467554548030602,-0.015877437325905297,-0.5976863753213368,0.994197565794025,0.9947330960712493,0.014197466651828914,1,12,71.7,71.3,72.85,72.48,72.19,73.3,71.58,72.7,73.1,73.0,73.87,72.99,85.0,74.25,73.88,75.25,73.58,80.0,72.7,72.36
2023-12-13,71.7,71.7,68.85,70.25,70.26,70.25,80.0,57.2,1089,75946.5,2.8500000000000085,1.4500000000000028,1.4500000000000028,0.0,1.4000000000000057,70.25,70.66,69.88,939.0,70.58,71.8,69.03,2334.0,70.39,80.0,69.95,2235.0,70.23,71.11,69.85,892.0,70.36000000000001,0.6312949653949412,1454.0,70.276,3.924298663455604,1525.2,69.577,3.2127636078615773,3747.9,68.1365,3.377646175106317,2917.1,82.84671511681498,0.0,0.014718369657515051,0.15974440894568698,0.9797768479640198,0.9800711743632728,0.01433904129880884,2,12,71.3,72.85,72.48,72.19,73.3,71.58,72.7,73.1,73.0,73.87,72.99,85.0,74.25,73.88,75.25,73.58,80.0,72.7,72.36,73.79
2023-12-14,70.75,71.3,70.75,70.25,70.95,70.97,80.0,57.2,2597,184305.21,0.5499999999999972,0.5,0.21999999999999886,0.3299999999999983,0.0,70.25,71.7,68.85,1089.0,70.25,70.66,69.88,939.0,70.58,71.8,69.03,2334.0,69.91,71.0,69.66,1029.0,70.49000000000001,0.524595081943853,1541.6666666666667,70.488,3.887585368837505,1838.8,69.934,2.9831499012508664,3406.8,68.336,3.073293107777974,2993.35,84.97576717452985,0.010249110320284638,-0.005578800557880181,1.3847566574839303,0.9953716689902472,0.9969000986191785,0.014090757390960279,3,12,72.85,72.48,72.19,73.3,71.58,72.7,73.1,73.0,73.87,72.99,85.0,74.25,73.88,75.25,73.58,80.0,72.7,72.36,73.79,73.56
2023-12-15,72.85,72.85,70.25,70.97,70.25,71.48,80.0,57.2,15103,1077913.76,2.5999999999999943,1.8799999999999955,1.3699999999999903,0.0,1.230000000000004,70.97,71.3,70.75,2597.0,70.25,71.7,68.85,1089.0,70.25,70.66,69.88,939.0,70.39,80.0,69.95,2235.0,70.90000000000002,0.8046738469713088,6263.0,70.706,0.801074278703033,4412.4,70.3,2.962387175535549,3853.2,68.5795,3.0856859256215214,3711.5,89.31888525534609,0.0071861349866142454,0.021739130434782483,4.815556411243743,0.9811942347154263,0.9827923894658254,0.014011324987631652,4,12,72.48,72.19,73.3,71.58,72.7,73.1,73.0,73.87,72.99,85.0,74.25,73.88,75.25,73.58,80.0,72.7,72.36,73.79,73.56,85.0
2023-12-18,72.48,72.48,71.41,71.48,71.55,71.65,80.0,57.2,3768,270697.0,1.0700000000000074,1.0,0.8299999999999983,0.0,0.2400000000000091,71.48,72.85,70.25,15103.0,70.97,71.3,70.75,2597.0,70.25,71.7,68.85,1089.0,70.58,71.8,69.03,2334.0,71.36666666666667,0.8095060222132893,7156.0,70.92,0.8838099343182197,4699.2,70.543,2.83469771071111,3542.0,68.83500000000001,3.103522404589544,3769.0,88.85298849047793,0.0023782876329043745,-0.005078929306794655,-0.7505131430841554,0.9885485651077739,0.9966503837962782,0.013919622308337315,0,12,72.19,73.3,71.58,72.7,73.1,73.0,73.87,72.99,85.0,74.25,73.88,75.25,73.58,80.0,72.7,72.36,73.79,73.56,85.0,74.01
2023-12-19,71.7,72.19,71.64,71.65,72.11,71.82,80.0,57.2,2748,197293.35,0.5499999999999972,0.04999999999999716,0.11999999999999034,0.37000000000000455,0.060000000000002274,71.65,72.48,71.41,3768.0,71.48,72.85,70.25,15103.0,70.97,71.3,70.75,2597.0,70.25,70.66,69.88,939.0,71.65000000000002,0.3308070938370016,7206.333333333333,71.23400000000001,0.6154104321504067,5061.0,70.753,2.720414388368826,3273.4,69.1065,3.0814239275134505,3812.3,88.02083311939383,0.0023726448011163193,-0.004001103752759416,-0.2707006369426752,0.994874636362448,0.9974937343219509,0.01392849784343966,1,12,73.3,71.58,72.7,73.1,73.0,73.87,72.99,85.0,74.25,73.88,75.25,73.58,80.0,72.7,72.36,73.79,73.56,85.0,74.01,73.98
2023-12-20,73.3,73.3,71.15,71.82,72.75,71.17,80.0,57.2,3083,222224.41,2.1499999999999915,1.480000000000004,2.1299999999999955,0.0,0.01999999999999602,71.82,72.19,71.64,2748.0,71.65,72.48,71.41,3768.0,71.48,72.85,70.25,15103.0,70.25,71.7,68.85,1089.0,71.54666666666667,0.5757024694517666,3199.6666666666665,71.41799999999999,0.7533458701018566,5459.8,70.84700000000001,2.6831730801007714,3492.5,69.3415,3.026313503431595,3705.65,79.59183655976678,-0.009050403787245753,0.015376090871311865,0.12190684133915575,0.9709413369581045,0.9997189827033902,0.013873363416737101,2,12,71.58,72.7,73.1,73.0,73.87,72.99,85.0,74.25,73.88,75.25,73.58,80.0,72.7,72.36,73.79,73.56,85.0,74.01,73.98,75.55
2023-12-21,71.17,71.58,70.75,71.17,71.27,71.27,80.0,57.2,831,58994.56,0.8299999999999983,0.0,0.09999999999999432,0.3100000000000023,0.4200000000000017,71.17,73.3,71.15,3083.0,71.82,72.19,71.64,2748.0,71.65,72.48,71.41,3768.0,70.97,71.3,70.75,2597.0,71.42,0.8720282870027233,2220.6666666666665,71.478,0.652571835125848,5106.6,70.983,2.6477042466592566,3472.7,69.5725,2.884527280435866,3698.5,78.51239651253334,0.001405086412814338,-0.023465211459754443,-0.7304573467401881,0.9956691813216586,0.9927038024274912,0.014086044543767866,3,12,72.7,73.1,73.0,73.87,72.99,85.0,74.25,73.88,75.25,73.58,80.0,72.7,72.36,73.79,73.56,85.0,74.01,73.98,75.55,72.59
2023-12-22,72.7,72.7,71.35,71.27,71.35,71.49,80.0,57.2,828,59302.18,1.3500000000000085,1.4300000000000068,1.210000000000008,0.0,0.14000000000000057,71.27,71.58,70.75,831.0,71.17,73.3,71.15,3083.0,71.82,72.19,71.64,2748.0,71.48,72.85,70.25,15103.0,71.31,0.8730024818595195,1580.6666666666667,71.47999999999999,0.6345076831682349,2251.6,71.093,0.7978888811522419,3332.0,69.815,2.7584230334701623,3700.7,73.30595461472622,0.0030868528132454998,0.015646828723107076,-0.0036101083032491488,0.9833562585834474,0.9980416841376689,0.013962387217467993,4,12,73.1,73.0,73.87,72.99,85.0,74.25,73.88,75.25,73.58,80.0,72.7,72.36,73.79,73.56,85.0,74.01,73.98,75.55,72.59,73.96
2023-12-26,71.49,73.1,71.48,71.49,72.06,72.06,80.0,57.2,634,45623.79,1.6199999999999903,0.0,0.5700000000000074,1.039999999999992,0.009999999999990905,71.49,72.7,71.35,828.0,71.27,71.58,70.75,831.0,71.17,73.3,71.15,3083.0,71.65,72.48,71.41,3768.0,71.60666666666667,0.7879086241434048,764.3333333333334,71.562,0.6991280283320864,1624.8,71.241,0.8553777593033481,3162.0,70.098,2.67700397144974,3648.85,73.68421031749419,0.007973143096936752,0.005502063273727487,-0.2342995169082126,0.9857729138032043,0.9919511518041638,0.013896258947360273,1,12,73.0,73.87,72.99,85.0,74.25,73.88,75.25,73.58,80.0,72.7,72.36,73.79,73.56,85.0,74.01,73.98,75.55,72.59,73.96,72.78
2023-12-27,70.62,73.0,70.62,72.06,73.0,72.42,80.0,57.2,2518,181892.19,2.3799999999999955,-1.4399999999999977,1.7999999999999972,0.5799999999999983,0.0,72.06,73.1,71.48,634.0,71.49,72.7,71.35,828.0,71.27,71.58,70.75,831.0,71.82,72.19,71.64,2748.0,71.99000000000001,0.20816659994536219,1326.6666666666667,71.682,0.6815276956951204,1578.8,71.458,0.6969297748775051,3319.9,70.377,2.466143964295548,3741.0,72.860125048008,0.004995836802664355,-0.001367989056087482,2.971608832807571,0.9920547945069581,0.9751449875590287,0.013843365127441625,2,12,73.87,72.99,85.0,74.25,73.88,75.25,73.58,80.0,72.7,72.36,73.79,73.56,85.0,74.01,73.98,75.55,72.59,73.96,72.78,74.23
2023-12-28,73.87,73.87,72.56,72.42,73.4,72.89,80.0,57.2,4517,329470.52,1.3100000000000023,1.4500000000000028,0.980000000000004,0.0,0.3299999999999983,72.42,73.0,70.62,2518.0,72.06,73.1,71.48,634.0,71.49,72.7,71.35,828.0,71.17,73.3,71.15,3083.0,72.45666666666668,0.4760602202797062,2556.3333333333335,72.026,0.830782763422242,1865.6,71.72200000000001,0.7806414741165145,3662.7,70.6495,2.358924598870783,3705.3,80.1619430926586,0.006489919911626618,0.011917808219178205,0.7938840349483718,0.9867334506432011,0.9954726299767392,0.013709876076317802,3,12,72.99,85.0,74.25,73.88,75.25,73.58,80.0,72.7,72.36,73.79,73.56,85.0,74.01,73.98,75.55,72.59,73.96,72.78,74.23,71.56
2023-12-29,72.89,72.99,72.2,72.89,72.2,72.62,80.0,57.2,1239,90170.51,0.789999999999992,0.0,0.269999999999996,0.09999999999999432,0.4200000000000017,72.89,73.87,72.56,4517.0,72.42,73.0,70.62,2518.0,72.06,73.1,71.48,634.0,71.27,71.58,70.75,831.0,72.64333333333335,0.5052062285173937,2758.0,72.296,0.4387140298639637,1947.2,71.887,0.6268120398756073,3526.9,70.9105,2.166147380416209,3466.85,73.57293847145446,-0.0037042118260391943,-0.011912819818600373,-0.7257029001549702,0.9949308124264293,0.9942164692785153,0.013740634271670264,4,12,85.0,74.25,73.88,75.25,73.58,80.0,72.7,72.36,73.79,73.56,85.0,74.01,73.98,75.55,72.59,73.96,72.78,74.23,71.56,72.54
2024-01-01,85.0,85.0,72.49,72.62,72.89,73.08,85.0,57.2,2131,155207.82,12.510000000000005,12.379999999999995,11.920000000000002,0.0,0.5900000000000034,72.62,72.99,72.2,1239.0,72.89,73.87,72.56,4517.0,72.42,73.0,70.62,2518.0,71.49,72.7,71.35,828.0,72.86333333333334,6.694418072792597,2629.0,72.614,5.271970219946181,2207.8,72.047,3.9081892652906385,2229.7,71.1735,3.531439657226408,3041.45,74.99999979000015,0.006334343156155331,0.16454308809425955,0.7199354317998385,0.859764705872238,0.9919266557061859,0.013729978296196585,0,1,74.25,73.88,75.25,73.58,80.0,72.7,72.36,73.79,73.56,85.0,74.01,73.98,75.55,72.59,73.96,72.78,74.23,71.56,72.54,72.63
2024-01-02,74.25,74.25,72.0,73.08,72.28,72.43,85.0,57.2,4705,339243.43,2.25,1.1700000000000017,1.8199999999999932,0.0,0.4300000000000068,73.08,85.0,72.49,2131.0,72.62,72.99,72.2,1239.0,72.89,73.87,72.56,4517.0,72.06,73.1,71.48,634.0,72.71000000000002,6.6003813021167295,2691.6666666666665,72.688,5.159968023156672,3022.0,72.125,3.8705434588267202,2323.4,71.334,3.4439258504151464,2932.7,70.48872161901484,-0.008894362342638074,-0.1264705882352941,1.2078836227123415,0.9754882154750777,0.9940632334530709,0.013869096890100381,1,1,73.88,75.25,73.58,80.0,72.7,72.36,73.79,73.56,85.0,74.01,73.98,75.55,72.59,73.96,72.78,74.23,71.56,72.54,72.63,72.49
2024-01-03,73.88,73.88,72.0,72.43,72.0,72.0,85.0,57.2,1120,80800.23,1.8799999999999955,1.4499999999999886,1.8799999999999955,0.0,0.0,72.43,74.25,72.0,4705.0,73.08,85.0,72.49,2131.0,72.62,72.99,72.2,1239.0,72.42,73.0,70.62,2518.0,72.50333333333334,6.316035148730472,2652.0,72.604,5.053560131234155,2742.4,72.143,3.8095408005572993,2160.6,71.44800000000001,3.359825496721645,2717.0,65.21739114555774,-0.005936766533204518,-0.004983164983165089,-0.7619553666312433,0.9745533297106855,0.9999999999861111,0.013861346681810017,2,1,75.25,73.58,80.0,72.7,72.36,73.79,73.56,85.0,74.01,73.98,75.55,72.59,73.96,72.78,74.23,71.56,72.54,72.63,72.49,75.63
2024-01-04,75.25,75.25,70.56,72.0,72.59,72.58,85.0,57.2,1883,136508.93,4.689999999999998,3.25,2.6700000000000017,0.0,2.019999999999996,72.0,73.88,72.0,1120.0,72.43,74.25,72.0,4705.0,73.08,85.0,72.49,2131.0,72.89,73.87,72.56,4517.0,72.33666666666669,0.7087312607746807,2569.3333333333335,72.542,4.944798276977471,2215.6,72.28399999999999,3.7987477468823947,2040.6,71.5655,3.3362987686482772,2766.55,64.34937595349538,0.008055555555555483,0.018543584190579443,0.6812499999999999,0.9645182724124316,0.9721686414856411,0.013793969376215801,3,1,73.58,80.0,72.7,72.36,73.79,73.56,85.0,74.01,73.98,75.55,72.59,73.96,72.78,74.23,71.56,72.54,72.63,72.49,75.63,74.0
2024-01-05,73.58,73.58,72.38,72.58,72.68,72.38,85.0,57.2,1946,141050.69,1.2000000000000028,1.0,1.2000000000000028,0.0,0.0,72.58,75.25,70.56,1883.0,72.0,73.88,72.0,1120.0,72.43,74.25,72.0,4705.0,72.62,72.99,72.2,1239.0,72.32000000000001,0.8902995750491184,1649.6666666666667,72.494,4.853026890508579,2357.0,72.39500000000001,3.6749355247556013,2152.1,71.689,3.2780151247202234,2812.4,58.490565883232435,-0.0027555800496005256,-0.022192691029900402,0.03345724907063197,0.983691220426968,0.9999999999861839,0.013796458563938867,4,1,80.0,72.7,72.36,73.79,73.56,85.0,74.01,73.98,75.55,72.59,73.96,72.78,74.23,71.56,72.54,72.63,72.49,75.63,74.0,72.99
2024-01-08,80.0,80.0,71.5,72.38,71.5,71.85,85.0,57.2,4325,311759.99,8.5,7.6200000000000045,8.150000000000006,0.0,0.3499999999999943,72.38,73.58,72.38,1946.0,72.58,75.25,70.56,1883.0,72.0,73.88,72.0,1120.0,73.08,85.0,72.49,2131.0,72.27000000000001,3.330860749615981,2718.0,72.248,2.6517673351935422,2795.8,72.431,3.935623062348384,2501.8,71.762,3.2780151247202234,2916.9,51.76678432425168,-0.00732246476927334,0.08725197064419676,1.222507708119219,0.8981249999887734,0.9951287404176044,0.013872851355942071,0,1,72.7,72.36,73.79,73.56,85.0,74.01,73.98,75.55,72.59,73.96,72.78,74.23,71.56,72.54,72.63,72.49,75.63,74.0,72.99,72.91
2024-01-09,70.95,72.7,70.95,71.85,72.08,71.8,85.0,57.2,531,38327.89,1.75,-0.8999999999999915,0.8499999999999943,0.9000000000000057,0.0,71.85,80.0,71.5,4325.0,72.38,73.58,72.38,1946.0,72.58,75.25,70.56,1883.0,72.43,74.25,72.0,4705.0,72.01,3.9849884985194706,2267.3333333333335,72.122,2.8978302227700445,1961.0,72.405,3.9645619065806867,2491.5,71.823,3.25559098038724,2826.75,49.819494458939936,-0.0006958942240778976,-0.09124999999999994,-0.8772254335260116,0.9876203576205278,0.9881615598748167,0.013854141201093673,1,1,72.36,73.79,73.56,85.0,74.01,73.98,75.55,72.59,73.96,72.78,74.23,71.56,72.54,72.63,72.49,75.63,74.0,72.99,72.91,74.37
2024-01-10,71.8,72.36,71.56,71.8,72.07,72.34,85.0,57.2,1245,89406.53,0.7999999999999972,0.0,0.5400000000000063,0.01999999999999602,0.23999999999999488,71.8,72.7,70.95,531.0,71.85,80.0,71.5,4325.0,72.38,73.58,72.38,1946.0,72.0,73.88,72.0,1120.0,71.99666666666667,4.316155696913539,2033.6666666666667,72.19,3.1261829760907327,1986.0,72.39699999999999,4.013407529768137,2364.2,71.92750000000001,3.1903099997863293,2842.05,60.773480506293076,0.007520891364902527,-0.004676753782668519,1.3446327683615817,0.9997236041874001,0.9892175836191702,0.013925157368259188,2,1,73.79,73.56,85.0,74.01,73.98,75.55,72.59,73.96,72.78,74.23,71.56,72.54,72.63,72.49,75.63,74.0,72.99,72.91,74.37,73.2
2024-01-11,73.79,73.79,72.05,72.34,72.12,72.12,85.0,57.2,546,39421.78,1.740000000000009,1.4500000000000028,1.6700000000000017,0.0,0.07000000000000739,72.34,72.36,71.56,1245.0,71.8,72.7,70.95,531.0,71.85,80.0,71.5,4325.0,72.58,75.25,70.56,1883.0,72.08666666666669,0.7470609078244792,774.0,72.098,3.1392323902507653,1718.6,72.32,4.016847852068366,1967.1,72.021,3.1482698255925667,2814.9,57.657657512214996,-0.003041194359966859,0.019762299613045986,-0.5614457831325301,0.9773682070608839,0.9990293954381719,0.013850211735745728,3,1,73.56,85.0,74.01,73.98,75.55,72.59,73.96,72.78,74.23,71.56,72.54,72.63,72.49,75.63,74.0,72.99,72.91,74.37,73.2,85.0
2024-01-12,73.56,73.56,72.36,72.12,73.28,73.29,85.0,57.2,2365,172227.9,1.2000000000000028,1.4399999999999977,0.269999999999996,0.0,0.9300000000000068,72.12,73.79,72.05,546.0,72.34,72.36,71.56,1245.0,71.8,72.7,70.95,531.0,72.38,73.58,72.38,1946.0,72.58333333333334,0.7678758580218683,1385.3333333333333,72.28,3.1406878227546797,1802.4,72.387,3.9830670761779676,2079.7,72.137,3.085878319052748,2803.3,63.84615370863914,0.016222961730449237,-0.003116953516736687,3.331501831501831,0.9963295269032582,0.9873106835722838,0.013731805357900704,4,1,85.0,74.01,73.98,75.55,72.59,73.96,72.78,74.23,71.56,72.54,72.63,72.49,75.63,74.0,72.99,72.91,74.37,73.2,85.0,75.47
2024-01-15,85.0,85.0,73.29,73.29,73.72,73.75,85.0,57.2,1686,124298.68,11.709999999999994,11.709999999999994,11.25,0.0,0.45999999999999375,73.29,73.56,72.36,2365.0,72.12,73.79,72.05,546.0,72.34,72.36,71.56,1245.0,71.85,80.0,71.5,4325.0,73.05333333333334,6.539503039222382,1532.3333333333333,72.66,5.3534026562551285,1274.6,72.45400000000001,3.9830670761779676,2035.2,72.2505,3.908655577184111,2132.45,63.22378702893067,0.006276436075862923,0.1555193039695486,-0.28710359408033825,0.8676470588133217,0.993762711850932,0.013564102209291252,0,1,74.01,73.98,75.55,72.59,73.96,72.78,74.23,71.56,72.54,72.63,72.49,75.63,74.0,72.99,72.91,74.37,73.2,85.0,75.47,73.46
2024-01-16,73.75,74.01,73.47,73.75,73.82,73.78,85.0,57.2,2557,188423.9,0.5400000000000063,0.0,0.030000000000001137,0.23000000000000398,0.28000000000000114,73.75,85.0,73.29,1686.0,73.29,73.56,72.36,2365.0,72.12,73.79,72.05,546.0,71.8,72.7,70.95,531.0,73.60666666666667,6.478891366069669,2202.6666666666665,73.056,5.213437445678181,1679.8,72.589,3.991727696123518,1820.4,72.357,3.877167271685787,2071.9,61.2211219707763,0.00040677966101698715,-0.12929411764705878,0.5166073546856464,0.9968923118362802,0.9957983193142341,0.013570465317828507,1,1,73.98,75.55,72.59,73.96,72.78,74.23,71.56,72.54,72.63,72.49,75.63,74.0,72.99,72.91,74.37,73.2,85.0,75.47,73.46,72.68
2024-01-17,73.98,73.98,72.0,73.78,72.39,72.29,85.0,57.2,2751,199537.51,1.980000000000004,0.20000000000000284,1.6899999999999977,0.0,0.29000000000000625,73.78,74.01,73.47,2557.0,73.75,85.0,73.29,1686.0,73.29,73.56,72.36,2365.0,72.34,72.36,71.56,1245.0,73.27333333333335,6.3537574185148165,2331.3333333333335,73.046,4.9963756864350595,1981.0,72.618,3.9875836459355805,1983.5,72.38050000000001,3.8340338795416913,2072.05,45.76271177391557,-0.020195174844131136,-0.0004053506282934993,0.07587016034415339,0.9771559880916848,0.9959883801217873,0.013786881474064632,2,1,75.55,72.59,73.96,72.78,74.23,71.56,72.54,72.63,72.49,75.63,74.0,72.99,72.91,74.37,73.2,85.0,75.47,73.46,72.68,72.81
2024-01-18,75.55,75.55,71.11,72.29,72.07,72.05,85.0,57.2,1564,112175.73,4.439999999999998,3.259999999999991,3.5,0.0,0.9399999999999977,72.29,73.98,72.0,2751.0,73.78,74.01,73.47,2557.0,73.75,85.0,73.29,1686.0,72.12,73.79,72.05,546.0,72.70666666666668,0.8979049689876178,2290.6666666666665,73.03200000000001,4.85578520941767,2184.6,72.565,3.9872659805936648,1951.6,72.4245,3.8177450977741794,1996.1,45.95744671724757,-0.003319961267118643,0.02122195187888609,-0.43147946201381315,0.9536730641832737,0.9869535044970582,0.01394240982429966,3,1,72.59,73.96,72.78,74.23,71.56,72.54,72.63,72.49,75.63,74.0,72.99,72.91,74.37,73.2,85.0,75.47,73.46,72.68,72.81,73.24
2024-01-19,72.12,72.59,71.97,72.05,72.59,72.51,85.0,57.2,820,59166.79,0.6200000000000045,0.07000000000000739,0.39000000000000057,0.0799999999999983,0.15000000000000568,72.05,75.55,71.11,1564.0,72.29,73.98,72.0,2751.0,73.78,74.01,73.47,2557.0,73.29,73.56,72.36,2365.0,72.28333333333335,1.4809118812405435,1711.6666666666667,72.876,5.0153693782212505,1875.6,72.578,4.050723392185594,1839.0,72.4865,3.7764778912576364,1995.55,45.95744671724767,0.006384455239417219,-0.039179351422898634,-0.4757033248081841,0.9988979198099063,0.9925527513309534,0.013859126040131401,4,1,73.96,72.78,74.23,71.56,72.54,72.63,72.49,75.63,74.0,72.99,72.91,74.37,73.2,85.0,75.47,73.46,72.68,72.81,73.24,73.54
2024-01-20,73.96,73.96,71.75,72.51,72.42,71.94,85.0,57.2,1144,82766.56,2.2099999999999937,1.4499999999999886,2.019999999999996,0.0,0.18999999999999773,72.51,72.59,71.97,820.0,72.05,75.55,71.11,1564.0,72.29,73.98,72.0,2751.0,73.75,85.0,73.29,1686.0,72.16666666666667,1.4813619859213145,1176.0,72.514,1.0477451980322061,1767.2,72.587,3.71760077947527,1520.9,72.509,3.7454532436008106,2011.35,46.48493534421958,-0.00786098469176677,0.018873123019699456,0.3951219512195121,0.9726879394135656,0.9973589101890831,0.013822007342095481,5,1,72.78,74.23,71.56,72.54,72.63,72.49,75.63,74.0,72.99,72.91,74.37,73.2,85.0,75.47,73.46,72.68,72.81,73.24,73.54,73.69
2024-01-23,72.75,72.78,70.74,71.94,71.13,71.02,85.0,57.2,2405,170807.14,2.0400000000000063,0.8100000000000023,1.730000000000004,0.030000000000001137,0.28000000000000114,71.94,73.96,71.75,1144.0,72.51,72.59,71.97,820.0,72.05,75.55,71.11,1564.0,73.78,74.01,73.47,2557.0,71.82333333333334,0.7422263805602524,1456.3333333333333,71.96199999999999,1.1854408462675607,1736.8,72.50899999999999,3.7127821254566893,1708.3,72.45700000000001,3.7552118168584734,2099.9,43.431635307232845,-0.012788434806783489,-0.015954570037858162,1.102272727272727,0.9758175322756826,0.9960574485920014,0.014080207654082761,1,1,74.23,71.56,72.54,72.63,72.49,75.63,74.0,72.99,72.91,74.37,73.2,85.0,75.47,73.46,72.68,72.81,73.24,73.54,73.69,73.94
2024-01-24,74.23,74.23,70.63,71.02,71.5,71.5,85.0,57.2,3409,243182.2,3.6000000000000085,3.210000000000008,2.730000000000004,0.0,0.8700000000000045,71.02,72.78,70.74,2405.0,71.94,73.96,71.75,1144.0,72.51,72.59,71.97,820.0,72.29,73.98,72.0,2751.0,71.48666666666668,0.7711247197002673,2319.3333333333335,71.804,1.2015698065445681,1868.4,72.425,3.624629482980083,1924.7,72.411,3.7289031476039116,2144.45,42.663043397108375,0.00675865953252619,0.01992305578455622,0.4174636174636175,0.9632224167996332,0.9878321678183519,0.014018295746974845,2,1,71.56,72.54,72.63,72.49,75.63,74.0,72.99,72.91,74.37,73.2,85.0,75.47,73.46,72.68,72.81,73.24,73.54,73.69,73.94,76.68
2024-01-25,71.16,71.56,70.86,71.5,71.56,71.16,85.0,57.2,1469,104459.5,0.7000000000000028,-0.3400000000000034,0.0,0.4000000000000057,0.29999999999999716,71.5,74.23,70.63,3409.0,71.02,72.78,70.74,2405.0,71.94,73.96,71.75,1144.0,72.05,75.55,71.11,1564.0,71.22666666666667,1.3366500414592255,2427.6666666666665,71.626,1.0864759546347789,1849.4,72.32900000000001,3.769296427127367,2017.0,72.3245,3.806150009489468,1992.05,41.86666658851559,-0.004755244755244803,-0.035969284655799516,-0.5690818421824582,0.9944102850615648,0.9957841483839828,0.014062866469780019,3,1,72.54,72.63,72.49,75.63,74.0,72.99,72.91,74.37,73.2,85.0,75.47,73.46,72.68,72.81,73.24,73.54,73.69,73.94,76.68,74.78
2024-01-29,71.49,72.54,71.49,71.16,72.34,72.29,85.0,57.2,2113,152648.39,1.0500000000000114,0.3299999999999983,0.8000000000000114,0.25,0.0,71.16,71.56,70.86,1469.0,71.5,74.23,70.63,3409.0,71.02,72.78,70.74,2405.0,72.51,72.59,71.97,820.0,71.65000000000002,1.350641822739457,2330.3333333333335,71.58200000000001,1.09168676826256,2108.0,72.229,3.8177247441665827,1991.8,72.308,3.820278682311821,2035.75,52.716049291601955,0.015879707700955814,0.013694801565120152,0.4383934649421375,0.9965536255721457,0.9889334624292578,0.013842268496903152,0,1,72.63,72.49,75.63,74.0,72.99,72.91,74.37,73.2,85.0,75.47,73.46,72.68,72.81,73.24,73.54,73.69,73.94,76.68,74.78,74.68
2024-01-30,72.41,72.63,71.8,72.29,71.8,71.8,85.0,57.2,2427,175208.64,0.8299999999999983,0.11999999999999034,0.6099999999999994,0.21999999999999886,0.0,72.29,72.54,71.49,2113.0,71.16,71.56,70.86,1469.0,71.5,74.23,70.63,3409.0,71.94,73.96,71.75,1144.0,71.75000000000001,0.5934924880173742,2003.0,71.554,0.9573243964297348,2364.6,72.03399999999999,1.1589847089393128,2065.9,72.244,3.043260024865965,2050.55,49.999999918032785,-0.006778254253700489,0.001240694789081731,0.1486038807382868,0.9885722153244035,0.9999999999860724,0.01385205661090678,1,1,72.49,75.63,74.0,72.99,72.91,74.37,73.2,85.0,75.47,73.46,72.68,72.81,73.24,73.54,73.69,73.94,76.68,74.78,74.68,74.0
2024-01-31,72.29,72.49,71.6,71.8,72.11,72.36,85.0,57.2,911,65640.27,0.8900000000000006,0.4900000000000091,0.06999999999999318,0.12999999999999545,0.6900000000000119,71.8,72.63,71.8,2427.0,72.29,72.54,71.49,2113.0,71.16,71.56,70.86,1469.0,71.02,72.78,70.74,2405.0,72.15000000000002,0.0709459888436083,1817.0,71.822,0.9636648795092398,2065.8,71.892,1.1672612770448938,1901.3,72.2405,3.073427026010273,1860.85,50.11682234793975,0.007799442896935904,-0.0019275781357566135,-0.6246394725999176,0.9982066491792219,0.9894969596325386,0.013878675392407527,2,1,75.63,74.0,72.99,72.91,74.37,73.2,85.0,75.47,73.46,72.68,72.81,73.24,73.54,73.69,73.94,76.68,74.78,74.68,74.0,74.48
2024-02-01,75.63,75.63,72.09,72.36,72.15,72.47,85.0,57.2,1182,85655.11,3.539999999999992,3.269999999999996,3.1599999999999966,0.0,0.37999999999999545,72.36,72.49,71.6,911.0,71.8,72.63,71.8,2427.0,72.29,72.54,71.49,2113.0,71.5,74.23,70.63,3409.0,72.21,1.773847043387004,1506.6666666666667,72.016,1.5487575665673283,1620.4,71.91,1.3818039738768324,1744.4,72.264,3.085070117773464,1863.95,52.071005830888225,0.001520176893311298,0.043316319492343824,0.2974753018660812,0.9582176384905696,0.9947564509314922,0.01379952696342327,3,2,74.0,72.99,72.91,74.37,73.2,85.0,75.47,73.46,72.68,72.81,73.24,73.54,73.69,73.94,76.68,74.78,74.68,74.0,74.48,73.37
2024-02-02,73.92,74.0,71.6,72.47,72.86,72.43,85.0,57.2,3117,227143.33,2.4000000000000057,1.4500000000000028,1.4899999999999949,0.0799999999999983,0.8300000000000125,72.47,75.63,72.09,1182.0,72.36,72.49,71.6,911.0,71.8,72.63,71.8,2427.0,71.16,71.56,70.86,1469.0,72.42000000000002,1.5703821191033098,1736.6666666666667,72.27000000000001,1.367175921379381,1950.0,71.94800000000001,1.1864648704822551,1899.7,72.2565,3.0798036506108004,1925.65,44.12568297571593,-0.0005519525320821783,-0.02155229406320236,1.6370558375634516,0.978783783770557,0.9885406599338871,0.013722612942233375,4,2,72.99,72.91,74.37,73.2,85.0,75.47,73.46,72.68,72.81,73.24,73.54,73.69,73.94,76.68,74.78,74.68,74.0,74.48,73.37,75.7
2024-02-05,71.23,72.99,71.23,72.43,72.06,72.6,85.0,57.2,892,64872.61,1.759999999999991,-1.2000000000000028,1.3699999999999903,0.39000000000000057,0.0,72.43,74.0,71.6,3117.0,72.47,75.63,72.09,1182.0,72.36,72.49,71.6,911.0,72.29,72.54,71.49,2113.0,72.5,1.3320785762606895,1730.3333333333333,72.332,1.3050363979596757,1705.8,71.957,1.1686882485170325,1906.9,72.2675,3.0903446835519364,1872.95,41.820768053273,0.0023470937456853136,-0.013648648648648676,-0.7138273981392365,0.9946568022880578,0.981129476570508,0.01375002485640683,0,2,72.91,74.37,73.2,85.0,75.47,73.46,72.68,72.81,73.24,73.54,73.69,73.94,76.68,74.78,74.68,74.0,74.48,73.37,75.7,74.79
2024-02-06,72.6,72.91,72.08,72.6,72.88,72.56,85.0,57.2,1969,142705.49,0.8299999999999983,0.0,0.03999999999999204,0.3100000000000023,0.480000000000004,72.6,72.99,71.23,892.0,72.43,74.0,71.6,3117.0,72.47,75.63,72.09,1182.0,71.8,72.63,71.8,2427.0,72.53000000000002,0.6075360071630064,1992.6666666666667,72.48400000000001,1.2610630436261159,1614.2,72.019,1.1478888835111516,1989.4,72.303,2.796908255462358,1755.15,41.33522719052657,-0.000550964187327696,-0.0010960405535004325,1.2073991031390134,0.9951995610890797,0.993384784991822,0.013797647168304361,1,2,74.37,73.2,85.0,75.47,73.46,72.68,72.81,73.24,73.54,73.69,73.94,76.68,74.78,74.68,74.0,74.48,73.37,75.7,74.79,74.73
2024-02-07,74.37,74.37,72.5,72.56,73.0,72.59,85.0,57.2,1431,104039.38,1.8700000000000045,1.8100000000000023,1.7800000000000011,0.0,0.09000000000000341,72.56,72.91,72.08,1969.0,72.6,72.99,71.23,892.0,72.43,74.0,71.6,3117.0,72.36,72.49,71.6,911.0,72.58333333333336,0.8208126054909738,1430.6666666666667,72.53,1.1180339887497002,1718.2,72.17600000000002,1.1960513738500032,1892.0,72.3425,2.7821068786461707,1800.15,52.68817191081816,0.0004134509371553907,0.020024687971471833,-0.2732351447435246,0.9760656178435381,0.9987601597878666,0.01375440722541778,2,2,73.2,85.0,75.47,73.46,72.68,72.81,73.24,73.54,73.69,73.94,76.68,74.78,74.68,74.0,74.48,73.37,75.7,74.79,74.73,75.28
2024-02-08,72.66,73.2,71.69,72.59,72.5,72.32,85.0,57.2,4677,337569.24,1.5100000000000051,0.06999999999999318,0.3400000000000034,0.5400000000000063,0.6299999999999955,72.59,74.37,72.5,1431.0,72.56,72.91,72.08,1969.0,72.6,72.99,71.23,892.0,72.47,75.63,72.09,1182.0,72.49000000000001,0.7729381174019441,2692.3333333333335,72.5,0.6528629258883989,2417.2,72.258,1.1540248408647549,2018.8,72.3415,2.7615713966774758,1971.75,52.406416981516905,-0.003719520595123482,-0.01573215006050832,2.2683438155136266,0.9879781420630056,0.9912887168004523,0.013854935360816603,3,2,85.0,75.47,73.46,72.68,72.81,73.24,73.54,73.69,73.94,76.68,74.78,74.68,74.0,74.48,73.37,75.7,74.79,74.73,75.28,74.66
2024-02-09,72.11,85.0,72.0,72.32,85.0,79.14,85.0,57.2,993,72955.12,13.0,-0.20999999999999375,7.030000000000001,5.859999999999999,0.10999999999999943,72.32,73.2,71.69,4677.0,72.59,74.37,72.5,1431.0,72.56,72.91,72.08,1969.0,72.43,74.0,71.6,3117.0,74.68333333333334,6.501356268759011,2367.0,73.842,5.235382507515524,1992.4,73.056,3.7949211673849397,1971.2,72.69250000000001,3.682017324639743,1994.1,77.6942354981019,0.09430309734513287,0.16120218579234957,-0.7876844130853111,0.9310588235184581,0.9097801364555246,0.013611107760496953,4,2,75.47,73.46,72.68,72.81,73.24,73.54,73.69,73.94,76.68,74.78,74.68,74.0,74.48,73.37,75.7,74.79,74.73,75.28,74.66,74.92
2024-02-12,75.47,75.47,71.41,79.14,74.5,72.13,85.0,57.2,50251,3640509.04,4.060000000000002,-3.6700000000000017,3.3400000000000034,0.0,0.7199999999999989,79.14,85.0,72.0,993.0,72.32,73.2,71.69,4677.0,72.59,74.37,72.5,1431.0,72.6,72.99,71.23,892.0,74.53000000000002,6.261174011317581,18640.333333333332,73.748,5.028553469935417,11864.2,73.03999999999999,3.7328614285081705,6785.0,72.6345,3.677051843958383,4388.4,50.516023861639084,-0.0885772049532475,-0.11211764705882354,49.605236656596176,0.9557440042274314,0.990018023000277,0.013803289443280709,0,2,73.46,72.68,72.81,73.24,73.54,73.69,73.94,76.68,74.78,74.68,74.0,74.48,73.37,75.7,74.79,74.73,75.28,74.66,74.92,76.15
2024-02-13,73.46,73.46,71.78,72.13,72.2,72.24,85.0,57.2,8528,615713.42,1.6799999999999926,1.3299999999999983,1.2199999999999989,0.0,0.45999999999999375,72.13,75.47,71.41,50251.0,79.14,85.0,72.0,993.0,72.32,73.2,71.69,4677.0,72.56,72.91,72.08,1969.0,74.50333333333334,6.1648546887442555,19924.0,73.684,4.944173338385248,13176.0,73.08399999999999,3.6864852276027023,7395.1,72.559,2.7787688962825188,4730.5,53.46590904837938,0.001525024261749719,-0.026633099244733116,-0.830291934488866,0.9833923223389137,0.9936323366418379,0.013850599520796517,1,2,72.68,72.81,73.24,73.54,73.69,73.94,76.68,74.78,74.68,74.0,74.48,73.37,75.7,74.79,74.73,75.28,74.66,74.92,76.15,75.85
2024-02-14,72.25,72.68,71.44,72.24,72.28,72.35,85.0,57.2,3815,274683.32,1.240000000000009,0.010000000000005116,0.09999999999999432,0.3300000000000125,0.8100000000000023,72.24,73.46,71.78,8528.0,72.13,75.47,71.41,50251.0,79.14,85.0,72.0,993.0,72.59,74.37,72.5,1431.0,72.24000000000001,1.4394790724422848,20864.666666666668,73.636,5.162065478081378,13652.8,73.083,3.6728506942457972,7685.5,72.4875,2.7985802791678434,4793.4,52.46662793183209,0.0015227021040975508,-0.010618023414102784,-0.5526500938086304,0.9954595486929626,0.9874222529234634,0.013888721018808082,2,2,72.81,73.24,73.54,73.69,73.94,76.68,74.78,74.68,74.0,74.48,73.37,75.7,74.79,74.73,75.28,74.66,74.92,76.15,75.85,74.88
2024-02-15,72.36,72.81,72.21,72.35,72.46,72.56,85.0,57.2,1896,137431.17,0.6000000000000085,0.010000000000005116,0.20000000000000284,0.25,0.15000000000000568,72.35,72.68,71.44,3815.0,72.24,73.46,71.78,8528.0,72.13,75.47,71.41,50251.0,72.32,73.2,71.69,4677.0,72.38333333333334,0.41789153297568704,4746.333333333333,73.684,5.2168889196531225,13096.6,73.092,3.724526666421989,7756.9,72.501,2.8134318339370363,4750.65,54.093567207174864,0.0029025570145129187,0.0017886626307099807,-0.5030144167758847,0.9965664056998136,0.995176405719471,0.01379599693431982,3,2,73.24,73.54,73.69,73.94,76.68,74.78,74.68,74.0,74.48,73.37,75.7,74.79,74.73,75.28,74.66,74.92,76.15,75.85,74.88,74.1
2024-02-16,72.8,73.24,72.66,72.56,73.15,73.15,85.0,57.2,2459,179285.75,0.5799999999999983,0.23999999999999488,0.3500000000000085,0.0899999999999892,0.14000000000000057,72.56,72.81,72.21,1896.0,72.35,72.68,71.44,3815.0,72.24,73.46,71.78,8528.0,79.14,85.0,72.0,993.0,72.68666666666667,0.2930870177941221,2723.3333333333335,72.486,1.1284369720988097,13389.8,73.164,3.7478291494321003,7691.1,72.556,2.7956471805101795,4795.4,52.59661831302218,0.00813120176405735,0.005905782172778373,0.29694092827004215,0.998771163285107,0.9933014353931194,0.013715535116427192,4,2,73.54,73.69,73.94,76.68,74.78,74.68,74.0,74.48,73.37,75.7,74.79,74.73,75.28,74.66,74.92,76.15,75.85,74.88,74.1,73.8
2024-02-19,73.1,73.54,72.4,73.15,73.11,73.37,85.0,57.2,5075,370584.87,1.1400000000000006,-0.05000000000001137,0.27000000000001023,0.1700000000000017,0.6999999999999886,73.15,73.24,72.66,2459.0,72.56,72.81,72.21,1896.0,72.35,72.68,71.44,3815.0,72.13,75.47,71.41,50251.0,73.02666666666669,0.3669241520161167,3143.3333333333335,72.73400000000001,0.3849415540046695,4354.6,73.24100000000001,3.725333094726735,8109.4,72.599,2.779760449732049,5008.15,54.81890725798254,0.003007518796992459,0.004096122337520658,1.063847092313949,0.9976883328664986,0.9867793375904759,0.013694568804171596,0,2,73.69,73.94,76.68,74.78,74.68,74.0,74.48,73.37,75.7,74.79,74.73,75.28,74.66,74.92,76.15,75.85,74.88,74.1,73.8,73.78
2024-02-20,73.44,73.69,73.02,73.37,73.38,73.54,85.0,57.2,4006,294553.13,0.6700000000000017,0.06999999999999318,0.10000000000000853,0.14999999999999147,0.4200000000000017,73.37,73.54,72.4,5075.0,73.15,73.24,72.66,2459.0,72.56,72.81,72.21,1896.0,72.24,73.46,71.78,8528.0,73.35333333333335,0.22912878474641873,3846.6666666666665,72.994,0.4414408227605731,3450.2,73.339,3.6924553709782697,8313.1,72.679,2.780490112040983,5151.25,53.71069177660695,0.0023170233065286094,0.0020397062822952172,-0.21064039408866997,0.9979644456371562,0.992929018207874,0.013600262879569423,1,2,73.94,76.68,74.78,74.68,74.0,74.48,73.37,75.7,74.79,74.73,75.28,74.66,74.92,76.15,75.85,74.88,74.1,73.8,73.78,74.28
2024-02-21,73.94,73.94,72.95,73.54,73.4,73.37,85.0,57.2,5906,435115.46,0.9899999999999949,0.3999999999999915,0.5699999999999932,0.0,0.4200000000000017,73.54,73.69,73.02,4006.0,73.37,73.54,72.4,5075.0,73.15,73.24,72.66,2459.0,72.35,72.68,71.44,3815.0,73.42666666666668,0.20207259421471493,4995.666666666667,73.19800000000001,0.43569484734104635,3868.4,73.417,3.6998169624395154,8760.6,72.7965,2.7666222993694336,5326.3,52.819548825847534,-0.0023116671199348016,0.0033925905821685642,0.47428856714927603,0.9922910467812782,0.9942755894644367,0.013573408768330103,2,2,76.68,74.78,74.68,74.0,74.48,73.37,75.7,74.79,74.73,75.28,74.66,74.92,76.15,75.85,74.88,74.1,73.8,73.78,74.28,73.01
2024-02-22,76.68,76.68,72.61,73.37,74.0,73.77,85.0,57.2,4930,361672.25,4.070000000000007,3.3100000000000023,2.910000000000011,0.0,1.1599999999999966,73.37,73.94,72.95,5906.0,73.54,73.69,73.02,4006.0,73.37,73.54,72.4,5075.0,72.56,72.81,72.21,1896.0,73.56,1.6588248852724568,4947.333333333333,73.44000000000001,1.3994356005188537,4475.2,73.562,3.7063952238738858,8785.9,72.91,2.8299716848127487,5402.35,54.10539211044876,0.005451819544773029,0.037057073302678045,-0.16525567219776494,0.9620500782347149,0.9842754507118846,0.013631125971096723,3,2,74.78,74.68,74.0,74.48,73.37,75.7,74.79,74.73,75.28,74.66,74.92,76.15,75.85,74.88,74.1,73.8,73.78,74.28,73.01,74.35
2024-02-23,74.78,74.78,73.0,73.77,73.54,73.62,85.0,57.2,1290,95110.24,1.7800000000000011,1.0100000000000051,1.1599999999999966,0.0,0.6200000000000045,73.77,76.68,72.61,4930.0,73.37,73.94,72.95,5906.0,73.54,73.69,73.02,4006.0,73.15,73.24,72.66,2459.0,73.58666666666669,1.4037568640375195,4042.0,73.534,1.296024691122653,4241.4,73.01,1.2597305708407422,8815.6,73.033,2.766255068727931,5393.4,53.128834310196126,-0.0020333468889791595,-0.02477829942618681,-0.7383367139959431,0.9844878309576827,0.9915783754279871,0.01356320833592667,4,2,74.68,74.0,74.48,73.37,75.7,74.79,74.73,75.28,74.66,74.92,76.15,75.85,74.88,74.1,73.8,73.78,74.28,73.01,74.35,73.85
2024-02-26,74.68,74.68,72.43,73.62,73.7,73.7,85.0,57.2,1369,100494.24,2.25,1.0600000000000023,0.980000000000004,0.0,1.269999999999996,73.62,74.78,73.0,1290.0,73.77,76.68,72.61,4930.0,73.37,73.94,72.95,5906.0,73.37,73.54,72.4,5075.0,73.69666666666667,1.126942766958048,2529.6666666666665,73.6,1.1737035400813842,3500.2,73.167,1.1816748941884099,3927.4,73.1035,2.7357121174336867,5356.2,53.48837204719477,0.0010866612333604309,-0.0013372559507889292,0.0612403100775194,0.9868773433183331,0.9827679782770317,0.013622671309320676,0,2,74.0,74.48,73.37,75.7,74.79,74.73,75.28,74.66,74.92,76.15,75.85,74.88,74.1,73.8,73.78,74.28,73.01,74.35,73.85,73.7
2024-02-27,74.0,74.0,73.13,73.7,73.51,73.5,85.0,57.2,623,45752.64,0.8700000000000045,0.29999999999999716,0.5,0.0,0.37000000000000455,73.7,74.68,72.43,1369.0,73.62,74.78,73.0,1290.0,73.77,76.68,72.61,4930.0,73.54,73.69,73.02,4006.0,73.60666666666668,0.42442117446301597,1094.0,73.59200000000001,1.109900896476606,2823.6,73.293,1.1690661040143056,3136.9,73.1885,2.7057980630295684,5266.0,52.755905467075536,-0.0027137042062415073,-0.00910551687198724,-0.5449233016800584,0.9932432432298209,0.9949659863810207,0.013616700588206198,1,2,74.48,73.37,75.7,74.79,74.73,75.28,74.66,74.92,76.15,75.85,74.88,74.1,73.8,73.78,74.28,73.01,74.35,73.85,73.7,73.7
2024-02-28,74.48,74.48,72.87,73.5,73.0,72.99,85.0,57.2,884,64677.69,1.6099999999999994,0.980000000000004,1.490000000000009,0.0,0.11999999999999034,73.5,74.0,73.13,623.0,73.7,74.68,72.43,1369.0,73.62,74.78,73.0,1290.0,73.37,73.94,72.95,5906.0,73.39666666666669,0.3494757979210952,958.6666666666666,73.516,1.026489162144236,1819.2,73.357,1.0775507206415769,2843.8,73.22,2.6651293540246863,5264.65,51.999999956537316,-0.006938775510204165,0.006486486486486642,0.418940609951846,0.9799946294175617,0.9983559391560713,0.01366777323061455,2,2,73.37,75.7,74.79,74.73,75.28,74.66,74.92,76.15,75.85,74.88,74.1,73.8,73.78,74.28,73.01,74.35,73.85,73.7,73.7,74.83
2024-02-29,72.99,73.37,72.6,72.99,73.18,73.18,85.0,57.2,471,34386.95,0.7700000000000102,0.0,0.19000000000001194,0.18999999999999773,0.39000000000000057,72.99,74.48,72.87,884.0,73.5,74.0,73.13,623.0,73.7,74.68,72.43,1369.0,73.77,76.68,72.61,4930.0,73.22333333333334,0.5566866263880811,659.3333333333334,73.398,0.5819965635633503,927.4,73.41900000000001,1.0106873348808287,2701.3,73.25550000000001,2.666066440124424,5229.1,20.55335965536105,0.002603096314563791,-0.014903329752953831,-0.4671945701357466,0.9974103857026385,0.9920743372370581,0.013697056586873403,3,2,75.7,74.79,74.73,75.28,74.66,74.92,76.15,75.85,74.88,74.1,73.8,73.78,74.28,73.01,74.35,73.85,73.7,73.7,74.83,76.5
2024-03-01,75.7,75.7,71.83,73.18,74.04,74.17,85.0,57.2,5716,422608.29,3.8700000000000045,2.519999999999996,1.5300000000000011,0.0,2.3400000000000034,73.18,73.37,72.6,471.0,72.99,74.48,72.87,884.0,73.5,74.0,73.13,623.0,73.62,74.78,73.0,1290.0,73.44666666666667,1.1654326807381705,2357.0,73.508,0.8638749909561907,1812.6,73.521,1.039221931168615,3027.0,73.3425,2.677552839912995,5359.05,74.87804852480669,0.013528286417053836,0.0317568488483031,11.13588110403397,0.979788639352975,0.9684508561282398,0.013525527386128623,4,3,74.79,74.73,75.28,74.66,74.92,76.15,75.85,74.88,74.1,73.8,73.78,74.28,73.01,74.35,73.85,73.7,73.7,74.83,76.5,76.33
2024-03-02,74.05,74.79,74.05,74.17,74.69,74.14,85.0,57.2,1112,82651.47,0.7400000000000091,-0.12000000000000455,0.09000000000000341,0.6500000000000057,0.0,74.17,75.7,71.83,5716.0,73.18,73.37,72.6,471.0,72.99,74.48,72.87,884.0,73.7,74.68,72.43,1369.0,73.83,1.1742657280186641,2433.0,73.596,0.8726797809045198,1761.2,73.598,0.9866379500323513,2630.7,73.4195,2.652509189427972,5370.05,73.63184053959061,-0.0004044762033167393,-0.012021136063408155,-0.8054583624912526,0.9913089985159604,0.9987860803749825,0.013454086176567537,5,3,74.73,75.28,74.66,74.92,76.15,75.85,74.88,74.1,73.8,73.78,74.28,73.01,74.35,73.85,73.7,73.7,74.83,76.5,76.33,85.0
2024-03-04,74.0,74.73,74.0,74.14,74.33,74.35,85.0,57.2,1811,134565.26,0.730000000000004,-0.14000000000000057,0.3499999999999943,0.38000000000000966,0.0,74.14,74.79,74.05,1112.0,74.17,75.7,71.83,5716.0,73.18,73.37,72.6,471.0,73.5,74.0,73.13,623.0,74.22000000000001,0.5435377938399842,2879.6666666666665,73.76599999999999,0.8350628718842494,1998.8,73.679,0.9320735545603145,2411.2,73.509,2.6210855023303155,5362.15,74.27184440781409,0.0028324790936065103,-0.0008022462896108973,0.6285971223021583,0.9949150274187752,0.9952925352925986,0.013458154058484237,0,3,75.28,74.66,74.92,76.15,75.85,74.88,74.1,73.8,73.78,74.28,73.01,74.35,73.85,73.7,73.7,74.83,76.5,76.33,85.0,75.11
2024-03-05,75.28,75.28,74.0,74.35,74.28,74.08,85.0,57.2,1572,116636.71,1.2800000000000011,0.9300000000000068,1.2000000000000028,0.0,0.0799999999999983,74.35,74.73,74.0,1811.0,74.14,74.79,74.05,1112.0,74.17,75.7,71.83,5716.0,72.99,74.48,72.87,884.0,74.19000000000001,0.3017173069819928,1498.3333333333333,73.984,0.8784816446571789,2136.4,73.75,0.9041810290715642,1977.8,73.5835,2.622396252526114,5369.2,68.18181795345801,-0.0036314727639542577,0.007359828716713368,-0.13197128658199886,0.9840595111452701,0.9989200863796042,0.01347774641448637,1,3,74.66,74.92,76.15,75.85,74.88,74.1,73.8,73.78,74.28,73.01,74.35,73.85,73.7,73.7,74.83,76.5,76.33,85.0,75.11,77.0
2024-03-06,74.0,74.66,73.91,74.08,74.65,74.54,85.0,57.2,1210,89803.58,0.75,-0.0799999999999983,0.5400000000000063,0.11999999999999034,0.09000000000000341,74.08,75.28,74.0,1572.0,74.35,74.73,74.0,1811.0,74.14,74.79,74.05,1112.0,73.18,73.37,72.6,471.0,74.32333333333334,0.33955853692573224,1531.0,74.256,0.4460605340081138,2284.2,73.827,0.6353485482610063,1605.8,73.6945,2.596408247844229,5195.85,67.16049359500079,0.006209503239740899,-0.008235919234856559,-0.23027989821882955,0.9983927136217735,0.9915481620473362,0.013473850374339047,2,3,74.92,76.15,75.85,74.88,74.1,73.8,73.78,74.28,73.01,74.35,73.85,73.7,73.7,74.83,76.5,76.33,85.0,75.11,77.0,76.22
2024-03-07,74.65,74.92,74.45,74.54,74.53,74.64,85.0,57.2,4976,371201.41,0.46999999999999886,0.10999999999999943,0.010000000000005116,0.269999999999996,0.18999999999999773,74.54,74.66,73.91,1210.0,74.08,75.28,74.0,1572.0,74.35,74.73,74.0,1811.0,74.17,75.7,71.83,5716.0,74.42000000000002,0.3113411847675537,2586.0,74.35,0.24521419208438167,2136.2,73.929,0.640129327210639,1974.4,73.4695,1.0251392716678074,5395.0,66.15776057857283,0.0013415615776763978,0.003482453790517148,3.112396694214876,0.9962626801789073,0.9974544480037855,0.013405121494554632,3,3,76.15,75.85,74.88,74.1,73.8,73.78,74.28,73.01,74.35,73.85,73.7,73.7,74.83,76.5,76.33,85.0,75.11,77.0,76.22,76.25
2024-03-11,76.15,76.15,74.23,74.64,74.31,74.36,85.0,57.2,1923,142979.44,1.9200000000000017,1.5100000000000051,1.7900000000000063,0.0,0.12999999999999545,74.64,74.92,74.45,4976.0,74.54,74.66,73.91,1210.0,74.08,75.28,74.0,1572.0,74.14,74.79,74.05,1112.0,74.51333333333334,0.7958852513600213,2703.0,74.39399999999999,0.6095654189663411,2298.4,73.99499999999999,0.795023409857724,2029.8,73.581,1.0745030675177625,2978.6,60.14851464304964,-0.0037513397642015,0.01641751201281383,-0.6135450160771705,0.9764937622984045,0.9982517482383236,0.013449486163884729,0,3,75.85,74.88,74.1,73.8,73.78,74.28,73.01,74.35,73.85,73.7,73.7,74.83,76.5,76.33,85.0,75.11,77.0,76.22,76.25,75.88
2024-03-12,75.85,75.85,74.1,74.36,74.11,74.11,85.0,57.2,2475,184787.72,1.75,1.4899999999999949,1.7399999999999949,0.0,0.010000000000005116,74.36,76.15,74.23,1923.0,74.64,74.92,74.45,4976.0,74.54,74.66,73.91,1210.0,74.35,74.73,74.0,1811.0,74.37,0.6413267497921619,3124.6666666666665,74.346,0.6231933889248376,2431.2,74.056,0.8013329173595758,2215.0,73.6745,1.0995275301116902,2675.95,58.980582323852346,-0.0033620225927918357,-0.003939592908732914,0.28705148205928244,0.9770599868032029,0.9998650654297683,0.01339374716025495,1,3,74.88,74.1,73.8,73.78,74.28,73.01,74.35,73.85,73.7,73.7,74.83,76.5,76.33,85.0,75.11,77.0,76.22,76.25,75.88,77.5
2024-03-13,74.88,74.88,73.02,74.11,73.59,73.43,85.0,57.2,2001,147795.6,1.8599999999999994,0.769999999999996,1.4499999999999886,0.0,0.4100000000000108,74.11,75.85,74.1,2475.0,74.36,76.15,74.23,1923.0,74.64,74.92,74.45,4976.0,74.08,75.28,74.0,1572.0,73.96666666666668,0.663802179366955,2133.0,74.216,0.6623971618293815,2517.0,74.1,0.7826457975636271,2326.7,73.72850000000001,1.0148076042699194,2585.25,46.13636348956623,-0.009175549858318588,-0.012788398154251812,-0.19151515151515153,0.9806356837475878,0.9944164510282659,0.013538968683776692,2,3,74.1,73.8,73.78,74.28,73.01,74.35,73.85,73.7,73.7,74.83,76.5,76.33,85.0,75.11,77.0,76.22,76.25,75.88,77.5,74.68
2024-03-14,73.38,74.1,73.07,73.43,73.94,73.74,85.0,57.2,2807,206540.14,1.0300000000000011,-0.05000000000001137,0.35999999999999943,0.35999999999999943,0.3100000000000023,73.43,74.88,73.02,2001.0,74.11,75.85,74.1,2475.0,74.36,76.15,74.23,1923.0,74.54,74.66,73.91,1210.0,73.76,0.8767173622852776,2427.6666666666665,74.05600000000001,0.8236807634026734,2836.4,74.156,0.6293241524750562,2560.3,73.7875,0.932106273588483,2630.8,51.315789316135636,0.004221707748876424,-0.01041666666666663,0.40279860069965023,0.9951417003914286,0.9909140222268658,0.013590578567439658,3,3,73.8,73.78,74.28,73.01,74.35,73.85,73.7,73.7,74.83,76.5,76.33,85.0,75.11,77.0,76.22,76.25,75.88,77.5,74.68,74.08
2024-03-15,73.79,73.8,72.97,73.74,73.38,73.4,85.0,57.2,1166,85479.57,0.8299999999999983,0.05000000000001137,0.39000000000000057,0.009999999999990905,0.4300000000000068,73.74,74.1,73.07,2807.0,73.43,74.88,73.02,2001.0,74.11,75.85,74.1,2475.0,74.64,74.92,74.45,4976.0,73.52333333333335,0.5574943945899905,1991.3333333333333,73.80799999999999,1.0367883101190858,2074.4,74.07900000000001,0.7115116927278547,2105.3,73.8,0.8944442555663501,2566.15,46.887966668790156,-0.00461079468402481,-0.004048582995951344,-0.5846099038118988,0.9945799457859814,0.9941416893597527,0.013640686306681072,4,3,73.78,74.28,73.01,74.35,73.85,73.7,73.7,74.83,76.5,76.33,85.0,75.11,77.0,76.22,76.25,75.88,77.5,74.68,74.08,74.58
2024-03-18,73.0,73.78,73.0,73.4,73.3,73.4,85.0,57.2,969,71049.92,0.7800000000000011,-0.4000000000000057,0.4000000000000057,0.37999999999999545,0.0,73.4,73.8,72.97,1166.0,73.74,74.1,73.07,2807.0,73.43,74.88,73.02,2001.0,74.36,76.15,74.23,1923.0,73.51333333333334,0.17925772879479665,1647.3333333333333,73.61600000000001,0.8851101626348744,1883.6,74.005,0.7978338729888962,2091.0,73.8015,0.8795339675077107,2360.85,48.91774876951337,0.0,-0.0002710027100270018,-0.16895368782161235,0.9948495527108315,0.9945504087057961,0.013638298255648794,0,3,74.28,73.01,74.35,73.85,73.7,73.7,74.83,76.5,76.33,85.0,75.11,77.0,76.22,76.25,75.88,77.5,74.68,74.08,74.58,76.68
2024-03-19,74.28,74.28,72.56,73.4,72.9,72.9,85.0,57.2,1467,107038.32,1.7199999999999989,0.8799999999999955,1.3799999999999955,0.0,0.3400000000000034,73.4,73.78,73.0,969.0,73.4,73.8,72.97,1166.0,73.74,74.1,73.07,2807.0,74.11,75.85,74.1,2475.0,73.23333333333335,0.28307831660630195,1200.6666666666667,73.374,0.4500222216730012,1682.0,73.86,0.8156524314243564,2056.6,73.76950000000001,0.8529075657944013,2233.9,49.0238610224873,-0.006811989100817484,0.0067769043101111315,0.5139318885448916,0.9814216478058505,0.9953360768039048,0.013705372057408844,1,3,73.01,74.35,73.85,73.7,73.7,74.83,76.5,76.33,85.0,75.11,77.0,76.22,76.25,75.88,77.5,74.68,74.08,74.58,76.68,77.0
2024-03-20,72.9,73.01,72.18,72.9,72.85,72.85,85.0,57.2,460,33480.05,0.8299999999999983,0.0,0.05000000000001137,0.10999999999999943,0.6699999999999875,72.9,74.28,72.56,1467.0,73.4,73.78,73.0,969.0,73.4,73.8,72.97,1166.0,73.43,74.88,73.02,2001.0,73.05000000000001,0.639765582068451,965.3333333333334,73.25800000000001,0.48598353881531603,1373.8,73.737,0.960891368585342,1945.4,73.7435,0.9215513236413441,1961.6,46.30872468717609,-0.000685871056241627,-0.01709746903607967,-0.6864349011588275,0.9978085193672398,0.9908030198903117,0.013739525478605507,2,3,74.35,73.85,73.7,73.7,74.83,76.5,76.33,85.0,75.11,77.0,76.22,76.25,75.88,77.5,74.68,74.08,74.58,76.68,77.0,75.82
2024-03-21,74.35,74.35,73.06,72.85,73.49,73.49,85.0,57.2,665,48768.89,1.289999999999992,1.5,0.8599999999999994,0.0,0.4299999999999926,72.85,73.01,72.18,460.0,72.9,74.28,72.56,1467.0,73.4,73.78,73.0,969.0,73.74,74.1,73.07,2807.0,73.08,0.7542545989248817,864.0,73.208,0.5356584732826162,945.4,73.632,0.9616975731599902,1890.9,73.7295,0.7963037968275297,1748.35,41.74757267367317,0.008785175017158586,0.01835365018490598,0.44565217391304346,0.988433086738555,0.9941488637774644,0.013635741965830808,3,3,73.85,73.7,73.7,74.83,76.5,76.33,85.0,75.11,77.0,76.22,76.25,75.88,77.5,74.68,74.08,74.58,76.68,77.0,75.82,75.18
2024-03-22,73.29,73.85,73.23,73.49,73.7,73.43,85.0,57.2,704,51581.92,0.6199999999999903,-0.19999999999998863,0.14000000000000057,0.4199999999999875,0.060000000000002274,73.49,74.35,73.06,665.0,72.85,73.01,72.18,460.0,72.9,74.28,72.56,1467.0,73.4,73.8,72.97,1166.0,73.25666666666667,0.6771508940647575,609.6666666666666,73.21400000000001,0.5350981218425873,853.0,73.51100000000001,0.9707414119571143,1463.7,73.72,0.810997436558891,1719.05,41.44578299271302,-0.000816437610559051,-0.00672494956287828,0.05864661654135328,0.994312796195067,0.9972763175677886,0.013648193010263798,4,3,73.7,73.7,74.83,76.5,76.33,85.0,75.11,77.0,76.22,76.25,75.88,77.5,74.68,74.08,74.58,76.68,77.0,75.82,75.18,75.25
2024-03-26,73.7,73.7,72.94,73.43,73.23,73.1,85.0,57.2,276,20227.85,0.7600000000000051,0.269999999999996,0.6000000000000085,0.0,0.1599999999999966,73.43,73.85,73.23,704.0,73.49,74.35,73.06,665.0,72.85,73.01,72.18,460.0,73.4,73.78,73.0,969.0,73.34,0.3403429642766956,548.3333333333334,73.154,0.5390454526284981,714.4,73.385,0.7697618679390137,1299.0,73.69,0.8310069985137137,1664.4,35.36299754213532,-0.004494075990739699,-0.0020311442112388445,-0.6079545454545454,0.9918588873678172,0.99781121749661,0.01364455441383965,1,3,73.7,74.83,76.5,76.33,85.0,75.11,77.0,76.22,76.25,75.88,77.5,74.68,74.08,74.58,76.68,77.0,75.82,75.18,75.25,76.03
2024-03-27,73.2,73.7,73.1,73.1,73.3,73.3,85.0,57.2,820,60202.0,0.6000000000000085,0.10000000000000853,0.09999999999999432,0.4000000000000057,0.10000000000000853,73.1,73.7,72.94,276.0,73.43,73.85,73.23,704.0,73.49,74.35,73.06,665.0,72.9,74.28,72.56,1467.0,73.27666666666669,0.0866025403748325,600.0,73.23400000000001,0.47923898005008675,585.0,73.304,0.49733176943419116,1133.5,73.67999999999999,0.842826697551214,1674.25,40.71428557857139,0.002735978112175186,0.0,1.971014492753623,0.994572591574022,0.997271487025958,0.013620809939868882,2,3,74.83,76.5,76.33,85.0,75.11,77.0,76.22,76.25,75.88,77.5,74.68,74.08,74.58,76.68,77.0,75.82,75.18,75.25,76.03,75.68
2024-03-28,73.77,74.83,73.74,73.3,74.02,74.09,85.0,57.2,893,66366.86,1.0900000000000034,0.46999999999999886,0.3200000000000074,0.7399999999999949,0.030000000000001137,73.3,73.7,73.1,820.0,73.1,73.7,72.94,276.0,73.43,73.85,73.23,704.0,72.85,73.01,72.18,460.0,73.49666666666667,0.6524058041837317,663.0,73.482,0.49419631726622254,671.6,73.36999999999999,0.4870318264750845,1022.7,73.735,0.8466918596886247,1674.7,45.03311244360623,0.010777626193724466,0.015332428765264527,0.08902439024390252,0.9901109180677521,0.9952760156432003,0.01345551077751737,3,3,76.5,76.33,85.0,75.11,77.0,76.22,76.25,75.88,77.5,74.68,74.08,74.58,76.68,77.0,75.82,75.18,75.25,76.03,75.68,75.75
2024-04-01,76.5,76.5,72.83,74.09,74.83,74.83,85.0,57.2,607,45320.78,3.6700000000000017,2.4099999999999966,1.6700000000000017,0.0,2.0,74.09,74.83,73.74,893.0,73.3,73.7,73.1,820.0,73.1,73.7,72.94,276.0,73.49,74.35,73.06,665.0,74.07333333333334,1.40865183775092,773.3333333333334,73.75,1.2052095253521546,660.0,73.479,0.9479099816612148,802.7,73.8175,0.9159010518838525,1681.5,51.83752403757728,0.00998785261168833,0.022317252438861512,-0.32026875699888013,0.9781699346277363,0.9732727515572194,0.01339341467644614,0,4,76.33,85.0,75.11,77.0,76.22,76.25,75.88,77.5,74.68,74.08,74.58,76.68,77.0,75.82,75.18,75.25,76.03,75.68,75.75,76.28
2024-04-02,76.33,76.33,74.23,74.83,74.37,74.56,85.0,57.2,1866,138934.26,2.0999999999999943,1.5,1.769999999999996,0.0,0.3299999999999983,74.83,76.5,72.83,607.0,74.09,74.83,73.74,893.0,73.3,73.7,73.1,820.0,73.43,73.85,73.23,704.0,74.49333333333334,0.9190393535274458,1122.0,73.976,1.3626334797001156,892.4,73.595,1.1510772732047543,872.7,73.837,0.9637507594371251,1489.0,51.93798435520705,-0.0036081785380194242,-0.0022222222222222365,2.074135090609555,0.9768112144507165,0.9955740343214112,0.01343081252960923,1,4,85.0,75.11,77.0,76.22,76.25,75.88,77.5,74.68,74.08,74.58,76.68,77.0,75.82,75.18,75.25,76.03,75.68,75.75,76.28,75.89
2024-04-03,85.0,85.0,73.99,74.56,74.69,74.32,85.0,57.2,2628,195958.9,11.010000000000005,10.439999999999998,10.680000000000007,0.0,0.3299999999999983,74.56,76.33,74.23,1866.0,74.83,76.5,72.83,607.0,74.09,74.83,73.74,893.0,73.1,73.7,72.94,276.0,74.57000000000001,4.957280840675787,1700.3333333333333,74.22,4.470119685198599,1362.8,73.687,3.505092327203621,1038.6,73.846,2.5030286917210627,1564.8,52.03883480999146,-0.0032188841201717944,0.11358574610244987,0.40836012861736326,0.874352941166184,0.9955597416443008,0.013410975464753,2,4,75.11,77.0,76.22,76.25,75.88,77.5,74.68,74.08,74.58,76.68,77.0,75.82,75.18,75.25,76.03,75.68,75.75,76.28,75.89,74.95
2024-04-04,74.69,75.11,74.12,74.32,75.11,74.81,85.0,57.2,3153,234480.52,0.9899999999999949,0.37000000000000455,0.12000000000000455,0.29999999999999716,0.5699999999999932,74.32,85.0,73.99,2628.0,74.56,76.33,74.23,1866.0,74.83,76.5,72.83,607.0,73.3,73.7,73.1,820.0,74.56333333333335,5.392423697497383,2549.0,74.522,4.226266674028044,1829.4,73.878,3.481292224958287,1207.2,73.869,2.5008343870754133,1631.9,63.911290142185806,0.006593110871905505,-0.11635294117647055,0.19977168949771684,0.9960058580615629,0.9907766341265769,0.013446746023934043,3,4,77.0,76.22,76.25,75.88,77.5,74.68,74.08,74.58,76.68,77.0,75.82,75.18,75.25,76.03,75.68,75.75,76.28,75.89,74.95,74.41
2024-04-05,77.0,77.0,73.53,74.81,74.74,74.73,85.0,57.2,2861,213829.14,3.469999999999999,2.1899999999999977,2.269999999999996,0.0,1.2000000000000028,74.81,75.11,74.12,3153.0,74.32,85.0,73.99,2628.0,74.56,76.33,74.23,1866.0,74.09,74.83,73.74,893.0,74.62,5.250146029714915,2880.6666666666665,74.65,3.980900651862608,2223.0,74.066,3.373610166506347,1447.3,73.90150000000001,2.532953341769024,1696.35,60.46511610010331,-0.0010693757519047997,0.025163094128611396,-0.09261021249603552,0.9705194805068764,0.9839421918776402,0.013379841494007724,4,4,76.22,76.25,75.88,77.5,74.68,74.08,74.58,76.68,77.0,75.82,75.18,75.25,76.03,75.68,75.75,76.28,75.89,74.95,74.41,74.4
2024-04-08,76.22,76.22,75.0,74.73,75.23,75.26,85.0,59.12,1245,93662.09,1.2199999999999989,1.4899999999999949,0.9599999999999937,0.0,0.2600000000000051,74.73,77.0,73.53,2861.0,74.81,75.11,74.12,3153.0,74.32,85.0,73.99,2628.0,74.83,76.5,72.83,607.0,74.93333333333335,0.9497894503513143,2419.6666666666665,74.73599999999999,4.008936267889542,2350.6,74.24300000000001,3.321128322322511,1505.3,73.9375,2.5365488365099393,1698.1,68.90243882832627,0.007092198581560405,-0.0101298701298701,-0.564837469416288,0.9874048805958094,0.9965453095801681,0.013292464432514656,0,4,76.25,75.88,77.5,74.68,74.08,74.58,76.68,77.0,75.82,75.18,75.25,76.03,75.68,75.75,76.28,75.89,74.95,74.41,74.4,74.29
2024-04-09,75.23,76.25,74.13,75.26,75.49,75.31,85.0,59.12,2270,171213.71,2.1200000000000045,-0.030000000000001137,0.0799999999999983,0.9399999999999977,1.1000000000000085,75.26,76.22,75.0,1245.0,74.73,77.0,73.53,2861.0,74.81,75.11,74.12,3153.0,74.56,76.33,74.23,1866.0,75.10000000000001,0.4419275958780507,2125.3333333333335,74.88600000000001,4.017079785117558,2431.4,74.431,3.2155497197212446,1661.9,73.971,2.541614644276337,1562.8,69.21529155553023,0.0006643635397289849,0.0003935974809761156,0.8232931726907631,0.9876721311345878,0.9843314300758951,0.01325828404746318,1,4,75.88,77.5,74.68,74.08,74.58,76.68,77.0,75.82,75.18,75.25,76.03,75.68,75.75,76.28,75.89,74.95,74.41,74.4,74.29,74.27
2024-04-10,75.4,75.88,75.35,75.31,75.47,75.48,85.0,59.12,1441,108836.3,0.5300000000000011,0.09000000000000341,0.0799999999999983,0.3999999999999915,0.05000000000001137,75.31,76.25,74.13,2270.0,75.26,76.22,75.0,1245.0,74.73,77.0,73.53,2861.0,74.32,85.0,73.99,2628.0,75.35000000000002,0.20550750188735328,1652.0,75.118,0.6846678026603817,2194.0,74.66900000000001,3.078310503434458,1778.4,74.027,2.538329123033898,1538.7,77.80172390318427,0.0022573363431150906,-0.004852459016393529,-0.3651982378854626,0.9947285187006494,0.9982776894409341,0.01324006788176359,2,4,77.5,74.68,74.08,74.58,76.68,77.0,75.82,75.18,75.25,76.03,75.68,75.75,76.28,75.89,74.95,74.41,74.4,74.29,74.27,74.94
2024-04-12,77.5,77.5,74.66,75.48,75.07,74.72,85.0,59.12,1350,101329.13,2.8400000000000034,2.019999999999996,2.780000000000001,0.0,0.060000000000002274,75.48,75.88,75.35,1441.0,75.31,76.25,74.13,2270.0,75.26,76.22,75.0,1245.0,74.81,75.11,74.12,3153.0,75.17000000000002,0.8489012506363068,1687.0,75.1,0.6615889962808366,1833.4,74.811,2.8985965952890957,1831.4,74.0575,2.579486433993757,1482.45,67.47663533744429,-0.01006889242183362,0.021349499209277978,-0.06315058986814714,0.9641290322456241,0.999197002127955,0.013322921059324071,4,4,74.68,74.08,74.58,76.68,77.0,75.82,75.18,75.25,76.03,75.68,75.75,76.28,75.89,74.95,74.41,74.4,74.29,74.27,74.94,74.6
2024-04-15,74.68,74.68,73.23,74.72,74.21,74.08,85.0,59.13,936,69551.79,1.4500000000000028,-0.03999999999999204,0.6000000000000085,0.0,0.8499999999999943,74.72,77.5,74.66,1350.0,75.48,75.88,75.35,1441.0,75.31,76.25,74.13,2270.0,74.73,77.0,73.53,2861.0,74.76,1.4152031656262873,1242.3333333333333,74.97,1.0076606571657898,1448.4,74.81,2.9117884920133768,1835.7,74.09,2.5824168096857067,1429.2,55.51401854631847,-0.008565310492505307,-0.036387096774193495,-0.30666666666666664,0.9919657203937872,0.9885259179132219,0.013457597568660513,0,4,74.08,74.58,76.68,77.0,75.82,75.18,75.25,76.03,75.68,75.75,76.28,75.89,74.95,74.41,74.4,74.29,74.27,74.94,74.6,74.0
2024-04-16,74.08,74.08,73.31,74.08,73.6,73.59,85.0,59.13,1499,110499.19,0.769999999999996,0.0,0.4899999999999949,0.0,0.28000000000000114,74.08,74.68,73.23,936.0,74.72,77.5,74.66,1350.0,75.48,75.88,75.35,1441.0,75.26,76.22,75.0,1245.0,74.13000000000001,1.8261434773858272,1261.6666666666667,74.63600000000001,1.3451096609569462,1499.2,74.686,3.059136588429161,1924.9,74.08250000000001,2.582988630086828,1363.8,51.38408292052294,-0.006614470842332576,-0.008034279592929905,0.6014957264957266,0.9933855291442578,0.996195135195051,0.013565710300681719,1,4,74.58,76.68,77.0,75.82,75.18,75.25,76.03,75.68,75.75,76.28,75.89,74.95,74.41,74.4,74.29,74.27,74.94,74.6,74.0,74.53
2024-04-18,73.59,74.58,73.01,73.59,73.37,73.03,85.0,59.13,3342,245431.91,1.5699999999999932,0.0,0.5600000000000023,0.9899999999999949,0.01999999999999602,73.59,74.08,73.31,1499.0,74.08,74.68,73.23,936.0,74.72,77.5,74.66,1350.0,75.31,76.25,74.13,2270.0,73.56666666666668,0.32145502536489656,1925.6666666666667,74.17999999999999,1.374583573304894,1713.6,74.53299999999999,3.138357673830095,2072.5,74.06400000000001,2.5618913141004036,1472.6,49.41763715609874,-0.007609729582823799,0.006749460043196542,1.2294863242161442,0.9792169482303672,0.9997261399288001,0.013616811277718478,3,4,76.68,77.0,75.82,75.18,75.25,76.03,75.68,75.75,76.28,75.89,74.95,74.41,74.4,74.29,74.27,74.94,74.6,74.0,74.53,74.96
2024-04-19,76.68,76.68,72.25,73.03,73.91,73.75,85.0,59.13,6178,454089.62,4.430000000000007,3.6500000000000057,2.930000000000007,0.0,1.5,73.03,74.58,73.01,3342.0,73.59,74.08,73.31,1499.0,74.08,74.68,73.23,936.0,75.48,75.88,75.35,1441.0,73.45666666666668,1.3796134724379145,3673.0,73.834,1.493947790252284,2661.0,74.476,1.1385643982174734,2427.5,74.0815,2.539511505036051,1733.05,53.44563541374597,0.00985896207038195,0.028157683024939706,0.8485936564931178,0.9617892540302322,0.9796610169358689,0.013605243828299767,4,4,77.0,75.82,75.18,75.25,76.03,75.68,75.75,76.28,75.89,74.95,74.41,74.4,74.29,74.27,74.94,74.6,74.0,74.53,74.96,76.4
2024-04-22,77.0,77.0,73.0,73.75,76.0,74.43,85.0,59.33,2051,152410.25,4.0,3.25,2.569999999999993,0.0,1.4300000000000068,73.75,76.68,72.25,6178.0,73.03,74.58,73.01,3342.0,73.59,74.08,73.31,1499.0,74.72,77.5,74.66,1350.0,73.73666666666668,1.314584852085236,3857.0,73.776,1.3352452958163414,2801.2,74.43800000000002,1.168151911734214,2317.3,74.15799999999999,2.533613759871555,1762.25,52.647974963072976,0.009220338983050969,0.004173187271778733,-0.6680155390093881,0.9666233766108231,0.9807873169289157,0.013457100162226534,0,4,75.82,75.18,75.25,76.03,75.68,75.75,76.28,75.89,74.95,74.41,74.4,74.29,74.27,74.94,74.6,74.0,74.53,74.96,76.4,75.5
2024-04-23,75.82,75.82,74.16,74.43,74.16,74.2,85.0,59.33,1834,136531.01,1.6599999999999966,1.3899999999999864,1.6199999999999903,0.0,0.04000000000000625,74.43,77.0,73.0,2051.0,73.75,76.68,72.25,6178.0,73.03,74.58,73.01,3342.0,74.08,74.68,73.23,936.0,74.12666666666668,0.6102458520944908,3354.3333333333335,73.8,1.2767615282423392,2980.8,74.385,1.1127388632456399,2214.6,74.2255,2.4464369364875296,1830.95,44.67005065560401,-0.0030901518205025402,-0.015324675324675407,-0.10580204778156999,0.9786336058958239,0.9994609164285786,0.013432845768884202,1,4,75.18,75.25,76.03,75.68,75.75,76.28,75.89,74.95,74.41,74.4,74.29,74.27,74.94,74.6,74.0,74.53,74.96,76.4,75.5,75.41
2024-04-24,75.18,75.18,74.0,74.2,74.81,74.81,85.0,59.33,3257,242846.72,1.1800000000000068,0.980000000000004,0.37000000000000455,0.0,0.8100000000000023,74.2,75.82,74.16,1834.0,74.43,77.0,73.0,2051.0,73.75,76.68,72.25,6178.0,73.59,74.08,73.31,1499.0,74.48000000000002,0.9232551110059619,2380.6666666666665,74.044,1.0092175186746186,3332.4,74.34,1.124823442935471,2415.8,74.2915,2.4247571229430633,1960.55,51.99999988351998,0.008221024258760146,-0.008441044579266532,0.7758996728462377,0.9950784783054657,0.9891725704987411,0.013411752071430022,2,4,75.25,76.03,75.68,75.75,76.28,75.89,74.95,74.41,74.4,74.29,74.27,74.94,74.6,74.0,74.53,74.96,76.4,75.5,75.41,76.32
2024-04-25,74.53,75.25,74.31,74.81,75.13,75.13,85.0,59.33,2458,183966.95,0.9399999999999977,-0.28000000000000114,0.5999999999999943,0.12000000000000455,0.21999999999999886,74.81,75.18,74.0,3257.0,74.2,75.82,74.16,1834.0,74.43,77.0,73.0,2051.0,73.03,74.58,73.01,3342.0,74.71333333333335,0.3510460558560565,2516.3333333333335,74.464,0.8259418865754297,3155.6,74.322,1.1213607804803234,2434.6,74.3765,2.3793729271208743,2048.25,56.398104140667705,0.004277503007619199,0.0009310986964616852,-0.24531777709548663,0.99840531560135,0.9890855849728593,0.013361095566350296,3,4,76.03,75.68,75.75,76.28,75.89,74.95,74.41,74.4,74.29,74.27,74.94,74.6,74.0,74.53,74.96,76.4,75.5,75.41,76.32,76.47
2024-04-26,76.03,76.03,74.25,75.13,75.0,74.42,85.0,59.33,2465,184103.82,1.7800000000000011,0.9000000000000057,1.6099999999999994,0.0,0.1700000000000017,75.13,75.25,74.31,2458.0,74.81,75.18,74.0,3257.0,74.2,75.82,74.16,1834.0,73.75,76.68,72.25,6178.0,74.78666666666668,0.4718403684850191,2726.6666666666665,74.598,0.7356153886371267,2413.0,74.216,1.1255517165666378,2537.0,74.44250000000001,2.313641240441928,2157.7,47.02290066285181,-0.009450286170637479,0.010365448504983332,0.002847843775427128,0.9788241483496143,0.9977156678178215,0.013389184428655455,4,4,75.68,75.75,76.28,75.89,74.95,74.41,74.4,74.29,74.27,74.94,74.6,74.0,74.53,74.96,76.4,75.5,75.41,76.32,76.47,76.87
2024-04-29,75.68,75.68,74.42,74.42,75.46,75.09,85.0,60.0,4371,328232.97,1.2600000000000051,1.2600000000000051,0.5900000000000034,0.0,0.6700000000000017,74.42,76.03,74.25,2465.0,75.13,75.25,74.31,2458.0,74.81,75.18,74.0,3257.0,74.43,77.0,73.0,2051.0,74.88000000000001,0.39068316233495287,3098.0,74.72999999999999,0.3668378388330485,2877.0,74.253,0.9284491250344503,2839.1,74.53200000000001,2.2431814812660003,2335.25,52.52100830037896,0.009002956194571476,-0.004603446008154655,0.7732251521298175,0.9922040169002087,0.9910773738048864,0.013316760957925668,0,4,75.75,76.28,75.89,74.95,74.41,74.4,74.29,74.27,74.94,74.6,74.0,74.53,74.96,76.4,75.5,75.41,76.32,76.47,76.87,76.45
2024-04-30,75.61,75.75,74.82,75.09,75.17,75.16,85.0,60.0,727,54836.46,0.9300000000000068,0.519999999999996,0.45000000000000284,0.14000000000000057,0.3400000000000034,75.09,75.68,74.42,4371.0,74.42,76.03,74.25,2465.0,75.13,75.25,74.31,2458.0,74.2,75.82,74.16,1834.0,74.89000000000001,0.1852025917709093,2521.0,74.922,0.3571694275826247,2655.6,74.361,0.8843107799608709,2818.2,74.5855,2.2212073530544494,2326.95,49.251496902766256,0.0009322146757224647,0.0009249471458772085,-0.8336765042324411,0.9922112211090136,0.9954763171767498,0.013257602697183348,1,4,76.28,75.89,74.95,74.41,74.4,74.29,74.27,74.94,74.6,74.0,74.53,74.96,76.4,75.5,75.41,76.32,76.47,76.87,76.45,76.07
2024-05-02,76.28,76.28,75.01,75.16,75.02,75.03,85.0,60.0,6640,499719.9,1.269999999999996,1.1200000000000045,1.25,0.0,0.01999999999999602,75.16,75.75,74.82,727.0,75.09,75.68,74.42,4371.0,74.42,76.03,74.25,2465.0,74.81,75.18,74.0,3257.0,75.09333333333335,0.32807519463069634,3912.6666666666665,74.96600000000001,0.38816233717317344,3332.2,74.505,0.7214222064778881,3332.3,74.5955,2.220845026466039,2628.6,47.928993983579,-0.0017296434273549322,0.006996699669967077,8.133425034387896,0.9836130047065599,0.999733439944026,0.013287443625919214,3,5,75.89,74.95,74.41,74.4,74.29,74.27,74.94,74.6,74.0,74.53,74.96,76.4,75.5,75.41,76.32,76.47,76.87,76.45,76.07,75.0
2024-05-03,75.77,75.89,74.02,75.03,75.85,74.73,85.0,60.0,3262,243854.08,1.8700000000000045,0.7399999999999949,1.039999999999992,0.12000000000000455,0.710000000000008,75.03,76.28,75.01,6640.0,75.16,75.75,74.82,727.0,75.09,75.68,74.42,4371.0,75.13,75.25,74.31,2458.0,74.97333333333334,0.27465129406567496,3543.0,74.886,0.2392279247909033,3493.0,74.675,0.574131227739859,3324.3,74.60400000000001,2.2228670438730327,2698.4,44.55732937245244,-0.003998400639744104,-0.005112742527530134,-0.5087349397590362,0.9847147186587862,0.9904991301888062,0.0133768522552503,4,5,74.95,74.41,74.4,74.29,74.27,74.94,74.6,74.0,74.53,74.96,76.4,75.5,75.41,76.32,76.47,76.87,76.45,76.07,75.0,75.43
2024-05-06,74.73,74.95,74.37,74.73,74.67,74.67,85.0,60.0,1616,120471.87,0.5799999999999983,0.0,0.060000000000002274,0.21999999999999886,0.29999999999999716,74.73,75.89,74.02,3262.0,75.03,76.28,75.01,6640.0,75.16,75.75,74.82,727.0,74.42,76.03,74.25,2465.0,74.81000000000002,0.6836909633248309,3839.3333333333335,74.936,0.4840970976981027,3323.2,74.76700000000001,0.5920970265829039,2868.1,74.6215,0.883274261513717,2647.8,49.59612266650314,-0.0008028904054596664,-0.01238634866253785,-0.5045984058859596,0.9962641761041192,0.9959823222044196,0.013413919780609254,0,5,74.41,74.4,74.29,74.27,74.94,74.6,74.0,74.53,74.96,76.4,75.5,75.41,76.32,76.47,76.87,76.45,76.07,75.0,75.43,77.5
2024-05-07,74.41,74.41,74.0,74.67,74.17,74.17,85.0,60.0,381,28247.0,0.4099999999999966,-0.2600000000000051,0.23999999999999488,0.0,0.1700000000000017,74.67,74.95,74.37,1616.0,74.73,75.89,74.02,3262.0,75.03,76.28,75.01,6640.0,75.09,75.68,74.42,4371.0,74.52333333333335,0.7489548272975068,1753.0,74.75200000000001,0.7589334621689081,2525.2,74.741,0.5665137048450218,2701.1,74.5895,0.9245623431201163,2509.2,50.74380153546892,-0.006696129637069781,-0.007204803202134791,-0.7642326732673268,0.9967746270528588,0.9977079681677536,0.01348815803448106,1,5,74.4,74.29,74.27,74.94,74.6,74.0,74.53,74.96,76.4,75.5,75.41,76.32,76.47,76.87,76.45,76.07,75.0,75.43,77.5,78.5
2024-05-08,74.17,74.4,73.78,74.17,73.91,73.91,85.0,60.0,665,49409.92,0.6200000000000045,0.0,0.2600000000000051,0.23000000000000398,0.12999999999999545,74.17,74.41,74.0,381.0,74.67,74.95,74.37,1616.0,74.73,75.89,74.02,3262.0,75.16,75.75,74.82,727.0,74.25,0.31469562013539093,887.3333333333334,74.502,0.8614116321478558,2512.8,74.712,0.655113221766133,2584.2,74.5485,0.9231552016404148,2399.4,52.74914076658277,-0.0035054604287448887,-0.00013439053890595964,0.7454068241469816,0.9934139784812711,0.9982411040319545,0.013458835796536133,2,5,74.29,74.27,74.94,74.6,74.0,74.53,74.96,76.4,75.5,75.41,76.32,76.47,76.87,76.45,76.07,75.0,75.43,77.5,78.5,76.45
2024-05-09,74.22,74.29,73.12,73.91,73.12,73.23,85.0,60.0,1895,139176.67,1.1700000000000017,0.3100000000000023,0.9899999999999949,0.07000000000000739,0.10999999999999943,73.91,74.4,73.78,665.0,74.17,74.41,74.0,381.0,74.67,74.95,74.37,1616.0,75.03,76.28,75.01,6640.0,73.77000000000001,0.0665832811782809,980.3333333333334,74.14200000000001,0.6674728458892959,1563.8,74.554,0.7404960799652633,2448.0,74.447,0.9579578059051967,2431.9,51.68350156168874,-0.009200378839128609,-0.0014784946236559016,1.8496240601503757,0.9857315923948615,0.9984978833674928,0.013615787760980245,3,5,74.27,74.94,74.6,74.0,74.53,74.96,76.4,75.5,75.41,76.32,76.47,76.87,76.45,76.07,75.0,75.43,77.5,78.5,76.45,76.34
2024-05-10,74.27,74.27,73.0,73.23,73.47,73.47,85.0,60.0,514,37651.97,1.269999999999996,1.039999999999992,0.7999999999999972,0.0,0.46999999999999886,73.23,74.29,73.12,1895.0,73.91,74.4,73.78,665.0,74.17,74.41,74.0,381.0,74.73,75.89,74.02,3262.0,73.53666666666668,0.06999999999391791,1024.6666666666667,73.89000000000001,0.27889065957735937,1014.2,74.388,0.8085412103834773,2253.6,74.35499999999999,0.9815455052860902,2344.1,47.43589731426691,0.0032773453502661365,-0.00026921523758260957,-0.7287598944591029,0.9892284906289319,0.9936028310739947,0.01365134413949619,4,5,74.94,74.6,74.0,74.53,74.96,76.4,75.5,75.41,76.32,76.47,76.87,76.45,76.07,75.0,75.43,77.5,78.5,76.45,76.34,77.6
2024-05-13,74.94,74.94,72.52,73.47,73.69,73.69,85.0,60.0,2525,184786.0,2.4200000000000017,1.4699999999999989,1.25,0.0,1.1700000000000017,73.47,74.27,73.0,514.0,73.23,74.29,73.12,1895.0,73.91,74.4,73.78,665.0,74.67,74.95,74.37,1616.0,73.46333333333335,0.38118237104972724,1644.6666666666667,73.694,0.2745359721411606,1196.0,74.31500000000001,0.7551776832857519,2259.6,74.2655,0.9813690759127531,2398.3,42.59999988071987,0.0029944194909485855,0.00902113908711466,3.9124513618677046,0.9833199893116716,0.9841226760620962,0.01366445509941222,0,5,74.6,74.0,74.53,74.96,76.4,75.5,75.41,76.32,76.47,76.87,76.45,76.07,75.0,75.43,77.5,78.5,76.45,76.34,77.6,78.48
2024-05-14,74.6,74.6,73.43,73.69,74.0,73.95,85.0,60.0,758,55938.53,1.1699999999999875,0.9099999999999966,0.6499999999999915,0.0,0.519999999999996,73.69,74.94,72.52,2525.0,73.47,74.27,73.0,514.0,73.23,74.29,73.12,1895.0,74.17,74.41,74.0,381.0,73.70333333333333,0.3350124375786613,1265.6666666666667,73.65,0.27865749586095556,1271.4,74.201,0.7378165987105801,1898.3,74.227,0.8586868800061445,2368.7,47.51491040453105,0.003528294205455307,-0.00453696290365635,-0.6998019801980198,0.9912868632574895,0.9929682217580397,0.013550588476314742,1,5,74.0,74.53,74.96,76.4,75.5,75.41,76.32,76.47,76.87,76.45,76.07,75.0,75.43,77.5,78.5,76.45,76.34,77.6,78.48,77.85
2024-05-15,73.95,74.0,73.43,73.95,73.91,73.92,85.0,60.0,588,43328.89,0.5699999999999932,0.0,0.030000000000001137,0.04999999999999716,0.4899999999999949,73.95,74.6,73.43,758.0,73.69,74.94,72.52,2525.0,73.47,74.27,73.0,514.0,73.91,74.4,73.78,665.0,73.85333333333334,0.4759551799617461,1290.3333333333333,73.652,0.3600694377470607,1256.0,74.077,0.7418902284776729,1884.4,74.21900000000001,0.8946531230182251,2351.3,39.99999987415723,-0.00040567951318459805,-0.008042895442359144,-0.22427440633245388,0.99891891890542,0.9933712121077737,0.013570622279961165,2,5,74.53,74.96,76.4,75.5,75.41,76.32,76.47,76.87,76.45,76.07,75.0,75.43,77.5,78.5,76.45,76.34,77.6,78.48,77.85,78.24
2024-05-16,73.92,74.53,72.8,73.92,72.8,72.94,85.0,60.0,2275,166280.92,1.730000000000004,0.0,0.980000000000004,0.6099999999999994,0.14000000000000057,73.92,74.0,73.43,588.0,73.95,74.6,73.43,758.0,73.69,74.94,72.52,2525.0,73.23,74.29,73.12,1895.0,73.60333333333334,0.3280751946314365,1207.0,73.59400000000001,0.3543585754564056,1332.0,73.86800000000001,0.5312835610310112,1447.9,74.1865,0.870222445851121,2390.1,28.571428493150634,-0.013257575757575801,0.0071621621621622555,2.869047619047619,0.9786663088557805,0.9980806141897712,0.013681665942189798,3,5,74.96,76.4,75.5,75.41,76.32,76.47,76.87,76.45,76.07,75.0,75.43,77.5,78.5,76.45,76.34,77.6,78.48,77.85,78.24,78.1
2024-05-17,71.48,74.96,71.48,72.94,74.44,74.9,85.0,60.0,1609,119971.68,3.4799999999999898,-1.4599999999999937,3.4200000000000017,0.05999999999998806,0.0,72.94,74.53,72.8,2275.0,73.92,74.0,73.43,588.0,73.95,74.6,73.43,758.0,73.47,74.27,73.0,514.0,73.92,0.48086727205375585,1490.6666666666667,73.88,0.39048687557908535,1551.0,73.885,0.32854054375141034,1282.6,74.28,0.8594458128719392,2303.45,53.77358478729088,0.026871401151631558,0.005769488796457667,-0.2927472527472528,0.9991995730923267,0.9543391188123586,0.013411498446966706,4,5,76.4,75.5,75.41,76.32,76.47,76.87,76.45,76.07,75.0,75.43,77.5,78.5,76.45,76.34,77.6,78.48,77.85,78.24,78.1,78.12
2024-05-18,76.4,76.4,74.41,74.9,75.75,75.08,85.0,60.0,117,8770.99,1.990000000000009,1.5,1.3200000000000074,0.0,0.6700000000000017,74.9,74.96,71.48,1609.0,72.94,74.53,72.8,2275.0,73.92,74.0,73.43,588.0,73.69,74.94,72.52,2525.0,74.30666666666667,0.979404581024726,1333.6666666666667,74.158,0.906984013089302,1069.4,73.926,0.672243342183971,1132.7,74.34649999999999,0.8368315871566441,2000.4,49.91482100531385,0.0024032042723629576,0.019210245464247766,-0.9272840273461778,0.9827225130761422,0.9910761853890373,0.013339429186441515,5,5,75.5,75.41,76.32,76.47,76.87,76.45,76.07,75.0,75.43,77.5,78.5,76.45,76.34,77.6,78.48,77.85,78.24,78.1,78.12,78.57
2024-05-21,74.96,75.5,74.44,75.08,75.5,75.08,85.0,60.0,1352,101196.68,1.0600000000000023,-0.12000000000000455,0.12000000000000455,0.4200000000000017,0.519999999999996,75.08,76.4,74.41,117.0,74.9,74.96,71.48,1609.0,72.94,74.53,72.8,2275.0,73.95,74.6,73.43,758.0,75.02000000000001,0.7274613391781075,1026.0,74.38399999999999,0.9222364122065482,1188.2,74.01700000000001,0.7108594172624155,1229.8,74.379,0.7304452499385835,1965.45,49.31034470856125,0.0,-0.011780104712041939,10.555555555555555,0.9944370860795438,0.9914757591769915,0.013360122090961745,1,5,75.41,76.32,76.47,76.87,76.45,76.07,75.0,75.43,77.5,78.5,76.45,76.34,77.6,78.48,77.85,78.24,78.1,78.12,78.57,78.71
2024-05-22,73.58,75.41,73.58,75.08,74.87,74.73,85.0,60.0,1118,83282.72,1.8299999999999983,-1.5,1.1500000000000057,0.6799999999999926,0.0,75.08,75.5,74.44,1352.0,75.08,76.4,74.41,117.0,74.9,74.96,71.48,1609.0,73.92,74.0,73.43,588.0,74.96333333333335,0.5474486277257156,862.3333333333334,74.546,0.6986773218014558,1294.2,74.099,0.7211256632666455,1275.1,74.4055,0.7164635371042576,1929.65,47.508305537356115,-0.004661694192860888,-0.0011920529801324742,-0.17307692307692313,0.9909826282854929,0.9846112672155143,0.013424153293744327,2,5,76.32,76.47,76.87,76.45,76.07,75.0,75.43,77.5,78.5,76.45,76.34,77.6,78.48,77.85,78.24,78.1,78.12,78.57,78.71,78.89
2024-05-23,75.4,76.32,75.15,74.73,76.0,76.09,85.0,60.0,5430,411746.71,1.1699999999999875,0.6700000000000017,0.6899999999999977,0.22999999999998977,0.25,74.73,75.41,73.58,1118.0,75.08,75.5,74.44,1352.0,75.08,76.4,74.41,117.0,72.94,74.53,72.8,2275.0,75.30000000000001,0.5014312847560486,2633.3333333333335,75.176,0.6213855485925921,1925.2,74.385,0.8132930317880908,1628.6,74.46950000000001,0.7639240799974476,2038.3,59.60451965614926,0.01819884919041881,0.012067365070945524,3.856887298747764,0.9969863731525553,0.9876462084243968,0.013187719216991405,3,5,76.47,76.87,76.45,76.07,75.0,75.43,77.5,78.5,76.45,76.34,77.6,78.48,77.85,78.24,78.1,78.12,78.57,78.71,78.89,79.47
2024-05-24,75.06,76.47,75.05,76.09,76.02,76.27,85.0,60.0,5035,382729.32,1.4200000000000017,-1.0300000000000011,1.2099999999999937,0.20000000000000284,0.010000000000005116,76.09,76.32,75.15,5430.0,74.73,75.41,73.58,1118.0,75.08,75.5,74.44,1352.0,74.9,74.96,71.48,1609.0,75.69666666666667,0.5736142722527242,3861.0,75.45,0.519470884650686,2610.4,74.66499999999999,0.8620266817213252,2080.7,74.5265,0.8156715025057268,2167.15,61.111110992283926,0.0023656196609278535,0.0019654088050315988,-0.07274401473296499,0.9973845952530745,0.9840041956079192,0.013155511576693384,4,5,76.87,76.45,76.07,75.0,75.43,77.5,78.5,76.45,76.34,77.6,78.48,77.85,78.24,78.1,78.12,78.57,78.71,78.89,79.47,78.65
2024-05-27,76.27,76.87,76.06,76.27,76.48,76.45,85.0,61.83,1179,90258.9,0.8100000000000023,0.0,0.18000000000000682,0.4200000000000017,0.20999999999999375,76.27,76.47,75.05,5035.0,76.09,76.32,75.15,5430.0,74.73,75.41,73.58,1118.0,75.08,76.4,74.41,117.0,76.27,0.28431203515134945,3881.3333333333335,75.724,0.635082671783593,2822.8,74.941,0.9775502260466721,1946.1,74.628,0.8770488793915978,2102.85,66.56976730639875,0.0023600367116822785,0.005230809467765107,-0.7658391261171797,0.9945362299857612,0.994898626540289,0.013062423760980766,0,5,76.45,76.07,75.0,75.43,77.5,78.5,76.45,76.34,77.6,78.48,77.85,78.24,78.1,78.12,78.57,78.71,78.89,79.47,78.65,79.19
2024-05-28,76.16,76.45,75.88,76.45,76.2,75.91,85.0,61.83,913,69465.28,0.5700000000000074,-0.29000000000000625,0.25,0.29000000000000625,0.030000000000001137,76.45,76.87,76.06,1179.0,76.27,76.47,75.05,5035.0,76.09,76.32,75.15,5430.0,75.08,75.5,74.44,1352.0,76.21000000000002,0.23692474191584387,2375.6666666666665,75.89,0.5405367702569601,2735.0,75.137,0.9619707780266558,1961.6,74.66900000000001,0.911034547845676,1929.95,63.966480321853254,-0.0070634401569654726,-0.005463770001300938,-0.22561492790500426,0.9929365598300465,0.9996047951389855,0.013143256602434868,1,5,76.07,75.0,75.43,77.5,78.5,76.45,76.34,77.6,78.48,77.85,78.24,78.1,78.12,78.57,78.71,78.89,79.47,78.65,79.19,79.8
2024-05-29,76.03,76.07,75.22,75.91,75.54,75.53,85.0,61.83,885,66849.2,0.8499999999999943,0.12000000000000455,0.5,0.03999999999999204,0.3100000000000023,75.91,76.45,75.88,913.0,76.45,76.87,76.06,1179.0,76.27,76.47,75.05,5035.0,74.73,75.41,73.58,1118.0,75.96333333333335,0.400166631957143,992.3333333333334,76.05,0.2903101789463342,2688.4,75.298,0.7589583504891311,1991.3,74.6875,0.9214660801364636,1937.85,66.7638482602487,-0.0050059280727176025,-0.004970568999346114,-0.03066812705366917,0.9929012751282648,0.9958956705812803,0.01323875229621277,2,5,75.0,75.43,77.5,78.5,76.45,76.34,77.6,78.48,77.85,78.24,78.1,78.12,78.57,78.71,78.89,79.47,78.65,79.19,79.8,80.67
2024-05-30,75.0,75.0,74.48,75.53,74.54,74.51,85.0,61.83,1386,103631.53,0.519999999999996,-0.5300000000000011,0.4899999999999949,0.0,0.030000000000001137,75.53,76.07,75.22,885.0,75.91,76.45,75.88,913.0,76.45,76.87,76.06,1179.0,76.09,76.32,75.15,5430.0,75.31666666666668,0.7518643494665266,1061.3333333333333,75.734,0.7136665888212744,1879.6,75.455,0.6747056971577884,1902.4,74.6615,0.8976535200762121,1675.15,56.806282618417846,-0.013504567721435157,-0.014065991849612103,0.5661016949152542,0.9934666666534204,0.9995973694671909,0.013374307992943717,3,5,75.43,77.5,78.5,76.45,76.34,77.6,78.48,77.85,78.24,78.1,78.12,78.57,78.71,78.89,79.47,78.65,79.19,79.8,80.67,80.89
2024-05-31,74.54,75.43,74.12,74.51,74.12,74.44,85.0,61.83,1185,88725.21,1.3100000000000023,0.030000000000001137,0.10000000000000853,0.8900000000000006,0.3199999999999932,74.51,75.0,74.48,1386.0,75.53,76.07,75.22,885.0,75.91,76.45,75.88,913.0,76.27,76.47,75.05,5035.0,74.82666666666667,0.5384236250377538,1152.0,75.36800000000001,0.7554336502961363,1109.6,75.409,0.6119150267801827,1860.0,74.647,0.8872089589505144,1571.3,55.00667546460701,-0.0009394712119179527,0.005733333333333368,-0.14502164502164505,0.9868752485617541,0.9957012358813044,0.01335584328287289,4,5,77.5,78.5,76.45,76.34,77.6,78.48,77.85,78.24,78.1,78.12,78.57,78.71,78.89,79.47,78.65,79.19,79.8,80.67,80.89,80.8
2024-06-03,76.5,77.5,76.2,74.44,77.5,77.08,85.0,61.83,7426,571400.08,1.2999999999999972,2.0600000000000023,0.5799999999999983,0.4200000000000017,0.29999999999999716,74.44,75.43,74.12,1185.0,74.51,75.0,74.48,1386.0,75.53,76.07,75.22,885.0,76.45,76.87,76.06,1179.0,75.34333333333335,1.3366500414588776,3332.3333333333335,75.494,0.9671866417604036,2359.0,75.60900000000001,0.7714747781572082,2590.9,74.76750000000001,1.0139599286175298,1861.8,65.85612959250395,0.03546480386888762,0.027442662070793933,5.266666666666667,0.994580645148457,0.9885832900753946,0.012996147987938656,0,6,78.5,76.45,76.34,77.6,78.48,77.85,78.24,78.1,78.12,78.57,78.71,78.89,79.47,78.65,79.19,79.8,80.67,80.89,80.8,80.89
2024-06-04,78.5,78.5,71.23,77.08,75.95,75.95,85.0,61.83,10308,766968.59,7.269999999999996,1.4200000000000017,2.549999999999997,0.0,4.719999999999999,77.08,77.5,76.2,7426.0,74.44,75.43,74.12,1185.0,74.51,75.0,74.48,1386.0,75.91,76.45,75.88,913.0,75.82333333333334,1.5657692465148692,6306.333333333333,75.502,1.4645647817696053,4238.0,75.696,1.0458680605121036,3486.5,74.85650000000001,1.2009052506557747,2358.15,59.252506761209204,-0.01466009340944463,0.012903225806451646,0.3880958793428495,0.967515923554554,0.9378538512055582,0.013439924573703842,1,6,76.45,76.34,77.6,78.48,77.85,78.24,78.1,78.12,78.57,78.71,78.89,79.47,78.65,79.19,79.8,80.67,80.89,80.8,80.89,81.36
2024-06-05,73.89,76.45,72.81,75.95,76.45,76.13,85.0,61.83,6250,462353.28,3.6400000000000006,-2.0600000000000023,2.239999999999995,0.3200000000000074,1.0799999999999983,75.95,78.5,71.23,10308.0,77.08,77.5,76.2,7426.0,74.44,75.43,74.12,1185.0,75.53,76.07,75.22,885.0,76.38666666666667,1.0251016209779704,7994.666666666667,75.622,1.446419717785908,5311.0,75.836,0.9862746969161864,3999.7,74.9675,1.1808141705040403,2637.4,65.6833824071222,0.0023699802501644385,-0.026114649681528657,-0.393674815677144,0.9958142576717355,0.9563903848554264,0.013517801798659211,2,6,76.34,77.6,78.48,77.85,78.24,78.1,78.12,78.57,78.71,78.89,79.47,78.65,79.19,79.8,80.67,80.89,80.8,80.89,81.36,81.6
2024-06-06,75.92,76.34,75.49,76.13,76.34,75.91,85.0,61.83,625,47454.65,0.8500000000000085,-0.20999999999999375,0.010000000000005116,0.4200000000000017,0.4200000000000017,76.13,76.45,72.81,6250.0,75.95,78.5,71.23,10308.0,77.08,77.5,76.2,7426.0,74.51,75.0,74.48,1386.0,75.99666666666668,1.21656620589746,5727.666666666667,75.902,1.181240872980578,5158.8,75.81800000000001,0.9858758091719504,3519.2,75.1015,1.1404453193010988,2573.9,55.9905099900513,-0.002889793773807936,-0.0014388489208633226,-0.9,0.9943673041525494,0.9944671321170534,0.013170469068889705,3,6,77.6,78.48,77.85,78.24,78.1,78.12,78.57,78.71,78.89,79.47,78.65,79.19,79.8,80.67,80.89,80.8,80.89,81.36,81.6,81.46
2024-06-07,75.91,77.6,74.8,75.91,77.6,77.48,85.0,61.83,5221,400517.1,2.799999999999997,0.0,1.5700000000000074,0.11999999999999034,1.1099999999999994,75.91,76.34,75.49,625.0,76.13,76.45,72.81,6250.0,75.95,78.5,71.23,10308.0,74.44,75.43,74.12,1185.0,76.50666666666667,0.6978777352314669,4032.0,76.50999999999999,0.8960580338348655,5966.0,75.939,1.0440780090051756,3537.8,75.30199999999999,1.1482943873415086,2809.25,62.21995917809785,0.02068238703728098,0.016505108724128803,7.3536,0.9984536082345561,0.9654104284852165,0.013035648165833587,4,6,78.48,77.85,78.24,78.1,78.12,78.57,78.71,78.89,79.47,78.65,79.19,79.8,80.67,80.89,80.8,80.89,81.36,81.6,81.46,82.58
2024-06-10,78.48,78.48,77.33,77.48,77.72,77.45,85.0,61.83,995,77282.51,1.1500000000000057,1.0,1.0300000000000011,0.0,0.12000000000000455,77.48,77.6,74.8,5221.0,75.91,76.34,75.49,625.0,76.13,76.45,72.81,6250.0,77.08,77.5,76.2,7426.0,76.94666666666667,1.075608354993441,2280.3333333333335,76.58399999999999,1.05060934699823,4679.8,76.039,1.1993312951619586,3519.4,75.49000000000001,1.2499869473002836,2732.75,62.030456764626784,-0.0003871966959215767,0.011340206185567192,-0.8094234820915533,0.98687563709242,0.9984506132860108,0.012874840633410939,0,6,77.85,78.24,78.1,78.12,78.57,78.71,78.89,79.47,78.65,79.19,79.8,80.67,80.89,80.8,80.89,81.36,81.6,81.46,82.58,82.7
2024-06-11,77.45,77.85,77.25,77.45,77.3,77.53,85.0,61.83,1742,135463.54,0.5999999999999943,0.0,0.0799999999999983,0.3199999999999932,0.20000000000000284,77.45,78.48,77.33,995.0,77.48,77.6,74.8,5221.0,75.91,76.34,75.49,625.0,75.95,78.5,71.23,10308.0,77.48666666666668,0.45346811721621927,2652.6666666666665,76.9,0.9245701704035335,2966.6,76.201,1.237378950308253,3602.3,75.66900000000001,1.2499527359485665,2781.95,64.61377861121159,0.0010329244673983329,-0.008027522935779907,0.7507537688442212,0.9958895311368544,0.996388494763364,0.012859548776002658,1,6,78.24,78.1,78.12,78.57,78.71,78.89,79.47,78.65,79.19,79.8,80.67,80.89,80.8,80.89,81.36,81.6,81.46,82.58,82.7,81.77
2024-06-12,77.53,78.24,77.31,77.53,77.31,77.34,85.0,61.83,2217,172431.09,0.9299999999999926,0.0,0.18999999999999773,0.7099999999999937,0.030000000000001137,77.53,77.85,77.25,1742.0,77.45,78.48,77.33,995.0,77.48,77.6,74.8,5221.0,76.13,76.45,72.81,6250.0,77.44000000000001,0.3179622619089471,1651.3333333333333,77.14200000000001,0.8339784169869655,2160.0,76.382,1.261405300976888,3735.5,75.84,1.196592860451821,2863.4,57.43162891747409,-0.0024506642589965377,0.005009633911368105,0.2726750861079219,0.9884969325027033,0.9996121023920401,0.012857310128933172,2,6,78.1,78.12,78.57,78.71,78.89,79.47,78.65,79.19,79.8,80.67,80.89,80.8,80.89,81.36,81.6,81.46,82.58,82.7,81.77,81.26
2024-06-13,77.62,78.1,77.59,77.34,77.59,77.59,85.0,61.83,445,34552.34,0.5099999999999909,0.28000000000000114,0.030000000000001137,0.47999999999998977,0.0,77.34,78.24,77.31,2217.0,77.53,77.85,77.25,1742.0,77.45,78.48,77.33,995.0,75.91,76.34,75.49,625.0,77.48666666666668,0.197568553498793,1468.0,77.47800000000001,0.34129166412344897,2124.0,76.69,1.0385615051595276,3641.4,76.0725,1.149705225378763,2771.9,57.78301877252807,0.0032324799586243014,-0.0017893660531697053,-0.7992783040144339,0.9934699103585984,0.9999999999871116,0.012879011956932213,3,6,78.12,78.57,78.71,78.89,79.47,78.65,79.19,79.8,80.67,80.89,80.8,80.89,81.36,81.6,81.46,82.58,82.7,81.77,81.26,82.0
2024-06-14,77.95,78.12,77.32,77.59,77.73,77.84,85.0,61.83,1309,101731.99,0.8000000000000114,0.35999999999999943,0.10999999999999943,0.1700000000000017,0.5200000000000102,77.59,78.1,77.59,445.0,77.34,78.24,77.31,2217.0,77.53,77.85,77.25,1742.0,77.48,77.6,74.8,5221.0,77.59000000000002,0.07571877793250237,1323.6666666666667,77.55,0.22917242417047579,1341.6,77.03,0.7715611878949477,3653.8,76.21950000000001,1.1150430720970674,2756.9,58.12865487557881,0.0032220646990590573,0.00025608194622295244,1.9415730337078654,0.9964157705965639,0.9933196299975162,0.012867142380680718,4,6,78.57,78.71,78.89,79.47,78.65,79.19,79.8,80.67,80.89,80.8,80.89,81.36,81.6,81.46,82.58,82.7,81.77,81.26,82.0,81.95
2024-06-18,77.84,78.57,77.84,77.84,78.07,78.07,85.0,61.83,3363,262689.92,0.7299999999999898,0.0,0.22999999999998977,0.5,0.0,77.84,78.12,77.32,1309.0,77.59,78.1,77.59,445.0,77.34,78.24,77.31,2217.0,77.45,78.48,77.33,995.0,77.83333333333334,0.26576932353372623,1705.6666666666667,77.674,0.2619732810806729,1815.2,77.12899999999999,0.8111480204687033,3247.5,76.369,1.1725333571733925,2919.2,63.10679600928457,0.0029547790339155,0.005760368663594306,1.569136745607334,0.9936362479191341,0.9970539259511074,0.01280216614326118,1,6,78.71,78.89,79.47,78.65,79.19,79.8,80.67,80.89,80.8,80.89,81.36,81.6,81.46,82.58,82.7,81.77,81.26,82.0,81.95,82.0
2024-06-19,78.33,78.71,78.05,78.07,78.11,78.16,85.0,61.83,1210,94842.64,0.6599999999999966,0.2600000000000051,0.1700000000000017,0.37999999999999545,0.10999999999999943,78.07,78.57,77.84,3363.0,77.84,78.12,77.32,1309.0,77.59,78.1,77.59,445.0,77.53,77.85,77.25,1742.0,78.02333333333334,0.3082747692101051,1960.6666666666667,77.8,0.276351225798262,1708.8,77.35,0.8329892623019172,2337.7,76.523,1.1813257494509721,2912.1,66.54088038596575,0.0011528115793519866,0.0017818505791014072,-0.640202200416295,0.9930123237073687,0.998592630488759,0.012757974683117079,2,6,78.89,79.47,78.65,79.19,79.8,80.67,80.89,80.8,80.89,81.36,81.6,81.46,82.58,82.7,81.77,81.26,82.0,81.95,82.0,82.8
2024-06-20,77.3,78.89,76.83,78.16,78.89,78.67,85.0,61.83,813,63654.37,2.0600000000000023,-0.8599999999999994,1.3700000000000045,0.21999999999999886,0.46999999999999886,78.16,78.71,78.05,1210.0,78.07,78.57,77.84,3363.0,77.84,78.12,77.32,1309.0,77.34,78.24,77.31,2217.0,78.30000000000001,0.16041612553452697,1795.3333333333333,78.066,0.35464066320745474,1428.0,77.60400000000001,0.7295813106762311,1794.0,76.72,1.1718298780787353,2896.85,77.95698910061856,0.006525076765609095,0.0022868758734595485,-0.328099173553719,0.9972113068703611,0.9766111605316307,0.012772100328696792,3,6,79.47,78.65,79.19,79.8,80.67,80.89,80.8,80.89,81.36,81.6,81.46,82.58,82.7,81.77,81.26,82.0,81.95,82.0,82.8,85.0
2024-06-21,77.1,79.47,77.1,78.67,78.15,78.53,85.0,61.83,2587,202968.29,2.3700000000000045,-1.5700000000000074,1.4300000000000068,0.9399999999999977,0.0,78.67,78.89,76.83,813.0,78.16,78.71,78.05,1210.0,78.07,78.57,77.84,3363.0,77.59,78.1,77.59,445.0,78.45333333333333,0.3971565602271473,1536.6666666666667,78.25399999999999,0.49215851105133274,1856.4,77.86600000000001,0.5429149718563652,1990.2,76.842,1.2429907693268385,2754.7,77.23035937666782,-0.0017795856107791774,0.00735200912663192,2.1820418204182044,0.9881716370833249,0.9817903985612912,0.012745833351603777,4,6,78.65,79.19,79.8,80.67,80.89,80.8,80.89,81.36,81.6,81.46,82.58,82.7,81.77,81.26,82.0,81.95,82.0,82.8,85.0,82.77
2024-06-24,78.17,78.65,77.75,78.53,78.25,78.2,85.0,61.83,5707,446173.31,0.9000000000000057,-0.35999999999999943,0.030000000000001137,0.45000000000000284,0.4200000000000017,78.53,79.47,77.1,2587.0,78.67,78.89,76.83,813.0,78.16,78.71,78.05,1210.0,77.84,78.12,77.32,1309.0,78.46666666666668,0.42158431343144026,3035.6666666666665,78.326,0.3618286887468742,2736.0,77.93800000000002,0.4665190242628069,2038.8,76.9385,1.2475975860998867,2788.3,60.76923060562137,-0.00420221571373991,-0.01031835912923107,1.2060301507537687,0.9942784488112615,0.994245524283961,0.012790993706010759,0,6,79.19,79.8,80.67,80.89,80.8,80.89,81.36,81.6,81.46,82.58,82.7,81.77,81.26,82.0,81.95,82.0,82.8,85.0,82.77,81.99
2024-06-25,78.82,79.19,78.39,78.2,79.19,79.01,85.0,61.83,2517,197851.25,0.7999999999999972,0.6199999999999903,0.19000000000001194,0.1799999999999926,0.4299999999999926,78.2,78.65,77.75,5707.0,78.53,79.47,77.1,2587.0,78.67,78.89,76.83,813.0,78.07,78.57,77.84,3363.0,78.58,0.41681330752681267,3603.6666666666665,78.51400000000001,0.34426733798067083,2566.8,78.09400000000001,0.5134512851491735,2191.0,77.06649999999999,1.2868626680092794,2855.2,81.35245878300529,0.010358056265984628,0.006865861411315954,-0.5589626774137024,0.9977269857179224,0.992152892026425,0.01272167853374688,1,6,79.8,80.67,80.89,80.8,80.89,81.36,81.6,81.46,82.58,82.7,81.77,81.26,82.0,81.95,82.0,82.8,85.0,82.77,81.99,82.58
2024-06-26,79.29,79.8,79.0,79.01,79.59,79.59,85.0,61.83,2569,204556.62,0.7999999999999972,0.28000000000000114,0.29999999999999716,0.20999999999999375,0.29000000000000625,79.01,79.19,78.39,2517.0,78.2,78.65,77.75,5707.0,78.53,79.47,77.1,2587.0,78.16,78.71,78.05,1210.0,78.93333333333335,0.5753549628980518,3597.6666666666665,78.8,0.4559605246074781,2838.6,78.3,0.5726973216467155,2273.7,77.2505,1.3353753661129295,2938.0,82.76515129569853,0.0073408429312744605,0.0077029928021215,0.020659515295987196,0.9973684210401332,0.9925870084056716,0.01255887000870462,2,6,80.67,80.89,80.8,80.89,81.36,81.6,81.46,82.58,82.7,81.77,81.26,82.0,81.95,82.0,82.8,85.0,82.77,81.99,82.58,81.52
2024-06-27,79.59,80.67,79.59,79.59,80.65,80.47,85.0,61.83,1258,100908.93,1.0799999999999983,0.0,0.8799999999999955,0.20000000000000284,0.0,79.59,79.8,79.0,2569.0,79.01,79.19,78.39,2517.0,78.2,78.65,77.75,5707.0,78.67,78.89,76.83,813.0,79.69000000000001,0.7437965671682696,2114.6666666666665,79.16,0.7521170121732242,2927.6,78.613,0.7937960835260544,2177.8,77.4975,1.407231698275657,2956.65,88.38383817552634,0.011056665410227318,0.010902255639097858,-0.5103152977812379,0.9975207635924442,0.9890642475333781,0.012466686545977523,3,6,80.89,80.8,80.89,81.36,81.6,81.46,82.58,82.7,81.77,81.26,82.0,81.95,82.0,82.8,85.0,82.77,81.99,82.58,81.52,82.78
2024-06-28,80.0,80.89,79.98,80.47,80.38,80.39,85.0,61.83,2006,160797.79,0.9099999999999966,-0.46999999999999886,0.39000000000000057,0.5,0.01999999999999602,80.47,80.67,79.59,1258.0,79.59,79.8,79.0,2569.0,79.01,79.19,78.39,2517.0,78.53,79.47,77.1,2587.0,80.15000000000002,0.5763968540261039,1944.3333333333333,79.53200000000001,0.952837866586135,2811.4,78.893,0.9165054403664379,2333.9,77.7915,1.3440781423086328,2987.65,82.69662895331402,-0.0009941593140300187,0.0027271600347091862,0.5945945945945945,0.9938187662134526,0.9948998631546847,0.012475295835844433,4,6,80.8,80.89,81.36,81.6,81.46,82.58,82.7,81.77,81.26,82.0,81.95,82.0,82.8,85.0,82.77,81.99,82.58,81.52,82.78,83.24
2024-07-01,80.4,80.8,80.09,80.39,80.09,80.24,85.0,62.95,3363,270117.74,0.7099999999999937,0.010000000000005116,0.1600000000000108,0.3999999999999915,0.14999999999999147,80.39,80.89,79.98,2006.0,80.47,80.67,79.59,1258.0,79.59,79.8,79.0,2569.0,78.2,78.65,77.75,5707.0,80.36666666666667,0.11060440014354558,2209.0,79.94000000000001,0.7437405461587256,2342.6,79.133,0.9262013220072214,2539.3,78.08149999999999,1.25900921780843,3096.55,80.52516386710012,-0.0018659037193681227,-0.0011126220793671315,0.6764705882352942,0.9930693069184026,0.9981306081630343,0.012450126378223021,0,7,80.89,81.36,81.6,81.46,82.58,82.7,81.77,81.26,82.0,81.95,82.0,82.8,85.0,82.77,81.99,82.58,81.52,82.78,83.24,83.0
2024-07-02,80.0,80.89,79.92,80.24,80.78,80.54,85.0,62.95,2593,208362.53,0.9699999999999989,-0.23999999999999488,0.5400000000000063,0.3499999999999943,0.0799999999999983,80.24,80.8,80.09,3363.0,80.39,80.89,79.98,2006.0,80.47,80.67,79.59,1258.0,79.01,79.19,78.39,2517.0,80.39000000000001,0.051961524205546686,2654.0,80.24600000000001,0.46168170854012686,2357.8,79.38,0.9400141842896209,2462.3,78.2545,1.3238400086193765,2854.9,81.41962397914934,0.0037387836490530013,0.0011138613861385593,-0.22896223609872135,0.9956731363457081,0.9923019617458119,0.012444655956135624,1,7,81.36,81.6,81.46,82.58,82.7,81.77,81.26,82.0,81.95,82.0,82.8,85.0,82.77,81.99,82.58,81.52,82.78,83.24,83.0,83.68
2024-07-03,80.78,81.36,80.14,80.54,80.7,80.76,85.0,62.95,4936,399007.02,1.2199999999999989,0.23999999999999488,0.01999999999999602,0.5799999999999983,0.6200000000000045,80.54,80.89,79.92,2593.0,80.24,80.8,80.09,3363.0,80.39,80.89,79.98,2006.0,79.59,79.8,79.0,2569.0,80.51333333333334,0.30072135496346547,3630.6666666666665,80.48,0.2609022805584001,2831.2,79.64000000000001,0.9728017955022119,2834.9,78.49499999999999,1.438073546907843,2586.3,85.47717817496252,0.002731561956791584,0.005810359747805638,0.9035865792518318,0.992625368719363,0.9923229321323387,0.01237070966821583,2,7,81.6,81.46,82.58,82.7,81.77,81.26,82.0,81.95,82.0,82.8,85.0,82.77,81.99,82.58,81.52,82.78,83.24,83.0,83.68,83.18
2024-07-04,81.25,81.6,80.87,80.76,80.92,80.91,85.0,62.95,3352,271454.73,0.7299999999999898,0.4899999999999949,0.3400000000000034,0.3499999999999943,0.03999999999999204,80.76,81.36,80.14,4936.0,80.54,80.89,79.92,2593.0,80.24,80.8,80.09,3363.0,80.47,80.67,79.59,1258.0,80.73666666666668,0.361155552817621,3627.0,80.568,0.35195170123271025,3250.0,79.864,0.9876999094411626,3088.8,78.73400000000001,1.4272420957918597,2441.4,85.16949127280229,0.001857355126300142,0.002949852507374562,-0.32090761750405183,0.9915441176349076,0.9995056235199666,0.012348283634622937,3,7,81.46,82.58,82.7,81.77,81.26,82.0,81.95,82.0,82.8,85.0,82.77,81.99,82.58,81.52,82.78,83.24,83.0,83.68,83.18,82.66
2024-07-05,80.87,81.46,80.52,80.91,80.86,80.96,85.0,62.95,2725,220273.49,0.9399999999999977,-0.03999999999999204,0.0899999999999892,0.5,0.3500000000000085,80.91,81.6,80.87,3352.0,80.76,81.36,80.14,4936.0,80.54,80.89,79.92,2593.0,80.39,80.89,79.98,2006.0,80.87666666666668,0.1205542754570008,3671.0,80.68199999999999,0.3559775273814521,3393.8,80.107,0.9951711187300943,3102.6,78.9865,1.3417980866223957,2546.4,84.51327407451633,0.0006179705846001138,-0.0017156862745097978,-0.18705250596658707,0.9938620181562255,0.9945652173790197,0.012370984815285707,4,7,82.58,82.7,81.77,81.26,82.0,81.95,82.0,82.8,85.0,82.77,81.99,82.58,81.52,82.78,83.24,83.0,83.68,83.18,82.66,81.54
2024-07-08,82.58,82.58,80.5,80.96,81.31,81.3,85.0,62.95,2875,233194.12,2.0799999999999983,1.6200000000000045,1.2800000000000011,0.0,0.7999999999999972,80.96,81.46,80.52,2725.0,80.91,81.6,80.87,3352.0,80.76,81.36,80.14,4936.0,80.24,80.8,80.09,3363.0,81.05666666666667,0.6102458520936836,2984.0,80.89399999999999,0.6203386172088996,3296.2,80.417,0.9445186898915656,2819.4,79.1775,1.435876405764774,2429.1,84.88120924657946,0.0041996047430830075,0.013749079302725287,0.05504587155963292,0.9844998788933821,0.9901599015868369,0.012328784276378787,0,7,82.7,81.77,81.26,82.0,81.95,82.0,82.8,85.0,82.77,81.99,82.58,81.52,82.78,83.24,83.0,83.68,83.18,82.66,81.54,81.97
2024-07-09,82.7,82.7,81.22,81.3,81.69,81.56,85.0,62.95,1649,134382.3,1.480000000000004,1.4000000000000057,1.1400000000000006,0.0,0.3400000000000034,81.3,82.58,80.5,2875.0,80.96,81.46,80.52,2725.0,80.91,81.6,80.87,3352.0,80.54,80.89,79.92,2593.0,81.27333333333335,0.6839103255038702,2416.3333333333335,81.09799999999998,0.6460650122090584,3107.4,80.672,0.87841081252137,2732.6,79.383,1.5501989685539304,2461.8,85.4166664175347,0.00319803198031976,0.0014531363526277818,-0.4264347826086956,0.9862152357800941,0.9958312898357548,0.012270961279870846,1,7,81.77,81.26,82.0,81.95,82.0,82.8,85.0,82.77,81.99,82.58,81.52,82.78,83.24,83.0,83.68,83.18,82.66,81.54,81.97,80.89
2024-07-10,81.56,81.77,80.64,81.56,81.19,81.19,85.0,62.95,2338,189325.2,1.1299999999999955,0.0,0.37000000000000455,0.20999999999999375,0.5499999999999972,81.56,82.7,81.22,1649.0,81.3,82.58,80.5,2875.0,80.96,81.46,80.52,2725.0,80.76,81.36,80.14,4936.0,81.35000000000001,0.5058655947951548,2287.3333333333335,81.184,0.5762985337485256,2587.8,80.83200000000001,0.7169193353036415,2709.5,79.566,1.5213155664200633,2491.6,77.03862637799544,-0.004536537518391448,-0.011245465538089583,0.41782898726500917,0.992906934071262,0.993225766707806,0.012349122039749529,2,7,81.26,82.0,81.95,82.0,82.8,85.0,82.77,81.99,82.58,81.52,82.78,83.24,83.0,83.68,83.18,82.66,81.54,81.97,80.89,82.0
2024-07-11,81.19,81.26,80.52,81.19,81.26,81.26,85.0,62.95,244,19730.12,0.7400000000000091,0.0,0.07000000000000739,0.0,0.6700000000000017,81.19,81.77,80.64,2338.0,81.56,82.7,81.22,1649.0,81.3,82.58,80.5,2875.0,80.91,81.6,80.87,3352.0,81.33666666666667,0.7301369734491877,1410.3333333333333,81.25399999999999,0.653437066595316,1966.2,80.911,0.6660572214315369,2608.1,79.762,1.473711390726938,2392.95,79.7385618482919,0.0008621751447224213,-0.006237006237006071,-0.8956372968349016,0.9999999999876937,0.9908934284889133,0.012366878660646142,3,7,82.0,81.95,82.0,82.8,85.0,82.77,81.99,82.58,81.52,82.78,83.24,83.0,83.68,83.18,82.66,81.54,81.97,80.89,82.0,81.43
2024-07-12,81.26,82.0,80.87,81.26,81.43,81.41,85.0,62.95,688,56053.09,1.1299999999999955,0.0,0.14999999999999147,0.5900000000000034,0.39000000000000057,81.26,81.26,80.52,244.0,81.19,81.77,80.64,2338.0,81.56,82.7,81.22,1649.0,80.96,81.46,80.52,2725.0,81.28666666666668,0.3787259343257571,1090.0,81.344,0.5932284551508795,1558.8,81.013,0.6393190822177583,2476.3,79.953,1.4282300419162268,2405.1,86.39455754886066,0.0018459266551806852,0.00910657149889249,1.819672131147541,0.992804878036673,0.9933669082300287,0.012274078021389861,4,7,81.95,82.0,82.8,85.0,82.77,81.99,82.58,81.52,82.78,83.24,83.0,83.68,83.18,82.66,81.54,81.97,80.89,82.0,81.43,81.45
2024-07-15,81.43,81.95,81.41,81.41,81.95,81.62,85.0,62.95,3628,296189.88,0.5400000000000063,0.020000000000010232,0.18999999999999773,0.3299999999999983,0.020000000000010232,81.41,82.0,80.87,688.0,81.26,81.26,80.52,244.0,81.19,81.77,80.64,2338.0,81.3,82.58,80.5,2875.0,81.43,0.4135617648319365,1520.0,81.408,0.5178127074538533,1709.4,81.151,0.5707899010231081,2502.8,80.142,1.3513948933954152,2521.05,84.25196819434956,0.002579535683577161,-0.0006097560975609762,4.273255813953488,0.9959731543502627,0.9974271011884656,0.012248899253411319,0,7,82.0,82.8,85.0,82.77,81.99,82.58,81.52,82.78,83.24,83.0,83.68,83.18,82.66,81.54,81.97,80.89,82.0,81.43,81.45,81.12
2024-07-16,81.65,82.0,81.64,81.62,82.0,81.77,85.0,62.95,2976,243369.35,0.35999999999999943,0.030000000000001137,0.11999999999999034,0.23000000000000398,0.010000000000005116,81.62,81.95,81.41,3628.0,81.41,82.0,80.87,688.0,81.26,81.26,80.52,244.0,81.56,82.7,81.22,1649.0,81.60000000000001,0.02886751341658704,2430.6666666666665,81.45,0.3142133033477023,1974.8,81.274,0.48492381990366484,2541.1,80.327,1.2883061094240884,2501.7,82.24852036938462,0.0018377848566526467,0.0006101281269066394,-0.17971334068357225,0.9971951219390585,0.9984101748685531,0.012228327026390085,1,7,82.8,85.0,82.77,81.99,82.58,81.52,82.78,83.24,83.0,83.68,83.18,82.66,81.54,81.97,80.89,82.0,81.43,81.45,81.12,80.68
2024-07-18,82.61,82.8,81.34,81.77,82.26,82.52,85.0,62.95,701,57455.72,1.4599999999999937,0.8400000000000034,0.09000000000000341,0.18999999999999773,1.1799999999999926,81.77,82.0,81.64,2976.0,81.62,81.95,81.41,3628.0,81.41,82.0,80.87,688.0,81.19,81.77,80.64,2338.0,81.97000000000001,0.47696960070581473,2435.0,81.71600000000001,0.5454539393942373,1647.4,81.45,0.5291040645373579,2117.6,80.54499999999999,1.257998723955706,2476.25,81.53846118721876,0.009172067995597333,0.009756097560975618,-0.7644489247311828,0.9966183574758862,0.985700436245932,0.012200699947716047,3,7,85.0,82.77,81.99,82.58,81.52,82.78,83.24,83.0,83.68,83.18,82.66,81.54,81.97,80.89,82.0,81.43,81.45,81.12,80.68,81.54
2024-07-19,85.0,85.0,81.62,82.52,82.0,81.99,85.0,62.95,2659,218636.06,3.3799999999999955,2.480000000000004,3.010000000000005,0.0,0.36999999999999034,82.52,82.8,81.34,701.0,81.77,82.0,81.64,2976.0,81.62,81.95,81.41,3628.0,81.26,81.26,80.52,244.0,82.09333333333335,1.553490693029921,2112.0,81.862,1.3067134345374865,2130.4,81.55799999999999,1.0605009298539245,2048.3,80.711,1.4382723554395305,2568.55,71.62162135062071,-0.006422685409597673,0.026570048309178862,2.7931526390870185,0.9645882352827695,0.9954872545310954,0.012161763251679471,4,7,82.77,81.99,82.58,81.52,82.78,83.24,83.0,83.68,83.18,82.66,81.54,81.97,80.89,82.0,81.43,81.45,81.12,80.68,81.54,81.95
2024-07-22,82.68,82.77,81.0,81.99,81.0,81.74,85.0,62.95,3947,323664.06,1.769999999999996,0.6900000000000119,0.9400000000000119,0.0899999999999892,0.7399999999999949,81.99,85.0,81.62,2659.0,82.52,82.8,81.34,701.0,81.77,82.0,81.64,2976.0,81.41,82.0,80.87,688.0,82.08333333333334,1.2789188142061758,2435.6666666666665,81.928,1.2398911242527564,2782.2,81.636,1.0181360965558173,2170.5,80.8715,1.4010188022332386,2636.55,69.73684184833789,-0.003049152335650729,-0.026235294117647134,0.4843926288078224,0.987555877721547,0.9909469048080384,0.012194742907198247,0,7,81.99,82.58,81.52,82.78,83.24,83.0,83.68,83.18,82.66,81.54,81.97,80.89,82.0,81.43,81.45,81.12,80.68,81.54,81.95,82.41
2024-07-23,80.44,81.99,80.44,81.74,81.82,81.79,85.0,62.95,2183,177905.79,1.5499999999999972,-1.2999999999999972,1.3500000000000085,0.19999999999998863,0.0,81.74,82.77,81.0,3947.0,81.99,85.0,81.62,2659.0,82.52,82.8,81.34,701.0,81.62,81.95,81.41,3628.0,81.84000000000002,1.5621246215749223,2929.6666666666665,81.962,1.2323027225486325,2493.2,81.685,1.0289282449870563,2101.3,81.051,1.2313296193869023,2460.35,67.60563353620307,0.0006116956202595336,-0.009423704240666964,-0.4469217126931847,0.9975606781193127,0.9834943146963748,0.01227053936805535,1,7,82.58,81.52,82.78,83.24,83.0,83.68,83.18,82.66,81.54,81.97,80.89,82.0,81.43,81.45,81.12,80.68,81.54,81.95,82.41,82.35
2024-07-24,82.58,82.58,80.84,81.79,81.48,81.09,85.0,62.95,1858,150834.92,1.7399999999999949,0.789999999999992,1.4899999999999949,0.0,0.25,81.79,81.99,80.44,2183.0,81.74,82.77,81.0,3947.0,81.99,85.0,81.62,2659.0,81.77,82.0,81.64,2976.0,81.54,0.4067349669388699,2662.6666666666665,81.826,1.1495085906598415,2269.6,81.638,1.0260474323013262,2122.2,81.155,1.0974433206803078,2427.4,54.094292616049565,-0.008558503484533575,0.007195999512135565,-0.1488776912505726,0.9819568902763144,0.9969170057837351,0.01231810246592757,2,7,81.52,82.78,83.24,83.0,83.68,83.18,82.66,81.54,81.97,80.89,82.0,81.43,81.45,81.12,80.68,81.54,81.95,82.41,82.35,82.6
2024-07-25,81.06,81.52,80.58,81.09,80.94,80.95,85.0,62.95,547,44262.14,0.9399999999999977,-0.030000000000001137,0.10999999999999943,0.45999999999999375,0.37000000000000455,81.09,82.58,80.84,1858.0,81.79,81.99,80.44,2183.0,81.74,82.77,81.0,3947.0,82.52,82.8,81.34,701.0,81.27666666666669,0.5311308689932516,1529.3333333333333,81.51200000000001,1.339764904750372,2238.8,81.614,1.0462743426075276,1943.1,81.223,0.9911209762053514,2326.3,50.49751226194904,-0.0017264767542236603,-0.012836037781545184,-0.7055974165769645,0.99300785082197,0.9954292773193892,0.012358191447589015,3,7,82.78,83.24,83.0,83.68,83.18,82.66,81.54,81.97,80.89,82.0,81.43,81.45,81.12,80.68,81.54,81.95,82.41,82.35,82.6,82.98
2024-07-26,81.49,82.78,81.49,80.95,82.3,82.33,85.0,62.95,590,48358.62,1.2900000000000063,0.539999999999992,0.8400000000000034,0.45000000000000284,0.0,80.95,81.52,80.58,547.0,81.09,82.58,80.84,1858.0,81.79,81.99,80.44,2183.0,81.99,85.0,81.62,2659.0,81.45666666666666,0.6771508940633557,998.3333333333334,81.58000000000001,0.554589938603978,1825.0,81.721,0.972139107557785,1977.7,81.316,0.9618649648089325,2292.9,62.80373815341076,0.017047560222359426,0.015456329735034302,0.07861060329067637,0.9945639043127015,0.9897971577676448,0.012200513579584939,4,7,83.24,83.0,83.68,83.18,82.66,81.54,81.97,80.89,82.0,81.43,81.45,81.12,80.68,81.54,81.95,82.41,82.35,82.6,82.98,86.32
2024-07-29,82.41,83.24,82.29,82.33,82.69,82.45,85.0,62.95,606,50179.06,0.9499999999999886,0.0799999999999983,0.04000000000000625,0.789999999999992,0.11999999999999034,82.33,82.78,81.49,590.0,80.95,81.52,80.58,547.0,81.09,82.58,80.84,1858.0,81.74,82.77,81.0,3947.0,81.91000000000001,0.890468041723423,581.0,81.72200000000001,0.6749962962867031,1156.8,81.825,0.9748281899898001,1969.5,81.41900000000001,0.958160930335626,2222.9,61.20857683100973,0.0014575488886190424,0.005556897801401339,0.027118644067796627,0.990509370483055,0.998059429945445,0.012076750740248781,0,7,83.0,83.68,83.18,82.66,81.54,81.97,80.89,82.0,81.43,81.45,81.12,80.68,81.54,81.95,82.41,82.35,82.6,82.98,86.32,84.87
2024-07-30,82.83,83.0,82.37,82.45,83.0,82.75,85.0,62.95,439,36321.15,0.6299999999999955,0.37999999999999545,0.0799999999999983,0.1700000000000017,0.37999999999999545,82.45,83.24,82.29,606.0,82.33,82.78,81.49,590.0,80.95,81.52,80.58,547.0,81.79,81.99,80.44,2183.0,82.51,0.23007245235063914,545.0,81.914,0.6644396135095917,808.0,81.938,0.9456073885773706,1650.6,81.5445,0.9202509669138351,2076.7,61.50870389533421,0.0036385688295936802,-0.0028832292167226825,-0.2755775577557755,0.9969879517952169,0.9954078549728652,0.01208662170663616,1,7,83.68,83.18,82.66,81.54,81.97,80.89,82.0,81.43,81.45,81.12,80.68,81.54,81.95,82.41,82.35,82.6,82.98,86.32,84.87,83.6
2024-07-31,83.68,83.68,82.48,82.75,83.16,83.14,85.0,62.95,2583,213795.4,1.2000000000000028,0.9300000000000068,0.5400000000000063,0.0,0.6599999999999966,82.75,83.0,82.37,439.0,82.45,83.24,82.29,606.0,82.33,82.78,81.49,590.0,81.09,82.58,80.84,1858.0,82.78000000000002,0.34486712416608406,1209.3333333333333,82.324,0.8119605901771276,953.0,82.075,0.9432355661933548,1611.3,81.6745,0.9126802633773174,2076.2,68.7861269820798,0.004712990936555972,0.008192771084337469,4.88382687927107,0.9935468451124096,0.9920615828603312,0.012081644413303505,2,7,83.18,82.66,81.54,81.97,80.89,82.0,81.43,81.45,81.12,80.68,81.54,81.95,82.41,82.35,82.6,82.98,86.32,84.87,83.6,83.76
2024-08-01,83.15,83.18,82.7,83.14,83.18,82.88,85.0,62.95,727,60247.08,0.480000000000004,0.010000000000005116,0.27000000000001023,0.030000000000001137,0.1799999999999926,83.14,83.68,82.48,2583.0,82.75,83.0,82.37,439.0,82.45,83.24,82.29,606.0,80.95,81.52,80.58,547.0,82.92333333333335,0.35232560697540544,1249.6666666666667,82.71,0.33388620816200315,989.0,82.111,0.9448009784540079,1613.9,81.7805,0.8938568117996304,1865.75,65.05576191249418,-0.003127255232138637,-0.0059751434034416295,-0.7185443283004258,0.9963933637773935,0.9978281853161459,0.01206697486417579,3,8,82.66,81.54,81.97,80.89,82.0,81.43,81.45,81.12,80.68,81.54,81.95,82.41,82.35,82.6,82.98,86.32,84.87,83.6,83.76,83.94
2024-08-02,82.55,82.66,82.0,82.88,82.44,82.38,85.0,62.95,875,72207.66,0.6599999999999966,-0.3299999999999983,0.1700000000000017,0.10999999999999943,0.37999999999999545,82.88,83.18,82.7,727.0,83.14,83.68,82.48,2583.0,82.75,83.0,82.37,439.0,82.33,82.78,81.49,590.0,82.80000000000001,0.5100326786889323,1395.0,82.72,0.3716449918952234,1046.0,82.15,0.621843138490468,1435.5,81.854,0.8692065347203743,1741.9,58.464223242844795,-0.006032818532818562,-0.006251502765087902,0.203576341127923,0.9966126300387537,0.9953872298980895,0.01211782794235387,4,8,81.54,81.97,80.89,82.0,81.43,81.45,81.12,80.68,81.54,81.95,82.41,82.35,82.6,82.98,86.32,84.87,83.6,83.76,83.94,87.64
2024-08-05,80.75,81.54,79.7,82.38,79.7,80.52,85.0,62.95,4443,357684.35,1.8400000000000034,-1.6299999999999955,0.23000000000000398,0.7900000000000063,0.8199999999999932,82.38,82.66,82.0,875.0,82.88,83.18,82.7,727.0,83.14,83.68,82.48,2583.0,82.45,83.24,82.29,606.0,81.92666666666668,0.8380930735887099,2015.0,82.33399999999999,0.8008245750479833,1813.4,82.02799999999999,0.7278591133507135,1485.1,81.832,0.864115002093301,1827.8,42.54742539354142,-0.022578295702840534,-0.01354947979675769,4.077714285714285,0.9874908020482278,0.9898161947219347,0.012421566669047689,0,8,81.97,80.89,82.0,81.43,81.45,81.12,80.68,81.54,81.95,82.41,82.35,82.6,82.98,86.32,84.87,83.6,83.76,83.94,87.64,84.0
2024-08-06,78.95,81.97,78.95,80.52,80.03,80.03,85.0,62.95,741,59614.43,3.019999999999996,-1.5699999999999932,1.0799999999999983,1.9399999999999977,0.0,80.52,81.54,79.7,4443.0,82.38,82.66,82.0,875.0,82.88,83.18,82.7,727.0,82.75,83.0,82.37,439.0,80.97666666666667,0.5650073745808638,2019.6666666666667,81.78999999999999,0.8698735540299972,1873.8,81.852,0.7297982978565746,1340.9,81.76849999999999,0.8737124361328683,1721.1,38.73056987794979,-0.006085444610034685,0.005273485405935752,-0.8332207967589467,0.9763328046727299,0.9865050605899475,0.012429876457763459,1,8,80.89,82.0,81.43,81.45,81.12,80.68,81.54,81.95,82.41,82.35,82.6,82.98,86.32,84.87,83.6,83.76,83.94,87.64,84.0,86.5
2024-08-07,80.46,80.89,80.12,80.03,80.63,80.63,85.0,62.95,205,16495.68,0.769999999999996,0.4299999999999926,0.1700000000000017,0.2600000000000051,0.3399999999999892,80.03,81.97,78.95,741.0,80.52,81.54,79.7,4443.0,82.38,82.66,82.0,875.0,83.14,83.68,82.48,2583.0,80.39333333333333,0.5437217425585051,1796.3333333333333,81.288,0.9029230310501349,1398.2,81.80600000000001,0.9117894493789769,1175.6,81.72200000000001,0.9448748176627576,1648.9,37.51651248015441,0.007497188554292045,-0.013175552031230886,-0.7233468286099864,0.9967857584250612,0.9936748108521187,0.01242749616869311,2,8,82.0,81.43,81.45,81.12,80.68,81.54,81.95,82.41,82.35,82.6,82.98,86.32,84.87,83.6,83.76,83.94,87.64,84.0,86.5,83.86
2024-08-08,80.63,82.0,79.93,80.63,80.26,80.75,85.0,62.95,1079,86666.27,2.069999999999993,0.0,0.12000000000000455,1.25,0.6999999999999886,80.63,80.89,80.12,205.0,80.03,81.97,78.95,741.0,80.52,81.54,79.7,4443.0,82.88,83.18,82.7,727.0,80.47000000000001,0.6323764701485146,675.0,80.862,0.6525871589303239,1468.6,81.786,0.8692678911966539,1228.8,81.7,0.9378052485517046,1585.95,41.34078204207114,0.0014882797966018213,0.013722338978860105,4.263414634146342,0.9847560975489663,0.989845201226132,0.01245005698295297,3,8,81.43,81.45,81.12,80.68,81.54,81.95,82.41,82.35,82.6,82.98,86.32,84.87,83.6,83.76,83.94,87.64,84.0,86.5,83.86,83.6
2024-08-09,79.14,81.43,79.14,80.75,81.18,81.18,85.0,62.95,63544,5148468.4,2.2900000000000063,-1.6099999999999994,2.0400000000000063,0.25,0.0,80.75,82.0,79.93,1079.0,80.63,80.89,80.12,205.0,80.03,81.97,78.95,741.0,82.38,82.66,82.0,875.0,80.85333333333334,0.5550675634528907,21609.333333333332,80.622,0.45489559241736255,14002.4,81.67099999999999,0.9230799893105104,7524.2,81.696,0.927253442899523,4750.95,46.185286015450494,0.005325077399380929,-0.006951219512195017,57.89156626506024,0.9969298784109427,0.9748706577854782,0.012342311356130686,4,8,81.45,81.12,80.68,81.54,81.95,82.41,82.35,82.6,82.98,86.32,84.87,83.6,83.76,83.94,87.64,84.0,86.5,83.86,83.6,83.11
2024-08-12,81.01,81.45,80.23,81.18,80.63,80.71,85.0,62.95,1182,95372.27,1.2199999999999989,-0.1700000000000017,0.30000000000001137,0.4399999999999977,0.47999999999998977,81.18,81.43,79.14,63544.0,80.75,82.0,79.93,1079.0,80.63,80.89,80.12,205.0,80.52,81.54,79.7,4443.0,80.88000000000001,0.3234707611683374,21935.0,80.66,0.45795196254710246,13350.2,81.497,0.9066666666660298,7581.8,81.66099999999999,0.9491673636462248,4775.65,43.041237035750285,-0.005789603350579098,0.0002456097261451795,-0.9813987158504344,0.990914671565489,0.9940527815513066,0.012393539547711168,0,8,81.12,80.68,81.54,81.95,82.41,82.35,82.6,82.98,86.32,84.87,83.6,83.76,83.94,87.64,84.0,86.5,83.86,83.6,83.11,83.69
2024-08-13,80.64,81.12,80.03,80.71,80.2,80.42,85.0,62.95,927,74809.71,1.0900000000000034,-0.06999999999999318,0.21999999999999886,0.480000000000004,0.39000000000000057,80.71,81.45,80.23,1182.0,81.18,81.43,79.14,63544.0,80.75,82.0,79.93,1079.0,80.03,81.97,78.95,741.0,80.77000000000001,0.18502252114509574,21884.333333333332,80.738,0.4181746046817482,13387.4,81.264,0.9126372042961713,7630.6,81.601,0.9882094387008451,4640.6,45.44217678419176,-0.003593111138644467,-0.004051565377532262,-0.2157360406091371,0.9913708086662799,0.9951504600721817,0.012391439560452614,1,8,80.68,81.54,81.95,82.41,82.35,82.6,82.98,86.32,84.87,83.6,83.76,83.94,87.64,84.0,86.5,83.86,83.6,83.11,83.69,83.96
2024-08-14,80.49,80.68,80.09,80.42,80.57,80.57,85.0,62.95,366,29386.16,0.5900000000000034,0.06999999999999318,0.0799999999999983,0.11000000000001364,0.3999999999999915,80.42,81.12,80.03,927.0,80.71,81.45,80.23,1182.0,81.18,81.43,79.14,63544.0,80.63,80.89,80.12,205.0,80.56666666666668,0.38630730426817056,825.0,80.726,0.4846957808777918,13419.6,81.007,0.7794699053409481,7408.9,81.541,1.0566351757997825,4510.1,47.41847817067131,0.001865207659786039,-0.005424063116370781,-0.6051779935275081,0.9986365889811768,0.9940424475487895,0.012454842687849911,2,8,81.54,81.95,82.41,82.35,82.6,82.98,86.32,84.87,83.6,83.76,83.94,87.64,84.0,86.5,83.86,83.6,83.11,83.69,83.96,84.29
2024-08-16,80.57,81.54,80.38,80.57,81.54,81.53,85.0,62.95,810,65659.27,1.1600000000000108,0.0,0.960000000000008,0.010000000000005116,0.18999999999999773,80.57,80.68,80.09,366.0,80.42,81.12,80.03,927.0,80.71,81.45,80.23,1182.0,80.75,82.0,79.93,1079.0,80.84,0.43003875794041563,701.0,80.88199999999999,0.3528880842430505,13365.8,80.872,0.5781349323461694,7417.2,81.4915,1.0636723872363218,4515.55,44.2363111499556,0.011915104877746163,0.010659395141298988,1.2131147540983607,0.9998773607922506,0.9858947626519575,0.012336414949480668,4,8,81.95,82.41,82.35,82.6,82.98,86.32,84.87,83.6,83.76,83.94,87.64,84.0,86.5,83.86,83.6,83.11,83.69,83.96,84.29,84.64
2024-08-19,81.9,81.95,81.53,81.53,81.53,81.53,85.0,62.95,116,9491.87,0.4200000000000017,0.37000000000000455,0.37000000000000455,0.04999999999999716,0.0,81.53,81.54,80.38,810.0,80.57,80.68,80.09,366.0,80.42,81.12,80.03,927.0,81.18,81.43,79.14,63544.0,81.21000000000001,0.648151216922049,430.6666666666667,80.952,0.4764136857823619,680.2,80.787,0.45392241138158657,7341.3,81.4685,0.8449557758595949,4388.4,43.25513187601585,0.0,0.005028207014961872,-0.8567901234567901,0.994874923721844,0.9999999999877345,0.012220984906028819,0,8,82.41,82.35,82.6,82.98,86.32,84.87,83.6,83.76,83.94,87.64,84.0,86.5,83.86,83.6,83.11,83.69,83.96,84.29,84.64,84.63
2024-08-20,81.99,82.41,81.97,81.53,82.41,82.41,85.0,62.95,1879,154778.93,0.4399999999999977,0.45999999999999375,0.4200000000000017,0.0,0.01999999999999602,81.53,81.95,81.53,116.0,81.53,81.54,80.38,810.0,80.57,80.68,80.09,366.0,80.71,81.45,80.23,1182.0,81.82333333333334,0.43523939772352005,935.0,81.292,0.6784172757239775,819.6,80.976,0.5456942570901144,7084.9,81.502,0.8336569722427905,4285.0,47.702702612454324,0.01079357291794425,0.005613178767541083,15.198275862068964,0.9999999999878655,0.9946608421187397,0.012139895268690564,1,8,82.35,82.6,82.98,86.32,84.87,83.6,83.76,83.94,87.64,84.0,86.5,83.86,83.6,83.11,83.69,83.96,84.29,84.64,84.63,85.12
2024-08-21,82.27,82.35,81.75,82.41,82.3,82.22,85.0,62.95,498,40924.84,0.5999999999999943,-0.14000000000000057,0.04999999999999716,0.0799999999999983,0.46999999999999886,82.41,82.41,81.97,1879.0,81.53,81.95,81.53,116.0,81.53,81.54,80.38,810.0,80.42,81.12,80.03,927.0,82.05333333333334,0.2500666577748362,831.0,81.652,0.7103027523533597,733.8,81.195,0.5900809737268786,7060.6,81.5235,0.8354845741752541,4200.75,43.611111026311725,-0.0023055454435141343,-0.0007280669821624342,-0.7349654071314529,0.9984213721797399,0.994283629275185,0.01216864867400796,2,8,82.6,82.98,86.32,84.87,83.6,83.76,83.94,87.64,84.0,86.5,83.86,83.6,83.11,83.69,83.96,84.29,84.64,84.63,85.12,88.56
2024-08-22,82.3,82.6,82.15,82.22,82.59,82.19,85.0,62.95,589,48476.69,0.44999999999998863,0.0799999999999983,0.10999999999999943,0.29999999999999716,0.03999999999999204,82.22,82.35,81.75,498.0,82.41,82.41,81.97,1879.0,81.53,81.95,81.53,116.0,80.57,80.68,80.09,366.0,82.27333333333334,0.1305118129926589,988.6666666666666,81.976,0.4243229901864674,778.4,81.351,0.6145287263866906,7099.0,81.57849999999999,0.8361029589083704,4137.3,45.050215117546216,-0.00036487472634394447,0.0030358227079538835,0.18273092369477917,0.9950363196005444,0.9995133227764995,0.012150169493832765,3,8,82.98,86.32,84.87,83.6,83.76,83.94,87.64,84.0,86.5,83.86,83.6,83.11,83.69,83.96,84.29,84.64,84.63,85.12,88.56,85.15
2024-08-23,82.98,82.98,82.03,82.19,82.6,82.6,85.0,62.95,1059,87248.87,0.9500000000000028,0.7900000000000063,0.38000000000000966,0.0,0.5699999999999932,82.19,82.6,82.15,589.0,82.22,82.35,81.75,498.0,82.41,82.41,81.97,1879.0,81.53,81.54,80.38,810.0,82.33666666666667,0.31722757340841623,715.3333333333334,82.19000000000001,0.37572596396950075,828.2,81.53599999999999,0.7262758888091729,7097.0,81.66099999999999,0.8465153028122603,4162.9,51.598837104304685,0.004988441416230671,0.004600484261501281,0.797962648556876,0.9954205832610817,0.9930992735957253,0.012137693015393643,4,8,86.32,84.87,83.6,83.76,83.94,87.64,84.0,86.5,83.86,83.6,83.11,83.69,83.96,84.29,84.64,84.63,85.12,88.56,85.15,85.8
2024-08-26,86.32,86.32,82.45,82.6,83.22,83.21,86.32,62.95,2477,205322.87,3.8699999999999903,3.719999999999999,3.1099999999999994,0.0,0.7599999999999909,82.6,82.98,82.03,1059.0,82.19,82.6,82.15,589.0,82.22,82.35,81.75,498.0,81.53,81.95,81.53,116.0,82.66666666666667,2.046883810412864,1375.0,82.526,1.6883631126037038,1300.4,81.739,1.5688212135227069,990.3,81.705,1.2528135703710501,4257.25,73.88987548233423,0.007384987893462425,0.04025066281031564,1.3389990557129368,0.9639712696829938,0.9908664823820351,0.012063926439368338,0,8,84.87,83.6,83.76,83.94,87.64,84.0,86.5,83.86,83.6,83.11,83.69,83.96,84.29,84.64,84.63,85.12,88.56,85.15,85.8,86.44
2024-08-27,84.87,84.87,82.96,83.21,82.96,82.97,86.32,62.95,781,64882.97,1.9100000000000108,1.6600000000000108,1.9000000000000057,0.0,0.010000000000005116,83.21,86.32,82.45,2477.0,82.6,82.98,82.03,1059.0,82.19,82.6,82.15,589.0,82.41,82.41,81.97,1879.0,82.92666666666668,1.674823373771128,1439.0,82.638,1.7107980593865861,1080.8,81.965,1.7188484517254126,950.2,81.731,1.3620491528345964,4266.0,77.32341987313609,-0.0028842687177020876,-0.016797961075069368,-0.6846992329430763,0.9776128195949378,0.9998794744968075,0.01203705687332112,1,8,83.6,83.76,83.94,87.64,84.0,86.5,83.86,83.6,83.11,83.69,83.96,84.29,84.64,84.63,85.12,88.56,85.15,85.8,86.44,88.4
2024-08-28,82.97,83.6,82.88,82.97,82.88,83.27,86.32,62.95,300,24929.63,0.7199999999999989,0.0,0.29999999999999716,0.3299999999999983,0.09000000000000341,82.97,84.87,82.96,781.0,83.21,86.32,82.45,2477.0,82.6,82.98,82.03,1059.0,82.22,82.35,81.75,498.0,83.15,1.3609922850614313,1186.0,82.848,1.5225242198405002,1041.2,82.25,1.6457959911372022,887.5,81.75699999999999,1.3817071820189344,4259.05,75.98425175909854,0.003615764734241189,-0.014964062684105217,-0.615877080665813,0.9960526315670328,0.9953164404828231,0.012033872945566699,2,8,83.76,83.94,87.64,84.0,86.5,83.86,83.6,83.11,83.69,83.96,84.29,84.64,84.63,85.12,88.56,85.15,85.8,86.44,88.4,87.0
2024-08-29,83.27,83.76,83.03,83.27,83.3,83.3,86.32,62.95,4747,394479.56,0.730000000000004,0.0,0.030000000000001137,0.46000000000000796,0.23999999999999488,83.27,83.6,82.88,300.0,82.97,84.87,82.96,781.0,83.21,86.32,82.45,2477.0,82.19,82.6,82.15,589.0,83.18,0.6916887546651962,1942.6666666666667,83.07,1.3161610843665503,1872.8,82.523,1.4550891534346913,1325.6,81.765,1.385532388650875,4367.25,75.5511019924418,0.0003602738080941137,0.001913875598086312,14.823333333333334,0.9945081184217465,0.9967587034694266,0.012033576593930465,3,8,83.94,87.64,84.0,86.5,83.86,83.6,83.11,83.69,83.96,84.29,84.64,84.63,85.12,88.56,85.15,85.8,86.44,88.4,87.0,87.14
2024-08-30,83.54,83.94,83.44,83.3,83.55,83.87,86.32,62.95,2219,185353.45,0.5,0.2400000000000091,0.3299999999999983,0.06999999999999318,0.10000000000000853,83.3,83.76,83.03,4747.0,83.27,83.6,82.88,300.0,82.97,84.87,82.96,781.0,82.6,82.98,82.03,1059.0,83.48000000000002,0.17009801095357635,2422.0,83.324,1.1314238816645825,2104.8,82.75699999999999,1.3370431722436227,1466.5,81.8145,1.416255626643933,4441.85,76.21832337874142,0.0068427370948380695,0.0021489971346704273,-0.5325468717084474,0.9991660709911941,0.9948730177537274,0.011971722134117213,4,8,87.64,84.0,86.5,83.86,83.6,83.11,83.69,83.96,84.29,84.64,84.63,85.12,88.56,85.15,85.8,86.44,88.4,87.0,87.14,87.48
2024-09-02,87.64,87.64,83.81,83.87,83.87,83.88,87.64,62.95,966,81288.72,3.8299999999999983,3.769999999999996,3.760000000000005,0.0,0.06999999999999318,83.87,83.94,83.44,2219.0,83.3,83.76,83.03,4747.0,83.27,83.6,82.88,300.0,83.21,86.32,82.45,2477.0,83.68333333333334,2.1900076103360893,2644.0,83.458,1.68259323664425,1802.6,82.99199999999999,1.7587561892804198,1551.5,81.8895,1.824308376517573,4446.4,83.9400425749123,0.00011923214498610335,0.0440791041219919,-0.5646687697160884,0.9570972158722375,0.9991654744754511,0.011883567609380342,0,9,84.0,86.5,83.86,83.6,83.11,83.69,83.96,84.29,84.64,84.63,85.12,88.56,85.15,85.8,86.44,88.4,87.0,87.14,87.48,88.28
2024-09-03,83.8,84.0,83.7,83.88,84.0,84.0,87.64,62.95,4141,346795.37,0.29999999999999716,-0.0799999999999983,0.20000000000000284,0.0,0.09999999999999432,83.88,87.64,83.81,966.0,83.87,83.94,83.44,2219.0,83.3,83.76,83.03,4747.0,82.97,84.87,82.96,781.0,83.91666666666667,2.119087854084859,2442.0,83.664,1.7133359273653717,2474.6,83.151,1.6636185460211472,1777.7,82.0635,1.8212185047670333,4431.3,89.77777749846925,0.0014306151645206988,-0.04153354632587858,3.286749482401656,0.9999999999880952,0.9964285714167092,0.011940759186029468,1,9,86.5,83.86,83.6,83.11,83.69,83.96,84.29,84.64,84.63,85.12,88.56,85.15,85.8,86.44,88.4,87.0,87.14,87.48,88.28,98.0
2024-09-04,86.5,86.5,83.15,84.0,83.98,83.92,87.64,62.95,1566,130564.43,3.3499999999999943,2.5,2.5799999999999983,0.0,0.769999999999996,84.0,84.0,83.7,4141.0,83.88,87.64,83.81,966.0,83.87,83.94,83.44,2219.0,83.27,83.6,82.88,300.0,83.93333333333334,1.861862866413565,2224.3333333333335,83.794,1.7846344163444257,2727.8,83.321,1.6668029944240756,1884.5,82.25800000000001,1.9777107313362865,4472.55,87.8103834696739,-0.0009523809523809268,0.029761904761904656,-0.6218304757304999,0.9701734103934084,0.9908245948404335,0.01199407832592681,2,9,83.86,83.6,83.11,83.69,83.96,84.29,84.64,84.63,85.12,88.56,85.15,85.8,86.44,88.4,87.0,87.14,87.48,88.28,98.0,91.75
2024-09-05,83.41,83.86,83.38,83.92,83.79,83.78,87.64,62.95,560,46782.72,0.480000000000004,-0.5100000000000051,0.37000000000000455,0.0799999999999983,0.030000000000001137,83.92,86.5,83.15,1566.0,84.0,84.0,83.7,4141.0,83.88,87.64,83.81,966.0,83.3,83.76,83.03,4747.0,83.9,1.4854404509538761,2089.0,83.89000000000001,1.7653668174068,1890.4,83.47999999999999,1.5398416224472764,1881.6,82.4155,1.9133739833081775,4490.3,81.16343458828598,-0.0016682554814109185,-0.030520231213872817,-0.6424010217113665,0.9990460290841993,0.9952255908212553,0.011970231743686303,3,9,83.6,83.11,83.69,83.96,84.29,84.64,84.63,85.12,88.56,85.15,85.8,86.44,88.4,87.0,87.14,87.48,88.28,98.0,91.75,87.9
2024-09-06,83.6,83.6,82.46,83.78,82.83,82.78,87.64,62.95,2044,169470.55,1.1400000000000006,-0.18000000000000682,0.8199999999999932,0.0,0.3200000000000074,83.78,83.86,83.38,560.0,83.92,86.5,83.15,1566.0,84.0,84.0,83.7,4141.0,83.87,83.94,83.44,2219.0,83.49333333333335,1.6045352390427856,1390.0,83.672,1.830792178266284,1855.4,83.498,1.4717672672293431,1980.1,82.517,1.8916854083623758,4538.55,63.557483538003346,-0.011936022917164002,-0.003100405437634235,2.65,0.9901913875479642,0.9961343319522089,0.012061092620517182,4,9,83.11,83.69,83.96,84.29,84.64,84.63,85.12,88.56,85.15,85.8,86.44,88.4,87.0,87.14,87.48,88.28,98.0,91.75,87.9,86.84
2024-09-09,82.72,83.11,82.29,82.78,82.67,83.07,87.64,62.95,376,31109.57,0.8199999999999932,-0.060000000000002274,0.3499999999999943,0.04000000000000625,0.4299999999999926,82.78,83.6,82.46,2044.0,83.78,83.86,83.38,560.0,83.92,86.5,83.15,1566.0,83.88,87.64,83.81,966.0,83.21000000000001,0.3808324215850438,993.3333333333334,83.51,1.3221875812459032,1737.4,83.48400000000001,1.4555625105851946,1770.0,82.61149999999999,1.839454724697276,1380.15,58.208955021162836,0.00350326165740511,-0.005861244019138678,-0.8160469667318982,0.9995187101311571,0.9906103286265727,0.012086312989860931,0,9,83.69,83.96,84.29,84.64,84.63,85.12,88.56,85.15,85.8,86.44,88.4,87.0,87.14,87.48,88.28,98.0,91.75,87.9,86.84,86.3
2024-09-10,83.07,83.69,82.64,83.07,83.05,83.09,87.64,62.95,1100,91352.66,1.0499999999999972,0.0,0.020000000000010232,0.5999999999999943,0.4299999999999926,83.07,83.11,82.29,376.0,82.78,83.6,82.46,2044.0,83.78,83.86,83.38,560.0,84.0,84.0,83.7,4141.0,82.98,0.3121431295581211,1173.3333333333333,83.328,1.3418531961436337,1129.2,83.49600000000001,1.4689225075994277,1801.9,82.7305,1.7808377685503372,1376.05,61.298701075797005,0.0002407608041412601,0.0069787029238359555,1.9255319148936172,0.9928306846577509,0.9945841858106319,0.012041247622127127,1,9,83.96,84.29,84.64,84.63,85.12,88.56,85.15,85.8,86.44,88.4,87.0,87.14,87.48,88.28,98.0,91.75,87.9,86.84,86.3,87.44
2024-09-11,83.96,83.96,82.64,83.09,82.72,82.7,87.64,62.95,599,49789.75,1.3199999999999932,0.8699999999999903,1.259999999999991,0.0,0.060000000000002274,83.09,83.69,82.64,1100.0,83.07,83.11,82.29,376.0,82.78,83.6,82.46,2044.0,83.92,86.5,83.15,1566.0,82.95333333333333,0.43431939092136707,691.6666666666666,83.084,0.33004545141666275,935.8,83.439,1.452271783562632,1831.8,82.84450000000001,1.6897916408463778,1359.65,56.05700693947796,-0.0046937056204116034,0.0032261918986735694,-0.45545454545454545,0.9849928537281445,0.9992744860822336,0.012030588625168594,2,9,84.29,84.64,84.63,85.12,88.56,85.15,85.8,86.44,88.4,87.0,87.14,87.48,88.28,98.0,91.75,87.9,86.84,86.3,87.44,84.9
2024-09-12,83.1,84.29,82.91,82.7,84.1,84.2,87.64,62.95,142,11880.7,1.3800000000000097,0.3999999999999915,1.1000000000000085,0.09000000000000341,0.18999999999999773,82.7,83.96,82.64,599.0,83.09,83.69,82.64,1100.0,83.07,83.11,82.29,376.0,83.78,83.86,83.38,560.0,83.33000000000001,0.3004995840211514,613.6666666666666,83.16799999999999,0.4385772451927281,852.2,83.52900000000001,1.4356527744854402,1371.3,83.026,1.539987269257217,1348.45,65.09433945069429,0.018137847642079707,0.003930443068127731,-0.7629382303839733,0.9989322576699615,0.98467933490517,0.011952157701144548,3,9,84.64,84.63,85.12,88.56,85.15,85.8,86.44,88.4,87.0,87.14,87.48,88.28,98.0,91.75,87.9,86.84,86.3,87.44,84.9,84.49
2024-09-13,84.2,84.64,83.9,84.2,84.15,84.15,87.64,62.95,981,82716.03,0.7399999999999949,0.0,0.04999999999999716,0.4399999999999977,0.25,84.2,84.29,82.91,142.0,82.7,83.96,82.64,599.0,83.09,83.69,82.64,1100.0,82.78,83.6,82.46,2044.0,83.68333333333335,0.34004901606995885,574.0,83.44200000000001,0.5840119861791113,639.6,83.557,1.4245580211259932,1247.5,83.157,1.448710043271015,1357.0,59.91561163738019,-0.00059382422802845,0.0041523312373945576,5.908450704225352,0.9942107750355127,0.9970291146643252,0.011859853525368518,4,9,84.63,85.12,88.56,85.15,85.8,86.44,88.4,87.0,87.14,87.48,88.28,98.0,91.75,87.9,86.84,86.3,87.44,84.9,84.49,83.98
2024-09-16,84.63,84.63,84.03,84.15,84.18,84.35,87.64,62.95,169,14241.89,0.5999999999999943,0.47999999999998977,0.28000000000000114,0.0,0.3199999999999932,84.15,84.64,83.9,981.0,84.2,84.29,82.91,142.0,82.7,83.96,82.64,599.0,83.07,83.11,82.29,376.0,84.23333333333333,0.1992485884435814,430.6666666666667,83.69800000000001,0.41697721760416856,598.2,83.60400000000001,0.9243712577861132,1167.8,83.29799999999999,1.3706121375427738,1359.65,64.68085087116341,0.002376708259061111,-0.00011814744801519339,-0.8277268093781855,0.9966914805506712,0.9962062833314025,0.011866402563142121,0,9,85.12,88.56,85.15,85.8,86.44,88.4,87.0,87.14,87.48,88.28,98.0,91.75,87.9,86.84,86.3,87.44,84.9,84.49,83.98,83.36
2024-09-17,82.66,85.12,82.66,84.35,84.24,84.56,87.64,62.95,8925,754932.53,2.460000000000008,-1.6899999999999977,1.9000000000000057,0.5600000000000023,0.0,84.35,84.63,84.03,169.0,84.15,84.64,83.9,981.0,84.2,84.29,82.91,142.0,83.09,83.69,82.64,1100.0,84.35333333333334,0.28005951747803365,3358.3333333333335,83.99199999999999,0.4337856613593448,2163.2,83.66,0.9608098435977919,1646.2,83.4055,1.3240054857576753,1711.95,63.99132301607848,0.0024896265560165887,0.005789909015715633,51.81065088757396,0.9934210526199081,0.9775307473867367,0.011822248539217123,1,9,88.56,85.15,85.8,86.44,88.4,87.0,87.14,87.48,88.28,98.0,91.75,87.9,86.84,86.3,87.44,84.9,84.49,83.98,83.36,83.2
2024-09-18,88.56,88.56,83.94,84.56,84.05,84.52,88.56,62.95,1137,96160.09,4.6200000000000045,4.0,4.040000000000006,0.0,0.5799999999999983,84.56,85.12,82.66,8925.0,84.35,84.63,84.03,169.0,84.15,84.64,83.9,981.0,82.7,83.96,82.64,599.0,84.47666666666667,2.1415959780802942,3410.3333333333335,84.356,1.764587770557508,2270.8,83.72,1.5285010813062616,1603.3,83.5205,1.5569716726627778,1743.9,63.20346301193753,-0.00047303689687805406,0.040413533834586346,-0.8726050420168068,0.9543812104679947,0.9931377188713543,0.011824032194645286,2,9,85.15,85.8,86.44,88.4,87.0,87.14,87.48,88.28,98.0,91.75,87.9,86.84,86.3,87.44,84.9,84.49,83.98,83.36,83.2,83.12
2024-09-19,84.7,85.15,84.29,84.52,84.34,84.34,88.56,62.95,22140,1872884.81,0.8599999999999994,0.18000000000000682,0.35999999999999943,0.45000000000000284,0.04999999999999716,84.52,88.56,83.94,1137.0,84.56,85.12,82.66,8925.0,84.35,84.63,84.03,169.0,84.2,84.29,82.91,142.0,84.47333333333334,1.97748156333495,10734.0,84.384,1.662453006854975,6670.4,83.776,1.5185757215960867,3761.3,83.628,1.4889165965827624,2821.45,55.555555371683745,-0.002129673450070868,-0.03850496838301709,18.472295514511874,0.9904873752085673,0.9994071614773606,0.011821335664524925,3,9,85.8,86.44,88.4,87.0,87.14,87.48,88.28,98.0,91.75,87.9,86.84,86.3,87.44,84.9,84.49,83.98,83.36,83.2,83.12,83.0
2024-09-20,84.51,85.8,84.51,84.34,85.54,85.6,88.56,62.95,14130,1206582.75,1.289999999999992,0.1700000000000017,1.0899999999999892,0.20000000000000284,0.0,84.34,85.15,84.29,22140.0,84.52,88.56,83.94,1137.0,84.56,85.12,82.66,8925.0,84.15,84.64,83.9,981.0,84.82000000000001,1.810533991210764,12469.0,84.67399999999999,1.5698630513523073,9300.2,84.058,1.5048311090170596,4969.9,83.77799999999999,1.4493650152287636,3475.0,65.6934304891044,0.014939530471899332,0.007633587786259444,-0.3617886178861789,0.9976689976573697,0.9872663551286535,0.01171075916674591,4,9,86.44,88.4,87.0,87.14,87.48,88.28,98.0,91.75,87.9,86.84,86.3,87.44,84.9,84.49,83.98,83.36,83.2,83.12,83.0,83.22
2024-09-23,85.95,86.44,85.54,85.6,85.54,85.91,88.56,62.95,762,65686.06,0.8999999999999915,0.3500000000000085,0.04000000000000625,0.4899999999999949,0.36999999999999034,85.6,85.8,84.51,14130.0,84.34,85.15,84.29,22140.0,84.52,88.56,83.94,1137.0,84.35,84.63,84.03,169.0,85.28333333333335,0.6450064599132349,12344.0,84.986,1.4190771649213507,9418.8,84.342,1.4326572048698547,5008.5,83.913,1.455995228448161,3389.25,66.84303334465565,0.003621495327102764,0.007459207459207473,-0.9460721868365181,0.9938685793499089,0.9956931672564814,0.011600634898789612,0,9,88.4,87.0,87.14,87.48,88.28,98.0,91.75,87.9,86.84,86.3,87.44,84.9,84.49,83.98,83.36,83.2,83.12,83.0,83.22,83.08
2024-09-24,86.62,88.4,86.05,85.91,86.05,86.4,88.56,62.95,971,84017.19,2.3500000000000085,0.710000000000008,0.21999999999999886,1.7800000000000011,0.3500000000000085,85.91,86.44,85.54,762.0,85.6,85.8,84.51,14130.0,84.34,85.15,84.29,22140.0,84.56,85.12,82.66,8925.0,85.97000000000001,1.3546955377486485,5287.666666666667,85.354,1.539902594322545,7828.0,84.67299999999999,1.6313011166955538,4995.6,84.0845,1.6575361391632573,3398.75,70.39473668001216,0.00570364334768958,0.022674687644609115,0.27427821522309714,0.9773755655998034,0.9959490740625467,0.01155715871954285,1,9,87.0,87.14,87.48,88.28,98.0,91.75,87.9,86.84,86.3,87.44,84.9,84.49,83.98,83.36,83.2,83.12,83.0,83.22,83.08,83.0
2024-09-25,87.0,87.0,86.02,86.4,86.4,86.4,88.56,62.95,2305,198601.95,0.980000000000004,0.5999999999999943,0.5999999999999943,0.0,0.38000000000000966,86.4,88.4,86.05,971.0,85.91,86.44,85.54,762.0,85.6,85.8,84.51,14130.0,84.52,88.56,83.94,1137.0,86.23666666666668,1.0095543571279106,1346.0,85.73,1.2408948384134981,8061.6,85.043,1.5525824365298742,5166.2,84.241,1.676909673367125,3499.0,72.05387188404816,0.0,-0.015837104072398245,1.3738414006179198,0.9931034482644471,0.9956018518403286,0.011606129748474213,2,9,87.14,87.48,88.28,98.0,91.75,87.9,86.84,86.3,87.44,84.9,84.49,83.98,83.36,83.2,83.12,83.0,83.22,83.08,83.0,82.99
2024-09-26,86.63,87.14,86.63,86.4,87.0,87.13,88.56,62.95,2382,207471.97,0.5100000000000051,0.22999999999998977,0.5,0.010000000000005116,0.0,86.4,87.0,86.02,2305.0,86.4,88.4,86.05,971.0,85.91,86.44,85.54,762.0,84.34,85.15,84.29,22140.0,86.64333333333333,0.7710598766173681,1886.0,86.288,0.9648212269645166,4110.0,85.336,1.4621430238595117,5390.2,84.4325,1.6939032315617673,3380.75,88.35978814161608,0.008449074074073915,0.0016091954022987576,0.03340563991323209,0.999885242127612,0.9942614483990099,0.011481068984884988,3,9,87.48,88.28,98.0,91.75,87.9,86.84,86.3,87.44,84.9,84.49,83.98,83.36,83.2,83.12,83.0,83.22,83.08,83.0,82.99,81.3
2024-09-27,87.13,87.48,87.0,87.13,87.1,87.18,88.56,62.95,293,25557.75,0.480000000000004,0.0,0.05000000000001137,0.29999999999999716,0.12999999999999545,87.13,87.14,86.63,2382.0,86.4,87.0,86.02,2305.0,86.4,88.4,86.05,971.0,85.6,85.8,84.51,14130.0,86.90333333333335,0.24684678107949015,1660.0,86.60400000000001,0.7240994406857104,1342.6,85.639,1.3799822865203444,5321.4,84.598,1.7209650750303875,3284.45,87.84530364091458,0.0005738551589580254,0.0039017672710581763,-0.8769941225860621,0.9965706447074009,0.9979353062514574,0.011464232962603849,4,9,88.28,98.0,91.75,87.9,86.84,86.3,87.44,84.9,84.49,83.98,83.36,83.2,83.12,83.0,83.22,83.08,83.0,82.99,81.3,81.9
2024-09-30,85.44,88.28,85.44,87.18,86.0,85.93,88.56,62.95,4637,399945.58,2.8400000000000034,-1.740000000000009,0.4900000000000091,2.3499999999999943,0.0,87.18,87.48,87.0,293.0,87.13,87.14,86.63,2382.0,86.4,87.0,86.02,2305.0,85.91,86.44,85.54,762.0,86.74666666666667,0.5852634734281212,2437.3333333333335,86.608,0.646219776857227,2117.6,85.797,1.2889621147776715,5768.2,84.7005,1.7671918699631406,3468.0,71.32132117139666,-0.014338150952053264,0.009144947416552363,14.825938566552901,0.9733801540442526,0.9942976841499557,0.011594077374226734,0,9,98.0,91.75,87.9,86.84,86.3,87.44,84.9,84.49,83.98,83.36,83.2,83.12,83.0,83.22,83.08,83.0,82.99,81.3,81.9,82.5
2024-10-01,86.68,98.0,85.31,85.93,98.0,89.95,98.0,62.95,2111,182431.27,12.689999999999998,0.75,3.269999999999996,8.049999999999997,1.3700000000000045,85.93,88.28,85.44,4637.0,87.18,87.48,87.0,293.0,87.13,87.14,86.63,2382.0,86.4,88.4,86.05,971.0,87.68666666666668,5.856460819755206,2347.0,87.31800000000001,4.73303285431251,2345.6,86.336,3.6125068242917306,5086.8,84.998,3.2543604351862974,3366.5,85.22837694915481,0.04678226463400437,0.11010421386497504,-0.5447487599741212,0.917857142847777,0.9484157865375384,0.01157148113917087,1,10,91.75,87.9,86.84,86.3,87.44,84.9,84.49,83.98,83.36,83.2,83.12,83.0,83.22,83.08,83.0,82.99,81.3,81.9,82.5,82.0
2024-10-03,89.95,91.75,84.1,89.95,85.0,87.16,98.0,62.95,85318,7273546.63,7.650000000000006,0.0,2.7900000000000063,1.7999999999999972,3.0600000000000023,89.95,98.0,85.31,2111.0,85.93,88.28,85.44,4637.0,87.18,87.48,87.0,293.0,86.4,87.0,86.02,2305.0,87.68,4.925812961667069,30688.666666666668,87.47,4.559232391532783,18948.2,86.6,3.782233907802649,13504.9,85.16,3.476950418186462,7554.1,62.78065622807172,-0.031017231795442024,-0.06377551020408168,39.4159166271909,0.9499727520332427,0.9648921523523991,0.01172990349001172,3,10,87.9,86.84,86.3,87.44,84.9,84.49,83.98,83.36,83.2,83.12,83.0,83.22,83.08,83.0,82.99,81.3,81.9,82.5,82.0,81.39
2024-10-04,87.16,87.9,82.76,87.16,85.26,83.84,98.0,62.95,54613,4595717.41,5.140000000000001,0.0,3.319999999999993,0.7400000000000091,1.0799999999999983,87.16,91.75,84.1,85318.0,89.95,98.0,85.31,2111.0,85.93,88.28,85.44,4637.0,87.13,87.14,86.63,2382.0,86.98333333333335,5.097303208559796,47347.333333333336,86.812,4.428760548957435,29394.4,86.55,3.6038080168373265,16752.2,85.163,3.4297860912277978,10256.75,48.956228910074934,-0.038090867370353276,-0.041961852861035376,-0.3598888862842542,0.9538111490221409,0.9871183205989131,0.011883454774909668,4,10,86.84,86.3,87.44,84.9,84.49,83.98,83.36,83.2,83.12,83.0,83.22,83.08,83.0,82.99,81.3,81.9,82.5,82.0,81.39,81.69
2024-10-07,86.84,86.84,83.0,83.84,83.0,83.28,98.0,62.95,9187,777803.86,3.8400000000000034,3.0,3.5600000000000023,0.0,0.28000000000000114,83.84,87.9,82.76,54613.0,87.16,91.75,84.1,85318.0,89.95,98.0,85.31,2111.0,87.18,87.48,87.0,293.0,84.76,2.5837376027753645,49706.0,86.032,4.551975395364273,31173.2,86.31800000000001,3.52106060410447,16257.9,85.188,3.3488833959994357,10613.9,46.4825772090233,-0.00667938931297718,-0.01205915813424352,-0.8317799791258491,0.9590050667784545,0.9966378482108953,0.01181146105394744,0,10,86.3,87.44,84.9,84.49,83.98,83.36,83.2,83.12,83.0,83.22,83.08,83.0,82.99,81.3,81.9,82.5,82.0,81.39,81.69,81.77
2024-10-08,83.17,86.3,83.0,83.28,84.83,85.58,98.0,62.95,7967,678160.37,3.299999999999997,-0.10999999999999943,2.4099999999999966,0.7199999999999989,0.1700000000000017,83.28,86.84,83.0,9187.0,83.84,87.9,82.76,54613.0,87.16,91.75,84.1,85318.0,85.93,88.28,85.44,4637.0,84.23333333333335,0.8139615060489115,23922.333333333332,85.962,4.87399425522863,31839.2,86.285,3.5322905693990436,16978.4,85.3135,3.232361488057053,10993.45,52.94797683576463,0.02761767531219972,-0.006218332565637974,-0.1327963426581038,0.9916570104172461,0.9698527693272978,0.011747958672371238,1,10,87.44,84.9,84.49,83.98,83.36,83.2,83.12,83.0,83.22,83.08,83.0,82.99,81.3,81.9,82.5,82.0,81.39,81.69,81.77,81.14
2024-10-09,87.44,87.44,83.0,85.58,83.29,83.69,98.0,62.95,37977,3175659.98,4.439999999999998,1.8599999999999994,3.75,0.0,0.6899999999999977,85.58,86.3,83.0,7967.0,83.28,86.84,83.0,9187.0,83.84,87.9,82.76,54613.0,89.95,98.0,85.31,2111.0,84.18333333333334,0.5702630971719381,18377.0,84.71000000000001,2.1570303660360013,39012.4,86.01400000000001,3.5605931153857058,20679.0,85.34349999999999,3.133315714769545,12837.3,47.83289813735455,-0.02208459920542183,0.013209733487833164,3.7667880005020713,0.9571134492113779,0.9917552873582058,0.011958773999475847,2,10,84.9,84.49,83.98,83.36,83.2,83.12,83.0,83.22,83.08,83.0,82.99,81.3,81.9,82.5,82.0,81.39,81.69,81.77,81.14,81.9
2024-10-10,84.9,84.9,83.0,83.69,83.14,83.14,98.0,62.95,9285,773455.73,1.9000000000000057,1.210000000000008,1.7600000000000051,0.0,0.14000000000000057,83.69,87.44,83.0,37977.0,85.58,86.3,83.0,7967.0,83.28,86.84,83.0,9187.0,87.16,91.75,84.1,85318.0,84.13666666666667,1.2722159145874992,18409.666666666668,83.90599999999999,1.1623596689498563,23805.8,85.688,3.736962670404769,21377.0,85.3655,3.087995602669472,13271.6,46.926229474540605,-0.006571872386187061,-0.029048490393412507,-0.7555099138952523,0.9792697290815161,0.9983160933245331,0.012004565536026203,3,10,84.49,83.98,83.36,83.2,83.12,83.0,83.22,83.08,83.0,82.99,81.3,81.9,82.5,82.0,81.39,81.69,81.77,81.14,81.9,81.9
2024-10-11,82.0,84.49,81.2,83.14,83.0,83.2,98.0,62.95,13596,1127083.89,3.289999999999992,-1.1400000000000006,1.2000000000000028,1.289999999999992,0.7999999999999972,83.14,84.9,83.0,9285.0,83.69,87.44,83.0,37977.0,85.58,86.3,83.0,7967.0,83.84,87.9,82.76,54613.0,83.34333333333335,1.5980300372635734,20286.0,83.77799999999999,1.260864782600072,15602.4,85.29499999999999,3.9406451812416696,22498.4,85.31550000000001,3.078032693646809,13944.3,43.449781626184695,0.0007216742843396684,-0.004829210836278075,0.46429725363489505,0.984731920925734,0.9759615384498082,0.012062988496801236,4,10,83.98,83.36,83.2,83.12,83.0,83.22,83.08,83.0,82.99,81.3,81.9,82.5,82.0,81.39,81.69,81.77,81.14,81.9,81.9,81.19
2024-10-14,83.98,83.98,82.69,83.2,83.31,83.51,98.0,62.95,2117,176534.38,1.2900000000000063,0.7800000000000011,0.46999999999999886,0.0,0.8200000000000074,83.2,84.49,81.2,13596.0,83.14,84.9,83.0,9285.0,83.69,87.44,83.0,37977.0,83.28,86.84,83.0,9187.0,83.28333333333335,0.46090490703657583,8332.666666666666,83.824,1.4198309758562948,14188.4,84.928,4.173849275881499,22680.8,85.2835,3.111554020269191,14001.1,43.449781626184695,0.0037259615384614975,-0.006036217303822866,-0.8442924389526332,0.9944034293761085,0.9901808166568052,0.011991998385810108,0,10,83.36,83.2,83.12,83.0,83.22,83.08,83.0,82.99,81.3,81.9,82.5,82.0,81.39,81.69,81.77,81.14,81.9,81.9,81.19,83.45
2024-10-15,83.33,83.36,82.86,83.51,82.91,83.09,98.0,62.95,2607,216606.04,0.5,-0.18000000000000682,0.23999999999999488,0.030000000000001137,0.23000000000000398,83.51,83.98,82.69,2117.0,83.2,84.49,81.2,13596.0,83.14,84.9,83.0,9285.0,85.58,86.3,83.0,7967.0,83.26666666666668,0.5658916268426151,6106.666666666667,83.326,1.56651843270386,13116.4,84.64399999999999,4.418416508710237,22477.8,85.2205,3.1806723469964804,14123.0,40.93150681791555,-0.005029337803855838,-0.00738271016908798,0.23145961265942372,0.9967610364563728,0.9972319171862168,0.012035675459465434,1,10,83.2,83.12,83.0,83.22,83.08,83.0,82.99,81.3,81.9,82.5,82.0,81.39,81.69,81.77,81.14,81.9,81.9,81.19,83.45,81.31
2024-10-16,83.1,83.2,82.77,83.09,83.2,83.07,98.0,62.95,2390,198461.58,0.4300000000000068,0.009999999999990905,0.030000000000001137,0.10000000000000853,0.29999999999999716,83.09,83.36,82.86,2607.0,83.51,83.98,82.69,2117.0,83.2,84.49,81.2,13596.0,83.69,87.44,83.0,37977.0,83.22333333333334,0.41198705480966863,2371.3333333333335,83.202,0.7244170069792999,5999.0,83.956,2.6229593125998365,22505.7,85.14599999999999,3.2748603425426586,13796.25,40.88669947605833,-0.0002407028523289112,-0.0019193857965450478,-0.08323743766781744,0.9984374999879994,0.9963885879258891,0.012042633138363547,2,10,83.12,83.0,83.22,83.08,83.0,82.99,81.3,81.9,82.5,82.0,81.39,81.69,81.77,81.14,81.9,81.9,81.19,83.45,81.31,81.2
2024-10-17,83.12,83.12,82.0,83.07,82.54,82.53,98.0,62.95,2755,226983.1,1.1200000000000045,0.05000000000001137,0.5900000000000034,0.0,0.5300000000000011,83.07,83.2,82.77,2390.0,83.09,83.36,82.86,2607.0,83.51,83.98,82.69,2117.0,83.14,84.9,83.0,9285.0,82.89666666666668,0.12220201852201786,2584.0,83.08,0.5873670062242154,4693.0,83.49300000000001,1.8251213049483543,14249.4,85.0465,3.373438469168197,13877.15,37.27876103308063,-0.006500541711809249,-0.0009615384615384581,0.15271966527196645,0.992901828669479,0.9935780928026949,0.01213746750308718,3,10,83.0,83.22,83.08,83.0,82.99,81.3,81.9,82.5,82.0,81.39,81.69,81.77,81.14,81.9,81.9,81.19,83.45,81.31,81.2,80.11
2024-10-18,82.01,83.0,81.36,82.53,83.0,82.7,98.0,62.95,4346,357011.49,1.6400000000000006,-0.519999999999996,0.6899999999999977,0.29999999999999716,0.6500000000000057,82.53,83.12,82.0,2755.0,83.07,83.2,82.77,2390.0,83.09,83.36,82.86,2607.0,83.2,84.49,81.2,13596.0,82.76666666666667,0.10066445912487224,3163.6666666666665,82.98,0.3851233568621396,2843.0,83.379,1.655563348228807,9222.7,84.9645,3.4634678392739433,12987.45,37.6923076633136,0.0020598570216892043,-0.0014436958614052475,0.5774954627949183,0.9963855421566701,0.9837968560945126,0.012173277672379643,4,10,83.22,83.08,83.0,82.99,81.3,81.9,82.5,82.0,81.39,81.69,81.77,81.14,81.9,81.9,81.19,83.45,81.31,81.2,80.11,79.19
2024-10-21,83.22,83.22,81.96,82.7,82.07,82.41,98.0,62.95,2552,210701.66,1.2600000000000051,0.519999999999996,0.8100000000000023,0.0,0.45000000000000284,82.7,83.0,81.36,4346.0,82.53,83.12,82.0,2755.0,83.07,83.2,82.77,2390.0,83.51,83.98,82.69,2117.0,82.54666666666668,0.11015141093467343,3217.6666666666665,82.75999999999999,0.1326649916170112,2930.0,83.292,1.5165930385053876,8559.2,84.805,3.5473913321141493,12408.55,39.79118326235052,-0.003506650544135459,0.002650602409638436,-0.412793373216751,0.990266762785505,0.994539497621714,0.012111912170032206,0,10,83.08,83.0,82.99,81.3,81.9,82.5,82.0,81.39,81.69,81.77,81.14,81.9,81.9,81.19,83.45,81.31,81.2,80.11,79.19,80.31
2024-10-22,82.06,83.08,81.63,82.41,81.8,81.73,98.0,62.95,6234,511814.8,1.4500000000000028,-0.3499999999999943,0.3299999999999983,1.019999999999996,0.10000000000000853,82.41,83.22,81.96,2552.0,82.7,83.0,81.36,4346.0,82.53,83.12,82.0,2755.0,83.09,83.36,82.86,2607.0,82.28000000000002,0.11135528724569632,4377.333333333333,82.488,0.08988882022106305,3655.4,82.90700000000001,1.380760257570962,8385.9,84.596,3.6344599251290592,12682.15,20.43165465568036,-0.008251425797839995,-0.0016822879115597766,1.4427899686520376,0.9837506018177209,0.9987764590603354,0.012180187052035205,1,10,83.0,82.99,81.3,81.9,82.5,82.0,81.39,81.69,81.77,81.14,81.9,81.9,81.19,83.45,81.31,81.2,80.11,79.19,80.31,81.3
2024-10-23,82.77,83.0,80.3,81.73,81.59,81.69,98.0,62.95,2542,208193.03,2.700000000000003,1.039999999999992,1.0799999999999983,0.23000000000000398,1.3900000000000006,81.73,83.08,81.63,6234.0,82.41,83.22,81.96,2552.0,82.7,83.0,81.36,4346.0,83.07,83.2,82.77,2390.0,81.94333333333334,0.11135528724569632,3776.0,82.212,0.0920869154697303,3685.8,82.707,0.6804451157544352,4842.4,84.3605,3.6817750295776843,12760.7,25.470851985955903,-0.0004894163709776578,-0.000962927298988947,-0.5922361244786654,0.9842168674580214,0.9829844534094383,0.012209822778408999,2,10,82.99,81.3,81.9,82.5,82.0,81.39,81.69,81.77,81.14,81.9,81.9,81.19,83.45,81.31,81.2,80.11,79.19,80.31,81.3,80.76
2024-10-24,81.6,82.99,80.92,81.69,82.99,81.4,98.0,62.95,2492,202221.27,2.069999999999993,-0.09000000000000341,0.19999999999998863,1.3900000000000006,0.480000000000004,81.69,83.0,80.3,2542.0,81.73,83.08,81.63,6234.0,82.41,83.22,81.96,2552.0,82.53,83.12,82.0,2755.0,81.60666666666667,0.04932882859886949,3756.0,81.98599999999999,0.09757048734492373,3633.2,82.53299999999999,0.4984464754488539,4163.1,84.1105,3.7431021120259786,12770.05,34.975369397825744,-0.003550006120700111,-0.0001204819277108582,-0.019669551534225005,0.9808410651767583,0.9941031940909815,0.012323134950146381,3,10,81.3,81.9,82.5,82.0,81.39,81.69,81.77,81.14,81.9,81.9,81.19,83.45,81.31,81.2,80.11,79.19,80.31,81.3,80.76,82.2
2024-10-25,81.28,81.3,79.0,81.4,79.0,79.41,98.0,62.95,19760,1588998.53,2.299999999999997,-0.12000000000000455,1.8700000000000045,0.01999999999999602,0.4099999999999966,81.4,82.99,80.92,2492.0,81.69,83.0,80.3,2542.0,81.73,83.08,81.63,6234.0,82.7,83.0,81.36,4346.0,80.83333333333334,0.9786214794280004,8264.666666666666,81.328,0.7980100250001143,6716.0,82.15400000000001,0.6735519447085688,4779.5,83.7245,3.872854618332265,13638.95,29.738219851692662,-0.02444717444717459,-0.02036389926497162,6.929373996789727,0.9767527675156611,0.9948369222894492,0.012435505525609257,4,10,81.9,82.5,82.0,81.39,81.69,81.77,81.14,81.9,81.9,81.19,83.45,81.31,81.2,80.11,79.19,80.31,81.3,80.76,82.2,81.96
2024-10-28,81.01,81.9,80.23,79.41,81.09,81.07,98.0,62.95,7667,621758.77,1.6700000000000017,1.6000000000000085,0.05999999999998806,0.8300000000000125,0.7800000000000011,79.41,81.3,79.0,19760.0,81.4,82.99,80.92,2492.0,81.69,83.0,80.3,2542.0,82.41,83.22,81.96,2552.0,80.62666666666668,0.8567574530351819,9973.0,81.06,0.8086902991879192,7739.0,81.91,0.6670007496236066,5334.5,83.419,3.936932916557557,14007.65,24.691357985894598,0.02090416824077579,0.0073800738007381295,-0.6119939271255062,0.9898656898536033,0.989638583927598,0.012331148943825894,0,10,82.5,82.0,81.39,81.69,81.77,81.14,81.9,81.9,81.19,83.45,81.31,81.2,80.11,79.19,80.31,81.3,80.76,82.2,81.96,81.9
2024-10-29,81.16,82.5,80.81,81.07,82.5,81.6,98.0,62.95,11467,930883.02,1.6899999999999977,0.09000000000000341,0.4399999999999977,0.9000000000000057,0.3499999999999943,81.07,81.9,80.23,7667.0,79.41,81.3,79.0,19760.0,81.4,82.99,80.92,2492.0,81.73,83.08,81.63,6234.0,80.69333333333334,0.5999999999983938,12964.666666666666,81.03399999999999,0.7346563822635948,8785.6,81.761,0.6442644384607252,6220.5,83.20250000000001,3.9267199047712875,14349.15,36.158940330301306,0.0065375601332182676,0.0073260073260073,0.4956306247554454,0.9890909090789199,0.9903186274388441,0.012318411393947208,1,10,82.0,81.39,81.69,81.77,81.14,81.9,81.9,81.19,83.45,81.31,81.2,80.11,79.19,80.31,81.3,80.76,82.2,81.96,81.9,81.9
2024-10-30,82.0,82.0,81.15,81.6,81.4,81.38,98.0,62.95,981,80113.63,0.8499999999999943,0.4000000000000057,0.6200000000000045,0.0,0.22999999999998977,81.6,82.5,80.81,11467.0,81.07,81.9,80.23,7667.0,79.41,81.3,79.0,19760.0,81.69,83.0,80.3,2542.0,81.35000000000001,0.3214550253632717,6705.0,80.97200000000001,0.6393121303405789,8473.4,81.592,0.6587943533443779,6079.6,82.774,2.5525575925253152,14292.65,37.8116342757115,-0.0026960784313725394,-0.0060606060606061,-0.9144501613325194,0.9924390243781409,0.9971737527525538,0.012245107355639578,2,10,81.39,81.69,81.77,81.14,81.9,81.9,81.19,83.45,81.31,81.2,80.11,79.19,80.31,81.3,80.76,82.2,81.96,81.9,81.9,81.43
2024-10-31,81.38,81.39,80.48,81.38,81.0,81.0,98.0,62.95,3151,254894.61,0.9099999999999966,0.0,0.37999999999999545,0.010000000000005116,0.519999999999996,81.38,82.0,81.15,981.0,81.6,82.5,80.81,11467.0,81.07,81.9,80.23,7667.0,81.4,82.99,80.92,2492.0,81.32666666666667,0.5559076661923082,5199.666666666667,80.89200000000001,0.4889989775046292,8605.2,81.439,0.7332242343077585,6119.2,82.466,1.9422490354715676,10184.3,35.41114051780424,-0.004669451953796977,-0.007439024390243909,2.2120285423037718,0.9952082565303451,0.9935802469013139,0.012361971875356596,3,10,81.69,81.77,81.14,81.9,81.9,81.19,83.45,81.31,81.2,80.11,79.19,80.31,81.3,80.76,82.2,81.96,81.9,81.9,81.43,84.72
2024-11-01,81.6,81.69,81.0,81.0,81.05,81.21,98.0,62.95,161,13107.58,0.6899999999999977,0.5999999999999943,0.39000000000000057,0.09000000000000341,0.20999999999999375,81.0,81.39,80.48,3151.0,81.38,82.0,81.15,981.0,81.6,82.5,80.81,11467.0,79.41,81.3,79.0,19760.0,81.19666666666667,0.30501366089324244,1431.0,81.252,0.4105240553251183,4685.4,81.28999999999999,0.7386632069703637,5700.7,82.3345,1.7370922467402181,7461.7,34.5430106876878,0.0025925925925924798,0.0036859565057132393,-0.948905109489051,0.9941241277880508,0.9974141115503335,0.012282969091166157,4,11,81.77,81.14,81.9,81.9,81.19,83.45,81.31,81.2,80.11,79.19,80.31,81.3,80.76,82.2,81.96,81.9,81.9,81.43,84.72,82.35
2024-11-04,81.77,81.77,79.64,81.21,80.1,80.27,98.0,63.38,7982,645444.21,2.1299999999999955,0.5600000000000023,1.5,0.0,0.6299999999999955,81.21,81.69,81.0,161.0,81.0,81.39,80.48,3151.0,81.38,82.0,81.15,981.0,81.07,81.9,80.23,7667.0,80.82666666666667,0.20033305601305906,3764.6666666666665,81.092,0.4143066497180302,4748.4,81.076,0.6794736525008457,6243.7,82.184,1.5849996679397742,7401.45,32.28643210401877,-0.011574929195911854,0.0009793120332965977,48.577639751552795,0.9816558639968,0.9921514887131911,0.012366676896830459,0,11,81.14,81.9,81.9,81.19,83.45,81.31,81.2,80.11,79.19,80.31,81.3,80.76,82.2,81.96,81.9,81.9,81.43,84.72,82.35,83.0
2024-11-05,80.51,81.14,79.8,80.27,80.56,80.92,98.0,63.38,1845,148526.39,1.3400000000000034,0.2400000000000091,0.4099999999999966,0.21999999999999886,0.710000000000008,80.27,81.77,79.64,7982.0,81.21,81.69,81.0,161.0,81.0,81.39,80.48,3151.0,81.6,82.5,80.81,11467.0,80.80000000000001,0.342977161530568,3329.3333333333335,80.956,0.33640749099945855,2824.0,80.99499999999999,0.6650446935678973,5804.8,81.951,1.4754063668593813,7095.35,37.48544813448242,0.008097670362526621,-0.007704537116301813,-0.7688549235780506,0.9972886369115443,0.9861591695379861,0.012422034898983188,1,11,81.9,81.9,81.19,83.45,81.31,81.2,80.11,79.19,80.31,81.3,80.76,82.2,81.96,81.9,81.9,81.43,84.72,82.35,83.0,83.99
2024-11-06,81.34,81.9,80.98,80.92,81.9,81.84,98.0,63.38,1334,108736.02,0.9200000000000017,0.4200000000000017,0.5,0.060000000000002274,0.35999999999999943,80.92,81.14,79.8,1845.0,80.27,81.77,79.64,7982.0,81.21,81.69,81.0,161.0,81.38,82.0,81.15,981.0,81.01,0.4064890322401537,3720.3333333333335,81.04799999999999,0.30833423423380873,2894.6,81.01,0.5576896787427019,5684.0,81.8585,1.0520119821214466,5263.2,46.153846081811174,0.011369253583786376,0.009366526990387092,-0.27696476964769645,0.9992673992551981,0.9894916910925037,0.012268243770555402,2,11,81.9,81.19,83.45,81.31,81.2,80.11,79.19,80.31,81.3,80.76,82.2,81.96,81.9,81.9,81.43,84.72,82.35,83.0,83.99,83.5
2024-11-07,81.84,81.9,81.0,81.84,81.2,81.14,98.0,63.38,2705,219619.45,0.9000000000000057,0.0,0.7000000000000028,0.060000000000002274,0.14000000000000057,81.84,81.9,80.98,1334.0,80.92,81.14,79.8,1845.0,80.27,81.77,79.64,7982.0,81.0,81.39,80.48,3151.0,81.30000000000001,0.4387862045820487,1961.3333333333333,81.076,0.3148809298775675,2805.4,80.98400000000001,0.39450249963792505,5705.3,81.7585,0.9278400213743396,4934.2,41.78947362262602,-0.008553274682306933,0.0,1.027736131934033,0.9907203907082939,0.9982745871210466,0.01231675974054205,3,11,81.19,83.45,81.31,81.2,80.11,79.19,80.31,81.3,80.76,82.2,81.96,81.9,81.9,81.43,84.72,82.35,83.0,83.99,83.5,84.95
2024-11-08,80.81,81.19,80.61,81.14,81.05,81.01,98.0,63.38,1368,110871.38,0.5799999999999983,-0.3299999999999983,0.20000000000000284,0.1799999999999926,0.20000000000000284,81.14,81.9,81.0,2705.0,81.84,81.9,80.98,1334.0,80.92,81.14,79.8,1845.0,81.21,81.69,81.0,161.0,81.33,0.40991869112241414,1802.3333333333333,81.036,0.3829490827780507,3046.8,81.14399999999999,0.40965568197710356,3866.1,81.649,0.8545622147907933,4322.8,42.50535325534533,-0.0016021690904608477,-0.00866910866910875,-0.4942698706099815,0.9977829781869962,0.9950623379706818,0.012338621563112027,4,11,83.45,81.31,81.2,80.11,79.19,80.31,81.3,80.76,82.2,81.96,81.9,81.9,81.43,84.72,82.35,83.0,83.99,83.5,84.95,83.4
2024-11-11,83.45,83.45,80.58,81.01,81.1,81.19,98.0,65.0,10822,877954.39,2.8700000000000045,2.4399999999999977,2.260000000000005,0.0,0.6099999999999994,81.01,81.19,80.61,1368.0,81.14,81.9,81.0,2705.0,81.84,81.9,80.98,1334.0,80.27,81.77,79.64,7982.0,81.11333333333334,1.1557248807557776,4965.0,81.22,0.9331291443313685,3614.8,81.156,0.6810783932677211,4181.6,81.53299999999999,0.8094084909759318,4758.05,46.94570128311763,0.0022219479076657223,0.027835940386747193,6.9108187134502925,0.9729179149074545,0.9924867594409104,0.012326380644898861,0,11,81.31,81.2,80.11,79.19,80.31,81.3,80.76,82.2,81.96,81.9,81.9,81.43,84.72,82.35,83.0,83.99,83.5,84.95,83.4,83.35
2024-11-12,79.6,81.31,79.6,81.19,80.11,80.3,98.0,65.0,3356,269907.79,1.710000000000008,-1.5900000000000034,0.7000000000000028,1.0100000000000051,0.0,81.19,83.45,80.58,10822.0,81.01,81.19,80.61,1368.0,81.14,81.9,81.0,2705.0,80.92,81.14,79.8,1845.0,80.83333333333334,1.2715869350270057,5182.0,81.096,0.9003055037044906,3917.0,81.026,0.6670532212637548,3370.5,81.39349999999999,0.8052320685437856,4795.5,42.82765731686405,-0.010961941125754437,-0.025644098262432635,-0.6898909628534466,0.9875784036282427,0.9912826899004821,0.0124338760285503,1,11,81.2,80.11,79.19,80.31,81.3,80.76,82.2,81.96,81.9,81.9,81.43,84.72,82.35,83.0,83.99,83.5,84.95,83.4,83.35,83.07
2024-11-13,80.11,81.2,79.0,80.3,80.45,79.9,98.0,65.0,3181,253645.47,2.200000000000003,-0.18999999999999773,0.20999999999999375,1.0900000000000034,0.9000000000000057,80.3,81.31,79.6,3356.0,81.19,83.45,80.58,10822.0,81.01,81.19,80.61,1368.0,81.84,81.9,80.98,1334.0,80.46333333333334,1.2684767768198888,5786.333333333333,80.708,0.9623149172701114,4286.4,80.878,0.6846767282598163,3590.5,81.235,0.8055588122544347,4835.05,42.34693871501456,-0.004981320049813109,-0.001352847128274548,-0.05214541120381411,0.9839901477711331,0.9887359198875001,0.012541126794024698,2,11,80.11,79.19,80.31,81.3,80.76,82.2,81.96,81.9,81.9,81.43,84.72,82.35,83.0,83.99,83.5,84.95,83.4,83.35,83.07,87.38
2024-11-14,80.11,80.11,78.3,79.9,79.05,79.18,98.0,65.0,3499,277177.96,1.8100000000000023,0.20999999999999375,0.9299999999999926,0.0,0.8800000000000097,79.9,81.2,79.0,3181.0,80.3,81.31,79.6,3356.0,81.19,83.45,80.58,10822.0,81.14,81.9,81.0,2705.0,79.79333333333335,0.6633500835395056,3345.3333333333335,80.316,1.219147242953264,4445.2,80.696,0.8479937106675178,3625.3,81.06750000000001,0.8918437436898164,4872.25,48.65181703621044,-0.009011264080100112,-0.01342364532019713,0.09996856334486015,0.9883909624143254,0.988886082331537,0.012623658821935146,3,11,79.19,80.31,81.3,80.76,82.2,81.96,81.9,81.9,81.43,84.72,82.35,83.0,83.99,83.5,84.95,83.4,83.35,83.07,87.38,84.01
2024-11-18,79.19,79.19,78.01,79.18,79.0,78.96,98.0,65.06,1345,105888.08,1.1799999999999926,0.009999999999990905,0.23000000000000398,0.0,0.9499999999999886,79.18,80.11,78.3,3499.0,79.9,81.2,79.0,3181.0,80.3,81.31,79.6,3356.0,81.01,81.19,80.61,1368.0,79.34666666666668,1.0061974623960133,2675.0,79.90599999999999,1.596345827194251,4440.6,80.47099999999999,1.1292495049557285,3743.7,80.88050000000001,1.058744415259356,4722.2,35.11988709567298,-0.002778479413993562,-0.011484209212333063,-0.6156044584166904,0.9970955928652974,0.9879685916794838,0.012702090735803192,0,11,80.31,81.3,80.76,82.2,81.96,81.9,81.9,81.43,84.72,82.35,83.0,83.99,83.5,84.95,83.4,83.35,83.07,87.38,84.01,84.0
2024-11-19,79.96,80.31,77.97,78.96,79.0,79.33,98.0,65.06,947,75204.84,2.3400000000000034,1.0,0.6299999999999955,0.3500000000000085,1.3599999999999994,78.96,79.19,78.01,1345.0,79.18,80.11,78.3,3499.0,79.9,81.2,79.0,3181.0,81.19,83.45,80.58,10822.0,79.15666666666668,0.597327380921862,1930.3333333333333,79.53399999999999,0.8691259977704097,2465.6,80.377,1.1580443284542117,3040.2,80.7265,1.054940257725142,4641.95,33.62193355401054,0.004685916919959565,0.014143199898977166,-0.295910780669145,0.9877972855063155,0.9828564225263726,0.012592274646152925,1,11,81.3,80.76,82.2,81.96,81.9,81.9,81.43,84.72,82.35,83.0,83.99,83.5,84.95,83.4,83.35,83.07,87.38,84.01,84.0,82.19
2024-11-21,80.47,81.3,77.55,79.33,78.5,78.57,98.0,65.06,1426,112345.48,3.75,1.1400000000000006,1.9000000000000057,0.8299999999999983,1.019999999999996,79.33,80.31,77.97,947.0,78.96,79.19,78.01,1345.0,79.18,80.11,78.3,3499.0,80.3,81.31,79.6,3356.0,78.95333333333333,1.0556672455523648,1239.3333333333333,79.18800000000002,0.8665852525865012,2079.6,80.14200000000001,1.1586889142467451,2998.3,80.5685,1.0031849281168295,4401.55,31.191432337793813,-0.009580234463632986,0.012327231976092534,0.5058078141499471,0.9664206641947549,0.9870179457682701,0.012692989517691208,3,11,80.76,82.2,81.96,81.9,81.9,81.43,84.72,82.35,83.0,83.99,83.5,84.95,83.4,83.35,83.07,87.38,84.01,84.0,82.19,84.7
2024-11-22,79.05,80.76,78.87,78.57,80.63,80.63,98.0,65.06,2532,201700.55,1.8900000000000006,0.480000000000004,1.5799999999999983,0.13000000000000966,0.1799999999999926,78.57,81.3,77.55,1426.0,79.33,80.31,77.97,947.0,78.96,79.19,78.01,1345.0,79.9,81.2,79.0,3181.0,79.51,0.49568134925427254,1635.0,79.33399999999999,0.7864667825155729,1949.8,80.021,1.1365034095849824,3118.1,80.5155,0.9600685282562567,4401.05,47.978142003093524,0.026218658521063976,-0.006642066420664117,0.7755960729312763,0.9983902922115107,0.978171896304376,0.012553262745193246,4,11,82.2,81.96,81.9,81.9,81.43,84.72,82.35,83.0,83.99,83.5,84.95,83.4,83.35,83.07,87.38,84.01,84.0,82.19,84.7,80.93
2024-11-25,80.63,82.2,80.63,80.63,82.2,81.59,98.0,65.3,2017,164545.02,1.5700000000000074,0.0,0.960000000000008,0.6099999999999994,0.0,80.63,80.76,78.87,2532.0,78.57,81.3,77.55,1426.0,79.33,80.31,77.97,947.0,79.18,80.11,78.3,3499.0,80.26333333333334,0.7274613391777163,1991.6666666666667,79.816,1.1216371962450549,1653.4,80.066,1.1644054276746962,3049.3,80.525,0.9089118711263762,4377.3,51.91919184577088,0.011906238372814126,0.017830609212481363,-0.20339652448657186,0.9925790754137156,0.9882338521756557,0.012258043421794157,0,11,81.96,81.9,81.9,81.43,84.72,82.35,83.0,83.99,83.5,84.95,83.4,83.35,83.07,87.38,84.01,84.0,82.19,84.7,80.93,80.68
2024-11-26,81.6,81.96,81.12,81.59,81.31,81.31,98.0,65.3,617,50312.91,0.8399999999999892,0.009999999999990905,0.28999999999999204,0.35999999999999943,0.18999999999999773,81.59,82.2,80.63,2017.0,80.63,80.76,78.87,2532.0,78.57,81.3,77.55,1426.0,78.96,79.19,78.01,1345.0,81.17666666666668,0.771492060878223,1722.0,80.286,0.7932717062901877,1507.8,80.096,1.195904585565285,2974.2,80.61999999999999,0.916068688530521,3420.15,55.62770554342124,-0.0034317931119010048,-0.0029197080291971655,-0.6941001487357461,0.9920693020864805,0.9976632640388924,0.012263254103171289,1,11,81.9,81.9,81.43,84.72,82.35,83.0,83.99,83.5,84.95,83.4,83.35,83.07,87.38,84.01,84.0,82.19,84.7,80.93,80.68,80.43
2024-11-27,81.31,81.9,81.2,81.31,81.9,81.9,98.0,65.3,1604,130772.69,0.7000000000000028,0.0,0.5900000000000034,0.0,0.10999999999999943,81.31,81.96,81.12,617.0,81.59,82.2,80.63,2017.0,80.63,80.76,78.87,2532.0,79.33,80.31,77.97,947.0,81.60000000000001,0.1587450786574271,1412.6666666666667,80.8,0.5857303133700669,1639.2,80.167,0.9424459901992942,2052.4,80.6615,0.916068688530521,3117.0,55.33769054741529,0.007256180051654182,-0.0007320644216689542,1.5996758508914102,0.99999999998779,0.9914529914408857,0.012265557892859645,2,11,81.9,81.43,84.72,82.35,83.0,83.99,83.5,84.95,83.4,83.35,83.07,87.38,84.01,84.0,82.19,84.7,80.93,80.68,80.43,80.32
2024-11-28,81.42,81.9,80.36,81.9,80.8,80.69,98.0,65.3,2492,201554.37,1.5400000000000063,-0.480000000000004,0.730000000000004,0.480000000000004,0.3299999999999983,81.9,81.9,81.2,1604.0,81.31,81.96,81.12,617.0,81.59,82.2,80.63,2017.0,78.57,81.3,77.55,1426.0,81.30000000000001,0.034641016122536616,1571.0,81.224,0.5638084781205535,1852.4,80.20599999999999,0.9800572545624622,1966.0,80.61600000000001,0.8896082816260246,2668.25,43.92819423284109,-0.014774114774114833,0.0,0.5536159600997506,0.9852258852138555,0.995910273875376,0.012363909549567136,3,11,81.43,84.72,82.35,83.0,83.99,83.5,84.95,83.4,83.35,83.07,87.38,84.01,84.0,82.19,84.7,80.93,80.68,80.43,80.32,80.74
2024-11-29,80.81,81.43,80.8,80.69,80.88,81.21,98.0,65.3,697,56493.89,0.6300000000000097,0.12000000000000455,0.3999999999999915,0.22000000000001307,0.010000000000005116,80.69,81.9,80.36,2492.0,81.9,81.9,81.2,1604.0,81.31,81.96,81.12,617.0,80.63,80.76,78.87,2532.0,81.26666666666667,0.27135462651560904,1597.6666666666667,81.34,0.27932060432527256,1485.4,80.337,0.9857901512089239,1717.6,80.6075,0.8794076954050427,2654.05,50.37674911676267,0.006444416904201278,-0.005738705738705718,-0.7203049759229534,0.9972982930001558,0.9949513606576167,0.012337617395438476,4,11,84.72,82.35,83.0,83.99,83.5,84.95,83.4,83.35,83.07,87.38,84.01,84.0,82.19,84.7,80.93,80.68,80.43,80.32,80.74,80.24
2024-12-02,84.72,84.72,80.05,81.21,81.5,81.63,98.0,66.46,2924,237908.1,4.670000000000002,3.510000000000005,3.0900000000000034,0.0,1.5799999999999983,81.21,81.43,80.8,697.0,80.69,81.9,80.36,2492.0,81.9,81.9,81.2,1604.0,81.59,82.2,80.63,2017.0,81.17666666666668,1.7793912816834103,2037.6666666666667,81.348,1.3243186927626982,1666.8,80.582,1.4410570965627567,1660.1,80.639,1.1507813135342946,2642.7,53.23590806416458,0.005171776874769218,0.04040279995087803,3.1951219512195124,0.9635269121699299,0.9806443709300423,0.012290460055794603,0,12,82.35,83.0,83.99,83.5,84.95,83.4,83.35,83.07,87.38,84.01,84.0,82.19,84.7,80.93,80.68,80.43,80.32,80.74,80.24,79.98
2024-12-03,82.18,82.35,82.04,81.63,82.35,82.32,98.0,66.46,60,4937.52,0.30999999999998806,0.5500000000000114,0.13999999999998636,0.030000000000001137,0.14000000000000057,81.63,84.72,80.05,2924.0,81.21,81.43,80.8,697.0,80.69,81.9,80.36,2492.0,81.31,81.96,81.12,617.0,81.72000000000001,1.6974196102705006,1227.0,81.55,1.3045880575878006,1555.4,80.918,1.1857585476528023,1531.6,80.69449999999999,1.1638976035630095,2637.65,55.59960349074382,0.008452774715178135,-0.02797450424929182,-0.9794801641586868,0.9996357012629066,0.996598639443676,0.012151849511493186,1,12,83.0,83.99,83.5,84.95,83.4,83.35,83.07,87.38,84.01,84.0,82.19,84.7,80.93,80.68,80.43,80.32,80.74,80.24,79.98,80.05
2024-12-04,80.27,83.0,80.27,82.32,82.15,82.57,98.0,66.46,3633,299156.47,2.730000000000004,-2.049999999999997,2.299999999999997,0.4300000000000068,0.0,82.32,82.35,82.04,60.0,81.63,84.72,80.05,2924.0,81.21,81.43,80.8,697.0,81.9,81.9,81.2,1604.0,82.17333333333335,1.2245951712017362,2205.6666666666665,81.684,1.2790426107056556,1961.2,81.24199999999999,1.0905635648082406,1800.2,80.8095,1.2051464204558768,2420.2,62.010581918714415,0.003036929057337323,0.007893139040680008,59.55,0.9948192770964478,0.9721448467848838,0.012144146506341609,2,12,83.99,83.5,84.95,83.4,83.35,83.07,87.38,84.01,84.0,82.19,84.7,80.93,80.68,80.43,80.32,80.74,80.24,79.98,80.05,81.25
2024-12-05,82.57,83.99,82.0,82.57,83.1,82.81,98.0,66.46,2681,222020.07,1.9899999999999949,0.0,0.2400000000000091,1.1799999999999926,0.5699999999999932,82.57,83.0,80.27,3633.0,82.32,82.35,82.04,60.0,81.63,84.72,80.05,2924.0,80.69,81.9,80.36,2492.0,82.56666666666668,0.8258530942793207,2124.6666666666665,82.108,1.3017180954418617,1999.0,81.666,1.1847498563918892,1925.7,80.904,1.304684979118567,2462.0,65.66200205390001,0.0029066246820881325,0.011927710843373518,-0.2620423892100193,0.9859507084059299,0.9902185726241972,0.012075484887469803,3,12,83.5,84.95,83.4,83.35,83.07,87.38,84.01,84.0,82.19,84.7,80.93,80.68,80.43,80.32,80.74,80.24,79.98,80.05,81.25,82.0
2024-12-06,83.5,83.5,81.53,82.81,81.53,83.1,98.0,66.46,3261,271210.89,1.9699999999999989,0.6899999999999977,0.4000000000000057,0.0,1.5699999999999932,82.81,83.99,82.0,2681.0,82.57,83.0,80.27,3633.0,82.32,82.35,82.04,60.0,81.21,81.43,80.8,697.0,82.82666666666667,0.49500841743400054,3191.6666666666665,82.48599999999999,0.9083336391441417,2511.8,81.91299999999998,1.069124771846661,1998.6,80.967,1.3588434517325994,2558.35,72.12189604856567,0.0035019925129813334,-0.005834027860459501,0.21633718761656096,0.9952095808264045,0.9811070998678567,0.012023853466945917,4,12,84.95,83.4,83.35,83.07,87.38,84.01,84.0,82.19,84.7,80.93,80.68,80.43,80.32,80.74,80.24,79.98,80.05,81.25,82.0,81.45
2024-12-09,84.95,84.95,82.73,83.1,83.28,82.83,98.0,68.85,1445,120038.01,2.219999999999999,1.8500000000000085,2.1200000000000045,0.0,0.09999999999999432,83.1,83.5,81.53,3261.0,82.81,83.99,82.0,2681.0,82.57,83.0,80.27,3633.0,81.63,84.72,80.05,2924.0,82.91333333333334,0.7375861531578141,2462.3333333333335,82.726,0.9872031199306679,2216.0,82.037,1.2636367269813713,1941.4,81.05149999999999,1.522129394873387,2495.35,71.71717160448476,-0.003249097472924123,0.01736526946107797,-0.5568843912910151,0.9750441436024125,0.9987927079439962,0.012037853676514531,0,12,83.4,83.35,83.07,87.38,84.01,84.0,82.19,84.7,80.93,80.68,80.43,80.32,80.74,80.24,79.98,80.05,81.25,82.0,81.45,81.0
2024-12-10,82.56,83.4,82.5,82.83,82.71,82.67,98.0,68.85,2296,189924.3,0.9000000000000057,-0.269999999999996,0.10999999999999943,0.730000000000004,0.060000000000002274,82.83,84.95,82.73,1445.0,83.1,83.5,81.53,3261.0,82.81,83.99,82.0,2681.0,82.32,82.35,82.04,60.0,82.86666666666667,0.8674675786430996,2334.0,82.79599999999999,0.748912544961599,2663.2,82.17299999999999,1.2169378693163435,2109.3,81.13449999999999,1.537620427461912,2541.75,69.19540218750163,-0.001931667270312687,-0.01824602707474987,0.5889273356401383,0.991247002386196,0.9979436312931178,0.01208902704919796,1,12,83.35,83.07,87.38,84.01,84.0,82.19,84.7,80.93,80.68,80.43,80.32,80.74,80.24,79.98,80.05,81.25,82.0,81.45,81.0,81.6
2024-12-11,82.76,83.35,82.76,82.67,83.27,83.22,98.0,68.85,876,72727.33,0.5899999999999892,0.09000000000000341,0.45999999999999375,0.12999999999999545,0.0,82.67,83.4,82.5,2296.0,82.83,84.95,82.73,1445.0,83.1,83.5,81.53,3261.0,82.57,83.0,80.27,3633.0,82.90666666666668,0.9096702699313368,1539.0,82.926,0.6715429993685172,2111.8,82.30499999999999,1.1401798103801166,2036.5,81.236,1.5333152077497219,2044.45,77.38515888299267,0.006652957542034654,-0.0005995203836931529,-0.6184668989547039,0.9984403119256337,0.9944724825643538,0.012044990514569804,2,12,83.07,87.38,84.01,84.0,82.19,84.7,80.93,80.68,80.43,80.32,80.74,80.24,79.98,80.05,81.25,82.0,81.45,81.0,81.6,79.53
2024-12-12,83.07,83.07,82.51,83.22,83.01,82.54,98.0,68.85,2530,209623.18,0.5599999999999881,-0.15000000000000568,0.5299999999999869,0.0,0.030000000000001137,83.22,83.35,82.76,876.0,82.67,83.4,82.5,2296.0,82.83,84.95,82.73,1445.0,82.81,83.99,82.0,2681.0,82.81000000000002,0.177857620951816,1900.6666666666667,82.872,0.7418423013018677,2081.6,82.48999999999998,1.0409418811818707,2040.3,81.348,1.5335870404144332,2003.15,63.43178609169558,-0.008171112713289963,-0.0033593281343731185,1.8881278538812785,0.9936198386783001,0.9996365398473511,0.012069275926450443,3,12,87.38,84.01,84.0,82.19,84.7,80.93,80.68,80.43,80.32,80.74,80.24,79.98,80.05,81.25,82.0,81.45,81.0,81.6,79.53,80.48
2024-12-13,87.38,87.38,66.4,82.54,83.39,83.39,98.0,66.4,4058,336228.39,20.97999999999999,4.839999999999989,3.989999999999995,0.0,16.989999999999995,82.54,83.07,82.51,2530.0,83.22,83.35,82.76,876.0,82.67,83.4,82.5,2296.0,83.1,83.5,81.53,3261.0,83.05000000000001,2.4116177143147124,2488.0,82.93,1.806225345852751,2241.0,82.708,1.4320494249690057,2376.4,81.52250000000001,1.8952024610636837,2047.0,62.85714273142858,0.010298037315241038,0.05188395329240403,0.6039525691699605,0.9543373769632143,0.7962585441804022,0.012069177144737802,4,12,84.01,84.0,82.19,84.7,80.93,80.68,80.43,80.32,80.74,80.24,79.98,80.05,81.25,82.0,81.45,81.0,81.6,79.53,80.48,78.84
2024-12-16,83.39,84.01,83.0,83.39,83.03,83.19,98.0,66.4,664,55297.06,1.0100000000000051,0.0,0.20000000000000284,0.6200000000000045,0.18999999999999773,83.39,87.38,66.4,4058.0,82.54,83.07,82.51,2530.0,83.22,83.35,82.76,876.0,82.83,84.95,82.73,1445.0,83.04,2.2662965384071816,2417.3333333333335,83.00200000000001,1.7873919547768133,2084.8,82.864,1.4081903280446495,2150.4,81.723,1.8317557726201146,1905.25,63.58381490026395,-0.0023983691090059267,-0.03856717784390007,-0.8363725973385905,0.9902392572194947,0.9977160716312331,0.012007871666233034,0,12,84.0,82.19,84.7,80.93,80.68,80.43,80.32,80.74,80.24,79.98,80.05,81.25,82.0,81.45,81.0,81.6,79.53,80.48,78.84,78.25
2024-12-17,83.2,84.0,81.83,83.19,81.89,81.96,98.0,66.4,2807,230951.49,2.1700000000000017,0.010000000000005116,1.240000000000009,0.7999999999999972,0.12999999999999545,83.19,84.01,83.0,664.0,83.39,87.38,66.4,4058.0,82.54,83.07,82.51,2530.0,82.67,83.4,82.5,2296.0,82.84666666666668,1.9485635735064386,2509.6666666666665,82.86,1.7361365153699428,2187.0,82.828,1.2988135611646427,2425.1,81.87299999999999,1.64863707665669,1978.35,50.39682530349786,-0.01478543094121898,-0.00011903344839903074,3.2274096385542173,0.9757142857026699,0.9984138604075352,0.012154067505691295,1,12,82.19,84.7,80.93,80.68,80.43,80.32,80.74,80.24,79.98,80.05,81.25,82.0,81.45,81.0,81.6,79.53,80.48,78.84,78.25,90.0
2024-12-18,81.96,82.19,81.34,81.96,81.35,81.36,98.0,66.4,878,71756.02,0.8499999999999943,0.0,0.5999999999999943,0.23000000000000398,0.01999999999999602,81.96,84.0,81.83,2807.0,83.19,84.01,83.0,664.0,83.39,87.38,66.4,4058.0,83.22,83.35,82.76,876.0,82.17000000000002,1.0479026672345133,1449.6666666666667,82.488,1.967295097335648,2187.4,82.70700000000001,1.3943552871005198,2149.6,81.9745,1.5386788591449976,1974.9,54.82014377446305,-0.007320644216690986,-0.021547619047619038,-0.6872105450659067,0.9899014478526597,0.9997541789454307,0.01223590717545354,2,12,84.7,80.93,80.68,80.43,80.32,80.74,80.24,79.98,80.05,81.25,82.0,81.45,81.0,81.6,79.53,80.48,78.84,78.25,90.0,79.68
2024-12-19,84.7,84.7,80.45,81.36,80.5,80.79,98.0,66.4,2718,219875.14,4.25,3.3400000000000034,3.9099999999999966,0.0,0.3400000000000034,81.36,82.19,81.34,878.0,81.96,84.0,81.83,2807.0,83.19,84.01,83.0,664.0,82.54,83.07,82.51,2530.0,81.37000000000002,1.2952605915402018,2134.3333333333335,82.13799999999999,1.8808854297912156,2225.0,82.505,1.412651171850945,2153.3,82.0855,1.5207809628092126,2039.5,46.99999990600008,-0.00700589970501464,0.030538995011558656,2.0956719817767655,0.9538370720076288,0.9957915583488576,0.012361561202416915,3,12,80.93,80.68,80.43,80.32,80.74,80.24,79.98,80.05,81.25,82.0,81.45,81.0,81.6,79.53,80.48,78.84,78.25,90.0,79.68,78.35
2024-12-20,80.52,80.93,79.2,80.79,79.22,79.51,98.0,66.4,2095,167269.26,1.730000000000004,-0.27000000000001023,1.009999999999991,0.4100000000000108,0.3100000000000023,80.79,84.7,80.45,2718.0,81.36,82.19,81.34,878.0,81.96,84.0,81.83,2807.0,83.39,87.38,66.4,4058.0,80.55333333333334,1.9192272750591572,1897.0,81.362,1.5583099820000081,1832.4,82.146,1.7242505618379498,2036.7,82.0295,1.5066109580605667,2017.65,36.51399484590384,-0.015843544993192293,-0.04451003541912624,-0.22921265636497423,0.982453972556747,0.9961011193435277,0.012524716137322468,4,12,80.68,80.43,80.32,80.74,80.24,79.98,80.05,81.25,82.0,81.45,81.0,81.6,79.53,80.48,78.84,78.25,90.0,79.68,78.35,78.61
2024-12-23,79.52,80.68,79.44,79.51,80.46,79.65,98.0,66.4,983,78548.58,1.240000000000009,0.009999999999990905,0.13000000000000966,1.0300000000000011,0.0799999999999983,79.51,80.93,79.2,2095.0,80.79,84.7,80.45,2718.0,81.36,82.19,81.34,878.0,83.19,84.01,83.0,664.0,79.98333333333335,2.2522507261251565,1932.0,80.654,1.800236095627697,1896.2,81.828,1.9243726250387285,1990.5,81.9325,1.5977598627291187,1965.95,31.73734604044833,0.001760784806942528,-0.0030890893364635685,-0.5307875894988067,0.9872335151092311,0.9973634651475534,0.01251454832156084,0,12,80.43,80.32,80.74,80.24,79.98,80.05,81.25,82.0,81.45,81.0,81.6,79.53,80.48,78.84,78.25,90.0,79.68,78.35,78.61,80.4
2024-12-24,79.66,80.43,79.51,79.65,80.0,80.04,98.0,66.4,1941,154977.84,0.9200000000000017,0.009999999999990905,0.38000000000000966,0.39000000000000057,0.14999999999999147,79.65,80.68,79.44,983.0,79.51,80.93,79.2,2095.0,80.79,84.7,80.45,2718.0,81.96,84.0,81.83,2807.0,79.73333333333335,0.24999999999764455,1673.0,80.27000000000001,1.7641796960629748,1723.0,81.56500000000001,2.1368575057776833,1955.0,81.869,1.6925825798094705,2032.15,33.0201341661367,0.0048964218455744835,-0.0030986613782846284,0.9745676500508647,0.9951510630238076,0.9933783108321667,0.012524371226234588,1,12,80.32,80.74,80.24,79.98,80.05,81.25,82.0,81.45,81.0,81.6,79.53,80.48,78.84,78.25,90.0,79.68,78.35,78.61,80.4,77.75
2024-12-26,79.78,80.32,79.65,80.04,80.0,79.8,98.0,66.4,711,56824.58,0.6699999999999875,-0.2600000000000051,0.01999999999999602,0.519999999999996,0.12999999999999545,80.04,80.43,79.51,1941.0,79.65,80.68,79.44,983.0,79.51,80.93,79.2,2095.0,81.36,82.19,81.34,878.0,79.83000000000003,0.18448125469076707,1211.6666666666667,79.958,1.8530974070460673,1689.6,81.223,2.301827534807593,1938.5,81.764,1.785563452276637,1987.5,29.79865766212322,-0.002998500749625266,-0.0013676488872312875,-0.633693972179289,0.9935258964019731,0.998120300739372,0.01251219102719259,3,12,80.74,80.24,79.98,80.05,81.25,82.0,81.45,81.0,81.6,79.53,80.48,78.84,78.25,90.0,79.68,78.35,78.61,80.4,77.75,78.6
2024-12-27,79.92,80.74,79.79,79.8,79.86,79.8,98.0,66.4,856,68490.93,0.9499999999999886,0.12000000000000455,0.12000000000000455,0.8199999999999932,0.009999999999990905,79.8,80.32,79.65,711.0,80.04,80.43,79.51,1941.0,79.65,80.68,79.44,983.0,80.79,84.7,80.45,2718.0,79.88000000000001,0.21779194964980836,1169.3333333333333,79.75999999999999,0.24505101509861396,1317.2,80.949,2.3846350757385983,1771.1,81.7195,1.8416471460426707,1905.7,26.95530720986389,0.0,0.005229083665338585,0.20393811533052042,0.9883576913427253,0.9998746867042623,0.012498005210324747,4,12,80.24,79.98,80.05,81.25,82.0,81.45,81.0,81.6,79.53,80.48,78.84,78.25,90.0,79.68,78.35,78.61,80.4,77.75,78.6,78.43
2024-12-30,79.87,80.24,79.5,79.8,79.9,79.66,98.0,66.4,513,40938.64,0.7399999999999949,0.07000000000000739,0.21000000000000796,0.36999999999999034,0.1599999999999966,79.8,80.74,79.79,856.0,79.8,80.32,79.65,711.0,80.04,80.43,79.51,1941.0,79.51,80.93,79.2,2095.0,79.75333333333334,0.26857649437786757,693.3333333333334,79.78999999999999,0.2198181066265051,1000.8,80.576,1.7611940394070136,1416.6,81.642,1.911477452818206,1896.5,27.45376950435943,-0.0017543859649122862,-0.006192717364379541,-0.4007009345794392,0.992771684932792,0.9979914637082853,0.012530948756480125,0,12,79.98,80.05,81.25,82.0,81.45,81.0,81.6,79.53,80.48,78.84,78.25,90.0,79.68,78.35,78.61,80.4,77.75,78.6,78.43,77.7
2024-12-31,79.57,79.98,79.01,79.66,79.98,79.48,98.0,66.4,938,74496.26,0.9699999999999989,-0.09000000000000341,0.0899999999999892,0.4100000000000108,0.46999999999999886,79.66,80.24,79.5,513.0,79.8,80.74,79.79,856.0,79.8,80.32,79.65,711.0,79.65,80.68,79.44,983.0,79.64666666666669,0.38626415831531535,769.0,79.756,0.27752477367049677,991.8,80.20500000000001,1.6637938574229423,1444.0,81.53450000000001,1.9666709113842604,1797.2,27.375886470459193,-0.0022596033140848126,-0.0032402791625123495,0.8284600389863548,0.9937484370968523,0.9940865626447648,0.012591236123799872,1,12,80.05,81.25,82.0,81.45,81.0,81.6,79.53,80.48,78.84,78.25,90.0,79.68,78.35,78.61,80.4,77.75,78.6,78.43,77.7,78.02
2025-01-01,79.11,80.05,79.11,79.48,79.8,79.9,98.0,66.4,697,55588.11,0.9399999999999977,-0.37000000000000455,0.7900000000000063,0.14999999999999147,0.0,79.48,79.98,79.01,938.0,79.66,80.24,79.5,513.0,79.8,80.74,79.79,856.0,80.04,80.43,79.51,1941.0,79.68,0.13453624046770696,716.0,79.728,0.29863020610926033,743.0,79.999,1.4368963466824565,1233.0,81.4135,2.0512113879109393,1829.05,26.01156064101707,0.005284348263714156,0.0008752188047009835,-0.25692963752665243,0.9981261711305669,0.9901126407886093,0.012538652600349023,2,1,81.25,82.0,81.45,81.0,81.6,79.53,80.48,78.84,78.25,90.0,79.68,78.35,78.61,80.4,77.75,78.6,78.43,77.7,78.02,78.1
2025-01-02,79.8,81.25,79.8,79.9,81.14,81.17,98.0,66.4,972,78505.17,1.4500000000000028,-0.10000000000000853,1.3700000000000045,0.0799999999999983,0.0,79.9,80.05,79.11,697.0,79.48,79.98,79.01,938.0,79.66,80.24,79.5,513.0,79.8,80.32,79.65,711.0,80.18333333333335,0.7138860786794494,869.0,80.002,0.5359757457206997,795.2,79.97999999999999,1.3819856889428033,1242.4,81.34349999999999,2.068059349652469,1696.0,40.87882815282238,0.01589486858573208,0.014990630855715281,0.3945480631276901,0.999015384603089,0.9831218430333482,0.012381350170950366,3,1,82.0,81.45,81.0,81.6,79.53,80.48,78.84,78.25,90.0,79.68,78.35,78.61,80.4,77.75,78.6,78.43,77.7,78.02,78.1,78.37
2025-01-03,81.31,82.0,80.53,81.17,81.2,80.95,98.0,66.4,2659,214931.52,1.4699999999999989,0.14000000000000057,0.35999999999999943,0.6899999999999977,0.4200000000000017,81.17,81.25,79.8,972.0,79.9,80.05,79.11,697.0,79.48,79.98,79.01,938.0,79.8,80.74,79.79,856.0,80.67333333333335,0.9836157786445879,1442.6666666666667,80.232,0.8866961147996898,1155.8,79.99600000000001,0.6148857165707206,1236.5,81.2505,2.038126784445576,1694.9,32.267441794804625,-0.002710360970802017,0.009230769230769154,1.7355967078189298,0.9871951219391806,0.9948116120939492,0.012371382289577572,4,1,81.45,81.0,81.6,79.53,80.48,78.84,78.25,90.0,79.68,78.35,78.61,80.4,77.75,78.6,78.43,77.7,78.02,78.1,78.37,79.3
2025-01-06,81.2,81.45,78.23,80.95,80.22,79.85,98.0,66.4,2575,205290.13,3.219999999999999,0.25,1.3500000000000085,0.25,1.6199999999999903,80.95,82.0,80.53,2659.0,81.17,81.25,79.8,972.0,79.9,80.05,79.11,697.0,79.66,80.24,79.5,513.0,80.65666666666668,0.3883726732555478,2068.6666666666665,80.27000000000001,0.8934931449098348,1568.2,80.03,0.6603736316143922,1284.5,81.088,2.029226972337972,1660.6,28.534704318832127,-0.013588634959851853,-0.006707317073170738,-0.03159082361790144,0.9803560466423528,0.9797119599125897,0.0125432235831308,0,1,81.0,81.6,79.53,80.48,78.84,78.25,90.0,79.68,78.35,78.61,80.4,77.75,78.6,78.43,77.7,78.02,78.1,78.37,79.3,79.18
2025-01-07,79.85,81.0,79.36,79.85,81.0,79.58,98.0,66.4,1705,135874.21,1.6400000000000006,0.0,0.269999999999996,1.1500000000000057,0.21999999999999886,79.85,81.45,78.23,2575.0,80.95,82.0,80.53,2659.0,81.17,81.25,79.8,972.0,79.48,79.98,79.01,938.0,80.12666666666668,0.500832640042271,2313.0,80.28999999999999,0.7167635593421795,1721.6,80.023,0.6662698819200862,1356.7,80.9255,1.943643553524837,1673.6,32.55131958127296,-0.003381340012523437,-0.0055248618784530246,-0.3378640776699029,0.9824691357903398,0.9972354862905599,0.01254837102640735,1,1,81.6,79.53,80.48,78.84,78.25,90.0,79.68,78.35,78.61,80.4,77.75,78.6,78.43,77.7,78.02,78.1,78.37,79.3,79.18,78.83
2025-01-08,79.58,81.6,79.0,79.58,79.15,79.4,98.0,66.4,2168,172658.98,2.5999999999999943,0.0,0.1799999999999926,2.019999999999996,0.4000000000000057,79.58,81.0,79.36,1705.0,79.85,81.45,78.23,2575.0,80.95,82.0,80.53,2659.0,79.9,80.05,79.11,697.0,79.61,0.3122498999174465,2149.3333333333335,80.19000000000001,0.3764970119414789,2015.8,79.95899999999999,0.7061483948532443,1379.4,80.762,1.9197841846911408,1667.2,34.68749992412113,-0.002261874842925282,0.007407407407407307,0.2715542521994134,0.9730392156743501,0.994962216612154,0.012556543540335911,2,1,79.53,80.48,78.84,78.25,90.0,79.68,78.35,78.61,80.4,77.75,78.6,78.43,77.7,78.02,78.1,78.37,79.3,79.18,78.83,80.25
2025-01-09,79.4,79.53,78.82,79.4,79.35,79.25,98.0,66.4,585,46276.7,0.710000000000008,0.0,0.15000000000000568,0.12999999999999545,0.4300000000000068,79.4,81.6,79.0,2168.0,79.58,81.0,79.36,1705.0,79.85,81.45,78.23,2575.0,81.17,81.25,79.8,972.0,79.41000000000001,1.0650352106850036,1486.0,79.806,0.9560491619163072,1938.4,79.904,0.8101741925169397,1366.8,80.5635,1.9646075676168977,1652.65,37.12374573248617,-0.0018891687657431877,-0.02536764705882344,-0.7301660516605166,0.996479315968861,0.9945741324795636,0.012641350830979465,3,1,80.48,78.84,78.25,90.0,79.68,78.35,78.61,80.4,77.75,78.6,78.43,77.7,78.02,78.1,78.37,79.3,79.18,78.83,80.25,80.65
2025-01-10,79.36,80.48,78.13,79.25,78.5,78.83,98.0,66.4,1528,121028.13,2.3500000000000085,0.10999999999999943,0.5300000000000011,1.1200000000000045,0.7000000000000028,79.25,79.53,78.82,585.0,79.4,81.6,79.0,2168.0,79.58,81.0,79.36,1705.0,80.95,82.0,80.53,2659.0,79.16000000000001,1.036162792871994,1427.0,79.382,0.8392079599246428,1712.2,79.807,0.8158948734014057,1434.0,80.37800000000001,1.9602835455484744,1602.55,43.35937488143915,-0.00529968454258678,0.011945177920281713,1.611965811965812,0.9794980119162586,0.9911201319168955,0.012625164083754638,4,1,78.84,78.25,90.0,79.68,78.35,78.61,80.4,77.75,78.6,78.43,77.7,78.02,78.1,78.37,79.3,79.18,78.83,80.25,80.65,79.73
2025-01-13,78.84,78.84,77.5,78.83,77.88,77.61,98.0,66.4,1659,129448.19,1.3400000000000034,0.010000000000005116,1.230000000000004,0.0,0.10999999999999943,78.83,80.48,78.13,1528.0,79.25,79.53,78.82,585.0,79.4,81.6,79.0,2168.0,79.85,81.45,78.23,2575.0,78.56333333333335,0.8234277948508082,1257.3333333333333,78.934,1.1109005356020392,1529.0,79.602,1.011355526013599,1548.6,80.089,1.5285696788692962,1482.6,33.54838702101972,-0.01547634149435495,-0.020377733598409553,0.08573298429319376,0.9843987823315017,0.9985826568612475,0.012815938175728738,0,1,78.25,90.0,79.68,78.35,78.61,80.4,77.75,78.6,78.43,77.7,78.02,78.1,78.37,79.3,79.18,78.83,80.25,80.65,79.73,80.78
2025-01-14,77.83,78.25,77.8,77.61,78.0,78.04,98.0,66.4,3334,259781.72,0.45000000000000284,0.21999999999999886,0.21000000000000796,0.20999999999999375,0.030000000000001137,77.61,78.84,77.5,1659.0,78.83,80.48,78.13,1528.0,79.25,79.53,78.82,585.0,79.58,81.0,79.36,1705.0,78.16000000000001,1.1554652742509395,2173.6666666666665,78.626,1.3305450011183113,1854.8,79.458,1.2519606845080207,1788.2,79.83149999999999,1.5180219123307956,1616.1,33.97435889813447,0.005540523128462871,-0.007483510908168456,1.009644364074744,0.9973162939169672,0.996924654010803,0.012833851434966199,1,1,90.0,79.68,78.35,78.61,80.4,77.75,78.6,78.43,77.7,78.02,78.1,78.37,79.3,79.18,78.83,80.25,80.65,79.73,80.78,80.28
2025-01-15,90.0,90.0,77.01,78.04,77.93,78.3,98.0,66.4,1225,95257.96,12.989999999999995,11.959999999999994,11.700000000000003,0.0,1.289999999999992,78.04,78.25,77.8,3334.0,77.61,78.84,77.5,1659.0,78.83,80.48,78.13,1528.0,79.4,81.6,79.0,2168.0,77.98333333333335,6.620123362395231,2072.6666666666665,78.406,4.8676842543452645,1666.2,79.298,3.2548835104600817,1841.0,79.6485,2.4579347342627766,1537.0,38.01916924404657,0.0033316248077908117,0.15015974440894575,-0.6325734853029394,0.8699999999903333,0.9835249042019985,0.012859817699224159,2,1,79.68,78.35,78.61,80.4,77.75,78.6,78.43,77.7,78.02,78.1,78.37,79.3,79.18,78.83,80.25,80.65,79.73,80.78,80.28,78.75
2025-01-16,78.3,79.68,78.3,78.3,78.3,78.3,98.0,66.4,175,13772.89,1.3800000000000097,0.0,0.0,1.3800000000000097,0.0,78.3,90.0,77.01,1225.0,78.04,78.25,77.8,3334.0,77.61,78.84,77.5,1659.0,79.25,79.53,78.82,585.0,78.21333333333335,6.411055555314659,1578.0,78.216,4.853565699565713,1584.2,79.011,3.3025816500964553,1761.3,79.4955,2.4705462319517926,1501.85,38.01916924404657,0.0,-0.11466666666666658,-0.8571428571428572,0.9826807228792332,0.9999999999872285,0.012706120501941661,3,1,78.35,78.61,80.4,77.75,78.6,78.43,77.7,78.02,78.1,78.37,79.3,79.18,78.83,80.25,80.65,79.73,80.78,80.28,78.75,77.91
2025-01-17,78.3,78.35,77.73,78.3,78.19,78.06,98.0,66.4,2755,214931.59,0.6199999999999903,0.0,0.23999999999999488,0.04999999999999716,0.3299999999999983,78.3,79.68,78.3,175.0,78.3,90.0,77.01,1225.0,78.04,78.25,77.8,3334.0,78.83,80.48,78.13,1528.0,78.22000000000001,6.376961136256905,1385.0,78.062,5.049507896815376,1829.6,78.72200000000001,3.414341647944323,1770.9,79.35900000000001,2.3913220303071294,1503.7,37.42138356542464,-0.0030651340996168397,-0.016691767068273244,14.742857142857142,0.9962986598468884,0.9957724826928546,0.012818032007300497,4,1,78.61,80.4,77.75,78.6,78.43,77.7,78.02,78.1,78.37,79.3,79.18,78.83,80.25,80.65,79.73,80.78,80.28,78.75,77.91,78.35
2025-01-20,78.29,78.61,78.29,78.06,78.39,78.39,98.0,66.4,211,16538.81,0.3199999999999932,0.23000000000000398,0.09999999999999432,0.21999999999999886,0.0,78.06,78.35,77.73,2755.0,78.3,79.68,78.3,175.0,78.3,90.0,77.01,1225.0,77.61,78.84,77.5,1659.0,78.25000000000001,0.7049113419430894,1047.0,78.218,5.075359100595824,1540.0,78.576,3.482605027529829,1534.5,79.303,2.4399490935156796,1409.5,41.62826411938618,0.004227517294388861,0.0033184428844927893,-0.9234119782214156,0.9972013738583233,0.9987243270697956,0.012757870729513624,0,1,80.4,77.75,78.6,78.43,77.7,78.02,78.1,78.37,79.3,79.18,78.83,80.25,80.65,79.73,80.78,80.28,78.75,77.91,78.35,78.68
2025-01-21,78.98,80.4,77.27,78.39,77.27,77.34,98.0,66.4,4309,335889.48,3.1300000000000097,0.5900000000000034,1.6400000000000006,1.4200000000000017,0.07000000000000739,78.39,78.61,78.29,211.0,78.06,78.35,77.73,2755.0,78.3,79.68,78.3,175.0,78.04,78.25,77.8,3334.0,77.93000000000002,1.1161093136426496,2425.0,78.078,4.873517210393415,1735.0,78.352,3.480766837605765,1794.9,79.1875,2.4407160295377914,1575.8,32.072829068764705,-0.013394565633371602,0.022770639867701448,19.421800947867297,0.9619402984954982,0.9990949055986669,0.01282862446302274,1,1,77.75,78.6,78.43,77.7,78.02,78.1,78.37,79.3,79.18,78.83,80.25,80.65,79.73,80.78,80.28,78.75,77.91,78.35,78.68,77.98
2025-01-22,77.19,77.75,77.13,77.34,77.64,77.61,98.0,66.4,1618,125130.89,0.6200000000000045,-0.15000000000000568,0.4200000000000017,0.14000000000000057,0.060000000000002274,77.34,80.4,77.27,4309.0,78.39,78.61,78.29,211.0,78.06,78.35,77.73,2755.0,78.3,90.0,77.01,1225.0,77.78000000000002,1.3519245541079508,2046.0,77.94,1.066616144637289,1813.6,78.17299999999999,3.5665372250652365,1739.9,79.066,2.5260837174110087,1559.65,21.009771939065573,0.003491078355314148,-0.032960199004975155,-0.6245068461359944,0.9981993569003447,0.9938152299833292,0.012930460256456156,2,1,78.6,78.43,77.7,78.02,78.1,78.37,79.3,79.18,78.83,80.25,80.65,79.73,80.78,80.28,78.75,77.91,78.35,78.68,77.98,77.69
2025-01-23,78.25,78.6,77.8,77.61,78.1,78.15,98.0,66.4,459,35888.18,0.7999999999999972,0.6400000000000006,0.09999999999999432,0.3499999999999943,0.3500000000000085,77.61,77.75,77.13,1618.0,77.34,80.4,77.27,4309.0,78.39,78.61,78.29,211.0,78.3,79.68,78.3,175.0,77.7,1.3530828996529811,2128.6666666666665,77.91,0.9904897778376712,1870.4,78.06300000000002,3.597620201064778,1727.3,78.9835,2.562482349104921,1547.05,28.328173313220674,0.006957866254348799,0.010932475884244397,-0.7163164400494437,0.9942748091476556,0.995521433128656,0.01278972631100232,3,1,78.43,77.7,78.02,78.1,78.37,79.3,79.18,78.83,80.25,80.65,79.73,80.78,80.28,78.75,77.91,78.35,78.68,77.98,77.69,77.89
2025-01-24,78.02,78.43,77.62,78.15,77.81,77.79,98.0,66.4,1100,85890.08,0.8100000000000023,-0.13000000000000966,0.22999999999998977,0.4100000000000108,0.1700000000000017,78.15,78.6,77.8,459.0,77.61,77.75,77.13,1618.0,77.34,80.4,77.27,4309.0,78.06,78.35,77.73,2755.0,77.85000000000001,0.4497777228813937,1059.0,77.856,0.9831937754079388,1539.4,77.959,3.631554457498337,1684.5,78.88300000000001,2.6000333499886508,1559.25,31.993006914702477,-0.004606525911708292,-0.002162849872773376,1.3965141612200438,0.9918398571848547,0.9978146291168811,0.012807066892940222,4,1,77.7,78.02,78.1,78.37,79.3,79.18,78.83,80.25,80.65,79.73,80.78,80.28,78.75,77.91,78.35,78.68,77.98,77.69,77.89,77.47
2025-01-27,77.7,77.7,76.6,77.79,76.96,76.73,98.0,66.4,7519,579005.61,1.1000000000000085,-0.09000000000000341,0.9699999999999989,0.0,0.13000000000000966,77.79,78.43,77.62,1100.0,78.15,78.6,77.8,459.0,77.61,77.75,77.13,1618.0,78.39,78.61,78.29,211.0,77.55666666666669,0.4781561809008785,3026.0,77.524,1.0952762208689302,3001.0,77.87100000000001,3.68570225480971,2270.5,78.7365,2.6655854990287104,1909.55,28.11059901788812,-0.01362643013240783,-0.009307662884100565,5.835454545454546,0.9875160875033782,0.9983057474130286,0.012986057250809688,0,1,78.02,78.1,78.37,79.3,79.18,78.83,80.25,80.65,79.73,80.78,80.28,78.75,77.91,78.35,78.68,77.98,77.69,77.89,77.47,78.38
2025-01-28,77.52,78.02,76.95,76.73,77.5,77.5,98.0,66.4,1491,115082.13,1.0699999999999932,0.789999999999992,0.01999999999999602,0.5,0.5499999999999972,76.73,77.7,76.6,7519.0,77.79,78.43,77.62,1100.0,78.15,78.6,77.8,459.0,77.34,80.4,77.27,4309.0,77.34000000000002,0.3659234892713265,3370.0,77.556,0.4024301181583561,2437.4,77.81700000000001,3.6969903675525106,2086.2,78.6375,2.7096678277683144,1937.2,36.619718237651206,0.010035188322689903,0.00411840411840414,-0.801702354036441,0.9933350422841152,0.99290322579364,0.012955964579383323,1,1,78.1,78.37,79.3,79.18,78.83,80.25,80.65,79.73,80.78,80.28,78.75,77.91,78.35,78.68,77.98,77.69,77.89,77.47,78.38,76.99
2025-01-29,77.65,78.1,77.62,77.5,77.62,77.62,98.0,66.4,805,62755.22,0.47999999999998977,0.15000000000000568,0.030000000000001137,0.44999999999998863,0.0,77.5,78.02,76.95,1491.0,76.73,77.7,76.6,7519.0,77.79,78.43,77.62,1100.0,77.61,77.75,77.13,1618.0,77.28333333333335,0.21166010488650713,3271.6666666666665,77.558,0.35383612026041744,2274.8,77.749,0.8565979220137755,2044.2,78.5235,2.746376751860246,1942.6,38.47241859425548,0.0015483870967742952,0.0010253781081772662,-0.460093896713615,0.9938540332779277,0.9999999999871166,0.012827618164671994,2,1,78.37,79.3,79.18,78.83,80.25,80.65,79.73,80.78,80.28,78.75,77.91,78.35,78.68,77.98,77.69,77.89,77.47,78.38,76.99,76.4
2025-01-30,77.63,78.37,77.62,77.62,78.03,78.29,98.0,66.4,924,72027.49,0.75,0.009999999999990905,0.6600000000000108,0.0799999999999983,0.009999999999990905,77.62,78.1,77.62,805.0,77.5,78.02,76.95,1491.0,76.73,77.7,76.6,7519.0,78.15,78.6,77.8,459.0,77.80333333333334,0.18339392938088828,1073.3333333333333,77.586,0.2938196725900909,2367.8,77.748,0.7618989434290632,2119.1,78.37950000000001,2.7529918653215897,1940.2,46.31147532126226,0.008631795928884411,0.0034571062740078595,0.14782608695652177,0.9989792012122115,0.9914420743263322,0.012828435365441542,3,1,79.3,79.18,78.83,80.25,80.65,79.73,80.78,80.28,78.75,77.91,78.35,78.68,77.98,77.69,77.89,77.47,78.38,76.99,76.4,77.18
2025-01-31,78.29,79.3,78.12,78.29,79.18,79.08,98.0,66.4,1006,78772.33,1.1799999999999926,0.0,0.789999999999992,0.21999999999999886,0.1700000000000017,78.29,78.37,77.62,924.0,77.62,78.1,77.62,805.0,77.5,78.02,76.95,1491.0,77.79,78.43,77.62,1100.0,78.33,0.6295236294216148,911.6666666666666,77.844,0.6089499158395031,2349.0,77.85,0.8082188922415116,1944.2,78.286,2.708262406628725,1857.55,60.667634129267526,0.01009068846595973,0.01186678575985689,0.08874458874458879,0.9972257250820021,0.9878603945246857,0.01277098189173771,4,1,79.18,78.83,80.25,80.65,79.73,80.78,80.28,78.75,77.91,78.35,78.68,77.98,77.69,77.89,77.47,78.38,76.99,76.4,77.18,75.72
2025-02-01,79.18,79.18,78.63,79.08,78.63,78.72,98.0,66.4,403,31784.53,0.5500000000000114,0.10000000000000853,0.46000000000000796,0.0,0.09000000000000341,79.08,79.3,78.12,1006.0,78.29,78.37,77.62,924.0,77.62,78.1,77.62,805.0,76.73,77.7,76.6,7519.0,78.69666666666667,0.5058655947976117,777.6666666666666,78.242,0.6052933173271684,925.8,77.88300000000001,0.8343227459699041,1963.4,78.2295,2.6794902794925837,1748.95,54.98533713052859,-0.004552352048558417,-0.0015132408575030398,-0.599403578528827,0.9941904521218211,0.9988567073043844,0.012679124089611749,5,2,78.83,80.25,80.65,79.73,80.78,80.28,78.75,77.91,78.35,78.68,77.98,77.69,77.89,77.47,78.38,76.99,76.4,77.18,75.72,75.99
2025-02-03,78.71,78.83,77.85,78.72,78.27,78.79,98.0,66.4,558,43763.03,0.980000000000004,-0.010000000000005116,0.0800000000000125,0.03999999999999204,0.8599999999999994,78.72,79.18,78.63,403.0,79.08,79.3,78.12,1006.0,78.29,78.37,77.62,924.0,77.5,78.02,76.95,1491.0,78.86333333333334,0.24419937209826104,655.6666666666666,78.5,0.5149077587305501,739.2,78.02799999999999,0.5561934116019643,1588.3,78.19,2.664112175605792,1691.6,53.69532417017585,0.0008892276422765022,-0.004420308158626041,0.3846153846153846,0.9994925789547192,0.9880695519610599,0.012750488254583544,0,2,80.25,80.65,79.73,80.78,80.28,78.75,77.91,78.35,78.68,77.98,77.69,77.89,77.47,78.38,76.99,76.4,77.18,75.72,75.99,74.68
2025-02-04,79.53,80.25,78.75,78.79,79.54,80.22,98.0,66.4,649,51601.97,1.5,0.7399999999999949,0.6899999999999977,0.030000000000001137,0.7800000000000011,78.79,78.83,77.85,558.0,78.72,79.18,78.63,403.0,79.08,79.3,78.12,1006.0,77.62,78.1,77.62,805.0,79.24333333333335,0.739797269527048,536.6666666666666,79.02000000000001,0.6960100573992477,708.0,78.28900000000002,0.7467827290736925,1491.4,78.23100000000001,2.624945663598125,1615.65,61.910669867648984,0.018149511359309534,0.01801344665736404,0.1630824372759856,0.9996261682118426,0.9816753926579197,0.012577039209936896,1,2,80.65,79.73,80.78,80.28,78.75,77.91,78.35,78.68,77.98,77.69,77.89,77.47,78.38,76.99,76.4,77.18,75.72,75.99,74.68,75.47
2025-02-05,80.34,80.65,79.65,80.22,79.69,79.69,98.0,66.4,1405,112407.53,1.0,0.12000000000000455,0.6500000000000057,0.3100000000000023,0.03999999999999204,80.22,80.25,78.75,649.0,78.79,78.83,77.85,558.0,78.72,79.18,78.63,403.0,78.29,78.37,77.62,924.0,79.56666666666668,0.9564517760971608,870.6666666666666,79.3,0.7706296127199483,804.2,78.443,0.9707734602415795,1586.0,78.25300000000001,2.6390218981561846,1656.65,59.76047894171894,-0.0066068312141610575,0.004984423676012595,1.1648690292758088,0.9880967141848964,0.9994980549504393,0.012499162645064682,2,2,79.73,80.78,80.28,78.75,77.91,78.35,78.68,77.98,77.69,77.89,77.47,78.38,76.99,76.4,77.18,75.72,75.99,74.68,75.47,77.21
2025-02-06,79.61,79.73,79.24,79.69,79.66,79.66,98.0,66.4,253,20086.79,0.4900000000000091,-0.0799999999999983,0.04999999999999716,0.07000000000000739,0.37000000000000455,79.69,80.65,79.65,1405.0,80.22,80.25,78.75,649.0,78.79,78.83,77.85,558.0,79.08,79.3,78.12,1006.0,79.85666666666667,0.4613025037860126,769.0,79.41600000000001,0.7465386795075619,653.6,78.63,0.9902193920756832,1501.3,78.2945,2.629517866554022,1592.9,57.88819865708882,-0.00037645877776382175,-0.011407315561066333,-0.8199288256227758,0.9991220368619198,0.9947275922546481,0.012595342511172138,3,2,80.78,80.28,78.75,77.91,78.35,78.68,77.98,77.69,77.89,77.47,78.38,76.99,76.4,77.18,75.72,75.99,74.68,75.47,77.21,76.0
2025-02-07,80.78,80.78,79.0,79.66,79.05,79.25,98.0,66.4,692,55121.42,1.7800000000000011,1.1200000000000045,1.5300000000000011,0.0,0.25,79.66,79.73,79.24,253.0,79.69,80.65,79.65,1405.0,80.22,80.25,78.75,649.0,78.72,79.18,78.63,403.0,79.53333333333335,0.5723926391319902,783.3333333333334,79.522,0.7943047274194469,711.4,78.88199999999999,1.0151349116679813,818.6,78.3765,2.641508540289347,1544.55,62.88798908496195,-0.005146874215415487,0.013169446883230851,1.7351778656126484,0.9810596682225666,0.9968454258549293,0.012554103286888971,4,2,80.28,78.75,77.91,78.35,78.68,77.98,77.69,77.89,77.47,78.38,76.99,76.4,77.18,75.72,75.99,74.68,75.47,77.21,76.0,76.35
2025-02-10,79.25,80.28,78.36,79.25,78.49,79.01,98.0,66.4,1977,156147.48,1.9200000000000017,0.0,0.23999999999999488,1.0300000000000011,0.6500000000000057,79.25,80.78,79.0,692.0,79.66,79.73,79.24,253.0,79.69,80.65,79.65,1405.0,78.79,78.83,77.85,558.0,79.30666666666667,0.5251983752188749,974.0,79.566,0.41032913618322175,995.2,79.033,0.9422673600290077,867.2,78.425,2.6279338992729397,1476.7,59.4850947381042,-0.0030283911671923347,-0.006189650903689059,1.856936416184971,0.9841803686972573,0.9917731932541225,0.012661107307015055,0,2,78.75,77.91,78.35,78.68,77.98,77.69,77.89,77.47,78.38,76.99,76.4,77.18,75.72,75.99,74.68,75.47,77.21,76.0,76.35,75.71
2025-02-11,78.49,78.75,77.73,79.01,77.94,77.94,98.0,66.4,2203,172343.1,1.019999999999996,-0.5200000000000102,0.5499999999999972,0.2600000000000051,0.20999999999999375,79.01,80.28,78.36,1977.0,79.25,80.78,79.0,692.0,79.66,79.73,79.24,253.0,80.22,80.25,78.75,649.0,78.73333333333335,1.057654638023545,1624.0,79.11,0.8272665833943051,1306.0,79.065,0.849179996623165,1007.0,78.40700000000001,0.9890271668880418,1525.6,48.672566285535225,-0.01354258954562726,-0.01905829596412556,0.11431461810824484,0.9897142857017178,0.9973056196946715,0.012782641138519542,1,2,77.91,78.35,78.68,77.98,77.69,77.89,77.47,78.38,76.99,76.4,77.18,75.72,75.99,74.68,75.47,77.21,76.0,76.35,75.71,75.65
2025-02-12,77.91,77.91,76.82,77.94,77.35,77.81,98.0,66.4,1452,112398.49,1.0900000000000034,-0.030000000000001137,0.09999999999999432,0.0,0.9900000000000091,77.94,78.75,77.73,2203.0,79.01,80.28,78.36,1977.0,79.25,80.78,79.0,692.0,79.69,80.65,79.65,1405.0,78.25333333333334,1.201623901226952,1877.3333333333333,78.73400000000001,1.1607971399003887,1315.4,79.01700000000001,0.9323232629645821,1059.8,78.3825,1.0121861436880868,1589.45,50.13020824195011,-0.0016679497049011394,-0.010666666666666713,-0.34089877439854743,0.9987164677063444,0.9872766996403124,0.012918323013058156,2,2,78.35,78.68,77.98,77.69,77.89,77.47,78.38,76.99,76.4,77.18,75.72,75.99,74.68,75.47,77.21,76.0,76.35,75.71,75.65,75.95
2025-02-13,77.81,78.35,77.42,77.81,77.82,77.65,98.0,66.4,1140,88718.8,0.9299999999999926,0.0,0.1599999999999966,0.539999999999992,0.23000000000000398,77.81,77.91,76.82,1452.0,77.94,78.75,77.73,2203.0,79.01,80.28,78.36,1977.0,79.66,79.73,79.24,253.0,77.80000000000001,0.42015870017596,1598.3333333333333,78.332,1.2500919966150266,1492.8,78.874,1.0077858017557546,1073.2,78.362,1.0121861436880868,1508.7,56.784660649707206,-0.00205629096517157,0.005647542035682074,-0.2148760330578512,0.9910657306829476,0.9970379909723497,0.012849587686037086,3,2,78.68,77.98,77.69,77.89,77.47,78.38,76.99,76.4,77.18,75.72,75.99,74.68,75.47,77.21,76.0,76.35,75.71,75.65,75.95,76.5
2025-02-14,77.6,78.68,76.98,77.65,77.23,77.23,98.0,66.4,1551,119736.79,1.7000000000000028,-0.05000000000001137,0.36999999999999034,1.0800000000000125,0.25,77.65,78.35,77.42,1140.0,77.81,77.91,76.82,1452.0,77.94,78.75,77.73,2203.0,79.25,80.78,79.0,692.0,77.56333333333335,0.38630730427156806,1381.0,77.928,0.8946675360160167,1664.6,78.725,1.0358405068126202,1188.0,78.304,1.0108886137820332,1575.7,47.900466458692634,-0.005408886027044479,0.004211869814933156,0.3605263157894736,0.9815709201705443,0.996762915952392,0.012953412230275983,4,2,77.98,77.69,77.89,77.47,78.38,76.99,76.4,77.18,75.72,75.99,74.68,75.47,77.21,76.0,76.35,75.71,75.65,75.95,76.5,77.21
2025-02-17,77.2,77.98,76.9,77.23,77.73,77.58,98.0,66.4,553,42689.11,1.0799999999999983,-0.030000000000001137,0.37999999999999545,0.4000000000000057,0.29999999999999716,77.23,78.68,76.98,1551.0,77.65,78.35,77.42,1140.0,77.81,77.91,76.82,1452.0,79.01,80.28,78.36,1977.0,77.48666666666668,0.35019042438871417,1081.3333333333333,77.642,0.3866910911838998,1379.8,78.604,1.121092720914361,1187.5,78.316,0.9792080581026171,1387.9,49.69969959522581,0.004531917648582073,-0.008896797153024938,-0.6434558349451966,0.9948704795973983,0.9912348543311261,0.01295412342866804,0,2,77.69,77.89,77.47,78.38,76.99,76.4,77.18,75.72,75.99,74.68,75.47,77.21,76.0,76.35,75.71,75.65,75.95,76.5,77.21,77.15
2025-02-18,77.58,77.69,77.06,77.58,77.51,77.51,98.0,66.4,1933,149410.85,0.6299999999999955,0.0,0.06999999999999318,0.10999999999999943,0.45000000000000284,77.58,77.98,76.9,553.0,77.23,78.68,76.98,1551.0,77.65,78.35,77.42,1140.0,77.94,78.75,77.73,2203.0,77.44000000000001,0.5089531740088343,1345.6666666666667,77.556,0.39213518077444126,1325.8,78.333,1.1799340847872586,1315.9,78.311,0.9829434850169715,1403.65,43.5643563349998,-0.0009022944057746063,-0.0037189022826366047,2.4954792043399636,0.9976830994851631,0.9941942974971719,0.01293748077867161,1,2,77.89,77.47,78.38,76.99,76.4,77.18,75.72,75.99,74.68,75.47,77.21,76.0,76.35,75.71,75.65,75.95,76.5,77.21,77.15,78.05
2025-02-19,77.51,77.89,77.07,77.51,77.64,77.62,98.0,66.4,1076,83350.08,0.8200000000000074,0.0,0.10999999999999943,0.269999999999996,0.44000000000001194,77.51,77.69,77.06,1933.0,77.58,77.98,76.9,553.0,77.23,78.68,76.98,1551.0,77.81,77.91,76.82,1452.0,77.57000000000001,0.14843629385632723,1187.3333333333333,77.518,0.3949303736116064,1250.6,78.126,1.0913620440117164,1283.0,78.28450000000001,1.0060986401365795,1434.5,36.431226670996814,0.0014191717197780118,0.002574333891105729,-0.44335230212105536,0.9965335729747524,0.9929141973590192,0.012909405725825182,2,2,77.47,78.38,76.99,76.4,77.18,75.72,75.99,74.68,75.47,77.21,76.0,76.35,75.71,75.65,75.95,76.5,77.21,77.15,78.05,78.69
2025-02-20,77.47,77.47,77.0,77.62,77.4,77.4,98.0,66.4,409,31592.1,0.46999999999999886,-0.15000000000000568,0.06999999999999318,0.0,0.4000000000000057,77.62,77.89,77.07,1076.0,77.51,77.69,77.06,1933.0,77.58,77.98,76.9,553.0,77.65,78.35,77.42,1140.0,77.51000000000002,0.21007935008917644,1139.3333333333333,77.468,0.45691355856552196,1104.4,77.9,1.112103112724566,1298.6,78.265,1.0488563947664935,1399.95,37.404580052735874,-0.002834321051275457,-0.0053922197971498775,-0.6198884758364313,0.9990964244094606,0.994832041330816,0.012946274543318965,3,2,78.38,76.99,76.4,77.18,75.72,75.99,74.68,75.47,77.21,76.0,76.35,75.71,75.65,75.95,76.5,77.21,77.15,78.05,78.69,79.75
2025-02-21,76.01,78.38,76.01,77.4,76.99,76.59,98.0,66.4,1244,95549.63,2.3699999999999903,-1.3900000000000006,0.5799999999999983,1.789999999999992,0.0,77.4,77.47,77.0,409.0,77.62,77.89,77.07,1076.0,77.51,77.69,77.06,1933.0,77.23,78.68,76.98,1551.0,77.20333333333335,0.455448496905815,909.6666666666666,77.34,0.34069047535997526,1043.0,77.63399999999999,0.7989826865030841,1353.8,78.25800000000001,1.0221570329457526,1086.2,31.605351096576,-0.010465116279069764,0.011746482509358502,2.041564792176039,0.9771625414521924,0.9924272098055564,0.013019412006095544,4,2,76.99,76.4,77.18,75.72,75.99,74.68,75.47,77.21,76.0,76.35,75.71,75.65,75.95,76.5,77.21,77.15,78.05,78.69,79.75,80.45
2025-02-24,76.99,76.99,75.7,76.59,76.11,76.06,98.0,66.4,1649,125812.28,1.289999999999992,0.3999999999999915,0.9299999999999926,0.0,0.35999999999999943,76.59,78.38,76.01,1244.0,77.4,77.47,77.0,409.0,77.62,77.89,77.07,1076.0,77.58,77.98,76.9,553.0,76.68333333333335,0.7059981114237713,1100.6666666666667,77.03600000000002,0.5134004285165796,1262.2,77.339,0.548603277017132,1321.0,78.186,1.0888603409554982,1094.1,9.055118085281066,-0.006919963441702537,-0.017734115845879028,0.32556270096463025,0.9879205091442016,0.9952668945438434,0.013106828681588053,0,2,76.4,77.18,75.72,75.99,74.68,75.47,77.21,76.0,76.35,75.71,75.65,75.95,76.5,77.21,77.15,78.05,78.69,79.75,80.45,80.7
2025-02-25,76.06,76.4,76.0,76.06,76.22,76.28,98.0,66.4,865,65836.45,0.4000000000000057,0.0,0.21999999999999886,0.12000000000000455,0.060000000000002274,76.06,76.99,75.7,1649.0,76.59,78.38,76.01,1244.0,77.4,77.47,77.0,409.0,77.51,77.69,77.06,1933.0,76.31000000000002,1.0165792312132478,1252.6666666666667,76.79,0.7697597027650941,1048.6,77.173,0.6828242005723663,1187.2,78.119,1.204758547550167,1097.1,14.255765157320496,0.002892453326321265,-0.007663332900376574,-0.47543966040024255,0.9984293193586592,0.9963293130440963,0.013138618500845457,1,2,77.18,75.72,75.99,74.68,75.47,77.21,76.0,76.35,75.71,75.65,75.95,76.5,77.21,77.15,78.05,78.69,79.75,80.45,80.7,79.39
2025-02-27,76.15,77.18,75.8,76.28,75.85,76.1,98.0,66.4,1588,120851.22,1.3800000000000097,-0.12999999999999545,0.05000000000001137,1.0300000000000011,0.29999999999999716,76.28,76.4,76.0,865.0,76.06,76.99,75.7,1649.0,76.59,78.38,76.01,1244.0,77.62,77.89,77.07,1076.0,76.14666666666668,0.4067349669432702,1367.3333333333333,76.48600000000002,0.727069460231281,1151.0,77.002,0.7053202582267678,1200.8,78.0095,1.250083260385156,1130.3,13.821138172053551,-0.0023597273203985747,0.01020942408376957,0.8358381502890173,0.9860067374839852,0.9960578186465695,0.013140123864698981,3,2,75.72,75.99,74.68,75.47,77.21,76.0,76.35,75.71,75.65,75.95,76.5,77.21,77.15,78.05,78.69,79.75,80.45,80.7,79.39,79.39
2025-02-28,75.72,75.72,74.5,76.1,74.95,74.76,98.0,66.4,12376,928359.14,1.2199999999999989,-0.37999999999999545,0.9599999999999937,0.0,0.2600000000000051,76.1,77.18,75.8,1588.0,76.28,76.4,76.0,865.0,76.06,76.99,75.7,1649.0,77.4,77.47,77.0,409.0,75.71333333333335,0.7305705532900854,4943.0,75.958,0.9891309316774074,3544.4,76.713,0.8999234535340491,2324.4,77.79350000000001,1.397269800266674,1698.8,11.623931596113579,-0.017608409986859308,-0.018916817828453114,6.793450881612091,0.9873217115558991,0.9965222043740432,0.013331047723621255,4,2,75.99,74.68,75.47,77.21,76.0,76.35,75.71,75.65,75.95,76.5,77.21,77.15,78.05,78.69,79.75,80.45,80.7,79.39,79.39,79.18
2025-03-03,74.95,75.99,74.02,74.76,74.65,74.7,98.0,66.4,2938,219244.53,1.9699999999999989,0.18999999999999773,0.25,1.039999999999992,0.6800000000000068,74.76,75.72,74.5,12376.0,76.1,77.18,75.8,1588.0,76.28,76.4,76.0,865.0,76.59,78.38,76.01,1244.0,75.18666666666668,0.7768097150104772,5634.0,75.58000000000001,0.6267615176452987,3883.2,76.46000000000001,0.8893999225436611,2463.1,77.5925,1.489144933033504,1825.55,11.992945296666349,-0.0008025682182986049,0.0035657686212360318,-0.7626050420168067,0.9830240821031317,0.9908969210041377,0.013400562376630272,0,3,74.68,75.47,77.21,76.0,76.35,75.71,75.65,75.95,76.5,77.21,77.15,78.05,78.69,79.75,80.45,80.7,79.39,79.39,79.18,77.9
2025-03-04,74.68,74.68,74.1,74.7,74.61,74.61,98.0,66.4,1344,100116.17,0.5800000000000125,-0.01999999999999602,0.07000000000000739,0.0,0.5100000000000051,74.7,75.99,74.02,2938.0,74.76,75.72,74.5,12376.0,76.1,77.18,75.8,1588.0,76.06,76.99,75.7,1649.0,74.69000000000001,0.6916887546686783,5552.666666666667,75.29,0.9183027823115054,3822.2,76.16300000000001,1.133710231446888,2542.2,77.3835,1.686703028177616,1864.85,14.498933858638466,-0.001204819277108471,-0.01723911040926418,-0.5425459496255957,0.9990626673674468,0.9931644551535562,0.013424404868863706,1,3,75.47,77.21,76.0,76.35,75.71,75.65,75.95,76.5,77.21,77.15,78.05,78.69,79.75,80.45,80.7,79.39,79.39,79.18,77.9,78.1
2025-03-05,74.69,75.47,74.69,74.61,75.35,75.35,98.0,66.4,811,60773.43,0.7800000000000011,0.0799999999999983,0.6599999999999966,0.12000000000000455,0.0,74.61,74.68,74.1,1344.0,74.7,75.99,74.02,2938.0,74.76,75.72,74.5,12376.0,76.28,76.4,76.0,865.0,74.88666666666667,0.6596211033630001,1697.6666666666667,75.104,0.9096537802928408,3811.4,75.947,1.1654665255684957,2430.0,77.14,1.7027354926397362,1872.95,26.79245275941601,0.009918241522584026,0.010578468130690855,-0.39657738095238093,0.9984099642109657,0.9912408758992536,0.013344647488219551,2,3,77.21,76.0,76.35,75.71,75.65,75.95,76.5,77.21,77.15,78.05,78.69,79.75,80.45,80.7,79.39,79.39,79.18,77.9,78.1,77.6
2025-03-06,75.35,77.21,74.84,75.35,75.99,76.01,98.0,66.4,941,71360.63,2.3699999999999903,0.0,0.6600000000000108,1.1999999999999886,0.5099999999999909,75.35,75.47,74.69,811.0,74.61,74.68,74.1,1344.0,74.7,75.99,74.02,2938.0,76.1,77.18,75.8,1588.0,75.32333333333334,1.294385311000904,1032.0,75.08599999999998,0.9209940282113916,3682.0,75.78599999999999,1.1009939953406913,2416.5,76.95599999999999,1.5737059011003984,1849.75,35.86206887895361,0.008759124087591275,0.023055518749171888,0.16029593094944516,0.9844579717525651,0.9846072885017154,0.013186542775757258,3,3,76.0,76.35,75.71,75.65,75.95,76.5,77.21,77.15,78.05,78.69,79.75,80.45,80.7,79.39,79.39,79.18,77.9,78.1,77.6,79.45
2025-03-07,76.0,76.0,75.34,76.01,75.96,75.96,98.0,66.4,538,40809.44,0.6599999999999966,-0.010000000000005116,0.04000000000000625,0.0,0.6199999999999903,76.01,77.21,74.84,941.0,75.35,75.47,74.69,811.0,74.61,74.68,74.1,1344.0,74.76,75.72,74.5,12376.0,75.77333333333333,0.8918706931695095,763.3333333333334,75.326,0.9223611006547516,1314.4,75.642,1.0617993114408506,2429.4,76.771,1.5381567916794987,1864.0,38.305708925178564,-0.0006578081831339899,-0.015671545136640264,-0.42826780021253985,0.9994736841973753,0.9918378093602971,0.01318322427359912,4,3,76.35,75.71,75.65,75.95,76.5,77.21,77.15,78.05,78.69,79.75,80.45,80.7,79.39,79.39,79.18,77.9,78.1,77.6,79.45,76.23
2025-03-10,75.96,76.35,75.65,75.96,75.65,75.65,98.0,66.4,1308,99271.89,0.6999999999999886,0.0,0.30999999999998806,0.39000000000000057,0.0,75.96,76.0,75.34,538.0,76.01,77.21,74.84,941.0,75.35,75.47,74.69,811.0,74.7,75.99,74.02,2938.0,75.87333333333335,0.6226556030432551,929.0,75.51599999999999,0.9477710694049714,988.4,75.54799999999999,0.8044936295574349,2435.8,76.59100000000001,1.3464740504077006,1894.8,32.09647487025042,-0.00408109531332268,0.004605263157894557,1.4312267657992566,0.9908316961232374,0.9999999999867811,0.013175935302531127,0,3,75.71,75.65,75.95,76.5,77.21,77.15,78.05,78.69,79.75,80.45,80.7,79.39,79.39,79.18,77.9,78.1,77.6,79.45,76.23,75.55
2025-03-11,75.6,75.71,75.4,75.65,75.65,75.65,98.0,66.4,286,21612.95,0.30999999999998806,-0.05000000000001137,0.05000000000001137,0.05999999999998806,0.19999999999998863,75.65,76.35,75.65,1308.0,75.96,76.0,75.34,538.0,76.01,77.21,74.84,941.0,74.61,74.68,74.1,1344.0,75.75333333333334,0.32046840718152153,710.6666666666666,75.724,0.6786162391227065,776.8,75.507,0.7655419285989141,2299.5,76.423,1.1868223828447486,1810.25,32.51879690690545,0.0,-0.008382449246889356,-0.7813455657492354,0.9992075022982538,0.9966953073232426,0.013232807182730112,1,3,75.65,75.95,76.5,77.21,77.15,78.05,78.69,79.75,80.45,80.7,79.39,79.39,79.18,77.9,78.1,77.6,79.45,76.23,75.55,76.83
2025-03-12,75.65,75.65,75.06,75.65,75.65,75.65,98.0,66.4,932,70236.34,0.5900000000000034,0.0,0.0,0.0,0.5900000000000034,75.65,75.71,75.4,286.0,75.65,76.35,75.65,1308.0,75.96,76.0,75.34,538.0,75.35,75.47,74.69,811.0,75.65,0.3879862540540051,842.0,75.784,0.6371655985699821,801.0,75.444,0.7664666405719253,2306.2,76.30850000000001,1.153710261903423,1746.7,31.094049820476684,0.0,-0.0007924976885482771,2.2587412587412588,0.9999999999867811,0.99220092530083,0.0132694841445324,2,3,75.95,76.5,77.21,77.15,78.05,78.69,79.75,80.45,80.7,79.39,79.39,79.18,77.9,78.1,77.6,79.45,76.23,75.55,76.83,79.2
2025-03-13,75.95,75.95,75.37,75.65,75.37,75.37,98.0,66.4,1322,99714.88,0.5799999999999983,0.29999999999999716,0.5799999999999983,0.0,0.0,75.65,75.65,75.06,932.0,75.65,75.71,75.4,286.0,75.65,76.35,75.65,1308.0,76.01,77.21,74.84,941.0,75.55666666666667,0.15874507866892984,846.6666666666666,75.65599999999999,0.2777048793252529,877.2,75.37100000000001,0.6443092770113956,2279.6,76.1865,1.1452745016853934,1740.2,30.740037869001824,-0.0037012557832121207,0.00396563119629878,0.4184549356223175,0.9923633969586259,0.9999999999867321,0.013257800641188021,3,3,76.5,77.21,77.15,78.05,78.69,79.75,80.45,80.7,79.39,79.39,79.18,77.9,78.1,77.6,79.45,76.23,75.55,76.83,79.2,79.2
2025-03-17,75.37,76.5,75.0,75.37,75.8,75.8,98.0,66.4,1408,106026.02,1.5,0.0,0.4299999999999926,0.7000000000000028,0.37000000000000455,75.37,75.95,75.37,1322.0,75.65,75.65,75.06,932.0,75.65,75.71,75.4,286.0,75.96,76.0,75.34,538.0,75.60666666666668,0.4310839052142657,1220.6666666666667,75.624,0.37963140017792407,1051.2,75.475,0.6704136368265081,1182.8,76.09400000000001,1.0855436426050256,1753.6,41.92229026852507,0.005705187740480122,0.007241606319947191,0.06505295007564293,0.990849673189662,0.9894459102771841,0.013279759062916693,0,3,77.21,77.15,78.05,78.69,79.75,80.45,80.7,79.39,79.39,79.18,77.9,78.1,77.6,79.45,76.23,75.55,76.83,79.2,79.2,80.11
2025-03-18,77.21,77.21,75.8,75.8,76.8,76.78,98.0,66.4,1120,85380.8,1.4099999999999966,1.4099999999999966,0.4299999999999926,0.0,0.980000000000004,75.8,76.5,75.0,1408.0,75.37,75.95,75.37,1322.0,75.65,75.65,75.06,932.0,75.65,76.35,75.65,1308.0,75.98333333333333,0.6316908526601249,1283.3333333333333,75.85,0.6548129503919762,1013.6,75.68299999999999,0.7802997999335096,1001.0,76.0715,0.9895554557477693,1732.05,56.74157288494717,0.012928759894459185,0.00928104575163391,-0.20454545454545459,0.9944307732030252,0.987236259429705,0.013117703277551707,1,3,77.15,78.05,78.69,79.75,80.45,80.7,79.39,79.39,79.18,77.9,78.1,77.6,79.45,76.23,75.55,76.83,79.2,79.2,80.11,81.38
2025-03-19,77.15,77.15,76.7,76.78,76.75,77.07,98.0,66.4,1181,90675.94,0.45000000000000284,0.37000000000000455,0.0800000000000125,0.0,0.36999999999999034,76.78,77.21,75.8,1120.0,75.8,76.5,75.0,1408.0,75.37,75.95,75.37,1322.0,75.65,75.71,75.4,286.0,76.55000000000001,0.39374272480167455,1236.3333333333333,76.13399999999999,0.6984411213560064,1192.6,75.929,0.6740590148896843,984.7,76.046,0.9460080949916038,1763.45,57.30129375190047,0.0037770252669964144,-0.000777101411734038,0.05446428571428563,0.9989630589630722,0.9951991695731777,0.013024403165823116,2,3,78.05,78.69,79.75,80.45,80.7,79.39,79.39,79.18,77.9,78.1,77.6,79.45,76.23,75.55,76.83,79.2,79.2,80.11,81.38,81.29
2025-03-20,77.45,78.05,76.98,77.07,78.05,78.05,98.0,66.4,2494,192422.64,1.0699999999999932,0.38000000000000966,0.5999999999999943,0.0,0.46999999999999886,77.07,77.15,76.7,1181.0,76.78,77.21,75.8,1120.0,75.8,76.5,75.0,1408.0,75.65,75.65,75.06,932.0,77.30000000000001,0.503189825016969,1598.3333333333333,76.614,0.7933599435319519,1505.0,76.199,0.7954006677270976,1153.0,76.07300000000001,0.9713358950707027,1791.5,65.70048294367044,0.012715712988192518,0.011665586519766569,1.111769686706181,0.9999999999871877,0.9862908391930008,0.012961052815822436,3,3,78.69,79.75,80.45,80.7,79.39,79.39,79.18,77.9,78.1,77.6,79.45,76.23,75.55,76.83,79.2,79.2,80.11,81.38,81.29,82.5
2025-03-21,78.17,78.69,77.81,78.05,78.67,78.66,98.0,66.4,1571,122919.81,0.8799999999999955,0.12000000000000455,0.4899999999999949,0.030000000000001137,0.35999999999999943,78.05,78.05,76.98,2494.0,77.07,77.15,76.7,1181.0,76.78,77.21,75.8,1120.0,75.37,75.95,75.37,1322.0,77.92666666666668,0.7736493607142941,1748.6666666666667,77.272,0.8548684109270924,1554.8,76.46400000000001,1.0293493090290056,1216.0,76.125,1.0413143263760307,1816.25,85.5839413871942,0.007815502882767555,0.008199871877001996,-0.37008821170809947,0.9996187571356001,0.9891939994789067,0.012780690110080607,4,3,79.75,80.45,80.7,79.39,79.39,79.18,77.9,78.1,77.6,79.45,76.23,75.55,76.83,79.2,79.2,80.11,81.38,81.29,82.5,82.01
2025-03-24,78.75,79.75,78.75,78.66,79.75,79.62,98.0,66.4,4198,332993.25,1.0,0.09000000000000341,0.8700000000000045,0.12999999999999545,0.0,78.66,78.69,77.81,1571.0,78.05,78.05,76.98,2494.0,77.07,77.15,76.7,1181.0,75.8,76.5,75.0,1408.0,78.77666666666669,0.8586035173465023,2754.3333333333335,78.036,1.0889444430277444,2112.8,76.83000000000001,1.364115097782621,1582.0,76.236,1.2426003083517974,2005.7,88.5579935360796,0.012204424103737788,0.013470580759944006,1.6721833227243792,0.9983699059435941,0.9890730971993333,0.012606862151109632,0,3,80.45,80.7,79.39,79.39,79.18,77.9,78.1,77.6,79.45,76.23,75.55,76.83,79.2,79.2,80.11,81.38,81.29,82.5,82.01,81.4
2025-03-25,79.62,80.45,78.97,79.62,78.97,79.58,98.0,66.4,1093,87092.87,1.480000000000004,0.0,0.04000000000000625,0.8299999999999983,0.6099999999999994,79.62,79.75,78.75,4198.0,78.66,78.69,77.81,1571.0,78.05,78.05,76.98,2494.0,76.78,77.21,75.8,1120.0,79.28666666666668,0.8861151166746412,2287.3333333333335,78.59599999999999,1.3153402601612278,2107.4,77.223,1.690433540709025,1560.5,76.38550000000001,1.4536650595179645,1998.15,89.25750375203702,-0.000502386335091809,0.008777429467084596,-0.7396379228203906,0.9891858296955973,0.9923347574642832,0.012549821816642251,1,3,80.7,79.39,79.39,79.18,77.9,78.1,77.6,79.45,76.23,75.55,76.83,79.2,79.2,80.11,81.38,81.29,82.5,82.01,81.4,81.98
2025-03-26,79.97,80.7,78.6,79.58,80.7,78.83,98.0,66.4,1457,115228.72,2.1000000000000085,0.39000000000000057,1.1400000000000006,0.730000000000004,0.23000000000000398,79.58,80.45,78.97,1093.0,79.62,79.75,78.75,4198.0,78.66,78.69,77.81,1571.0,77.07,77.15,76.7,1181.0,79.34333333333335,0.4924428900887083,2249.3333333333335,78.948,1.1357464505782147,2162.6,77.541,1.830428000950916,1677.6,76.524,1.689398756331664,1988.55,77.4447947816676,-0.009424478512188972,0.003107520198881275,0.33302836230558097,0.9768277571130504,0.997082329049891,0.012644417121009305,2,3,79.39,79.39,79.18,77.9,78.1,77.6,79.45,76.23,75.55,76.83,79.2,79.2,80.11,81.38,81.29,82.5,82.01,81.4,81.98,82.25
2025-03-27,79.33,79.39,78.51,78.83,79.0,78.95,98.0,66.4,456,36028.14,0.8799999999999955,0.5,0.37999999999999545,0.060000000000002274,0.4399999999999977,78.83,80.7,78.6,1457.0,79.58,80.45,78.97,1093.0,79.62,79.75,78.75,4198.0,78.05,78.05,76.98,2494.0,79.12000000000002,0.6954854419748815,1002.0,79.128,0.8116526350607177,1755.0,77.87100000000001,1.6696719571349803,1630.0,76.6575,1.7605352057049501,1968.1,75.34482740434001,0.0015222630978055651,-0.01623296158612142,-0.6870281400137268,0.9944577402570292,0.9944268524256564,0.012656773288878842,3,3,79.39,79.18,77.9,78.1,77.6,79.45,76.23,75.55,76.83,79.2,79.2,80.11,81.38,81.29,82.5,82.01,81.4,81.98,82.25,82.2
2025-03-28,79.39,79.39,77.53,78.95,77.53,77.83,98.0,66.4,1733,136287.3,1.8599999999999994,0.4399999999999977,1.5600000000000023,0.0,0.29999999999999716,78.95,79.39,78.51,456.0,78.83,80.7,78.6,1457.0,79.58,80.45,78.97,1093.0,78.66,78.69,77.81,1571.0,78.53666666666668,0.7563288526378863,1215.3333333333333,78.962,0.6080131577531881,1787.4,78.11699999999999,1.452758296023531,1671.1,76.744,1.8279395216300542,1975.35,63.60989797808757,-0.014186193793540247,0.0,2.800438596491228,0.9803501700342567,0.9961454451882803,0.012715784963088913,4,3,79.18,77.9,78.1,77.6,79.45,76.23,75.55,76.83,79.2,79.2,80.11,81.38,81.29,82.5,82.01,81.4,81.98,82.25,82.2,83.4
2025-04-01,78.17,79.18,77.16,77.83,77.73,77.52,98.0,66.4,1864,144653.94,2.0200000000000102,0.3400000000000034,0.6500000000000057,1.0100000000000051,0.35999999999999943,77.83,79.39,77.53,1733.0,78.95,79.39,78.51,456.0,78.83,80.7,78.6,1457.0,79.62,79.75,78.75,4198.0,78.10000000000001,0.12124355652779356,1351.0,78.542,0.6983337311064142,1320.6,78.289,1.2254994446703875,1716.7,76.88199999999999,1.8342050479417584,1449.75,63.60989797808744,-0.003983039958884826,-0.0026451694168030393,0.0755914598961338,0.9790351098638665,0.9953560371388628,0.012885926231943541,1,4,77.9,78.1,77.6,79.45,76.23,75.55,76.83,79.2,79.2,80.11,81.38,81.29,82.5,82.01,81.4,81.98,82.25,82.2,83.4,83.3
2025-04-02,77.9,77.9,77.68,77.52,77.76,77.76,98.0,66.4,611,47481.95,0.21999999999999886,0.38000000000000966,0.14000000000000057,0.0,0.0799999999999983,77.52,79.18,77.16,1864.0,77.83,79.39,77.53,1733.0,78.95,79.39,78.51,456.0,79.58,80.45,78.97,1093.0,77.70333333333333,0.8064944719792816,1402.6666666666667,78.178,0.9937152509652949,1224.2,78.38699999999999,1.1294270917390345,1665.8,77.035,1.8023461318369647,1333.4,64.83825584982615,0.003095975232198178,-0.01616569840868909,-0.6722103004291846,0.9982028241206905,0.998971193402791,0.012868047752882668,2,4,78.1,77.6,79.45,76.23,75.55,76.83,79.2,79.2,80.11,81.38,81.29,82.5,82.01,81.4,81.98,82.25,82.2,83.4,83.3,82.38
2025-04-03,77.99,78.1,77.55,77.76,78.02,77.63,98.0,66.4,1552,120831.3,0.5499999999999972,0.22999999999998977,0.35999999999999943,0.10999999999999943,0.0799999999999983,77.76,77.9,77.68,611.0,77.52,79.18,77.16,1864.0,77.83,79.39,77.53,1733.0,78.83,80.7,78.6,1457.0,77.63666666666667,0.688573404462736,1342.3333333333333,77.938,0.7314847913668724,1243.2,78.443,0.9806007229124009,1702.9,77.186,1.6712963767529958,1343.8,63.67403302604454,-0.0016718106995885496,0.0025673940949935137,1.5400981996726677,0.9939820742510374,0.9989694705526346,0.012844354070509769,3,4,77.6,79.45,76.23,75.55,76.83,79.2,79.2,80.11,81.38,81.29,82.5,82.01,81.4,81.98,82.25,82.2,83.4,83.3,82.38,82.3
2025-04-04,77.6,77.6,76.78,77.63,76.78,76.99,98.0,66.4,822,63380.75,0.8199999999999932,-0.030000000000001137,0.6099999999999994,0.0,0.20999999999999375,77.63,78.1,77.55,1552.0,77.76,77.9,77.68,611.0,77.52,79.18,77.16,1864.0,78.95,79.39,78.51,456.0,77.46000000000001,0.2516611478430904,995.0,77.546,0.8004248871699641,1316.4,78.337,1.0453840336337277,1535.7,77.268,1.5846509660524188,1344.35,60.65789462510376,-0.008244235475975747,-0.006402048655569814,-0.47036082474226804,0.9921391752449467,0.9972723730225059,0.01296923750507823,4,4,79.45,76.23,75.55,76.83,79.2,79.2,80.11,81.38,81.29,82.5,82.01,81.4,81.98,82.25,82.2,83.4,83.3,82.38,82.3,82.56
2025-04-07,75.89,79.45,74.0,76.99,74.45,74.89,98.0,66.4,11657,881659.47,5.450000000000003,-1.0999999999999943,1.0,3.5600000000000023,0.8900000000000006,76.99,77.6,76.78,822.0,77.63,78.1,77.55,1552.0,77.76,77.9,77.68,611.0,77.83,79.39,77.53,1733.0,76.50333333333333,0.9569918146637479,4677.0,76.958,0.8185841435069766,3301.2,77.96,1.038657787723439,2544.3,77.212,1.6161431509030624,1880.15,45.09169356728335,-0.027276269645408413,0.023840206185567148,13.181265206812652,0.9426054121970723,0.9881159033116822,0.013221658017238772,0,4,76.23,75.55,76.83,79.2,79.2,80.11,81.38,81.29,82.5,82.01,81.4,81.98,82.25,82.2,83.4,83.3,82.38,82.3,82.56,81.53
2025-04-08,75.51,76.23,74.87,74.89,75.83,75.83,98.0,66.4,3533,266187.37,1.3599999999999994,0.6200000000000045,0.3199999999999932,0.4000000000000057,0.6400000000000006,74.89,79.45,74.0,11657.0,76.99,77.6,76.78,822.0,77.63,78.1,77.55,1552.0,77.52,79.18,77.16,1864.0,75.90333333333334,1.6159517319525445,5337.333333333333,76.62,1.1523584511778708,3635.0,77.58099999999999,1.3713452438304181,2477.8,77.2055,1.6022319958175235,2029.9,44.85373774345045,0.012551742555748424,-0.04052863436123344,-0.6969203053958994,0.9947527220123998,0.9873401028486438,0.01327260568373318,1,4,75.55,76.83,79.2,79.2,80.11,81.38,81.29,82.5,82.01,81.4,81.98,82.25,82.2,83.4,83.3,82.38,82.3,82.56,81.53,84.31
2025-04-09,75.4,75.55,75.07,75.83,75.55,75.53,98.0,66.4,3819,287218.63,0.480000000000004,-0.4299999999999926,0.12999999999999545,0.01999999999999602,0.3300000000000125,75.83,76.23,74.87,3533.0,74.89,79.45,74.0,11657.0,76.99,77.6,76.78,822.0,77.76,77.9,77.68,611.0,75.41666666666667,2.083298666378432,6336.333333333333,76.174,1.5429614382741637,4276.6,77.176,1.5897760149707552,2750.4,77.1995,1.6539553866573844,2155.45,41.666666603535425,-0.00395621785572986,-0.008920372556736278,0.08095103311633167,0.9997352746393152,0.9939097047399189,0.013296491247799583,2,4,76.83,79.2,79.2,80.11,81.38,81.29,82.5,82.01,81.4,81.98,82.25,82.2,83.4,83.3,82.38,82.3,82.56,81.53,84.31,83.78
2025-04-11,75.53,76.83,75.53,75.53,76.39,76.8,98.0,66.4,737,56519.85,1.2999999999999972,0.0,1.269999999999996,0.030000000000001137,0.0,75.53,75.55,75.07,3819.0,75.83,76.23,74.87,3533.0,74.89,79.45,74.0,11657.0,77.63,78.1,77.55,1552.0,76.05333333333334,0.6404165311222251,2696.3333333333335,76.00800000000001,1.4999733330966531,4113.6,76.973,1.4153507613931897,2678.4,77.257,1.592658816339366,2178.0,43.44176279032692,0.016814510790414294,0.01694242223692921,-0.8070175438596492,0.9996095275152985,0.9834635416538612,0.013039666595010196,4,4,79.2,79.2,80.11,81.38,81.29,82.5,82.01,81.4,81.98,82.25,82.2,83.4,83.3,82.38,82.3,82.56,81.53,84.31,83.78,83.47
2025-04-15,78.8,79.2,78.05,76.8,78.05,78.41,98.0,66.4,1278,100639.38,1.1500000000000057,2.0,0.39000000000000057,0.4000000000000057,0.35999999999999943,76.8,76.83,75.53,737.0,75.53,75.55,75.07,3819.0,75.83,76.23,74.87,3533.0,76.99,77.6,76.78,822.0,76.91333333333334,1.8519269244044334,1944.6666666666667,76.292,1.7709658381801374,4204.8,76.919,1.3951825846257353,2760.6,77.395,1.5145166851091665,2195.3,48.81291541468369,0.020963541666666696,0.030847325263569036,0.7340569877883312,0.9900252525127521,0.995408748871376,0.012698806371819731,1,4,79.2,80.11,81.38,81.29,82.5,82.01,81.4,81.98,82.25,82.2,83.4,83.3,82.38,82.3,82.56,81.53,84.31,83.78,83.47,84.25
2025-04-16,78.06,79.2,78.0,78.41,79.2,78.71,98.0,66.4,915,71648.4,1.2000000000000028,-0.3499999999999943,0.6499999999999915,0.4900000000000091,0.060000000000002274,78.41,79.2,78.05,1278.0,76.8,76.83,75.53,737.0,75.53,75.55,75.07,3819.0,74.89,79.45,74.0,11657.0,77.97333333333334,1.3683201379794165,976.6666666666666,77.056,1.7026655572957,2056.4,77.00699999999999,1.3744267491894187,2678.8,77.562,1.436884055682322,2174.95,45.39007085760269,0.0038260425966074596,0.0,-0.284037558685446,0.993813131300583,0.9909795451532083,0.012770696903210501,2,4,80.11,81.38,81.29,82.5,82.01,81.4,81.98,82.25,82.2,83.4,83.3,82.38,82.3,82.56,81.53,84.31,83.78,83.47,84.25,84.25
2025-04-17,78.6,80.11,78.59,78.71,80.0,80.0,98.0,66.4,2105,167213.15,1.519999999999996,-0.10999999999999943,1.4000000000000057,0.10999999999999943,0.009999999999990905,78.71,79.2,78.0,915.0,78.41,79.2,78.05,1278.0,76.8,76.83,75.53,737.0,75.83,76.23,74.87,3533.0,79.04,0.525388744961946,1432.6666666666667,77.88999999999999,1.9069006266717334,1770.8,77.255,1.4950291710266812,2702.9,77.77199999999999,1.4220973206760834,2209.8,51.88848914330586,0.016389277093126653,0.01148989898989905,1.3005464480874318,0.9986268880164945,0.9823749999877203,0.012588722836690701,3,4,81.38,81.29,82.5,82.01,81.4,81.98,82.25,82.2,83.4,83.3,82.38,82.3,82.56,81.53,84.31,83.78,83.47,84.25,84.25,84.35
2025-04-21,81.28,81.38,79.58,80.0,80.56,80.85,98.0,66.4,4906,397114.41,1.7999999999999972,1.2800000000000011,0.4300000000000068,0.09999999999999432,1.269999999999996,80.0,80.11,78.59,2105.0,78.71,79.2,78.0,915.0,78.41,79.2,78.05,1278.0,75.53,75.55,75.07,3819.0,79.85333333333334,1.0949429208862604,2642.0,78.954,1.665361822548186,1988.2,77.564,1.831849399437826,3132.4,77.9755,1.524044135291434,2399.1,59.001782457573505,0.010624999999999885,0.015853201847459752,1.3306413301662707,0.9934873433153909,0.9842918985654385,0.012354122329632884,0,4,81.29,82.5,82.01,81.4,81.98,82.25,82.2,83.4,83.3,82.38,82.3,82.56,81.53,84.31,83.78,83.47,84.25,84.25,84.35,83.85
2025-04-22,80.86,81.29,80.73,80.85,80.73,80.91,98.0,66.4,1391,112612.14,0.5600000000000023,0.010000000000005116,0.04999999999999716,0.38000000000000966,0.12999999999999545,80.85,81.38,79.58,4906.0,80.0,80.11,78.59,2105.0,78.71,79.2,78.0,915.0,76.8,76.83,75.53,737.0,80.58666666666667,0.7086842268118257,2800.6666666666665,79.776,1.0702943520363917,2119.0,77.89200000000001,2.0458315342826183,3116.3,78.16749999999999,1.5804050113817163,2409.6,58.78136193342836,0.0007421150278292821,-0.001105922831162287,-0.7164696290256829,0.9953253782630663,0.9977753058831075,0.012352131839426794,1,4,82.5,82.01,81.4,81.98,82.25,82.2,83.4,83.3,82.38,82.3,82.56,81.53,84.31,83.78,83.47,84.25,84.25,84.35,83.85,83.8
2025-04-23,82.5,82.5,81.01,80.91,81.5,81.48,98.0,66.4,427,34744.67,1.4899999999999949,1.5900000000000034,1.019999999999996,0.0,0.46999999999999886,80.91,81.29,80.73,1391.0,80.85,81.38,79.58,4906.0,80.0,80.11,78.59,2105.0,78.41,79.2,78.05,1278.0,81.08,0.6741167060171475,2241.3333333333335,80.39,1.2704841596812597,1948.8,78.341,2.325095935893747,3076.8,78.339,1.7548053573276214,2306.25,67.20075391698299,0.0070448646644420965,0.014884979702300294,-0.6930265995686556,0.9876363636243923,0.994231713291676,0.012289654787338252,2,4,82.01,81.4,81.98,82.25,82.2,83.4,83.3,82.38,82.3,82.56,81.53,84.31,83.78,83.47,84.25,84.25,84.35,83.85,83.8,84.9
2025-04-24,81.17,82.01,81.11,81.48,81.59,81.47,98.0,66.4,2055,167437.32,0.9000000000000057,-0.3100000000000023,0.29999999999999716,0.5400000000000063,0.060000000000002274,81.48,82.5,81.01,427.0,80.91,81.29,80.73,1391.0,80.85,81.38,79.58,4906.0,78.71,79.2,78.0,915.0,81.28666666666668,0.6086323466028437,1291.0,80.94200000000001,0.9002610732454249,2176.8,78.999,2.49368090269043,2116.6,78.4795,1.8632300052951196,2330.45,69.15615897495768,-0.00012272950417291373,-0.005939393939393911,3.812646370023419,0.9934154371296985,0.9955811955198774,0.01227324947628156,3,4,81.4,81.98,82.25,82.2,83.4,83.3,82.38,82.3,82.56,81.53,84.31,83.78,83.47,84.25,84.25,84.35,83.85,83.8,84.9,83.72
2025-04-25,81.4,81.4,80.26,81.47,80.95,80.95,98.0,66.4,1523,122688.88,1.1400000000000006,-0.06999999999999318,0.45000000000000284,0.0,0.6899999999999977,81.47,82.01,81.11,2055.0,81.48,82.5,81.01,427.0,80.91,81.29,80.73,1391.0,80.0,80.11,78.59,2105.0,81.30000000000001,0.5510898293363191,1335.0,81.132,0.5232876837849367,2060.4,79.511,2.2836133648230668,1915.6,78.546,1.9193971092919713,2196.7,65.06137857310108,-0.006382717564747731,-0.007438117302767999,-0.25888077858880776,0.9944717444595272,0.9914762198765722,0.012413512944286291,4,4,81.98,82.25,82.2,83.4,83.3,82.38,82.3,82.56,81.53,84.31,83.78,83.47,84.25,84.25,84.35,83.85,83.8,84.9,83.72,84.0
2025-04-28,80.85,81.98,80.85,80.95,81.56,81.63,98.0,66.4,2597,211747.43,1.1300000000000097,-0.10000000000000853,0.7800000000000011,0.3500000000000085,0.0,80.95,81.4,80.26,1523.0,81.47,82.01,81.11,2055.0,81.48,82.5,81.01,427.0,80.85,81.38,79.58,4906.0,81.35000000000001,0.3438507428105672,2058.3333333333335,81.288,0.4950050504802962,1598.6,80.12100000000001,1.7511583467962288,1793.4,78.64849999999998,1.9928278637999146,2271.9,67.9533212790533,0.008400247066089994,0.007125307125307012,0.7051871306631647,0.9957306660039553,0.9904446894402738,0.012264611664944353,0,4,82.25,82.2,83.4,83.3,82.38,82.3,82.56,81.53,84.31,83.78,83.47,84.25,84.25,84.35,83.85,83.8,84.9,83.72,84.0,83.93
2025-04-29,82.0,82.25,81.58,81.63,81.63,81.63,98.0,66.4,3594,293865.35,0.6700000000000017,0.37000000000000455,0.37000000000000455,0.25,0.04999999999999716,81.63,81.98,80.85,2597.0,80.95,81.4,80.26,1523.0,81.47,82.01,81.11,2055.0,80.91,81.29,80.73,1391.0,81.40333333333335,0.4343193909225416,2571.3333333333335,81.43199999999999,0.408986552347382,2039.2,80.604,1.2146952063966518,2079.1,78.7885,2.071775490783454,2378.75,72.09523799911115,0.0,0.003293486216150221,0.38390450519830566,0.9924620060669609,0.9993874800808601,0.012230091094441682,1,4,82.2,83.4,83.3,82.38,82.3,82.56,81.53,84.31,83.78,83.47,84.25,84.25,84.35,83.85,83.8,84.9,83.72,84.0,83.93,83.8
2025-04-30,81.63,82.2,81.5,81.63,81.5,82.02,98.0,66.4,1176,96239.18,0.7000000000000028,0.0,0.39000000000000057,0.18000000000000682,0.12999999999999545,81.63,82.25,81.58,3594.0,81.63,81.98,80.85,2597.0,80.95,81.4,80.26,1523.0,81.48,82.5,81.01,427.0,81.76,0.14364307616853902,2455.6666666666665,81.53999999999999,0.33833415435187664,2189.0,80.965,1.042825222385331,2068.9,78.942,2.154209770853947,2414.75,90.55745150536926,0.004777655273796366,-0.0006079027355623268,-0.672787979966611,0.9978102189659632,0.9936600828944933,0.012219555486653022,2,4,83.4,83.3,82.38,82.3,82.56,81.53,84.31,83.78,83.47,84.25,84.25,84.35,83.85,83.8,84.9,83.72,84.0,83.93,83.8,83.62
2025-05-02,83.4,83.4,81.76,82.02,81.84,82.21,98.0,66.4,4980,412320.87,1.6400000000000006,1.3800000000000097,1.190000000000012,0.0,0.44999999999998863,82.02,82.2,81.5,1176.0,81.63,82.25,81.58,3594.0,81.63,81.98,80.85,2597.0,81.47,82.01,81.11,2055.0,81.95333333333333,0.6788470618120658,3250.0,81.68799999999999,0.7280659310811054,2774.0,81.31500000000001,0.8765183651487439,2475.4,79.161,2.306306228811162,2577.1,89.67661675926958,0.002316508168739295,0.014598540145985384,3.2346938775510203,0.985731414856286,0.9945262133439421,0.012077972187049344,4,5,83.3,82.38,82.3,82.56,81.53,84.31,83.78,83.47,84.25,84.25,84.35,83.85,83.8,84.9,83.72,84.0,83.93,83.8,83.62,83.21
2025-05-05,83.3,83.3,82.14,82.21,82.2,82.38,98.0,66.4,683,56354.74,1.1599999999999966,1.0900000000000034,0.9200000000000017,0.0,0.23999999999999488,82.21,83.4,81.76,4980.0,82.02,82.2,81.5,1176.0,81.63,82.25,81.58,3594.0,80.95,81.4,80.26,1523.0,82.20333333333333,0.6658328118459304,2279.6666666666665,81.974,0.6696118278532653,2606.0,81.553,0.7423004782421956,2333.2,79.404,2.42089239744367,2518.05,93.29962056811696,0.002067874954385207,-0.0011990407673861947,-0.86285140562249,0.9889555822210209,0.9970866715101107,0.012119654886172625,0,5,82.38,82.3,82.56,81.53,84.31,83.78,83.47,84.25,84.25,84.35,83.85,83.8,84.9,83.72,84.0,83.93,83.8,83.62,83.21,84.7
2025-05-06,81.97,82.38,81.94,82.38,82.31,82.3,98.0,66.4,1178,96731.18,0.4399999999999977,-0.4099999999999966,0.3299999999999983,0.0799999999999983,0.030000000000001137,82.38,83.3,82.14,683.0,82.21,83.4,81.76,4980.0,82.02,82.2,81.5,1176.0,81.63,81.98,80.85,2597.0,82.29666666666668,0.5622573550702819,2280.3333333333335,82.10799999999999,0.5926044211790797,2322.2,81.69800000000001,0.6893708887245086,1960.4,79.631,2.4144555886315806,2546.4,90.92261885819693,-0.0009711094925952679,-0.011044417767106851,0.7247437774524159,0.9990288904952777,0.9956257594046704,0.012178079498254729,1,5,82.3,82.56,81.53,84.31,83.78,83.47,84.25,84.25,84.35,83.85,83.8,84.9,83.72,84.0,83.93,83.8,83.62,83.21,84.7,84.18
2025-05-07,81.89,82.3,81.89,82.3,82.3,82.13,98.0,66.4,637,52272.85,0.4099999999999966,-0.4099999999999966,0.23999999999999488,0.1700000000000017,0.0,82.3,82.38,81.94,1178.0,82.38,83.3,82.14,683.0,82.21,83.4,81.76,4980.0,81.63,82.25,81.58,3594.0,82.27,0.555697759575756,832.6666666666666,82.208,0.5833352380929797,1730.8,81.82,0.5975468368427923,1885.0,79.856,2.3939520287152973,2500.65,85.22727250129131,-0.0020656136087484622,-0.0009711094925952679,-0.45925297113752117,0.9979343863791259,0.997077803470144,0.012186058345775826,2,5,82.56,81.53,84.31,83.78,83.47,84.25,84.25,84.35,83.85,83.8,84.9,83.72,84.0,83.93,83.8,83.62,83.21,84.7,84.18,82.97
2025-05-08,82.54,82.56,81.8,82.13,82.11,81.85,98.0,66.4,651,53418.71,0.7600000000000051,0.4100000000000108,0.6900000000000119,0.01999999999999602,0.04999999999999716,82.13,82.3,81.89,637.0,82.3,82.38,81.94,1178.0,82.38,83.3,82.14,683.0,82.02,82.2,81.5,1176.0,82.09333333333335,0.13316656236080554,822.0,82.174,0.5228001530231149,1625.8,81.857,0.5992736344004247,1907.4,80.09899999999999,2.330742822634837,2492.1,79.84790853272418,-0.0034092292706684457,0.0031591737545566545,0.0219780219780219,0.9914001937864413,0.9993891264386147,0.01218674131217298,3,5,81.53,84.31,83.78,83.47,84.25,84.25,84.35,83.85,83.8,84.9,83.72,84.0,83.93,83.8,83.62,83.21,84.7,84.18,82.97,83.56
2025-05-09,81.35,81.53,80.9,81.85,81.22,81.22,98.0,66.4,913,74062.03,0.6299999999999955,-0.5,0.12999999999999545,0.18000000000000682,0.3199999999999932,81.85,82.56,81.8,651.0,82.13,82.3,81.89,637.0,82.3,82.38,81.94,1178.0,82.21,83.4,81.76,4980.0,81.73333333333333,0.535630469631653,733.6666666666666,81.97599999999998,0.6328348915799472,812.4,81.832,0.6491704107711813,1793.2,80.4155,2.3148127126697546,1954.9,63.26086937268431,-0.007697006719608934,-0.0124757751937985,0.40245775729646693,0.9961977186189599,0.9960600837109572,0.012327504390576218,4,5,84.31,83.78,83.47,84.25,84.25,84.35,83.85,83.8,84.9,83.72,84.0,83.93,83.8,83.62,83.21,84.7,84.18,82.97,83.56,84.07
2025-05-12,83.62,84.31,82.11,81.22,83.85,83.88,98.0,66.4,6915,576001.42,2.200000000000003,2.4000000000000057,0.2599999999999909,0.4300000000000068,1.5100000000000051,81.22,81.53,80.9,913.0,81.85,82.56,81.8,651.0,82.13,82.3,81.89,637.0,82.38,83.3,82.14,683.0,82.31666666666666,1.4054536634117225,2826.3333333333335,82.276,1.0256363878105141,2058.8,82.12499999999999,0.8165979562923532,2332.4,80.81800000000001,2.160493121099099,2124.0,73.63494523699077,0.032750554050726466,0.03409787808168763,6.573932092004381,0.9948997746294045,0.9788984263116488,0.012005178737232952,0,5,83.78,83.47,84.25,84.25,84.35,83.85,83.8,84.9,83.72,84.0,83.93,83.8,83.62,83.21,84.7,84.18,82.97,83.56,84.07,86.0
2025-05-13,83.45,83.78,82.75,83.88,82.87,82.91,98.0,66.4,1381,114669.2,1.0300000000000011,-0.4299999999999926,0.5400000000000063,0.3299999999999983,0.1599999999999966,83.88,84.31,82.11,6915.0,81.22,81.53,80.9,913.0,81.85,82.56,81.8,651.0,82.3,82.38,81.94,1178.0,82.67000000000002,1.476019421732155,3069.6666666666665,82.398,1.130809444601959,2099.4,82.253,0.8569902112748216,2210.8,81.18699999999998,1.7569635139849902,2002.1,63.66120206403597,-0.011564139246542648,-0.006286324279444866,-0.8002892263195951,0.9896156600502551,0.9980701965866835,0.012043338577403417,1,5,83.47,84.25,84.25,84.35,83.85,83.8,84.9,83.72,84.0,83.93,83.8,83.62,83.21,84.7,84.18,82.97,83.56,84.07,86.0,84.68
2025-05-14,83.0,83.47,82.6,82.91,82.86,83.08,98.0,66.4,1803,149509.22,0.8700000000000045,0.09000000000000341,0.0799999999999983,0.39000000000000057,0.4000000000000057,82.91,83.78,82.75,1381.0,83.88,84.31,82.11,6915.0,81.22,81.53,80.9,913.0,82.13,82.3,81.89,637.0,83.29,0.42477444994978963,3366.3333333333335,82.588,1.0972009843237391,2332.6,82.398,0.8566738002289159,2031.7,81.501,1.3750172247728034,2055.4,61.56069351707372,0.0020504161138583665,-0.0037001671043208617,0.3055756698044896,0.995327662621357,0.9942224361940993,0.012059456935164187,2,5,84.25,84.25,84.35,83.85,83.8,84.9,83.72,84.0,83.93,83.8,83.62,83.21,84.7,84.18,82.97,83.56,84.07,86.0,84.68,84.5
2025-05-15,83.0,84.25,82.47,83.08,83.6,84.0,98.0,66.4,11058,925098.33,1.7800000000000011,-0.0799999999999983,1.0,0.25,0.5300000000000011,83.08,83.47,82.6,1803.0,82.91,83.78,82.75,1381.0,83.88,84.31,82.11,6915.0,81.85,82.56,81.8,651.0,83.33,0.3927255190717254,4747.333333333333,83.018,1.1372862436523963,4414.0,82.59599999999999,0.9081703217634923,3019.9,81.7805,1.2894796992344337,2544.4,66.15581086511098,0.011073663938372613,0.009344674733437142,5.1331114808652245,0.9970326409377206,0.9817857142740263,0.011953323923955185,3,5,84.25,84.35,83.85,83.8,84.9,83.72,84.0,83.93,83.8,83.62,83.21,84.7,84.18,82.97,83.56,84.07,86.0,84.68,84.5,84.42
2025-05-16,84.0,84.25,83.7,84.0,84.18,84.17,98.0,66.4,27595,2317325.87,0.5499999999999972,0.0,0.1700000000000017,0.0799999999999983,0.29999999999999716,84.0,84.25,82.47,11058.0,83.08,83.47,82.6,1803.0,82.91,83.78,82.75,1381.0,81.22,81.53,80.9,913.0,83.75000000000001,0.45033320996427206,13485.333333333334,83.608,0.37070203668306995,9750.4,82.792,0.9738588763829126,5281.4,82.0535,1.1404471653009696,3878.4,71.52406403725445,0.00202380952380965,0.0,1.4954783866883705,0.9990504450919994,0.9944160627183745,0.011908122356567826,4,5,84.35,83.85,83.8,84.9,83.72,84.0,83.93,83.8,83.62,83.21,84.7,84.18,82.97,83.56,84.07,86.0,84.68,84.5,84.42,83.5
