date,open,high,low,prev. close,ltp,close,52w h,52w l,volume,value,price_range,gap_up,body,upper_shadow,lower_shadow,close_lag_1,high_lag_1,low_lag_1,volume_lag_1,close_lag_2,high_lag_2,low_lag_2,volume_lag_2,close_lag_3,high_lag_3,low_lag_3,volume_lag_3,close_lag_5,high_lag_5,low_lag_5,volume_lag_5,close_ma_3,high_std_3,volume_ma_3,close_ma_5,high_std_5,volume_ma_5,close_ma_10,high_std_10,volume_ma_10,close_ma_20,high_std_20,volume_ma_20,rsi,pct_change_close,pct_change_high,pct_change_volume,close_to_high,low_to_close,volume_to_value,day_of_week,month,high_t_plus_1,high_t_plus_2,high_t_plus_3,high_t_plus_4,high_t_plus_5,high_t_plus_6,high_t_plus_7,high_t_plus_8,high_t_plus_9,high_t_plus_10,high_t_plus_11,high_t_plus_12,high_t_plus_13,high_t_plus_14,high_t_plus_15,high_t_plus_16,high_t_plus_17,high_t_plus_18,high_t_plus_19,high_t_plus_20
2020-09-24,36.55,38.0,36.45,38.35,37.4,37.4,49.9,25.9,8105,301031.35,1.5499999999999972,-1.8000000000000043,0.8500000000000014,0.6000000000000014,0.09999999999999432,38.35,39.7,37.0,33301.0,38.9,38.9,38.9,1072.0,40.9,40.9,40.9,6390.0,45.3,49.9,45.25,12790.0,38.21666666666666,0.850490054811523,14159.333333333334,39.72,2.3270152556440338,11028.4,42.345,4.0317662244838495,17720.8,37.455,6.918004732123577,15012.7,58.78787875462504,-0.02477183833116048,-0.04282115869017644,-0.7566139154980331,0.9842105262898893,0.9745989304552248,0.026924106077323755,3,9,39.25,41.2,41.8,41.2,42.15,42.0,40.95,39.9,41.45,35.95,38.0,34.1,37.1,35.75,39.3,42.5,40.0,42.7,40.85,38.35
2020-09-25,37.4,39.25,37.4,37.4,39.25,39.25,49.9,25.9,5022,196552.05,1.8500000000000014,0.0,1.8500000000000014,0.0,0.0,37.4,38.0,36.45,8105.0,38.35,39.7,37.0,33301.0,38.9,38.9,38.9,1072.0,43.05,44.0,43.05,6274.0,38.333333333333336,0.8808140174482393,15476.0,38.959999999999994,1.0677078252031682,10778.0,42.08,4.2081138556629005,17864.3,38.1175,6.329884737455625,15261.25,59.11823643977333,0.04946524064171132,0.03289473684210531,-0.3803824799506478,0.9999999999745224,0.9528662420139398,0.025550483955776474,4,9,41.2,41.8,41.2,42.15,42.0,40.95,39.9,41.45,35.95,38.0,34.1,37.1,35.75,39.3,42.5,40.0,42.7,40.85,38.35,38.45
2020-09-28,41.2,41.2,38.65,39.25,40.4,40.4,49.9,25.9,3017,121549.05,2.5500000000000043,1.9500000000000028,0.8000000000000043,0.0,1.75,39.25,39.25,37.4,5022.0,37.4,38.0,36.45,8105.0,38.35,39.7,37.0,33301.0,40.9,40.9,40.9,6390.0,39.01666666666667,1.6127099346544964,5381.333333333333,38.86,1.179194640422047,10103.4,41.725,4.22243018493693,18093.0,38.775,5.768742337623923,14377.95,58.19672127808385,0.029299363057324834,0.04968152866242037,-0.39924332935085627,0.980582524248044,0.9566831682931515,0.024821255287474274,0,9,41.8,41.2,42.15,42.0,40.95,39.9,41.45,35.95,38.0,34.1,37.1,35.75,39.3,42.5,40.0,42.7,40.85,38.35,38.45,39.5
2020-09-29,39.15,41.8,39.1,40.4,41.5,39.25,49.9,25.9,4735,189815.05,2.6999999999999957,-1.25,0.10000000000000142,2.549999999999997,0.04999999999999716,40.4,41.2,38.65,3017.0,39.25,39.25,37.4,5022.0,37.4,38.0,36.45,8105.0,38.9,38.9,38.9,1072.0,39.63333333333333,1.3332291625973272,4258.0,38.93,1.5274161188098223,10836.0,41.04,4.045604610767902,11326.6,39.3075,5.216307299431778,14280.2,52.21052628501274,-0.02846534653465338,0.014563106796116276,0.5694398409015577,0.9389952152885409,0.9961783439236643,0.02494533494577999,1,9,41.2,42.15,42.0,40.95,39.9,41.45,35.95,38.0,34.1,37.1,35.75,39.3,42.5,40.0,42.7,40.85,38.35,38.45,39.5,38.65
2020-09-30,41.0,41.2,40.15,39.25,41.0,40.15,49.9,25.9,2555,104487.15,1.0500000000000043,1.75,0.8500000000000014,0.20000000000000284,0.0,39.25,41.8,39.1,4735.0,40.4,41.2,38.65,3017.0,39.25,39.25,37.4,5022.0,38.35,39.7,37.0,33301.0,39.93333333333333,0.346410161513731,3435.6666666666665,39.290000000000006,1.6017178278336213,4686.8,40.295,3.4115856528404054,8326.1,39.815,4.670463602594272,13505.4,50.436681191872765,0.02292993630573248,-0.014354066985645786,-0.46040126715945084,0.9745145630831429,0.9999999999750935,0.024452767636977138,2,9,42.15,42.0,40.95,39.9,41.45,35.95,38.0,34.1,37.1,35.75,39.3,42.5,40.0,42.7,40.85,38.35,38.45,39.5,38.65,38.5
2020-10-01,42.15,42.15,41.0,40.15,42.0,42.0,49.9,25.9,1562,65623.0,1.1499999999999986,2.0,0.14999999999999858,0.0,1.0,40.15,41.2,40.15,2555.0,39.25,41.8,39.1,4735.0,40.4,41.2,38.65,3017.0,37.4,38.0,36.45,8105.0,40.46666666666667,0.4804511768466199,2950.6666666666665,40.21,1.1217174332246178,3378.2,39.964999999999996,1.775575024229189,7203.3,40.339999999999996,4.17642506406968,13328.9,50.21929821477763,0.04607721046077207,0.02305825242718429,-0.3886497064579256,0.9964412811151497,0.9761904761672336,0.023802630175395457,3,10,42.0,40.95,39.9,41.45,35.95,38.0,34.1,37.1,35.75,39.3,42.5,40.0,42.7,40.85,38.35,38.45,39.5,38.65,38.5,37.25
2020-10-05,42.0,42.0,39.9,42.0,41.65,41.7,49.9,25.9,1867,76012.55,2.1000000000000014,0.0,0.29999999999999716,0.0,1.8000000000000043,42.0,42.15,41.0,1562.0,40.15,41.2,40.15,2555.0,39.25,41.8,39.1,4735.0,39.25,39.25,37.4,5022.0,41.28333333333334,0.5107184482014541,1994.6666666666667,40.7,0.44665422868255744,2747.2,39.83,1.4458369356342573,6762.6,40.7725,3.737289863833917,12359.7,44.6555819180438,-0.0071428571428571175,-0.003558718861209953,0.19526248399487844,0.9928571428335036,0.956834532351155,0.024561733555840126,0,10,40.95,39.9,41.45,35.95,38.0,34.1,37.1,35.75,39.3,42.5,40.0,42.7,40.85,38.35,38.45,39.5,38.65,38.5,37.25,37.35
2020-10-06,39.65,40.95,39.65,41.7,39.65,39.9,49.9,25.9,2019,81071.5,1.3000000000000043,-2.0500000000000043,0.25,1.0500000000000043,0.0,41.7,42.0,39.9,1867.0,42.0,42.15,41.0,1562.0,40.15,41.2,40.15,2555.0,40.4,41.2,38.65,3017.0,41.199999999999996,0.6538348415310757,1816.0,40.6,0.5203364296299174,2547.6,39.730000000000004,1.4474210782552512,6325.5,41.0325,3.3893796979450457,12042.25,35.02415456568414,-0.043165467625899345,-0.02499999999999991,0.08141403320835572,0.9743589743351805,0.9937343358146935,0.024903942815909106,1,10,39.9,41.45,35.95,38.0,34.1,37.1,35.75,39.3,42.5,40.0,42.7,40.85,38.35,38.45,39.5,38.65,38.5,37.25,37.35,39.15
2020-10-07,39.9,39.9,37.95,39.9,37.95,37.95,49.9,25.9,1310,49768.6,1.9499999999999957,0.0,1.9499999999999957,0.0,0.0,39.9,40.95,39.65,2019.0,41.7,42.0,39.9,1867.0,42.0,42.15,41.0,1562.0,39.25,41.8,39.1,4735.0,39.85,1.04999999999999,1732.0,40.339999999999996,0.9065042746727748,1862.6,39.635,1.3550420247684969,6349.3,41.11,3.1826627382214245,11683.75,27.18676121131847,-0.048872180451127734,-0.025641025641025772,-0.35116394254581473,0.9511278195250346,0.9999999999736496,0.0263218173707915,2,10,41.45,35.95,38.0,34.1,37.1,35.75,39.3,42.5,40.0,42.7,40.85,38.35,38.45,39.5,38.65,38.5,37.25,37.35,39.15,38.5
2020-10-08,34.65,41.45,34.65,37.95,35.8,35.55,49.9,25.9,22418,801266.75,6.800000000000004,-3.3000000000000043,0.8999999999999986,5.900000000000006,0.0,37.95,39.9,37.95,1310.0,39.9,40.95,39.65,2019.0,41.7,42.0,39.9,1867.0,40.15,41.2,40.15,2555.0,37.800000000000004,0.7910962857537095,8582.333333333334,39.42,0.9106316489119044,5835.2,39.355000000000004,1.3366209468489487,5261.0,40.9775,3.0631886980726364,12660.4,27.058823511584777,-0.06324110671936778,0.03884711779448624,16.11297709923664,0.8576598311011421,0.9746835442763804,0.027978198271674158,3,10,35.95,38.0,34.1,37.1,35.75,39.3,42.5,40.0,42.7,40.85,38.35,38.45,39.5,38.65,38.5,37.25,37.35,39.15,38.5,36.45
2020-10-09,35.5,35.95,35.0,35.55,35.0,35.25,49.9,25.9,2934,104132.25,0.9500000000000028,-0.04999999999999716,0.25,0.45000000000000284,0.25,35.55,41.45,34.65,22418.0,37.95,39.9,37.95,1310.0,39.9,40.95,39.65,2019.0,42.0,42.15,41.0,1562.0,36.25,2.835930182497448,8887.333333333334,38.07,2.4189357163843805,6109.6,39.14,1.864887545015885,4743.9,40.7425,3.333537713032577,11232.35,29.792746092378323,-0.00843881856540074,-0.13268998793727382,-0.8691230261397092,0.9805285117947002,0.9929078013902722,0.02817570925433736,4,10,38.0,34.1,37.1,35.75,39.3,42.5,40.0,42.7,40.85,38.35,38.45,39.5,38.65,38.5,37.25,37.35,39.15,38.5,36.45,37.9
2020-10-12,34.0,38.0,34.0,35.25,34.25,34.3,49.9,25.9,1400,48755.85,4.0,-1.25,0.29999999999999716,3.700000000000003,0.0,35.25,35.95,35.0,2934.0,35.55,41.45,34.65,22418.0,37.95,39.9,37.95,1310.0,41.7,42.0,39.9,1867.0,35.03333333333333,2.7795383309703365,8917.333333333334,36.589999999999996,2.2696365347782073,6016.2,38.644999999999996,2.0012218489934357,4381.7,40.3625,3.4445265506154374,11123.0,31.76795577653307,-0.026950354609929117,0.057023643949930314,-0.5228357191547375,0.902631578923615,0.9912536442859695,0.02871450297759082,0,10,34.1,37.1,35.75,39.3,42.5,40.0,42.7,40.85,38.35,38.45,39.5,38.65,38.5,37.25,37.35,39.15,38.5,36.45,37.9,38.0
2020-10-13,33.1,34.1,33.1,34.3,33.75,33.75,49.9,25.9,2877,97518.1,1.0,-1.1999999999999957,0.6499999999999986,0.3500000000000014,0.0,34.3,38.0,34.0,1400.0,35.25,35.95,35.0,2934.0,35.55,41.45,34.65,22418.0,39.9,40.95,39.65,2019.0,34.43333333333333,1.950854513625606,2403.6666666666665,35.36,2.9518214715663365,6187.8,37.980000000000004,2.806836891116607,4367.7,39.8525,3.7904407117739813,11230.35,34.534534505496495,-0.0160349854227404,-0.10263157894736841,1.0550000000000002,0.9897360703522072,0.9807407407116819,0.02950221548615047,1,10,37.1,35.75,39.3,42.5,40.0,42.7,40.85,38.35,38.45,39.5,38.65,38.5,37.25,37.35,39.15,38.5,36.45,37.9,38.0,38.3
2020-10-14,37.1,37.1,31.15,33.75,34.15,32.5,49.9,25.9,3341,113265.75,5.950000000000003,3.3500000000000014,4.600000000000001,0.0,1.3500000000000014,33.75,34.1,33.1,2877.0,34.3,38.0,34.0,1400.0,35.25,35.95,35.0,2934.0,37.95,39.9,37.95,1310.0,33.51666666666666,2.0420577856662283,2539.3333333333335,34.27,2.7300641018115432,6594.0,37.305,2.818904436518205,4228.3,39.1725,3.710556597487481,7777.45,33.141210347897584,-0.03703703703703709,0.08797653958944274,0.1612791101842197,0.876010781647547,0.9584615384320474,0.029497001520759545,2,10,35.75,39.3,42.5,40.0,42.7,40.85,38.35,38.45,39.5,38.65,38.5,37.25,37.35,39.15,38.5,36.45,37.9,38.0,38.3,37.7
2020-10-15,35.6,35.75,33.0,32.5,35.75,35.75,49.9,25.9,16170,574156.75,2.75,3.1000000000000014,0.14999999999999858,0.0,2.6000000000000014,32.5,37.1,31.15,3341.0,33.75,34.1,33.1,2877.0,34.3,38.0,34.0,1400.0,35.55,41.45,34.65,22418.0,34.0,1.502497920131696,7462.666666666667,34.31,1.4767362662303989,5344.4,36.865,2.9310644634481626,5589.8,38.58,3.4018802850312375,6957.95,45.801526684925136,0.10000000000000009,-0.03638814016172509,3.839868302903322,0.999999999972028,0.9230769230511028,0.028163040842069643,3,10,39.3,42.5,40.0,42.7,40.85,38.35,38.45,39.5,38.65,38.5,37.25,37.35,39.15,38.5,36.45,37.9,38.0,38.3,37.7,38.65
2020-10-16,39.3,39.3,36.55,35.75,39.3,39.3,49.9,25.9,31284,1215210.45,2.75,3.549999999999997,0.0,0.0,2.75,35.75,35.75,33.0,16170.0,32.5,37.1,31.15,3341.0,33.75,34.1,33.1,2877.0,35.25,35.95,35.0,2934.0,35.85,1.7918798322804363,16931.666666666668,35.12,2.0099751242241957,11014.4,36.595000000000006,2.690828042732446,8562.0,38.28,2.5034397389024203,7882.65,50.117095985871686,0.09930069930069929,0.09930069930069929,0.9346938775510205,0.9999999999745548,0.9300254452689561,0.025743689086939615,4,10,42.5,40.0,42.7,40.85,38.35,38.45,39.5,38.65,38.5,37.25,37.35,39.15,38.5,36.45,37.9,38.0,38.3,37.7,38.65,42.45
2020-10-19,42.5,42.5,36.6,39.3,39.75,38.85,49.9,25.9,8645,329284.75,5.899999999999999,3.200000000000003,3.6499999999999986,0.0,2.25,39.3,39.3,36.55,31284.0,35.75,35.75,33.0,16170.0,32.5,37.1,31.15,3341.0,34.3,38.0,34.0,1400.0,37.96666666666667,3.376512006987883,18699.666666666668,36.03,3.2676444114989067,12463.4,36.309999999999995,2.7676705006195683,9239.8,38.07000000000001,2.383655971291519,8001.2,46.24697333426356,-0.011450381679389166,0.08142493638676851,-0.723660657204961,0.914117647037315,0.9420849420606929,0.026253872977719053,0,10,40.0,42.7,40.85,38.35,38.45,39.5,38.65,38.5,37.25,37.35,39.15,38.5,36.45,37.9,38.0,38.3,37.7,38.65,42.45,46.45
2020-10-20,40.0,40.0,37.6,38.85,39.05,38.85,49.9,25.9,803,31273.0,2.3999999999999986,1.1499999999999986,1.1499999999999986,0.0,1.25,38.85,42.5,36.6,8645.0,39.3,39.3,36.55,31284.0,35.75,35.75,33.0,16170.0,33.75,34.1,33.1,2877.0,39.0,1.6822603841260704,13577.333333333334,37.05,2.6214499804497513,12048.6,36.205,2.6894288943523947,9118.2,37.967499999999994,2.3643514744506313,7721.85,48.9743589391979,0.0,-0.05882352941176472,-0.907113938692886,0.9712499999757189,0.9678249678000561,0.025677101653182436,1,10,42.7,40.85,38.35,38.45,39.5,38.65,38.5,37.25,37.35,39.15,38.5,36.45,37.9,38.0,38.3,37.7,38.65,42.45,46.45,47.15
2020-10-21,38.0,42.7,36.2,38.85,38.85,37.9,49.9,25.9,6247,244907.8,6.5,-0.8500000000000014,0.10000000000000142,4.700000000000003,1.6999999999999957,38.85,40.0,37.6,803.0,38.85,42.5,36.6,8645.0,39.3,39.3,36.55,31284.0,32.5,37.1,31.15,3341.0,38.53333333333333,1.5044378795195645,5231.666666666667,38.129999999999995,2.831960451701254,12629.8,36.2,2.9911954132085348,9611.9,37.917500000000004,2.4674192782615743,7980.6,44.24552426499042,-0.024453024453024552,0.06750000000000012,6.779576587795765,0.8875878219932649,0.9551451187083078,0.02550755835461335,2,10,40.85,38.35,38.45,39.5,38.65,38.5,37.25,37.35,39.15,38.5,36.45,37.9,38.0,38.3,37.7,38.65,42.45,46.45,47.15,48.75
2020-10-22,40.85,40.85,36.05,37.9,37.35,36.65,49.9,25.9,3895,144005.3,4.800000000000004,2.950000000000003,4.200000000000003,0.0,0.6000000000000014,37.9,42.7,36.2,6247.0,38.85,40.0,37.6,803.0,38.85,42.5,36.6,8645.0,35.75,35.75,33.0,16170.0,37.800000000000004,1.3805192259919183,3648.3333333333335,38.309999999999995,1.5023315213360673,10174.8,36.31,2.9350610442260154,7759.6,37.832499999999996,2.4820023219803424,6510.3,35.88390498668207,-0.03298153034300788,-0.04332552693208436,-0.376500720345766,0.897184822499457,0.9836289222105422,0.027047615608592,3,10,38.35,38.45,39.5,38.65,38.5,37.25,37.35,39.15,38.5,36.45,37.9,38.0,38.3,37.7,38.65,42.45,46.45,47.15,48.75,49.45
2020-10-23,38.35,38.35,36.9,36.65,36.9,37.3,49.9,25.9,597,22430.7,1.4500000000000028,1.7000000000000028,1.0500000000000043,0.0,0.3999999999999986,36.65,40.85,36.05,3895.0,37.9,42.7,36.2,6247.0,38.85,40.0,37.6,803.0,39.3,39.3,36.55,31284.0,37.28333333333333,2.183078865578001,3579.6666666666665,37.910000000000004,1.810593825240754,4037.4,36.515,2.7863805674506223,7525.9,37.8275,2.470536911600183,6134.9,38.601036241429284,0.017735334242837686,-0.0611995104039168,-0.8467265725288832,0.9726205997138822,0.9892761393836657,0.02661530848346121,4,10,38.45,39.5,38.65,38.5,37.25,37.35,39.15,38.5,36.45,37.9,38.0,38.3,37.7,38.65,42.45,46.45,47.15,48.75,49.45,51.9
2020-10-26,37.0,38.45,36.7,37.3,37.7,36.75,49.9,25.9,1702,63171.2,1.75,-0.29999999999999716,0.25,1.4500000000000028,0.04999999999999716,37.3,38.35,36.9,597.0,36.65,40.85,36.05,3895.0,37.9,42.7,36.2,6247.0,38.85,42.5,36.6,8645.0,36.9,1.4153915830374821,2064.6666666666665,37.489999999999995,1.8105938252407636,2648.8,36.76,2.7744669157635404,7556.1,37.7025,2.4850659209725143,5968.9,41.27423819513355,-0.014745308310991856,0.0026075619295957697,1.8509212730318256,0.9557867359959483,0.9986394557551392,0.026942657413504465,0,10,39.5,38.65,38.5,37.25,37.35,39.15,38.5,36.45,37.9,38.0,38.3,37.7,38.65,42.45,46.45,47.15,48.75,49.45,51.9,54.45
2020-10-27,39.5,39.5,36.05,36.75,38.65,38.45,49.9,25.9,737,27104.2,3.450000000000003,2.75,1.0499999999999972,0.0,2.4000000000000057,36.75,38.45,36.7,1702.0,37.3,38.35,36.9,597.0,36.65,40.85,36.05,3895.0,38.85,40.0,37.6,803.0,37.5,0.6370504951205676,1012.0,37.41,1.829139141782272,2635.6,37.23,2.2003787552752088,7342.1,37.605000000000004,2.4594607881446455,5854.9,51.40449434159197,0.04625850340136073,0.02730819245773719,-0.5669800235017626,0.973417721494344,0.9375812743579303,0.027191357796945596,1,10,38.65,38.5,37.25,37.35,39.15,38.5,36.45,37.9,38.0,38.3,37.7,38.65,42.45,46.45,47.15,48.75,49.45,51.9,54.45,57.15
2020-10-28,38.65,38.65,36.0,38.45,36.0,36.2,49.9,25.9,2585,94023.45,2.6499999999999986,0.19999999999999574,2.4499999999999957,0.0,0.20000000000000284,38.45,39.5,36.05,737.0,36.75,38.45,36.7,1702.0,37.3,38.35,36.9,597.0,37.9,42.7,36.2,6247.0,37.13333333333333,0.5575242894559482,1674.6666666666667,37.07000000000001,1.047854951794389,1903.2,37.6,2.0669959415107813,7266.5,37.4525,2.41155524179119,5747.4,51.841359732250496,-0.05851755526657998,-0.021518987341772156,2.5074626865671643,0.9366106079964657,0.9944751380940753,0.027493141338676388,2,10,38.5,37.25,37.35,39.15,38.5,36.45,37.9,38.0,38.3,37.7,38.65,42.45,46.45,47.15,48.75,49.45,51.9,54.45,57.15,59.8
2020-10-29,36.0,38.5,33.1,36.2,35.1,35.25,49.9,25.9,8086,283968.6,5.399999999999999,-0.20000000000000284,0.75,2.5,2.1499999999999986,36.2,38.65,36.0,2585.0,38.45,39.5,36.05,737.0,36.75,38.45,36.7,1702.0,36.65,40.85,36.05,3895.0,36.63333333333333,0.5392896562454733,3802.6666666666665,36.79,0.4655641738794367,2741.4,37.55,1.6348972104963428,6458.1,37.207499999999996,2.383400655410368,6023.95,49.99999996174863,-0.026243093922652005,-0.0038809831824061503,2.128046421663443,0.9155844155606343,0.9390070921719432,0.02847497927587759,3,10,37.25,37.35,39.15,38.5,36.45,37.9,38.0,38.3,37.7,38.65,42.45,46.45,47.15,48.75,49.45,51.9,54.45,57.15,59.8,60.0
2020-10-30,37.2,37.25,35.55,35.25,36.75,36.7,49.9,25.9,602,22271.95,1.7000000000000028,1.9500000000000028,0.5,0.04999999999999716,1.1500000000000057,35.25,38.5,33.1,8086.0,36.2,38.65,36.0,2585.0,38.45,39.5,36.05,737.0,37.3,38.35,36.9,597.0,36.050000000000004,0.7686568371733746,3757.6666666666665,36.67,0.8035857141587636,2742.4,37.290000000000006,1.8323103206364726,3389.9,36.9425,2.327008187622729,5975.95,56.38297868141695,0.041134751773049816,-0.03246753246753242,-0.9255503339104625,0.9852348993024099,0.9686648501098456,0.02702951470347109,4,10,37.35,39.15,38.5,36.45,37.9,38.0,38.3,37.7,38.65,42.45,46.45,47.15,48.75,49.45,51.9,54.45,57.15,59.8,60.0,63.0
2020-11-02,36.35,37.35,35.2,36.7,35.3,35.85,49.9,25.9,1472,52783.15,2.1499999999999986,-0.3500000000000014,0.5,1.0,0.6499999999999986,36.7,37.25,35.55,602.0,35.25,38.5,33.1,8086.0,36.2,38.65,36.0,2585.0,36.75,38.45,36.7,1702.0,35.93333333333334,0.6946221994725291,3386.6666666666665,36.49,0.9480242612929569,2696.4,36.99,1.6662999596577293,2672.6,36.65,2.2490582824584178,5956.2,55.49738215827417,-0.023160762942779356,0.0026845637583892135,1.4451827242524917,0.9598393574040205,0.9818688981595017,0.02788768764274152,0,11,39.15,38.5,36.45,37.9,38.0,38.3,37.7,38.65,42.45,46.45,47.15,48.75,49.45,51.9,54.45,57.15,59.8,60.0,63.0,66.15
2020-11-03,39.15,39.15,34.25,35.85,35.0,35.0,49.9,25.9,1888,68331.45,4.899999999999999,3.299999999999997,4.149999999999999,0.0,0.75,35.85,37.35,35.2,1472.0,36.7,37.25,35.55,602.0,35.25,38.5,33.1,8086.0,38.45,39.5,36.05,737.0,35.85,1.0692676621563866,1320.6666666666667,35.8,0.8393449827097665,2926.6,36.605000000000004,1.6401642871641484,2781.1,36.405,2.195126180284062,5949.65,56.68449193617204,-0.023709902370990243,0.04819277108433728,0.28260869565217384,0.8939974456987486,0.9785714285434695,0.027630029803260025,1,11,38.5,36.45,37.9,38.0,38.3,37.7,38.65,42.45,46.45,47.15,48.75,49.45,51.9,54.45,57.15,59.8,60.0,63.0,66.15,69.3
2020-11-04,37.95,38.5,35.75,35.0,37.35,37.35,49.9,25.9,640,23910.5,2.75,2.950000000000003,0.6000000000000014,0.5499999999999972,1.6000000000000014,35.0,39.15,34.25,1888.0,35.85,37.35,35.2,1472.0,36.7,37.25,35.55,602.0,36.2,38.65,36.0,2585.0,36.06666666666666,0.9115005942583794,1333.3333333333333,36.03000000000001,0.8208227579691366,2537.6,36.55,1.0347973499943455,2220.4,36.375,2.178447056723538,5916.15,54.49438197961117,0.06714285714285717,-0.016602809706257937,-0.6610169491525424,0.9701298701046721,0.95716198123274,0.026766483344136394,2,11,36.45,37.9,38.0,38.3,37.7,38.65,42.45,46.45,47.15,48.75,49.45,51.9,54.45,57.15,59.8,60.0,63.0,66.15,69.3,69.0
2020-11-05,36.2,36.45,35.25,37.35,36.4,36.4,49.9,25.9,4645,168068.0,1.2000000000000028,-1.1499999999999986,0.19999999999999574,0.05000000000000426,0.9500000000000028,37.35,38.5,35.75,640.0,35.0,39.15,34.25,1888.0,35.85,37.35,35.2,1472.0,35.25,38.5,33.1,8086.0,36.25,1.4091959882618812,2391.0,36.260000000000005,1.0749418588928745,1849.4,36.525000000000006,0.9276763084896966,2295.4,36.417500000000004,2.1289607051823705,5027.5,40.46052627852321,-0.025435073627844806,-0.05324675324675321,6.2578125,0.9986282578601199,0.9684065933799889,0.02763762286693465,3,11,37.9,38.0,38.3,37.7,38.65,42.45,46.45,47.15,48.75,49.45,51.9,54.45,57.15,59.8,60.0,63.0,66.15,69.3,69.0,68.9
2020-11-06,37.9,37.9,35.3,36.4,36.05,36.2,49.9,25.9,3375,124067.4,2.6000000000000014,1.5,1.6999999999999957,0.0,0.9000000000000057,36.4,36.45,35.25,4645.0,37.35,38.5,35.75,640.0,35.0,39.15,34.25,1888.0,36.7,37.25,35.55,602.0,36.65,1.0539607835841844,2886.6666666666665,36.160000000000004,1.0395912658348307,2404.0,36.415000000000006,0.9313073248574115,2573.2,36.464999999999996,2.0531923154469998,5049.55,41.137123707296354,-0.005494505494505364,0.0397805212620026,-0.2734122712594187,0.9551451187083078,0.9751381215200238,0.02720295581272738,4,11,38.0,38.3,37.7,38.65,42.45,46.45,47.15,48.75,49.45,51.9,54.45,57.15,59.8,60.0,63.0,66.15,69.3,69.0,68.9,66.95
2020-11-09,36.4,38.0,36.3,36.2,37.8,37.8,49.9,25.9,2264,85075.05,1.7000000000000028,0.19999999999999574,1.3999999999999986,0.20000000000000284,0.10000000000000142,36.2,37.9,35.3,3375.0,36.4,36.45,35.25,4645.0,37.35,38.5,35.75,640.0,35.85,37.35,35.2,1472.0,36.8,0.8674675786449068,3428.0,36.55,0.9981232388838877,2562.4,36.52,0.927137170721283,2629.4,36.64,2.0531923154469998,5092.75,46.827794522320886,0.044198895027624197,0.0026385224274407815,-0.32918518518518514,0.9947368420790859,0.9603174602920552,0.02661179746588422,0,11,38.3,37.7,38.65,42.45,46.45,47.15,48.75,49.45,51.9,54.45,57.15,59.8,60.0,63.0,66.15,69.3,69.0,68.9,66.95,67.0
2020-11-10,38.0,38.3,34.3,37.8,36.2,35.4,49.9,25.9,6674,241789.1,4.0,0.20000000000000284,2.6000000000000014,0.29999999999999716,1.1000000000000014,37.8,38.0,36.3,2264.0,36.2,37.9,35.3,3375.0,36.4,36.45,35.25,4645.0,35.0,39.15,34.25,1888.0,36.46666666666667,0.20816659994671027,4104.333333333333,36.63,0.8074651695274968,3519.6,36.214999999999996,0.7980705900272176,3223.1,36.722500000000004,1.773301633735953,5282.6,43.055555522067905,-0.06349206349206349,0.007894736842105177,1.947879858657244,0.9242819843100711,0.9689265536449456,0.027602567692257312,1,11,37.7,38.65,42.45,46.45,47.15,48.75,49.45,51.9,54.45,57.15,59.8,60.0,63.0,66.15,69.3,69.0,68.9,66.95,67.0,63.95
2020-11-11,34.7,37.7,32.15,35.4,35.15,35.15,49.9,25.9,14874,508020.8,5.550000000000004,-0.6999999999999957,0.44999999999999574,2.5500000000000043,2.5500000000000043,35.4,38.3,34.3,6674.0,37.8,38.0,36.3,2264.0,36.2,37.9,35.3,3375.0,37.35,38.5,35.75,640.0,36.11666666666667,0.3000000000000704,7937.333333333333,36.190000000000005,0.7155417527999846,6366.4,36.11,0.7687652437511198,4452.0,36.855000000000004,1.749231034062221,5859.25,45.5882352565744,-0.007062146892655385,-0.015665796344647376,1.2286484866646687,0.9323607426808392,0.9146514935728407,0.029278328761342,2,11,38.65,42.45,46.45,47.15,48.75,49.45,51.9,54.45,57.15,59.8,60.0,63.0,66.15,69.3,69.0,68.9,66.95,67.0,63.95,61.0
2020-11-12,34.1,38.65,34.1,35.15,38.65,38.6,49.9,25.9,19335,715312.15,4.549999999999997,-1.0499999999999972,4.5,0.04999999999999716,0.0,35.15,37.7,32.15,14874.0,35.4,38.3,34.3,6674.0,37.8,38.0,36.3,2264.0,36.4,36.45,35.25,4645.0,36.38333333333333,0.48045117684668537,13627.666666666666,36.63,0.37148351242020977,9304.4,36.445,0.7828899454370237,5576.9,36.9975,1.6006968055062645,6017.5,53.28282824515356,0.09815078236130881,0.025198938992042397,0.29991932230738194,0.9987063389133584,0.8834196890962845,0.027030157393523893,3,11,42.45,46.45,47.15,48.75,49.45,51.9,54.45,57.15,59.8,60.0,63.0,66.15,69.3,69.0,68.9,66.95,67.0,63.95,61.0,61.3
2020-11-13,42.45,42.45,39.35,38.6,42.45,42.45,49.9,25.9,27000,1120741.35,3.1000000000000014,3.8500000000000014,0.0,0.0,3.1000000000000014,38.6,38.65,34.1,19335.0,35.15,37.7,32.15,14874.0,35.4,38.3,34.3,6674.0,36.2,37.9,35.3,3375.0,38.73333333333333,2.513463745511356,20403.0,37.879999999999995,1.9495512304117635,14029.4,37.019999999999996,1.592770123610569,8216.7,37.155,1.786101311442579,5803.3,62.337662299881934,0.09974093264248718,0.09831824062095751,0.3964313421256789,0.999999999976443,0.9269729092832281,0.02409119642101184,4,11,46.45,47.15,48.75,49.45,51.9,54.45,57.15,59.8,60.0,63.0,66.15,69.3,69.0,68.9,66.95,67.0,63.95,61.0,61.3,62.3
2020-11-14,44.1,46.45,41.1,42.45,43.0,42.9,49.9,25.9,8131,353109.75,5.350000000000001,1.6499999999999986,1.2000000000000028,2.3500000000000014,1.7999999999999972,42.45,42.45,39.35,27000.0,38.6,38.65,34.1,19335.0,35.15,37.7,32.15,14874.0,37.8,38.0,36.3,2264.0,41.31666666666667,3.9004273270159993,18155.333333333332,38.9,3.7110308540889236,15202.8,37.725,2.933186549357741,8882.6,37.3575,2.32391882048633,5777.6,60.18306632299482,0.010600706713780772,0.09422850412249706,-0.6988518518518518,0.9235737351792557,0.9580419580196262,0.023026835141198954,5,11,47.15,48.75,49.45,51.9,54.45,57.15,59.8,60.0,63.0,66.15,69.3,69.0,68.9,66.95,67.0,63.95,61.0,61.3,62.3,65.4
2020-11-17,46.45,47.15,43.85,42.9,47.15,47.15,49.9,25.9,45372,2123735.0,3.299999999999997,3.5500000000000043,0.6999999999999957,0.0,2.6000000000000014,42.9,46.45,41.1,8131.0,42.45,42.45,39.35,27000.0,38.6,38.65,34.1,19335.0,35.4,38.3,34.3,6674.0,44.166666666666664,2.535744466621124,26834.333333333332,41.25,4.332666615376711,22942.4,38.94,3.826112764789975,13231.0,37.7725,2.91814198276557,8006.05,72.95597479994197,0.0990675990675991,0.015069967707211918,4.580125445824621,0.9999999999787912,0.9300106044341463,0.02136424742258332,1,11,48.75,49.45,51.9,54.45,57.15,59.8,60.0,63.0,66.15,69.3,69.0,68.9,66.95,67.0,63.95,61.0,61.3,62.3,65.4,63.7
2020-11-18,45.55,48.75,45.45,47.15,47.0,47.1,49.9,25.9,24524,1151926.25,3.299999999999997,-1.6000000000000014,1.5500000000000043,1.6499999999999986,0.09999999999999432,47.15,47.15,43.85,45372.0,42.9,46.45,41.1,8131.0,42.45,42.45,39.35,27000.0,35.15,37.7,32.15,14874.0,45.71666666666667,1.1789826122549556,26009.0,43.64,4.096705993844296,24872.4,39.915000000000006,4.62338260007396,15619.4,38.2325,3.5086087736189393,8919.9,75.81699341780228,-0.0010604453870625141,0.03393425238600223,-0.45949043462928674,0.9661538461340277,0.9649681528457545,0.021289557382688326,2,11,49.45,51.9,54.45,57.15,59.8,60.0,63.0,66.15,69.3,69.0,68.9,66.95,67.0,63.95,61.0,61.3,62.3,65.4,63.7,65.25
2020-11-19,49.3,49.45,47.6,47.1,49.45,49.45,49.9,25.9,40004,1967970.85,1.8500000000000014,2.1999999999999957,0.15000000000000568,0.0,1.6999999999999957,47.1,48.75,45.45,24524.0,47.15,47.15,43.85,45372.0,42.9,46.45,41.1,8131.0,38.6,38.65,34.1,19335.0,47.9,1.1789826122549298,36633.333333333336,45.81,2.7376997644007046,29006.2,41.22,4.96096988725212,19155.3,38.872499999999995,4.105178853722773,10725.35,76.72955970338727,0.04989384288747356,0.014358974358974486,0.6312183983037025,0.9999999999797776,0.962588473185792,0.020327536863668474,3,11,51.9,54.45,57.15,59.8,60.0,63.0,66.15,69.3,69.0,68.9,66.95,67.0,63.95,61.0,61.3,62.3,65.4,63.7,65.25,63.9
2020-11-20,51.9,51.9,51.9,49.45,51.9,51.9,51.9,25.9,24604,1276947.6,0.0,2.4499999999999957,0.0,0.0,0.0,49.45,49.45,47.6,40004.0,47.1,48.75,45.45,24524.0,47.15,47.15,43.85,45372.0,42.45,42.45,39.35,27000.0,49.48333333333333,1.6540354691882115,29710.666666666668,47.7,2.1367030678125505,28527.0,42.79,5.4737860145728705,21278.2,39.602500000000006,4.814930179304669,11925.7,81.53241645809612,0.04954499494438824,0.04954499494438824,-0.384961503849615,0.9999999999807322,0.9999999999807322,0.019267822736030813,4,11,54.45,57.15,59.8,60.0,63.0,66.15,69.3,69.0,68.9,66.95,67.0,63.95,61.0,61.3,62.3,65.4,63.7,65.25,63.9,64.0
2020-11-23,54.45,54.45,54.45,51.9,54.45,54.45,54.45,25.9,20346,1107839.7,0.0,2.5500000000000043,0.0,0.0,0.0,51.9,51.9,51.9,24604.0,49.45,49.45,47.6,40004.0,47.1,48.75,45.45,24524.0,42.9,46.45,41.1,8131.0,51.93333333333334,2.5001666611113205,28318.0,50.010000000000005,2.864524393332946,30970.0,44.455,5.960529898143875,23086.4,40.4875,5.625540909665104,12857.9,85.81952113438406,0.04913294797687873,0.04913294797687873,-0.1730612908470167,0.9999999999816346,0.9999999999816346,0.018365472910927442,0,11,57.15,59.8,60.0,63.0,66.15,69.3,69.0,68.9,66.95,67.0,63.95,61.0,61.3,62.3,65.4,63.7,65.25,63.9,64.0,62.4
2020-11-24,57.15,57.15,55.1,54.45,56.05,57.1,57.15,25.9,145187,8279096.65,2.049999999999997,2.6999999999999957,0.04999999999999716,0.0,2.0,54.45,54.45,54.45,20346.0,51.9,51.9,51.9,24604.0,49.45,49.45,47.6,40004.0,47.15,47.15,43.85,45372.0,54.48333333333333,2.6253571185648235,63379.0,52.0,3.5007856261129944,50933.0,46.625,6.387131159170362,36937.7,41.42,6.550055745042002,20080.4,85.97449904540464,0.04866850321395777,0.04958677685950397,6.135898948196206,0.9991251093438475,0.9649737302808237,0.01753657508032594,1,11,59.8,60.0,63.0,66.15,69.3,69.0,68.9,66.95,67.0,63.95,61.0,61.3,62.3,65.4,63.7,65.25,63.9,64.0,62.4,63.6
2020-11-25,59.8,59.8,54.35,57.1,57.35,57.15,59.8,25.9,58611,3310231.85,5.449999999999996,2.6999999999999957,2.6499999999999986,0.0,2.799999999999997,57.1,57.15,55.1,145187.0,54.45,54.45,54.45,20346.0,51.9,51.9,51.9,24604.0,47.1,48.75,45.45,24524.0,56.23333333333333,2.6750389405263046,74714.66666666667,54.010000000000005,4.103809206091238,57750.4,48.825,6.476847655731622,41311.4,42.4675,7.499071872396489,22881.7,89.07721275905536,0.0008756567425569628,0.0463692038495187,-0.5963068318788872,0.9556856187131157,0.9510061242178303,0.01770601053216257,2,11,60.0,63.0,66.15,69.3,69.0,68.9,66.95,67.0,63.95,61.0,61.3,62.3,65.4,63.7,65.25,63.9,64.0,62.4,63.6,66.75
2020-11-26,54.35,60.0,54.35,57.15,60.0,60.0,60.0,25.9,46285,2750102.65,5.649999999999999,-2.799999999999997,5.649999999999999,0.0,0.0,57.15,59.8,54.35,58611.0,57.1,57.15,55.1,145187.0,54.45,54.45,54.45,20346.0,49.45,49.45,47.6,40004.0,58.083333333333336,1.5908593065799261,83361.0,56.120000000000005,3.492742475476696,59006.6,50.964999999999996,5.956949722802838,44006.4,43.705,8.211763064749167,24791.65,90.75342461402234,0.04986876640419946,0.0033444816053511683,-0.21030182047738477,0.9999999999833334,0.9058333333182362,0.016830280862425256,3,11,63.0,66.15,69.3,69.0,68.9,66.95,67.0,63.95,61.0,61.3,62.3,65.4,63.7,65.25,63.9,64.0,62.4,63.6,66.75,69.95
2020-11-27,63.0,63.0,63.0,60.0,63.0,63.0,63.0,25.9,22128,1394064.0,0.0,3.0,0.0,0.0,0.0,60.0,60.0,54.35,46285.0,57.15,59.8,54.35,58611.0,57.1,57.15,55.1,145187.0,51.9,51.9,51.9,24604.0,60.050000000000004,1.7925772879660795,42341.333333333336,58.34000000000001,3.228505846362825,58511.4,53.02,5.934868715200668,43519.2,45.019999999999996,8.945014415568956,25867.95,91.17647054652058,0.050000000000000044,0.050000000000000044,-0.5219185481257427,0.999999999984127,0.999999999984127,0.01587301587301586,4,11,66.15,69.3,69.0,68.9,66.95,67.0,63.95,61.0,61.3,62.3,65.4,63.7,65.25,63.9,64.0,62.4,63.6,66.75,69.95,69.4
2020-12-01,66.15,66.15,63.0,63.0,66.15,66.15,66.15,25.9,115131,7602995.95,3.1500000000000057,3.1500000000000057,0.0,0.0,3.1500000000000057,63.0,63.0,63.0,22128.0,60.0,60.0,54.35,46285.0,57.15,59.8,54.35,58611.0,54.45,54.45,54.45,20346.0,63.050000000000004,3.075304862936083,61181.333333333336,60.67999999999999,3.447571609118343,77468.4,55.345000000000006,6.466159773948008,54219.2,46.535000000000004,9.740410601417686,31550.9,99.04306215672719,0.050000000000000044,0.050000000000000044,4.202955531453362,0.9999999999848828,0.952380952366555,0.015142846419640666,1,12,69.3,69.0,68.9,66.95,67.0,63.95,61.0,61.3,62.3,65.4,63.7,65.25,63.9,64.0,62.4,63.6,66.75,69.95,69.4,66.5
2020-12-02,67.5,69.3,64.3,66.15,68.0,67.3,69.3,25.9,49974,3385908.9,5.0,1.3499999999999943,0.20000000000000284,1.7999999999999972,3.0,66.15,66.15,63.0,115131.0,63.0,63.0,63.0,22128.0,60.0,60.0,54.35,46285.0,57.1,57.15,55.1,145187.0,65.48333333333333,3.1499999999996846,62411.0,62.720000000000006,4.084727653099861,58425.8,57.36,6.956629531924618,54679.4,48.15,10.658904110747253,33955.2,99.84496119696654,0.017384731670445852,0.04761904761904745,-0.5659379315735988,0.9711399711259575,0.9554234769546,0.014759404779024028,2,12,69.0,68.9,66.95,67.0,63.95,61.0,61.3,62.3,65.4,63.7,65.25,63.9,64.0,62.4,63.6,66.75,69.95,69.4,66.5,68.5
2020-12-03,69.0,69.0,64.3,67.3,68.9,67.0,69.3,25.9,20080,1331434.0,4.700000000000003,1.7000000000000028,2.0,0.0,2.700000000000003,67.3,69.3,64.3,49974.0,66.15,66.15,63.0,115131.0,63.0,63.0,63.0,22128.0,57.15,59.8,54.35,58611.0,66.81666666666666,1.738533865070741,61728.333333333336,64.69000000000001,3.9878565671295902,50719.6,59.35,6.913641908896198,54235.0,49.6325,11.232694291781954,34927.2,98.79725081157522,-0.004457652303120341,-0.0043290043290042934,-0.5981910593508625,0.9710144927395504,0.9597014925229894,0.015081483573350226,3,12,68.9,66.95,67.0,63.95,61.0,61.3,62.3,65.4,63.7,65.25,63.9,64.0,62.4,63.6,66.75,69.95,69.4,66.5,68.5,67.2
2020-12-04,68.9,68.9,63.65,67.0,67.85,66.45,69.3,25.9,35661,2325997.45,5.250000000000007,1.9000000000000057,2.450000000000003,0.0,2.8000000000000043,67.0,69.0,64.3,20080.0,67.3,69.3,64.3,49974.0,66.15,66.15,63.0,115131.0,60.0,60.0,54.35,46285.0,66.91666666666667,0.20816659994116393,35238.333333333336,65.98,2.704533231446511,48594.8,61.05,6.3200320850101015,53800.7,51.135000000000005,11.423227433610837,36478.0,96.51162785460612,-0.008208955223880543,-0.0014492753623187582,0.7759462151394423,0.9644412191442026,0.9578630549141027,0.015331487143289853,4,12,66.95,67.0,63.95,61.0,61.3,62.3,65.4,63.7,65.25,63.9,64.0,62.4,63.6,66.75,69.95,69.4,66.5,68.5,67.2,70.55
2020-12-07,65.1,66.95,63.15,66.45,65.0,64.35,69.3,25.9,13301,861054.35,3.8000000000000043,-1.3500000000000085,0.75,1.8500000000000085,1.1999999999999957,66.45,68.9,63.65,35661.0,67.0,69.0,64.3,20080.0,67.3,69.3,64.3,49974.0,63.0,63.0,63.0,22128.0,65.93333333333332,1.155782563171445,23014.0,66.25,1.4148321455206112,46829.4,62.294999999999995,5.378775160036335,52670.4,52.542500000000004,11.352909434659386,36974.3,89.07103820593827,-0.03160270880361182,-0.028301886792452824,-0.6270155071366479,0.9611650485293327,0.9813519813367312,0.01544734080955515,0,12,67.0,63.95,61.0,61.3,62.3,65.4,63.7,65.25,63.9,64.0,62.4,63.6,66.75,69.95,69.4,66.5,68.5,67.2,70.55,74.05
2020-12-08,67.0,67.0,61.15,64.35,61.15,61.15,69.3,25.9,15095,932868.5,5.850000000000001,2.6500000000000057,5.850000000000001,0.0,0.0,64.35,66.95,63.15,13301.0,66.45,68.9,63.65,35661.0,67.0,69.0,64.3,20080.0,66.15,66.15,63.0,115131.0,63.98333333333334,1.111680409709214,21352.333333333332,65.25,1.1552056094039929,26822.2,62.964999999999996,4.418788798352578,52145.3,53.71,11.094528049068966,37615.85,76.5151514745753,-0.04972804972804967,0.0007468259895444529,0.1348770769115104,0.9126865671505568,0.9999999999836469,0.016181273137639424,1,12,63.95,61.0,61.3,62.3,65.4,63.7,65.25,63.9,64.0,62.4,63.6,66.75,69.95,69.4,66.5,68.5,67.2,70.55,74.05,76.45
2020-12-09,63.95,63.95,58.1,61.15,58.1,58.6,69.3,25.9,33568,1965885.15,5.850000000000001,2.8000000000000043,5.350000000000001,0.0,0.5,61.15,67.0,61.15,15095.0,64.35,66.95,63.15,13301.0,66.45,68.9,63.65,35661.0,67.3,69.3,64.3,49974.0,61.36666666666667,1.7466634860016674,20654.666666666668,63.50999999999999,2.0485970809308793,23541.0,63.114999999999995,3.5641307183911763,40983.4,54.870000000000005,10.51461733167584,38960.55,69.89619373776657,-0.04170073589533929,-0.045522388059701435,1.2237827095064593,0.9163408913070158,0.9914675767748897,0.017075259966229453,2,12,61.0,61.3,62.3,65.4,63.7,65.25,63.9,64.0,62.4,63.6,66.75,69.95,69.4,66.5,68.5,67.2,70.55,74.05,76.45,80.25
2020-12-10,58.15,61.0,58.0,58.6,58.9,58.4,69.3,25.9,20925,1235660.95,3.0,-0.45000000000000284,0.25,2.6000000000000014,0.14999999999999858,58.6,63.95,58.1,33568.0,61.15,67.0,61.15,15095.0,64.35,66.95,63.15,13301.0,67.0,69.0,64.3,20080.0,59.38333333333333,3.000138885673763,23196.0,61.79,3.104311517872945,23710.0,63.239999999999995,3.369326507050472,37214.8,56.032500000000006,9.582226900278453,39263.1,66.72897192769325,-0.0034129692832765013,-0.04612978889757624,-0.37663846520495714,0.9573770491646332,0.993150684914501,0.016934256925413064,3,12,61.3,62.3,65.4,63.7,65.25,63.9,64.0,62.4,63.6,66.75,69.95,69.4,66.5,68.5,67.2,70.55,74.05,76.45,80.25,84.05
2020-12-11,61.25,61.3,57.25,58.4,60.3,59.35,69.3,25.9,12517,757419.25,4.049999999999997,2.8500000000000014,1.8999999999999986,0.04999999999999716,2.1000000000000014,58.4,61.0,58.0,20925.0,58.6,63.95,58.1,33568.0,61.15,67.0,61.15,15095.0,66.45,68.9,63.65,35661.0,58.78333333333333,1.6235249715763869,22336.666666666668,60.370000000000005,2.9149185237324797,19081.2,63.175,3.150436477696675,33838.0,57.07000000000001,8.506172681306758,38922.2,64.7524752116224,0.016267123287671215,0.004918032786885185,-0.40181600955794505,0.9681892332631618,0.9646166806914134,0.01652585407619358,4,12,62.3,65.4,63.7,65.25,63.9,64.0,62.4,63.6,66.75,69.95,69.4,66.5,68.5,67.2,70.55,74.05,76.45,80.25,84.05,76.25
2020-12-14,58.5,62.3,57.05,59.35,62.3,62.3,69.3,25.9,21754,1313746.8,5.25,-0.8500000000000014,3.799999999999997,0.0,1.4500000000000028,59.35,61.3,57.25,12517.0,58.4,61.0,58.0,20925.0,58.6,63.95,58.1,33568.0,64.35,66.95,63.15,13301.0,60.01666666666667,0.6806859285545619,18398.666666666668,59.96,2.460792555255078,20771.8,63.105000000000004,3.2229256894942258,33800.6,58.0625,7.621791387027545,38659.9,65.30214421387018,0.049705139005897125,0.01631321370309946,0.7379563793241193,0.9999999999839487,0.915730337063953,0.01655874632767896,0,12,65.4,63.7,65.25,63.9,64.0,62.4,63.6,66.75,69.95,69.4,66.5,68.5,67.2,70.55,74.05,76.45,80.25,84.05,76.25,77.0
2020-12-15,65.4,65.4,60.0,62.3,60.6,60.7,69.3,25.9,10293,632522.85,5.400000000000006,3.1000000000000085,4.700000000000003,0.0,0.7000000000000028,62.3,62.3,57.05,21754.0,59.35,61.3,57.25,12517.0,58.4,61.0,58.0,20925.0,61.15,67.0,61.15,15095.0,60.78333333333333,2.1377558326428816,14854.666666666666,59.870000000000005,1.8588975227265363,19811.4,62.56,3.217037975115488,23316.8,58.9525,7.044256712498328,38768.0,57.31707313811224,-0.025682182985553692,0.04975922953451062,-0.5268456375838926,0.9281345565607318,0.9884678747777847,0.016272929902848544,1,12,63.7,65.25,63.9,64.0,62.4,63.6,66.75,69.95,69.4,66.5,68.5,67.2,70.55,74.05,76.45,80.25,84.05,76.25,77.0,74.0
2020-12-16,60.7,63.7,60.5,60.7,62.0,62.2,69.3,25.9,32856,2079084.25,3.200000000000003,0.0,1.5,1.5,0.20000000000000284,60.7,65.4,60.0,10293.0,62.3,62.3,57.05,21754.0,59.35,61.3,57.25,12517.0,58.6,63.95,58.1,33568.0,61.73333333333333,1.5524174696255295,21634.333333333332,60.589999999999996,1.8229097618913714,19669.0,62.05,2.961230975268675,21605.0,59.705000000000005,6.3092762742855,38142.2,59.69289824047216,0.02471169686985175,-0.025993883792048922,2.1920722821334886,0.9764521192939333,0.9726688102737513,0.015803111393874483,2,12,65.25,63.9,64.0,62.4,63.6,66.75,69.95,69.4,66.5,68.5,67.2,70.55,74.05,76.45,80.25,84.05,76.25,77.0,74.0,72.05
2020-12-17,65.25,65.25,60.4,62.2,63.75,63.65,69.3,25.9,24370,1543133.9,4.850000000000001,3.049999999999997,1.6000000000000014,0.0,3.25,62.2,63.7,60.5,32856.0,60.7,65.4,60.0,10293.0,62.3,62.3,57.05,21754.0,58.4,61.0,58.0,20925.0,62.18333333333334,0.9411871935654982,22506.333333333332,61.64,1.799444358683751,20358.0,61.714999999999996,2.6077075926741933,22034.0,60.532500000000006,5.596650196416722,38134.5,57.403651083016186,0.02331189710610926,0.024332810047095643,-0.2582785488190894,0.9754789271881152,0.9489395129465996,0.015792537510840754,3,12,63.9,64.0,62.4,63.6,66.75,69.95,69.4,66.5,68.5,67.2,70.55,74.05,76.45,80.25,84.05,76.25,77.0,74.0,72.05,74.9
2020-12-18,61.7,63.9,60.5,63.65,61.0,61.5,69.3,25.9,10484,644271.6,3.3999999999999986,-1.9499999999999957,0.20000000000000284,2.1999999999999957,1.0,63.65,65.25,60.4,24370.0,62.2,63.7,60.5,32856.0,60.7,65.4,60.0,10293.0,59.35,61.3,57.25,12517.0,62.449999999999996,0.843109324661859,22570.0,62.07000000000001,1.270039369468018,19951.4,61.220000000000006,2.120043238553175,19516.3,61.135000000000005,4.713904404720229,36658.5,46.84873946824023,-0.03377847604084838,-0.020689655172413834,-0.569798933114485,0.962441314538929,0.9837398373823782,0.016272640296421545,4,12,64.0,62.4,63.6,66.75,69.95,69.4,66.5,68.5,67.2,70.55,74.05,76.45,80.25,84.05,76.25,77.0,74.0,72.05,74.9,73.5
2020-12-21,63.5,64.0,58.65,61.5,59.0,59.55,69.3,25.9,32194,1993822.4,5.350000000000001,2.0,3.950000000000003,0.5,0.8999999999999986,61.5,63.9,60.5,10484.0,63.65,65.25,60.4,24370.0,62.2,63.7,60.5,32856.0,62.3,62.3,57.05,21754.0,61.56666666666666,0.7522189397587385,22349.333333333332,61.519999999999996,0.8077747210693592,22039.4,60.739999999999995,1.8655055912842458,21405.6,61.517500000000005,3.921482668046375,37038.0,35.398230066567436,-0.03170731707317076,0.0015649452269170805,2.070774513544449,0.9304687499854614,0.9848866498575167,0.01614687446585011,0,12,62.4,63.6,66.75,69.95,69.4,66.5,68.5,67.2,70.55,74.05,76.45,80.25,84.05,76.25,77.0,74.0,72.05,74.9,73.5,72.8
2020-12-22,62.4,62.4,56.6,59.55,60.1,60.6,69.3,25.9,33829,1962467.45,5.799999999999997,2.8500000000000014,1.7999999999999972,0.0,4.0,59.55,64.0,58.65,32194.0,61.5,63.9,60.5,10484.0,63.65,65.25,60.4,24370.0,60.7,65.4,60.0,10293.0,60.54999999999999,0.896288643982451,25502.333333333332,61.5,1.01365674663505,26746.6,60.685,1.5180762680304256,23279.0,61.825,3.2954703761373167,37712.15,35.1111110892642,0.017632241813602123,-0.025000000000000022,0.05078586071938873,0.9711538461382829,0.9339933993245216,0.017237992915500322,1,12,63.6,66.75,69.95,69.4,66.5,68.5,67.2,70.55,74.05,76.45,80.25,84.05,76.25,77.0,74.0,72.05,74.9,73.5,72.8,70.95
2020-12-23,63.0,63.6,60.8,60.6,63.6,63.6,69.3,25.9,28854,1826767.6,2.8000000000000043,2.3999999999999986,0.6000000000000014,0.0,2.200000000000003,60.6,62.4,56.6,33829.0,59.55,64.0,58.65,32194.0,61.5,63.9,60.5,10484.0,62.2,63.7,60.5,32856.0,61.25,0.8326663997856015,31625.666666666668,61.78000000000001,1.0183319694474664,25946.2,61.185,1.505923489277321,22807.6,62.15,2.8764881731939953,31895.5,43.25396822993827,0.04950495049504955,0.019230769230769384,-0.14706317065239882,0.9999999999842768,0.9559748427522645,0.015795112635017167,2,12,66.75,69.95,69.4,66.5,68.5,67.2,70.55,74.05,76.45,80.25,84.05,76.25,77.0,74.0,72.05,74.9,73.5,72.8,70.95,72.75
2020-12-24,64.6,66.75,63.65,63.6,66.75,66.65,69.3,25.9,50117,3330980.75,3.1000000000000014,0.9999999999999929,2.0500000000000114,0.09999999999999432,0.9499999999999957,63.6,63.6,60.8,28854.0,60.6,62.4,56.6,33829.0,59.55,64.0,58.65,32194.0,63.65,65.25,60.4,24370.0,63.616666666666674,2.246664193865748,37600.0,62.379999999999995,1.5974980438168669,31095.6,62.010000000000005,1.629212488699685,25726.8,62.625,2.7137212264223893,31470.8,50.3610108048717,0.04795597484276737,0.04952830188679247,0.7369168919387259,0.9985018726442172,0.9549887471724682,0.015045718892251174,3,12,69.95,69.4,66.5,68.5,67.2,70.55,74.05,76.45,80.25,84.05,76.25,77.0,74.0,72.05,74.9,73.5,72.8,70.95,72.75,70.15
2020-12-28,69.25,69.95,65.0,66.65,68.0,67.35,69.95,25.9,26288,1781091.35,4.950000000000003,2.5999999999999943,1.9000000000000057,0.7000000000000028,2.3499999999999943,66.65,66.75,63.65,50117.0,63.6,63.6,60.8,28854.0,60.6,62.4,56.6,33829.0,61.5,63.9,60.5,10484.0,65.86666666666666,3.1750328082291293,35086.333333333336,63.55,3.029315104111579,34256.4,62.81,2.2837894921481334,27103.9,62.99249999999999,2.7202263837677068,30470.95,55.703422023579925,0.010502625656414022,0.04794007490636698,-0.4754674062693298,0.9628305932671503,0.9651076466077936,0.014759490017174012,0,12,69.4,66.5,68.5,67.2,70.55,74.05,76.45,80.25,84.05,76.25,77.0,74.0,72.05,74.9,73.5,72.8,70.95,72.75,70.15,69.5
2020-12-29,69.4,69.4,64.0,67.35,65.2,64.85,69.95,25.9,14396,941221.2,5.400000000000006,2.0500000000000114,4.550000000000011,0.0,0.8499999999999943,67.35,69.95,65.0,26288.0,66.65,66.75,63.65,50117.0,63.6,63.6,60.8,28854.0,59.55,64.0,58.65,32194.0,66.28333333333333,1.7109938632261985,30267.0,64.60999999999999,3.375018518467477,30696.8,63.065,2.535859486118107,26368.1,63.085,2.823519640075713,30084.35,57.226562468704216,-0.03711952487008163,-0.007862759113652529,-0.45237370663420573,0.9344380403323566,0.9868928295915669,0.015295023104026965,1,12,66.5,68.5,67.2,70.55,74.05,76.45,80.25,84.05,76.25,77.0,74.0,72.05,74.9,73.5,72.8,70.95,72.75,70.15,69.5,67.0
2020-12-30,66.0,66.5,62.3,64.85,65.7,65.75,69.95,25.9,19793,1281545.5,4.200000000000003,1.1500000000000057,0.25,0.5,3.450000000000003,64.85,69.4,64.0,14396.0,67.35,69.95,65.0,26288.0,66.65,66.75,63.65,50117.0,60.6,62.4,56.6,33829.0,65.98333333333333,1.8536001007043206,20159.0,65.63999999999999,2.5518130809285937,27889.6,63.57000000000001,2.557934279409783,27318.1,63.065,2.828774841740096,25317.45,64.92693106851871,0.013878180416345476,-0.04178674351585021,0.3748958043901083,0.9887218044964101,0.947528517095855,0.015444633062189354,2,12,68.5,67.2,70.55,74.05,76.45,80.25,84.05,76.25,77.0,74.0,72.05,74.9,73.5,72.8,70.95,72.75,70.15,69.5,67.0,67.5
2020-12-31,66.5,68.5,62.5,65.75,63.3,64.0,69.95,25.9,49345,3140545.65,6.0,0.75,2.5,2.0,1.5,65.75,66.5,62.3,19793.0,64.85,69.4,64.0,14396.0,67.35,69.95,65.0,26288.0,63.6,63.6,60.8,28854.0,64.86666666666666,1.4843629385467556,27844.666666666668,65.72,1.5478210490874451,31987.8,63.75,2.6227900750497906,28967.0,62.9,2.7778198096232583,25286.0,60.980392123383325,-0.026615969581749055,0.03007518796992481,1.49305309958066,0.9343065693294261,0.9765624999847412,0.01571223777626031,3,12,67.2,70.55,74.05,76.45,80.25,84.05,76.25,77.0,74.0,72.05,74.9,73.5,72.8,70.95,72.75,70.15,69.5,67.0,67.5,69.45
2021-01-01,66.0,67.2,62.15,64.0,67.2,67.2,69.95,25.9,68892,4594763.5,5.050000000000004,2.0,1.2000000000000028,0.0,3.8500000000000014,64.0,68.5,62.5,49345.0,65.75,66.5,62.3,19793.0,64.85,69.4,64.0,14396.0,66.65,66.75,63.65,50117.0,65.64999999999999,1.0148891565082112,46010.0,65.83000000000001,1.4510341140021972,35742.8,64.10499999999999,2.6312438967998326,33419.2,62.910000000000004,2.6856575691897,27726.6,64.14414411178313,0.050000000000000044,-0.01897810218978102,0.3961292937481,0.999999999985119,0.9248511904624277,0.014993589985643437,4,1,70.55,74.05,76.45,80.25,84.05,76.25,77.0,74.0,72.05,74.9,73.5,72.8,70.95,72.75,70.15,69.5,67.0,67.5,69.45,67.9
2021-01-04,70.45,70.55,69.5,67.2,70.55,70.55,70.55,25.9,97290,6861971.9,1.0499999999999972,3.25,0.09999999999999432,0.0,0.9500000000000028,67.2,67.2,62.15,68892.0,64.0,68.5,62.5,49345.0,65.75,66.5,62.3,19793.0,67.35,69.95,65.0,26288.0,67.25,1.6889345754047715,71842.33333333333,66.47,1.633860459157427,49943.2,65.01,2.8137608285001696,42099.8,63.114999999999995,2.820852801249002,30808.05,64.65364117566071,0.049851190476190466,0.049851190476190466,0.41221041630377986,0.9999999999858256,0.9851169383276384,0.01417814025149243,0,1,74.05,76.45,80.25,84.05,76.25,77.0,74.0,72.05,74.9,73.5,72.8,70.95,72.75,70.15,69.5,67.0,67.5,69.45,67.9,67.1
2021-01-05,74.05,74.05,70.55,70.55,73.5,72.85,74.05,25.9,228115,16827437.2,3.5,3.5,1.2000000000000028,0.0,2.299999999999997,70.55,70.55,69.5,97290.0,67.2,67.2,62.15,68892.0,64.0,68.5,62.5,49345.0,64.85,69.4,64.0,14396.0,70.2,3.4252737116904077,131432.33333333334,68.07,3.041257963408893,92687.0,66.34,3.402107190159553,61691.9,63.54,3.4024024020185637,41548.75,71.05719233986825,0.03260099220411061,0.04961020552799433,1.3446911296124986,0.9837947332750331,0.968428277268793,0.013556134382721095,1,1,76.45,80.25,84.05,76.25,77.0,74.0,72.05,74.9,73.5,72.8,70.95,72.75,70.15,69.5,67.0,67.5,69.45,67.9,67.1,66.65
2021-01-06,73.9,76.45,73.9,72.85,76.45,76.45,76.45,25.9,168781,12859220.2,2.549999999999997,1.0500000000000114,2.549999999999997,0.0,0.0,72.85,74.05,70.55,228115.0,70.55,70.55,69.5,97290.0,67.2,67.2,62.15,68892.0,65.75,66.5,62.3,19793.0,73.28333333333332,2.9670411748626444,164728.66666666666,70.21000000000001,3.8498376589147014,122484.6,67.925,3.7647819768660407,75187.1,64.30499999999999,4.147328721757453,49233.05,73.02100158247839,0.04941660947151694,0.03241053342336264,-0.2601056484667821,0.9999999999869195,0.9666448659127973,0.013125290443350522,2,1,80.25,84.05,76.25,77.0,74.0,72.05,74.9,73.5,72.8,70.95,72.75,70.15,69.5,67.0,67.5,69.45,67.9,67.1,66.65,66.45
2021-01-07,80.25,80.25,79.25,76.45,80.25,80.25,80.25,25.9,89024,7141078.3,1.0,3.799999999999997,0.0,0.0,1.0,76.45,76.45,73.9,168781.0,72.85,74.05,70.55,228115.0,70.55,70.55,69.5,97290.0,64.0,68.5,62.5,49345.0,76.51666666666667,3.126233090051001,161973.33333333334,73.46,5.068530358989441,130420.4,69.59,4.563368638772834,81204.1,65.3875,5.141970618557028,52005.85,74.92492489342496,0.04970568999345981,0.04970568999345981,-0.4725472653912467,0.9999999999875389,0.987538940797663,0.012466464623416886,3,1,84.05,76.25,77.0,74.0,72.05,74.9,73.5,72.8,70.95,72.75,70.15,69.5,67.0,67.5,69.45,67.9,67.1,66.65,66.45,63.55
2021-01-08,84.05,84.05,76.25,80.25,76.25,76.25,84.05,25.9,164532,12944343.4,7.799999999999997,3.799999999999997,7.799999999999997,0.0,0.0,80.25,80.25,79.25,89024.0,76.45,76.45,73.9,168781.0,72.85,74.05,70.55,228115.0,67.2,67.2,62.15,68892.0,77.64999999999999,3.7999999999994665,140779.0,75.27,5.264218840435619,149548.4,70.55,5.8794746552922925,92645.6,66.28,6.17655797520359,59186.2,70.98150779534164,-0.049844236760124616,0.04735202492211843,0.8481757728253054,0.907198096360414,0.9999999999868852,0.012710725829476988,4,1,76.25,77.0,74.0,72.05,74.9,73.5,72.8,70.95,72.75,70.15,69.5,67.0,67.5,69.45,67.9,67.1,66.65,66.45,63.55,63.45
2021-01-11,72.45,76.25,72.45,76.25,75.9,75.1,84.05,25.9,114065,8341120.95,3.799999999999997,-3.799999999999997,2.6499999999999915,1.1500000000000057,0.0,76.25,84.05,76.25,164532.0,80.25,80.25,79.25,89024.0,76.45,76.45,73.9,168781.0,70.55,70.55,69.5,97290.0,77.2,3.9004273270155045,122540.33333333333,76.17999999999999,3.953226530316372,152903.4,71.325,5.890774331293337,101423.3,67.0675,6.192620289718238,64263.6,72.6346433473978,-0.015081967213114833,-0.09280190362879237,-0.3067306055964797,0.9849180327739682,0.9647137150337589,0.013675020501890693,0,1,77.0,74.0,72.05,74.9,73.5,72.8,70.95,72.75,70.15,69.5,67.0,67.5,69.45,67.9,67.1,66.65,66.45,63.55,63.45,60.35
2021-01-12,75.0,77.0,71.35,75.1,72.15,71.6,84.05,25.9,141234,10198395.35,5.650000000000006,-0.09999999999999432,3.4000000000000057,2.0,0.25,75.1,76.25,72.45,114065.0,76.25,84.05,76.25,164532.0,80.25,80.25,79.25,89024.0,72.85,74.05,70.55,228115.0,74.31666666666666,4.3031964863338725,139943.66666666666,75.92999999999999,3.351492204973356,135527.2,72.0,5.818657729904731,114107.1,67.5325,6.225019023433071,70237.6,64.94565214920544,-0.046604527296937426,0.009836065573770592,0.2381887520273529,0.9298701298580535,0.9965083798743504,0.013848649238725579,1,1,74.0,72.05,74.9,73.5,72.8,70.95,72.75,70.15,69.5,67.0,67.5,69.45,67.9,67.1,66.65,66.45,63.55,63.45,60.35,62.0
2021-01-13,71.6,74.0,68.05,71.6,69.25,68.65,84.05,25.9,122736,8473433.2,5.950000000000003,0.0,2.9499999999999886,2.4000000000000057,0.6000000000000085,71.6,77.0,71.35,141234.0,75.1,76.25,72.45,114065.0,76.25,84.05,76.25,164532.0,76.45,76.45,73.9,168781.0,71.78333333333335,1.561249499598598,126011.66666666667,74.37,3.9130231279660492,126318.2,72.28999999999999,5.181548460107924,124401.4,67.92999999999999,6.205173457009667,75859.75,56.87074827765469,-0.041201117318435565,-0.038961038961038974,-0.1309741280428226,0.9277027026901662,0.9912600145522029,0.014484801744822863,2,1,72.05,74.9,73.5,72.8,70.95,72.75,70.15,69.5,67.0,67.5,69.45,67.9,67.1,66.65,66.45,63.55,63.45,60.35,62.0,64.3
2021-01-14,71.5,72.05,69.3,68.65,72.05,72.05,84.05,25.9,62941,4502749.05,2.75,2.8499999999999943,0.5499999999999972,0.0,2.200000000000003,68.65,74.0,68.05,122736.0,71.6,77.0,71.35,141234.0,75.1,76.25,72.45,114065.0,80.25,80.25,79.25,89024.0,70.76666666666667,2.493491527957776,108970.33333333333,72.72999999999999,4.561332042287356,121101.6,73.095,4.80780904131811,125761.0,68.4225,6.023963112349353,77364.0,57.27762801073081,0.049526584122359774,-0.02635135135135136,-0.48718387433189936,0.9999999999861207,0.9618320610553527,0.013978349515170069,3,1,74.9,73.5,72.8,70.95,72.75,70.15,69.5,67.0,67.5,69.45,67.9,67.1,66.65,66.45,63.55,63.45,60.35,62.0,64.3,66.35
2021-01-15,73.95,74.9,68.45,72.05,71.25,70.8,84.05,25.9,110742,7865667.8,6.450000000000003,1.9000000000000057,3.1500000000000057,0.9500000000000028,2.3499999999999943,72.05,72.05,69.3,62941.0,68.65,74.0,68.05,122736.0,71.6,77.0,71.35,141234.0,76.25,84.05,76.25,164532.0,70.5,1.456880228432448,98806.33333333333,71.64,1.9459573479389294,110343.6,73.45500000000001,3.9218370128752142,129946.0,68.78,5.958582377324891,81682.6,54.581673286476935,-0.017349063150589816,0.039555863983345096,0.759457269506363,0.9452603471168856,0.9668079095908644,0.014079160576804424,4,1,73.5,72.8,70.95,72.75,70.15,69.5,67.0,67.5,69.45,67.9,67.1,66.65,66.45,63.55,63.45,60.35,62.0,64.3,66.35,62.45
2021-01-18,73.5,73.5,67.3,70.8,70.9,69.85,84.05,25.9,89287,6084532.65,6.200000000000003,2.700000000000003,3.6500000000000057,0.0,2.549999999999997,70.8,74.9,68.45,110742.0,72.05,72.05,69.3,62941.0,68.65,74.0,68.05,122736.0,75.1,76.25,72.45,114065.0,70.89999999999999,1.4250730975394745,87656.66666666667,70.59,1.8331666590895537,105388.0,73.38499999999999,3.564797017752935,129145.7,69.19749999999999,5.731452351073845,85622.75,56.92520773415643,-0.013418079096045199,-0.018691588785046842,-0.19373859962796414,0.9503401360414918,0.9634931996998783,0.014674422036341605,0,1,72.8,70.95,72.75,70.15,69.5,67.0,67.5,69.45,67.9,67.1,66.65,66.45,63.55,63.45,60.35,62.0,64.3,66.35,62.45,61.35
2021-01-19,72.75,72.8,68.7,69.85,70.0,69.7,84.05,25.9,27185,1904169.1,4.099999999999994,2.9000000000000057,3.049999999999997,0.04999999999999716,1.0,69.85,73.5,67.3,89287.0,70.8,74.9,68.45,110742.0,72.05,72.05,69.3,62941.0,71.6,77.0,71.35,141234.0,70.11666666666666,1.0692676621551305,75738.0,70.21000000000001,1.0943034314108797,82578.2,73.07000000000001,3.6708498864556316,109052.7,69.705,5.450839505597995,85372.3,55.58698724814095,-0.0021474588403721517,-0.009523809523809601,-0.6955323843336656,0.9574175824044311,0.9856527976903062,0.014276568189243269,1,1,70.95,72.75,70.15,69.5,67.0,67.5,69.45,67.9,67.1,66.65,66.45,63.55,63.45,60.35,62.0,64.3,66.35,62.45,61.35,61.95
2021-01-20,69.0,70.95,66.55,69.7,70.95,70.85,84.05,25.9,23627,1656121.55,4.400000000000006,-0.7000000000000028,1.8499999999999943,0.10000000000000853,2.450000000000003,69.7,72.8,68.7,27185.0,69.85,73.5,67.3,89287.0,70.8,74.9,68.45,110742.0,68.65,74.0,68.05,122736.0,70.13333333333334,1.3175102782638812,46699.666666666664,70.65,1.489714737793002,62756.4,72.51,4.012843962412327,94537.3,70.2175,4.9719238043022935,84862.2,59.856115083798976,0.016499282639885093,-0.025412087912087822,-0.13088100055177487,0.9985905567160169,0.9393083980107366,0.014266464922215392,2,1,72.75,70.15,69.5,67.0,67.5,69.45,67.9,67.1,66.65,66.45,63.55,63.45,60.35,62.0,64.3,66.35,62.45,61.35,61.95,60.7
2021-01-21,72.7,72.75,68.0,70.85,68.3,68.75,84.05,25.9,21711,1516520.0,4.75,1.8500000000000085,3.950000000000003,0.04999999999999716,0.75,70.85,70.95,66.55,23627.0,69.7,72.8,68.7,27185.0,69.85,73.5,67.3,89287.0,72.05,72.05,69.3,62941.0,69.76666666666667,1.0539607835830642,24174.333333333332,69.99000000000001,1.4285482140962764,54510.4,71.36,3.7331287146309804,87806.0,70.475,4.516265195467136,84505.05,52.3031203348516,-0.029640084685956136,0.025369978858351017,-0.08109366402844209,0.9450171821175942,0.9890909090765223,0.014316329491203535,3,1,70.15,69.5,67.0,67.5,69.45,67.9,67.1,66.65,66.45,63.55,63.45,60.35,62.0,64.3,66.35,62.45,61.35,61.95,60.7,59.25
2021-01-22,68.85,70.15,67.0,68.75,68.0,67.8,84.05,25.9,23302,1594719.2,3.1500000000000057,0.09999999999999432,1.0499999999999972,1.3000000000000114,0.7999999999999972,68.75,72.75,68.0,21711.0,70.85,70.95,66.55,23627.0,69.7,72.8,68.7,27185.0,70.8,74.9,68.45,110742.0,69.13333333333333,1.3316656236950817,22880.0,69.39,1.4118250599836106,37022.4,70.515,2.182258004911948,73683.0,70.5325,4.3331608433954045,83164.3,45.599999979571194,-0.01381818181818184,-0.03573883161512015,0.07328082538805214,0.9665003563654097,0.9882005899559262,0.014611976829525843,4,1,69.5,67.0,67.5,69.45,67.9,67.1,66.65,66.45,63.55,63.45,60.35,62.0,64.3,66.35,62.45,61.35,61.95,60.7,59.25,59.8
2021-01-25,67.8,69.5,65.0,67.8,66.0,65.85,84.05,25.9,46447,3073213.1,4.5,0.0,1.9500000000000028,1.7000000000000028,0.8499999999999943,67.8,70.15,67.0,23302.0,68.75,72.75,68.0,21711.0,70.85,70.95,66.55,23627.0,69.85,73.5,67.3,89287.0,67.46666666666665,1.7197383521913958,30486.666666666668,68.59,1.5010829424111733,28454.4,69.59,2.2574321695240895,66921.2,70.45750000000001,4.351303494961193,84172.25,38.67313914105423,-0.028761061946902644,-0.009265858873841903,0.9932623809115098,0.9474820143748562,0.9870918754595734,0.0151134979868464,0,1,67.0,67.5,69.45,67.9,67.1,66.65,66.45,63.55,63.45,60.35,62.0,64.3,66.35,62.45,61.35,61.95,60.7,59.25,59.8,57.0
2021-01-27,66.0,67.0,63.1,65.85,63.9,64.8,84.05,25.9,25860,1675824.75,3.8999999999999986,0.15000000000000568,1.2000000000000028,1.0,1.6999999999999957,65.85,69.5,65.0,46447.0,67.8,70.15,67.0,23302.0,68.75,72.75,68.0,21711.0,69.7,72.8,68.7,27185.0,66.14999999999999,1.6630794729452036,31869.666666666668,67.60999999999999,2.1043407518740556,28189.4,68.91,2.381969306641033,55383.8,70.455,4.487919457012338,84745.45,29.45326277205126,-0.015945330296127547,-0.03597122302158273,-0.4432363769457661,0.9671641790900423,0.9737654320837382,0.015431207827668129,2,1,67.5,69.45,67.9,67.1,66.65,66.45,63.55,63.45,60.35,62.0,64.3,66.35,62.45,61.35,61.95,60.7,59.25,59.8,57.0,51.75
2021-01-28,63.6,67.5,62.75,64.8,66.15,66.25,84.05,25.9,22108,1435546.05,4.75,-1.1999999999999957,2.6499999999999986,1.25,0.8500000000000014,64.8,67.0,63.1,25860.0,65.85,69.5,65.0,46447.0,67.8,70.15,67.0,23302.0,70.85,70.95,66.55,23627.0,65.63333333333333,1.3228756555317325,31471.666666666668,66.68999999999998,2.300163037699263,27885.6,68.66999999999999,2.5813217974953027,45321.0,70.47999999999999,4.417650006388658,84861.2,23.07692306449701,0.022376543209876587,0.00746268656716409,-0.14508894044856924,0.9814814814669409,0.9471698113064577,0.015400411571610666,3,1,69.45,67.9,67.1,66.65,66.45,63.55,63.45,60.35,62.0,64.3,66.35,62.45,61.35,61.95,60.7,59.25,59.8,57.0,51.75,52.95
2021-01-29,68.5,69.45,64.05,66.25,67.0,65.3,84.05,25.9,14839,982000.8,5.400000000000006,2.25,3.200000000000003,0.9500000000000028,1.25,66.25,67.5,62.75,22108.0,64.8,67.0,63.1,25860.0,65.85,69.5,65.0,46447.0,68.75,72.75,68.0,21711.0,65.45,1.2945398152748533,20935.666666666668,65.99999999999999,1.3813942232389484,26511.2,67.995,2.6069351950352093,40510.8,70.54499999999999,4.371928244944753,83135.9,26.143790833724893,-0.014339622641509453,0.028888888888888964,-0.3287950063325493,0.940244780404028,0.9808575803831415,0.015110985652964828,4,1,67.9,67.1,66.65,66.45,63.55,63.45,60.35,62.0,64.3,66.35,62.45,61.35,61.95,60.7,59.25,59.8,57.0,51.75,52.95,55.55
2021-02-01,65.5,67.9,63.3,65.3,65.0,65.25,84.05,25.9,21412,1391174.55,4.6000000000000085,0.20000000000000284,0.25,2.4000000000000057,1.9500000000000028,65.3,69.45,64.05,14839.0,66.25,67.5,62.75,22108.0,64.8,67.0,63.1,25860.0,67.8,70.15,67.0,23302.0,65.60000000000001,1.0299676370312796,19453.0,65.49,1.145425685061211,26133.2,67.44,2.3229531013589675,31577.8,70.44749999999999,4.325459361063152,80761.9,27.459954215815102,-0.0007656967840734552,-0.022318214542836556,0.44295437697958073,0.9609720176588957,0.9701149425138679,0.015391310889061323,0,2,67.1,66.65,66.45,63.55,63.45,60.35,62.0,64.3,66.35,62.45,61.35,61.95,60.7,59.25,59.8,57.0,51.75,52.95,55.55,58.25
2021-02-02,66.9,67.1,64.3,65.25,65.0,65.6,84.05,25.9,9360,615243.3,2.799999999999997,1.6500000000000057,1.3000000000000114,0.19999999999998863,1.2999999999999972,65.25,67.9,63.3,21412.0,65.3,69.45,64.05,14839.0,66.25,67.5,62.75,22108.0,65.85,69.5,65.0,46447.0,65.38333333333333,1.1947803145342195,15203.666666666666,65.44,0.9939818911821052,18715.8,67.015,2.1743198170160696,23585.1,70.2,4.495945541906375,76365.4,33.95721922591436,0.005363984674329414,-0.011782032400589282,-0.5628619465720157,0.977645305499588,0.9801829268143265,0.015213493588633933,1,2,66.65,66.45,63.55,63.45,60.35,62.0,64.3,66.35,62.45,61.35,61.95,60.7,59.25,59.8,57.0,51.75,52.95,55.55,58.25,60.8
2021-02-03,65.5,66.65,62.6,65.6,63.5,64.5,84.05,25.9,31337,2017528.3,4.050000000000004,-0.09999999999999432,1.0,1.1500000000000057,1.8999999999999986,65.6,67.1,64.3,9360.0,65.25,67.9,63.3,21412.0,65.3,69.45,64.05,14839.0,64.8,67.0,63.1,25860.0,65.11666666666666,0.6331139971063234,20703.0,65.38,1.0727301617825216,19811.2,66.49499999999999,2.003392955297448,24000.3,69.7825,4.694694654046756,66526.5,37.68545990934142,-0.01676829268292679,-0.006706408345752424,2.3479700854700853,0.9677419354693511,0.9705426356438676,0.01553237196226689,2,2,66.45,63.55,63.45,60.35,62.0,64.3,66.35,62.45,61.35,61.95,60.7,59.25,59.8,57.0,51.75,52.95,55.55,58.25,60.8,57.6
2021-02-04,66.45,66.45,61.3,64.5,61.7,61.4,84.05,25.9,77155,4774540.6,5.150000000000006,1.9500000000000028,5.050000000000004,0.0,0.10000000000000142,64.5,66.65,62.6,31337.0,65.6,67.1,64.3,9360.0,65.25,67.9,63.3,21412.0,66.25,67.5,62.75,22108.0,63.83333333333332,0.3329164059219662,39284.0,64.41,1.2193235829745779,30820.6,65.55,1.995891613624202,29353.1,69.03,4.784640997366737,61945.2,17.824773398818877,-0.04806201550387601,-0.0030007501875469744,1.462105498292753,0.9240030097678855,0.9983713354886259,0.01615966989578013,3,2,63.55,63.45,60.35,62.0,64.3,66.35,62.45,61.35,61.95,60.7,59.25,59.8,57.0,51.75,52.95,55.55,58.25,60.8,57.6,54.95
2021-02-05,63.35,63.55,59.1,61.4,60.0,60.5,84.05,25.9,25655,1558021.7,4.449999999999996,1.9500000000000028,2.8500000000000014,0.19999999999999574,1.3999999999999986,61.4,66.45,61.3,77155.0,64.5,66.65,62.6,31337.0,65.6,67.1,64.3,9360.0,65.3,69.45,64.05,14839.0,62.13333333333333,1.7349351572894096,44715.666666666664,63.45,1.650984554742415,32983.8,64.725,1.909515645393366,29747.5,68.04249999999999,4.727815229268553,58776.75,18.2098765274729,-0.014657980456026065,-0.04364183596689253,-0.667487525111788,0.9520062942415106,0.976859504116085,0.016466394530961916,4,2,63.45,60.35,62.0,64.3,66.35,62.45,61.35,61.95,60.7,59.25,59.8,57.0,51.75,52.95,55.55,58.25,60.8,57.6,54.95,54.9
2021-02-08,63.45,63.45,57.5,60.5,57.5,57.5,84.05,25.9,45771,2658395.85,5.950000000000003,2.950000000000003,5.950000000000003,0.0,0.0,60.5,63.55,59.1,25655.0,61.4,66.45,61.3,77155.0,64.5,66.65,62.6,31337.0,65.25,67.9,63.3,21412.0,59.800000000000004,1.7039170558839645,49527.0,61.9,1.786896751353594,37855.6,63.69500000000001,2.0559466594901408,31994.4,67.10499999999999,3.956237580008579,52838.7,16.164383549243723,-0.04958677685950408,-0.0015735641227379027,0.7840966673163126,0.9062253742961982,0.9999999999826088,0.0172175261257649,0,2,60.35,62.0,64.3,66.35,62.45,61.35,61.95,60.7,59.25,59.8,57.0,51.75,52.95,55.55,58.25,60.8,57.6,54.95,54.9,52.2
2021-02-09,56.4,60.35,54.65,57.5,59.85,59.8,84.05,25.9,83511,4783855.9,5.700000000000003,-1.1000000000000014,3.3999999999999986,0.5500000000000043,1.75,57.5,63.45,57.5,45771.0,60.5,63.55,59.1,25655.0,61.4,66.45,61.3,77155.0,65.6,67.1,64.3,9360.0,59.26666666666666,1.8193405398658051,51645.666666666664,60.739999999999995,2.5890152568106055,52685.8,63.089999999999996,2.687191842798344,35700.8,66.34,4.251408435355161,51311.0,25.735294099985538,0.040000000000000036,-0.04885736800630425,0.8245395556138166,0.9908864954268287,0.9138795986469251,0.017456838530608747,1,2,62.0,64.3,66.35,62.45,61.35,61.95,60.7,59.25,59.8,57.0,51.75,52.95,55.55,58.25,60.8,57.6,54.95,54.9,52.2,51.45
2021-02-10,61.0,62.0,58.55,59.8,62.0,61.25,84.05,25.9,12217,739962.75,3.450000000000003,1.2000000000000028,0.25,0.75,2.450000000000003,59.8,60.35,54.65,83511.0,57.5,63.45,57.5,45771.0,60.5,63.55,59.1,25655.0,64.5,66.65,62.6,31337.0,59.51666666666666,1.5510748961067637,47166.333333333336,60.089999999999996,2.2528870366705274,48861.8,62.735,2.9228790981195516,34336.5,65.82249999999999,4.152773328245596,44860.15,26.811594184765113,0.024247491638796026,0.027340513670256916,-0.8537078947683538,0.9879032257905177,0.955918367331332,0.016510290551787887,2,2,64.3,66.35,62.45,61.35,61.95,60.7,59.25,59.8,57.0,51.75,52.95,55.55,58.25,60.8,57.6,54.95,54.9,52.2,51.45,52.15
2021-02-11,63.0,64.3,61.6,61.25,63.7,63.8,84.05,25.9,33316,2107266.75,2.6999999999999957,1.75,0.7999999999999972,0.5,1.3999999999999986,61.25,62.0,58.55,12217.0,59.8,60.35,54.65,83511.0,57.5,63.45,57.5,45771.0,61.4,66.45,61.3,77155.0,61.61666666666667,1.9838934783230069,43014.666666666664,60.57000000000001,1.5694744343244695,40094.0,62.489999999999995,2.8464597895166666,35457.3,65.58000000000001,4.054175884845367,40389.15,38.29787231507469,0.041632653061224545,0.0370967741935484,1.727019726610461,0.9922239502178503,0.9655172413641769,0.01581005347329662,3,2,66.35,62.45,61.35,61.95,60.7,59.25,59.8,57.0,51.75,52.95,55.55,58.25,60.8,57.6,54.95,54.9,52.2,51.45,52.15,51.0
2021-02-12,64.2,66.35,61.45,63.8,64.0,63.0,84.05,25.9,56412,3599650.05,4.8999999999999915,0.4000000000000057,1.2000000000000028,2.1499999999999915,1.5499999999999972,63.8,64.3,61.6,33316.0,61.25,62.0,58.55,12217.0,59.8,60.35,54.65,83511.0,60.5,63.55,59.1,25655.0,62.68333333333334,2.1761969886322996,33981.666666666664,61.07000000000001,2.2757965638426683,46245.4,62.25999999999999,2.465855722552794,39614.6,65.1275,3.962302626663154,40062.7,38.57142854571429,-0.01253918495297801,0.03188180404354579,0.6932404850522271,0.949510173308975,0.975396825381343,0.015671523402670764,4,2,62.45,61.35,61.95,60.7,59.25,59.8,57.0,51.75,52.95,55.55,58.25,60.8,57.6,54.95,54.9,52.2,51.45,52.15,51.0,48.0
2021-02-15,60.55,62.45,59.85,63.0,60.5,60.4,84.05,25.9,35668,2150596.25,2.6000000000000014,-2.450000000000003,0.14999999999999858,1.9000000000000057,0.5499999999999972,63.0,66.35,61.45,56412.0,63.8,64.3,61.6,33316.0,61.25,62.0,58.55,12217.0,57.5,63.45,57.5,45771.0,62.4,1.9508545136253161,41798.666666666664,61.65,2.3020099912898067,44224.8,61.775,2.303988088318386,41040.2,64.60749999999999,3.7662376521709517,36309.0,37.41339489497518,-0.041269841269841345,-0.058779201205727105,-0.3677231794653619,0.9671737389757058,0.9908940397186939,0.016585167950516042,0,2,61.35,61.95,60.7,59.25,59.8,57.0,51.75,52.95,55.55,58.25,60.8,57.6,54.95,54.9,52.2,51.45,52.15,51.0,48.0,49.35
2021-02-16,61.3,61.35,57.55,60.4,61.0,60.25,84.05,25.9,32971,1949874.25,3.8000000000000043,0.8999999999999986,1.0499999999999972,0.05000000000000426,2.700000000000003,60.4,62.45,59.85,35668.0,63.0,66.35,61.45,56412.0,63.8,64.3,61.6,33316.0,59.8,60.35,54.65,83511.0,61.21666666666666,2.627419519858299,41683.666666666664,61.739999999999995,2.0320556094748237,34116.8,61.24000000000001,2.2343032719648868,43401.3,64.1275,3.6766689729754978,33493.2,39.03614455197562,-0.002483443708609201,-0.017614091273018384,-0.07561399573847705,0.9820700896335441,0.9551867219758475,0.016909295560982963,1,2,61.95,60.7,59.25,59.8,57.0,51.75,52.95,55.55,58.25,60.8,57.6,54.95,54.9,52.2,51.45,52.15,51.0,48.0,49.35,47.0
2021-02-17,61.95,61.95,57.7,60.25,59.0,59.4,84.05,25.9,20264,1192431.9,4.25,1.7000000000000028,2.5500000000000043,0.0,1.6999999999999957,60.25,61.35,57.55,32971.0,60.4,62.45,59.85,35668.0,63.0,66.35,61.45,56412.0,61.25,62.0,58.55,12217.0,60.01666666666666,0.5507570547279936,29634.333333333332,61.36999999999999,2.040098036859527,35726.2,60.730000000000004,2.027203876169693,42294.0,63.6125,3.510408395794108,33147.15,33.00248136664838,-0.014107883817427447,0.009779951100244544,-0.3853992902854023,0.9588377723816168,0.9713804713641183,0.01699384258337938,2,2,60.7,59.25,59.8,57.0,51.75,52.95,55.55,58.25,60.8,57.6,54.95,54.9,52.2,51.45,52.15,51.0,48.0,49.35,47.0,46.85
2021-02-18,59.05,60.7,56.45,59.4,57.9,57.2,84.05,25.9,39320,2286183.05,4.25,-0.3500000000000014,1.8499999999999943,1.6500000000000057,0.75,59.4,61.95,57.7,20264.0,60.25,61.35,57.55,32971.0,60.4,62.45,59.85,35668.0,63.8,64.3,61.6,33316.0,58.949999999999996,0.625166644449895,30851.666666666668,60.05,2.2176564206382627,36927.0,60.30999999999999,1.8134451558663665,38510.5,62.93000000000001,3.5067566361613647,33931.8,31.07476633481089,-0.03703703703703698,-0.020177562550443895,0.9403868930122385,0.9423393739548215,0.9868881118708587,0.017198972759420988,3,2,59.25,59.8,57.0,51.75,52.95,55.55,58.25,60.8,57.6,54.95,54.9,52.2,51.45,52.15,51.0,48.0,49.35,47.0,46.85,45.5
2021-02-19,59.25,59.25,55.4,57.2,57.0,57.0,84.05,25.9,36310,2052671.0,3.8500000000000014,2.049999999999997,2.25,0.0,1.6000000000000014,57.2,60.7,56.45,39320.0,59.4,61.95,57.7,20264.0,60.25,61.35,57.55,32971.0,63.0,66.35,61.45,56412.0,57.86666666666667,1.3512340039137725,31964.666666666668,58.85,1.2431814026915604,32906.6,59.959999999999994,2.067076572253046,39576.0,62.34250000000001,3.342328214693386,34661.75,30.85846865744692,-0.0034965034965035446,-0.023887973640856708,-0.07655137334689721,0.9620253164394595,0.9719298245443522,0.017689147457142416,4,2,59.8,57.0,51.75,52.95,55.55,58.25,60.8,57.6,54.95,54.9,52.2,51.45,52.15,51.0,48.0,49.35,47.0,46.85,45.5,46.0
2021-02-22,59.8,59.8,54.15,57.0,56.95,55.7,84.05,25.9,53399,2964071.4,5.649999999999999,2.799999999999997,4.099999999999994,0.0,1.5500000000000043,57.0,59.25,55.4,36310.0,57.2,60.7,56.45,39320.0,59.4,61.95,57.7,20264.0,60.4,62.45,59.85,35668.0,56.63333333333333,0.7320063751996599,43009.666666666664,57.910000000000004,1.1019301248256006,36452.8,59.779999999999994,2.1455380055676416,40338.8,61.73749999999999,3.2825084679409318,36166.6,27.999999982577776,-0.02280701754385961,0.009282700421940904,0.470641696502341,0.9314381270747253,0.9721723518676451,0.01801542297530349,0,2,57.0,51.75,52.95,55.55,58.25,60.8,57.6,54.95,54.9,52.2,51.45,52.15,51.0,48.0,49.35,47.0,46.85,45.5,46.0,47.6
2021-02-23,55.15,57.0,52.95,55.7,52.95,53.1,84.05,25.9,84993,4560096.5,4.049999999999997,-0.5500000000000043,2.049999999999997,1.8500000000000014,0.14999999999999858,55.7,59.8,54.15,53399.0,57.0,59.25,55.4,36310.0,57.2,60.7,56.45,39320.0,60.25,61.35,57.55,32971.0,55.26666666666667,1.483520587431504,58234.0,56.48,1.8409915806429378,46857.2,59.11,2.6157694852570317,40487.0,61.1,3.4371987906308927,38093.9,26.24999998468749,-0.04667863554757634,-0.04682274247491636,0.5916590198318321,0.9315789473520777,0.9971751412241587,0.018638421357969066,1,2,51.75,52.95,55.55,58.25,60.8,57.6,54.95,54.9,52.2,51.45,52.15,51.0,48.0,49.35,47.0,46.85,45.5,46.0,47.6,47.6
2021-02-24,51.2,51.75,50.45,53.1,50.45,50.45,84.05,25.9,72847,3691593.4,1.2999999999999972,-1.8999999999999986,0.75,0.5499999999999972,0.0,53.1,57.0,52.95,84993.0,55.7,59.8,54.15,53399.0,57.0,59.25,55.4,36310.0,59.4,61.95,57.7,20264.0,53.083333333333336,4.086665307231981,70413.0,54.69,3.5953094442618196,57373.8,58.029999999999994,4.030357028574466,46550.0,60.38250000000001,4.264884153421283,40443.25,26.75159234078461,-0.04990583804143123,-0.09210526315789469,-0.14290588636711254,0.974879227034302,0.9999999999801784,0.01973321330566903,2,2,52.95,55.55,58.25,60.8,57.6,54.95,54.9,52.2,51.45,52.15,51.0,48.0,49.35,47.0,46.85,45.5,46.0,47.6,47.6,46.15
2021-02-25,50.4,52.95,47.95,50.45,52.95,52.95,84.05,25.9,167927,8406345.55,5.0,-0.05000000000000426,2.5500000000000043,0.0,2.4499999999999957,50.45,51.75,50.45,72847.0,53.1,57.0,52.95,84993.0,55.7,59.8,54.15,53399.0,57.2,60.7,56.45,39320.0,52.166666666666664,2.750908940695868,108589.0,53.84000000000001,3.648801172987952,83095.2,56.94500000000001,4.4177325757805805,60011.1,59.717499999999994,4.672114223324191,47734.2,34.99005962266955,0.049554013875123815,0.023188405797101463,1.3052013123395612,0.9999999999811143,0.9055712936561744,0.019976219036106593,3,2,55.55,58.25,60.8,57.6,54.95,54.9,52.2,51.45,52.15,51.0,48.0,49.35,47.0,46.85,45.5,46.0,47.6,47.6,46.15,46.3
2021-02-26,55.25,55.55,53.25,52.95,55.55,55.5,84.05,25.9,54739,3008966.85,2.299999999999997,2.299999999999997,0.25,0.04999999999999716,2.0,52.95,52.95,47.95,167927.0,50.45,51.75,50.45,72847.0,53.1,57.0,52.95,84993.0,57.0,59.25,55.4,36310.0,52.96666666666667,1.9425069712445975,98504.33333333333,53.540000000000006,3.2119698006049595,86781.0,56.19500000000001,3.7937265466969188,59843.8,59.227500000000006,4.575601053413504,49729.2,45.951416978003245,0.048158640226628746,0.04910292728989596,-0.6740309777462826,0.9990999099730136,0.9594594594421719,0.018191958479037408,4,2,58.25,60.8,57.6,54.95,54.9,52.2,51.45,52.15,51.0,48.0,49.35,47.0,46.85,45.5,46.0,47.6,47.6,46.15,46.3,45.6
2021-03-01,58.25,58.25,54.3,55.5,58.0,58.0,84.05,25.9,27748,1606989.15,3.950000000000003,2.75,0.25,0.0,3.700000000000003,55.5,55.55,53.25,54739.0,52.95,52.95,47.95,167927.0,50.45,51.75,50.45,72847.0,55.7,59.8,54.15,53399.0,55.48333333333333,2.65015722804017,83471.33333333333,54.0,2.7193749281771114,81650.8,55.955,3.501384646742808,59051.8,58.86500000000001,4.3742849039644645,50046.0,46.385542142594474,0.04504504504504503,0.04860486048604873,-0.49308536874988584,0.9957081544893441,0.9362068965355826,0.017267073645145636,0,3,60.8,57.6,54.95,54.9,52.2,51.45,52.15,51.0,48.0,49.35,47.0,46.85,45.5,46.0,47.6,47.6,46.15,46.3,45.6,44.25
2021-03-02,60.8,60.8,55.25,58.0,55.35,55.75,84.05,25.9,25499,1438200.0,5.549999999999997,2.799999999999997,5.049999999999997,0.0,0.5,58.0,58.25,54.3,27748.0,55.5,55.55,53.25,54739.0,52.95,52.95,47.95,167927.0,53.1,57.0,52.95,84993.0,56.416666666666664,2.6253571185649958,35995.333333333336,54.529999999999994,3.7273314851242083,69752.0,55.504999999999995,3.4442383450887353,58304.6,58.37249999999999,4.136833902496074,50852.95,39.299610873533275,-0.03879310344827591,0.043776824034334805,-0.08105088655038206,0.916940789458603,0.9910313901167529,0.01772980114031427,1,3,57.6,54.95,54.9,52.2,51.45,52.15,51.0,48.0,49.35,47.0,46.85,45.5,46.0,47.6,47.6,46.15,46.3,45.6,44.25,44.9
2021-03-03,57.6,57.6,53.15,55.75,55.25,54.95,84.05,25.9,33805,1850894.3,4.450000000000003,1.8500000000000014,2.6499999999999986,0.0,1.8000000000000043,55.75,60.8,55.25,25499.0,58.0,58.25,54.3,27748.0,55.5,55.55,53.25,54739.0,50.45,51.75,50.45,72847.0,56.23333333333333,1.6913998147490554,29017.333333333332,55.43000000000001,2.9522449085396345,61943.6,55.06,3.1214357451520476,59658.7,57.894999999999996,3.9475600392086108,50976.35,31.524008332303282,-0.014349775784753271,-0.05263157894736836,0.3257382642456568,0.9539930555389933,0.9672429481170657,0.018264143987044523,2,3,54.95,54.9,52.2,51.45,52.15,51.0,48.0,49.35,47.0,46.85,45.5,46.0,47.6,47.6,46.15,46.3,45.6,44.25,44.9,44.9
2021-03-04,54.1,54.95,52.4,54.95,54.0,53.45,84.05,25.9,21441,1138538.5,2.5500000000000043,-0.8500000000000014,0.6499999999999986,0.8500000000000014,1.0500000000000043,54.95,57.6,53.15,33805.0,55.75,60.8,55.25,25499.0,58.0,58.25,54.3,27748.0,52.95,52.95,47.95,167927.0,54.71666666666667,2.9293059473761462,26915.0,55.529999999999994,2.331469493688086,32646.4,54.685,2.9644935861330564,57870.8,57.4975,3.8395200837712795,48190.65,30.62880322804044,-0.02729754322111011,-0.04600694444444442,-0.36574471232066263,0.9727024567611884,0.9803554723857745,0.0188320377396109,3,3,54.9,52.2,51.45,52.15,51.0,48.0,49.35,47.0,46.85,45.5,46.0,47.6,47.6,46.15,46.3,45.6,44.25,44.9,44.9,44.9
2021-03-05,54.9,54.9,50.8,53.45,50.8,51.2,84.05,25.9,48827,2502425.4,4.100000000000001,1.4499999999999957,3.6999999999999957,0.0,0.4000000000000057,53.45,54.95,52.4,21441.0,54.95,57.6,53.15,33805.0,55.75,60.8,55.25,25499.0,55.5,55.55,53.25,54739.0,53.20000000000001,1.5446142992130805,34691.0,54.67,2.4761361028825113,31464.0,54.105,2.881401086663229,59122.5,57.032500000000006,3.8721373127021033,49349.25,31.06995882983624,-0.04209541627689428,-0.0009099181073703999,1.2772725152744742,0.9326047358664372,0.9921874999806213,0.019511870363847803,4,3,52.2,51.45,52.15,51.0,48.0,49.35,47.0,46.85,45.5,46.0,47.6,47.6,46.15,46.3,45.6,44.25,44.9,44.9,44.9,45.0
2021-03-08,51.05,52.2,49.6,51.2,50.0,50.0,84.05,25.9,45655,2308845.75,2.6000000000000014,-0.15000000000000568,1.0499999999999972,1.1500000000000057,0.3999999999999986,51.2,54.9,50.8,48827.0,53.45,54.95,52.4,21441.0,54.95,57.6,53.15,33805.0,58.0,58.25,54.3,27748.0,51.550000000000004,1.5734781006845002,38641.0,53.07000000000001,3.25238374119633,35045.4,53.535000000000004,2.874065065373751,58348.1,56.657500000000006,4.048374430103348,49343.45,29.783037458896928,-0.0234375,-0.0491803278688524,-0.064964056771868,0.9578544061119185,0.9919999999801601,0.01977394981886511,0,3,51.45,52.15,51.0,48.0,49.35,47.0,46.85,45.5,46.0,47.6,47.6,46.15,46.3,45.6,44.25,44.9,44.9,44.9,45.0,47.45
2021-03-09,50.6,51.45,49.65,50.0,49.7,49.95,84.05,25.9,14388,722338.0,1.8000000000000043,0.6000000000000014,0.6499999999999986,0.8500000000000014,0.30000000000000426,50.0,52.2,49.6,45655.0,51.2,54.9,50.8,48827.0,53.45,54.95,52.4,21441.0,55.75,60.8,55.25,25499.0,50.38333333333333,1.8145247311625397,36290.0,51.910000000000004,2.458302259690278,32823.2,53.220000000000006,3.099623633067166,51287.6,56.165000000000006,4.338793034934811,45887.3,30.753564137248475,-0.0009999999999998899,-0.014367816091954033,-0.6848537947650859,0.970845481030693,0.9939939939740942,0.019918653040543317,1,3,52.15,51.0,48.0,49.35,47.0,46.85,45.5,46.0,47.6,47.6,46.15,46.3,45.6,44.25,44.9,44.9,44.9,45.0,47.45,46.95
2021-03-10,52.15,52.15,48.45,49.95,50.4,49.25,84.05,25.9,50624,2535112.35,3.6999999999999957,2.1999999999999957,2.8999999999999986,0.0,0.7999999999999972,49.95,51.45,49.65,14388.0,50.0,52.2,49.6,45655.0,51.2,54.9,50.8,48827.0,54.95,57.6,53.15,33805.0,49.73333333333333,0.41932485418101384,36889.0,50.77,1.6653077793604352,36187.0,53.1,3.054704932104581,49065.3,55.56500000000001,4.45158457890634,47807.65,32.75488067424865,-0.014014014014014031,0.013605442176870763,2.5184876285793716,0.9443911792723991,0.9837563451576904,0.019969134701268754,2,3,51.0,48.0,49.35,47.0,46.85,45.5,46.0,47.6,47.6,46.15,46.3,45.6,44.25,44.9,44.9,44.9,45.0,47.45,46.95,45.2
2021-03-12,50.95,51.0,47.4,49.25,47.7,48.0,84.05,25.9,39892,1941857.0,3.6000000000000014,1.7000000000000028,2.950000000000003,0.04999999999999716,0.6000000000000014,49.25,52.15,48.45,50624.0,49.95,51.45,49.65,14388.0,50.0,52.2,49.6,45655.0,53.45,54.95,52.4,21441.0,49.06666666666666,0.5795112883576734,34968.0,49.68,1.5163278009712882,39877.2,52.605,3.2610538514756326,36261.8,54.775,4.420419127543989,48136.45,31.327800811676795,-0.025380710659898442,-0.02205177372962608,-0.21199431099873578,0.9411764705697809,0.9874999999794272,0.020543222286708022,4,3,48.0,49.35,47.0,46.85,45.5,46.0,47.6,47.6,46.15,46.3,45.6,44.25,44.9,44.9,44.9,45.0,47.45,46.95,45.2,46.9
2021-03-15,48.0,48.0,45.8,48.0,46.85,47.05,84.05,25.9,81172,3794806.45,2.200000000000003,0.0,0.9500000000000028,0.0,1.25,48.0,51.0,47.4,39892.0,49.25,52.15,48.45,50624.0,49.95,51.45,49.65,14388.0,51.2,54.9,50.8,48827.0,48.1,2.14262300308152,57229.333333333336,48.85,1.7289447648778407,46346.2,51.760000000000005,3.9011536755172633,38905.1,53.9775,4.306710644905955,49374.45,31.789473665471448,-0.019791666666666763,-0.05882352941176472,1.0347939436478493,0.9802083333129123,0.9734325185765478,0.021390287243767063,0,3,49.35,47.0,46.85,45.5,46.0,47.6,47.6,46.15,46.3,45.6,44.25,44.9,44.9,44.9,45.0,47.45,46.95,45.2,46.9,43.1
2021-03-16,48.0,49.35,44.85,47.05,45.9,45.5,84.05,25.9,44020,2015444.65,4.5,0.9500000000000028,2.5,1.3500000000000014,0.6499999999999986,47.05,48.0,45.8,81172.0,48.0,51.0,47.4,39892.0,49.25,52.15,48.45,50624.0,50.0,52.2,49.6,45655.0,46.85,1.5024979201319448,55028.0,47.95,1.6872314601140297,46019.2,50.510000000000005,3.871893019642643,40532.3,53.2325,4.3027064616048065,49792.05,33.2599118737604,-0.032943676939426125,0.028124999999999956,-0.45769477159611693,0.9219858155841544,0.9857142856926218,0.021841334119495657,1,3,47.0,46.85,45.5,46.0,47.6,47.6,46.15,46.3,45.6,44.25,44.9,44.9,44.9,45.0,47.45,46.95,45.2,46.9,43.1,43.7
2021-03-17,47.0,47.0,44.95,45.5,45.9,45.2,84.05,25.9,21540,986123.05,2.049999999999997,1.5,1.7999999999999972,0.0,0.25,45.5,49.35,44.85,44020.0,47.05,48.0,45.8,81172.0,48.0,51.0,47.4,39892.0,49.95,51.45,49.65,14388.0,45.916666666666664,1.1793359713560323,48910.666666666664,47.0,2.1092060117491056,47449.6,49.455,3.2941699342258386,40136.4,52.480000000000004,4.477117258612662,49220.5,37.100737075213246,-0.00659340659340657,-0.04761904761904767,-0.5106769650159019,0.9617021276391129,0.9944690265266711,0.02184311582616386,2,3,46.85,45.5,46.0,47.6,47.6,46.15,46.3,45.6,44.25,44.9,44.9,44.9,45.0,47.45,46.95,45.2,46.9,43.1,43.7,43.05
2021-03-18,44.55,46.85,44.55,45.2,45.65,45.55,84.05,25.9,21736,999625.7,2.3000000000000043,-0.6500000000000057,1.0,1.3000000000000043,0.0,45.2,47.0,44.95,21540.0,45.5,49.35,44.85,44020.0,47.05,48.0,45.8,81172.0,49.25,52.15,48.45,50624.0,45.416666666666664,1.4020817855368877,29098.666666666668,46.260000000000005,1.7447779228310474,41672.0,48.515,2.9488274505869736,38929.5,51.7875,4.486426898522745,49294.1,29.67032964750632,0.007743362831858391,-0.0031914893617021045,0.009099350046425148,0.972251867642001,0.9780461031618431,0.021744138831164484,3,3,45.5,46.0,47.6,47.6,46.15,46.3,45.6,44.25,44.9,44.9,44.9,45.0,47.45,46.95,45.2,46.9,43.1,43.7,43.05,42.35
2021-03-19,44.95,45.5,44.35,45.55,44.7,44.85,84.05,25.9,28060,1254566.75,1.1499999999999986,-0.5999999999999943,0.10000000000000142,0.5499999999999972,0.5,45.55,46.85,44.55,21736.0,45.2,47.0,44.95,21540.0,45.5,49.35,44.85,44020.0,48.0,51.0,47.4,39892.0,45.199999999999996,0.8261355820935655,23778.666666666668,45.63,1.433265502270489,39305.6,47.655,2.97982102370852,39591.4,51.17,4.591298979133076,48731.1,17.431192645624648,-0.015367727771679385,-0.028815368196371427,0.2909458962090541,0.9857142856926218,0.9888517279601149,0.022366287007048433,4,3,46.0,47.6,47.6,46.15,46.3,45.6,44.25,44.9,44.9,44.9,45.0,47.45,46.95,45.2,46.9,43.1,43.7,43.05,42.35,41.85
2021-03-22,44.5,46.0,44.0,44.85,45.0,45.35,84.05,25.9,13127,592832.4,2.0,-0.3500000000000014,0.8500000000000014,0.6499999999999986,0.5,44.85,45.5,44.35,28060.0,45.55,46.85,44.55,21736.0,45.2,47.0,44.95,21540.0,47.05,48.0,45.8,81172.0,45.25,0.6825198409822483,20974.333333333332,45.290000000000006,1.4813001046373746,25696.6,47.07,2.6062957962939977,36021.4,50.5875,4.645469638033781,47571.95,5.923344941956273,0.011148272017837302,0.01098901098901095,-0.5321810406272274,0.9858695651959595,0.9702315325034128,0.02214285184143103,0,3,47.6,47.6,46.15,46.3,45.6,44.25,44.9,44.9,44.9,45.0,47.45,46.95,45.2,46.9,43.1,43.7,43.05,42.35,41.85,44.0
2021-03-23,46.75,47.6,45.25,45.35,47.6,47.55,84.05,25.9,30990,1443431.2,2.3500000000000014,1.3999999999999986,0.7999999999999972,0.05000000000000426,1.5,45.35,46.0,44.0,13127.0,44.85,45.5,44.35,28060.0,45.55,46.85,44.55,21736.0,45.5,49.35,44.85,44020.0,45.916666666666664,1.096965511460781,24059.0,45.7,0.8354639429674457,23090.6,46.825,2.3635895488763605,34554.9,50.18,4.454603621092635,46451.5,21.32867130779006,0.04851157662624028,0.034782608695652195,1.3607831187628552,0.9989495798109465,0.9516298632817745,0.021469675866781862,1,3,47.6,46.15,46.3,45.6,44.25,44.9,44.9,44.9,45.0,47.45,46.95,45.2,46.9,43.1,43.7,43.05,42.35,41.85,44.0,45.9
2021-03-24,47.6,47.6,45.2,47.55,45.5,45.4,84.05,25.9,27511,1261813.5,2.3999999999999986,0.05000000000000426,2.200000000000003,0.0,0.19999999999999574,47.55,47.6,45.25,30990.0,45.35,46.0,44.0,13127.0,44.85,45.5,44.35,28060.0,45.2,47.0,44.95,21540.0,46.1,0.9237604307039555,23876.0,45.739999999999995,0.9449867723935109,24284.8,46.37,2.1298734965046924,35867.2,49.795,4.399565618510302,43577.4,19.488817873939666,-0.045215562565720235,0.0,-0.11226202000645369,0.9537815125850047,0.9955947136344584,0.02180274660240993,2,3,46.15,46.3,45.6,44.25,44.9,44.9,44.9,45.0,47.45,46.95,45.2,46.9,43.1,43.7,43.05,42.35,41.85,44.0,45.9,48.95
2021-03-25,44.15,46.15,44.15,45.4,44.35,44.75,84.05,25.9,19251,860784.45,2.0,-1.25,0.6000000000000014,1.3999999999999986,0.0,45.4,47.6,45.2,27511.0,47.55,47.6,45.25,30990.0,45.35,46.0,44.0,13127.0,45.55,46.85,44.55,21736.0,45.9,0.8371578903255666,25917.333333333332,45.58,0.9705668446834111,23787.8,45.92,1.6562088569319406,32729.9,49.510000000000005,4.562844074985531,40897.6,20.608108088613903,-0.014317180616740033,-0.030462184873949694,-0.3002435389480571,0.9696641386572121,0.986592178748903,0.022364483930907415,3,3,46.3,45.6,44.25,44.9,44.9,44.9,45.0,47.45,46.95,45.2,46.9,43.1,43.7,43.05,42.35,41.85,44.0,45.9,48.95,44.9
2021-03-26,46.3,46.3,43.1,44.75,43.1,43.45,84.05,25.9,28537,1259983.3,3.1999999999999957,1.5499999999999972,2.8499999999999943,0.0,0.3500000000000014,44.75,46.15,44.15,19251.0,45.4,47.6,45.2,27511.0,47.55,47.6,45.25,30990.0,44.85,45.5,44.35,28060.0,44.53333333333333,0.7973915809277017,25099.666666666668,45.3,0.8012490249595967,23883.2,45.464999999999996,1.1409182461712497,31594.4,49.035000000000004,4.676582197784036,33928.1,22.021660627559285,-0.029050279329608908,0.003250270855904569,0.4823645524907798,0.9384449243857789,0.9919447640738334,0.022648712883734236,4,3,45.6,44.25,44.9,44.9,44.9,45.0,47.45,46.95,45.2,46.9,43.1,43.7,43.05,42.35,41.85,44.0,45.9,48.95,44.9,45.7
2021-03-30,42.1,45.6,41.6,43.45,43.4,43.7,84.05,25.9,26060,1151966.95,4.0,-1.3500000000000014,1.6000000000000014,1.8999999999999986,0.5,43.45,46.3,43.1,28537.0,44.75,46.15,44.15,19251.0,45.4,47.6,45.2,27511.0,45.35,46.0,44.0,13127.0,43.96666666666667,0.3685557397930586,24616.0,44.97,0.9055385138130282,26469.8,45.13,1.1674878062660083,26083.2,48.445,4.691814680909614,32494.15,25.581395321074424,0.005753739930955071,-0.015118790496760126,-0.08679959351017974,0.9583333333123174,0.9519450800697495,0.022622176790749057,1,3,44.25,44.9,44.9,44.9,45.0,47.45,46.95,45.2,46.9,43.1,43.7,43.05,42.35,41.85,44.0,45.9,48.95,44.9,45.7,45.05
2021-03-31,44.2,44.25,43.0,43.7,43.25,43.45,84.05,25.9,11150,483818.75,1.25,0.5,0.75,0.04999999999999716,0.45000000000000284,43.7,45.6,41.6,26060.0,43.45,46.3,43.1,28537.0,44.75,46.15,44.15,19251.0,47.55,47.6,45.25,30990.0,43.53333333333333,1.0420332688232332,21915.666666666668,44.150000000000006,1.2137751027265051,22501.8,44.925,1.033615552859553,22796.2,47.7175,4.509635152706403,31664.25,25.190839667734934,-0.005720823798627039,-0.0296052631578948,-0.5721412125863392,0.9819209039326121,0.9896432681015042,0.023045820361447294,2,3,44.9,44.9,44.9,45.0,47.45,46.95,45.2,46.9,43.1,43.7,43.05,42.35,41.85,44.0,45.9,48.95,44.9,45.7,45.05,42.9
2021-04-01,44.85,44.9,43.55,43.45,43.55,43.6,84.05,25.9,5487,242226.9,1.3500000000000014,1.3999999999999986,1.25,0.04999999999999716,0.05000000000000426,43.45,44.25,43.0,11150.0,43.7,45.6,41.6,26060.0,43.45,46.3,43.1,28537.0,45.4,47.6,45.2,27511.0,43.583333333333336,0.6751543033518024,14232.333333333334,43.790000000000006,0.8626992523462407,18097.0,44.765,1.0842944454558912,21190.9,47.11,3.8084143336618586,30663.65,27.490039809971236,0.0034522439585731313,0.014689265536723228,-0.5078923766816144,0.9710467705797096,0.9988532109862648,0.022652314833736375,3,4,44.9,44.9,45.0,47.45,46.95,45.2,46.9,43.1,43.7,43.05,42.35,41.85,44.0,45.9,48.95,44.9,45.7,45.05,42.9,44.8
2021-04-05,43.65,44.9,42.2,43.6,43.35,43.45,84.05,25.9,13063,561218.15,2.6999999999999957,0.04999999999999716,0.19999999999999574,1.25,1.25,43.6,44.9,43.55,5487.0,43.45,44.25,43.0,11150.0,43.7,45.6,41.6,26060.0,44.75,46.15,44.15,19251.0,43.5,0.3752776749747713,9900.0,43.53000000000001,0.7829431652417533,16859.4,44.555,1.10458639821119,20323.6,46.535,3.3208779356002966,29626.55,30.131004329970793,-0.0034403669724770714,0.0,1.3807180608711498,0.9677060133414767,0.9712313003228716,0.023276153844988753,0,4,44.9,45.0,47.45,46.95,45.2,46.9,43.1,43.7,43.05,42.35,41.85,44.0,45.9,48.95,44.9,45.7,45.05,42.9,44.8,41.8
2021-04-06,44.6,44.9,43.05,43.45,44.4,44.4,84.05,25.9,12654,556807.05,1.8500000000000014,1.1499999999999986,0.20000000000000284,0.29999999999999716,1.3500000000000014,43.45,44.9,42.2,13063.0,43.6,44.9,43.55,5487.0,43.45,44.25,43.0,11150.0,43.45,46.3,43.1,28537.0,43.81666666666667,0.0,10401.333333333334,43.72,0.47749345545126604,13682.8,44.510000000000005,1.143143813253537,18783.0,46.0825,3.012928283597912,29187.2,38.42794755126712,0.021864211737629313,0.0,-0.031309806323202904,0.9888641425169519,0.9695945945727569,0.022726005354996807,1,4,45.0,47.45,46.95,45.2,46.9,43.1,43.7,43.05,42.35,41.85,44.0,45.9,48.95,44.9,45.7,45.05,42.9,44.8,41.8,42.5
2021-04-07,44.05,45.0,43.1,44.4,44.25,44.25,84.05,25.9,14957,656606.95,1.8999999999999986,-0.3500000000000014,0.20000000000000284,0.75,0.9499999999999957,44.4,44.9,43.05,12654.0,43.45,44.9,42.2,13063.0,43.6,44.9,43.55,5487.0,43.7,45.6,41.6,26060.0,44.03333333333333,0.05773502692868551,13558.0,43.83,0.30495901363756284,11462.2,44.4,1.1690927156474118,18966.0,45.735,2.5710994985760376,27493.7,43.781094466374576,-0.0033783783783783994,0.00222717149220486,0.18199778726094507,0.9833333333114815,0.9740112994130168,0.02277922888266714,2,4,47.45,46.95,45.2,46.9,43.1,43.7,43.05,42.35,41.85,44.0,45.9,48.95,44.9,45.7,45.05,42.9,44.8,41.8,42.5,41.65
2021-04-08,43.2,47.45,41.2,44.25,45.95,45.25,84.05,25.9,33118,1509972.7,6.25,-1.0499999999999972,2.049999999999997,2.200000000000003,2.0,44.25,45.0,43.1,14957.0,44.4,44.9,43.05,12654.0,43.45,44.9,42.2,13063.0,43.45,44.25,43.0,11150.0,44.63333333333333,1.4442414387263631,20243.0,44.19,1.1300442469207856,15855.8,44.17,1.1429615527712096,19178.8,45.4975,2.3035141917465918,26866.85,50.232558074115715,0.02259887005649719,0.05444444444444452,1.2142140803637091,0.9536354056701025,0.9104972375489394,0.02193284686537709,3,4,46.95,45.2,46.9,43.1,43.7,43.05,42.35,41.85,44.0,45.9,48.95,44.9,45.7,45.05,42.9,44.8,41.8,42.5,41.65,42.3
2021-04-09,46.95,46.95,45.0,45.25,45.9,45.7,84.05,25.9,9772,451727.75,1.9500000000000028,1.7000000000000028,1.25,0.0,0.7000000000000028,45.25,47.45,41.2,33118.0,44.25,45.0,43.1,14957.0,44.4,44.9,43.05,12654.0,43.6,44.9,43.55,5487.0,45.06666666666666,1.294539815275816,19282.333333333332,44.61,1.2546911970675265,16712.8,44.2,1.036768483746952,17404.9,45.285,2.0632418920868605,26636.05,50.6912441742233,0.009944751381215422,-0.010537407797681753,-0.7049338728184069,0.9733759318216534,0.9846827133263746,0.021632498778301708,4,4,45.2,46.9,43.1,43.7,43.05,42.35,41.85,44.0,45.9,48.95,44.9,45.7,45.05,42.9,44.8,41.8,42.5,41.65,42.3,41.95
2021-04-12,44.4,45.2,41.3,45.7,43.1,43.0,84.05,25.9,77884,3338534.8,3.9000000000000057,-1.3000000000000043,1.3999999999999986,0.8000000000000043,1.7000000000000028,45.7,46.95,45.0,9772.0,45.25,47.45,41.2,33118.0,44.25,45.0,43.1,14957.0,43.45,44.9,42.2,13063.0,44.65,1.1814539065635745,40258.0,44.52,1.2046783803151517,29677.0,44.025,1.0283346839547376,23268.2,44.972500000000004,1.6766586446040028,27999.05,42.80155637360141,-0.05908096280087538,-0.03727369542066028,6.970118706508392,0.9513274336072716,0.9604651162567334,0.023328796812302207,0,4,46.9,43.1,43.7,43.05,42.35,41.85,44.0,45.9,48.95,44.9,45.7,45.05,42.9,44.8,41.8,42.5,41.65,42.3,41.95,41.65
2021-04-13,46.9,46.9,41.8,43.0,43.0,42.25,84.05,25.9,16788,717369.6,5.100000000000001,3.8999999999999986,4.649999999999999,0.0,0.45000000000000284,43.0,45.2,41.3,77884.0,45.7,46.95,45.0,9772.0,45.25,47.45,41.2,33118.0,44.4,44.9,43.05,12654.0,43.65,0.9962429422590674,34814.666666666664,44.09,1.1185928660592779,30503.8,43.905,1.0927666214205825,22093.3,44.685,1.311628156548818,26843.85,38.16793889050753,-0.01744186046511631,0.03761061946902644,-0.7844486672487289,0.9008528784456109,0.989349112402619,0.023402162567245637,1,4,43.1,43.7,43.05,42.35,41.85,44.0,45.9,48.95,44.9,45.7,45.05,42.9,44.8,41.8,42.5,41.65,42.3,41.95,41.65,45.25
2021-04-15,43.1,43.1,42.05,42.25,42.8,42.6,84.05,25.9,4303,182721.2,1.0500000000000043,0.8500000000000014,0.5,0.0,0.5500000000000043,42.25,46.9,41.8,16788.0,43.0,45.2,41.3,77884.0,45.7,46.95,45.0,9772.0,44.25,45.0,43.1,14957.0,42.61666666666667,1.9035055380361832,32991.666666666664,43.760000000000005,1.7911588427603868,28373.0,43.795,1.3497839333273833,19917.6,44.4625,1.433297633173996,23000.4,27.999999965155567,0.008284023668639007,-0.08102345415778245,-0.7436859661663093,0.9883990719028215,0.9870892018547631,0.023549538860296322,3,4,43.7,43.05,42.35,41.85,44.0,45.9,48.95,44.9,45.7,45.05,42.9,44.8,41.8,42.5,41.65,42.3,41.95,41.65,45.25,47.4
2021-04-16,42.1,43.7,41.55,42.6,42.7,42.2,84.05,25.9,16799,709127.55,2.1500000000000057,-0.5,0.10000000000000142,1.5,0.5500000000000043,42.6,43.1,42.05,4303.0,42.25,46.9,41.8,16788.0,43.0,45.2,41.3,77884.0,45.25,47.45,41.2,33118.0,42.35,2.0428737928062155,12630.0,43.15,1.7753872816934246,25109.2,43.67,1.409688696920103,20482.5,44.2975,1.3048769855306064,21639.35,33.157894687977844,-0.009389671361502261,0.0139211136890951,2.9040204508482454,0.9656750571861402,0.9845971563747725,0.02368967331758578,4,4,43.05,42.35,41.85,44.0,45.9,48.95,44.9,45.7,45.05,42.9,44.8,41.8,42.5,41.65,42.3,41.95,41.65,45.25,47.4,45.45
2021-04-19,43.05,43.05,39.2,42.2,42.0,41.6,84.05,25.9,17337,709026.35,3.8499999999999943,0.8499999999999943,1.4499999999999957,0.0,2.3999999999999986,42.2,43.7,41.55,16799.0,42.6,43.1,42.05,4303.0,42.25,46.9,41.8,16788.0,45.7,46.95,45.0,9772.0,42.13333333333333,0.3617089069051902,12813.0,42.33,1.6501515081951754,26622.2,43.470000000000006,1.5792139394865887,21667.5,44.11749999999999,1.4073958781713691,21429.2,33.33333328395061,-0.014218009478673022,-0.014874141876430325,0.032025715816417666,0.9663182345884713,0.9423076922850407,0.024451841599398914,0,4,42.35,41.85,44.0,45.9,48.95,44.9,45.7,45.05,42.9,44.8,41.8,42.5,41.65,42.3,41.95,41.65,45.25,47.4,45.45,44.5
2021-04-20,41.2,42.35,40.85,41.6,41.75,41.9,84.05,25.9,10595,441633.95,1.5,-0.3999999999999986,0.6999999999999957,0.45000000000000284,0.3500000000000014,41.6,43.05,39.2,17337.0,42.2,43.7,41.55,16799.0,42.6,43.1,42.05,4303.0,43.0,45.2,41.3,77884.0,41.9,0.675154303351879,14910.333333333334,42.11,1.7869667036626173,13164.4,43.315,1.807207791041775,21420.7,43.935,1.5488025935164338,20872.15,40.828402299219185,0.007211538461538325,-0.016260162601625883,-0.38887927553786694,0.989374262078173,0.9749403341056102,0.023990456349653317,1,4,41.85,44.0,45.9,48.95,44.9,45.7,45.05,42.9,44.8,41.8,42.5,41.65,42.3,41.95,41.65,45.25,47.4,45.45,44.5,45.0
2021-04-22,41.0,41.85,40.15,41.9,41.0,41.15,84.05,25.9,26450,1081207.75,1.7000000000000028,-0.8999999999999986,0.14999999999999858,0.7000000000000028,0.8500000000000014,41.9,42.35,40.85,10595.0,41.6,43.05,39.2,17337.0,42.2,43.7,41.55,16799.0,42.25,46.9,41.8,16788.0,41.550000000000004,0.6027713773352171,18127.333333333332,41.89,0.718853253452258,15096.8,42.99,2.041846930818025,22800.3,43.75,1.7363660631509061,20791.65,35.7541898882057,-0.017899761336515496,-0.011806375442739103,1.4964605946201037,0.9832735961533268,0.9756986634027778,0.024463383655916243,3,4,44.0,45.9,48.95,44.9,45.7,45.05,42.9,44.8,41.8,42.5,41.65,42.3,41.95,41.65,45.25,47.4,45.45,44.5,45.0,44.7
2021-04-23,40.05,44.0,40.05,41.15,41.95,41.75,84.05,25.9,49920,2076681.75,3.950000000000003,-1.1000000000000014,1.7000000000000028,2.25,0.0,41.15,41.85,40.15,26450.0,41.9,42.35,40.85,10595.0,41.6,43.05,39.2,17337.0,42.6,43.1,42.05,4303.0,41.6,1.1250925887830634,28988.333333333332,41.72,0.8995832368374181,24220.2,42.74,2.0421189975126577,26296.6,43.57000000000001,1.7446817685994276,22631.3,40.860214992253425,0.014580801944106936,0.05137395459976091,0.8873345935727788,0.9488636363420714,0.9592814371027717,0.02403834867812556,4,4,45.9,48.95,44.9,45.7,45.05,42.9,44.8,41.8,42.5,41.65,42.3,41.95,41.65,45.25,47.4,45.45,44.5,45.0,44.7,44.0
2021-04-26,43.95,45.9,42.05,41.75,45.9,45.9,84.05,25.9,196600,8873038.25,3.8500000000000014,2.200000000000003,1.9499999999999957,0.0,1.9000000000000057,41.75,44.0,40.05,49920.0,41.15,41.85,40.15,26450.0,41.9,42.35,40.85,10595.0,42.2,43.7,41.55,16799.0,42.93333333333334,2.0262856001399454,90990.0,42.459999999999994,1.5994530315076025,60180.4,42.805,1.8381754238622048,42644.8,43.4875,1.6549348055211512,30911.8,58.64661647962009,0.09940119760479038,0.04318181818181821,2.938301282051282,0.9999999999782135,0.9161220043373395,0.02215701031154689,0,4,48.95,44.9,45.7,45.05,42.9,44.8,41.8,42.5,41.65,42.3,41.95,41.65,45.25,47.4,45.45,44.5,45.0,44.7,44.0,44.95
2021-04-27,47.7,48.95,44.05,45.9,45.25,44.8,84.05,25.9,45066,2066563.3,4.900000000000006,1.8000000000000043,2.9000000000000057,1.25,0.75,45.9,45.9,42.05,196600.0,41.75,44.0,40.05,49920.0,41.15,41.85,40.15,26450.0,41.6,43.05,39.2,17337.0,44.15,2.497165059289107,97195.33333333333,43.1,2.898145959057066,65726.2,42.715,2.226357263933345,46174.2,43.457499999999996,1.7885895648745027,31789.55,54.7368420514866,-0.023965141612200425,0.06644880174291945,-0.7707731434384537,0.9152196118301282,0.9832589285494809,0.021807219744974654,1,4,44.9,45.7,45.05,42.9,44.8,41.8,42.5,41.65,42.3,41.95,41.65,45.25,47.4,45.45,44.5,45.0,44.7,44.0,44.95,44.55
2021-04-28,44.1,44.9,43.0,44.8,43.7,43.55,84.05,25.9,17996,786922.65,1.8999999999999986,-0.6999999999999957,0.5500000000000043,0.7999999999999972,0.5499999999999972,44.8,48.95,44.05,45066.0,45.9,45.9,42.05,196600.0,41.75,44.0,40.05,49920.0,41.9,42.35,40.85,10595.0,44.75,2.109699820669839,86554.0,43.43,2.611177895126791,67206.4,42.77,2.21788187241839,40185.4,43.3975,1.7706135570530537,31726.8,47.07903775538787,-0.0279017857142857,-0.08273748723186936,-0.6006745661918076,0.9699331848336318,0.9873708380944348,0.022868829611144087,2,4,45.7,45.05,42.9,44.8,41.8,42.5,41.65,42.3,41.95,41.65,45.25,47.4,45.45,44.5,45.0,44.7,44.0,44.95,44.55,44.25
2021-04-29,45.2,45.7,42.1,43.55,42.7,42.3,84.05,25.9,18109,775625.8,3.6000000000000014,1.6500000000000057,2.9000000000000057,0.5,0.19999999999999574,43.55,44.9,43.0,17996.0,44.8,48.95,44.05,45066.0,45.9,45.9,42.05,196600.0,41.15,41.85,40.15,26450.0,43.54999999999999,2.1449553219902633,27057.0,43.660000000000004,1.8676188047882647,65538.2,42.775,2.1011901389455714,40317.5,43.339999999999996,1.752552649557981,31205.4,43.76996801196296,-0.028702640642939148,0.017817371937639326,0.0062791731495888126,0.925601750526792,0.9952718675887644,0.023347598803443587,3,4,45.05,42.9,44.8,41.8,42.5,41.65,42.3,41.95,41.65,45.25,47.4,45.45,44.5,45.0,44.7,44.0,44.95,44.55,44.25,43.4
2021-04-30,42.3,45.05,39.85,42.3,41.4,40.6,84.05,25.9,137165,5674528.15,5.199999999999996,0.0,1.6999999999999957,2.75,0.75,42.3,45.7,42.1,18109.0,43.55,44.9,43.0,17996.0,44.8,48.95,44.05,45066.0,41.75,44.0,40.05,49920.0,42.15,0.4252450274070458,57756.666666666664,43.43,1.6481049723845689,82987.2,42.575,2.062421715686546,53603.7,43.185,1.7465755969291705,36760.65,35.77981648312432,-0.04018912529550822,-0.01422319474835898,6.574410514109006,0.9012208656847678,0.9815270935718836,0.024172053847331777,4,4,42.9,44.8,41.8,42.5,41.65,42.3,41.95,41.65,45.25,47.4,45.45,44.5,45.0,44.7,44.0,44.95,44.55,44.25,43.4,43.5
2021-05-03,42.9,42.9,39.85,40.6,41.5,41.6,84.05,25.9,95946,3937531.65,3.049999999999997,2.299999999999997,1.2999999999999972,0.0,1.75,40.6,45.05,39.85,137165.0,42.3,45.7,42.1,18109.0,43.55,44.9,43.0,17996.0,45.9,45.9,42.05,196600.0,41.5,1.4654350889756687,83740.0,42.57,2.1945956347351934,62856.4,42.515,2.113718419174527,61518.4,43.0925,1.8003124728776985,41000.45,37.869822453835646,0.024630541871921263,-0.047724750277469474,-0.300506689024168,0.9696969696743661,0.9579326922846652,0.02436704223063197,0,5,44.8,41.8,42.5,41.65,42.3,41.95,41.65,45.25,47.4,45.45,44.5,45.0,44.7,44.0,44.95,44.55,44.25,43.4,43.5,43.75
2021-05-04,44.8,44.8,40.55,41.6,40.75,40.9,84.05,25.9,31686,1325439.8,4.25,3.1999999999999957,3.8999999999999986,0.0,0.3500000000000014,41.6,42.9,39.85,95946.0,40.6,45.05,39.85,137165.0,42.3,45.7,42.1,18109.0,44.8,48.95,44.05,45066.0,41.03333333333333,1.1757976016309684,88265.66666666667,41.790000000000006,1.04976187776028,60180.4,42.445,2.0551831494491863,62953.3,42.957499999999996,1.8004001748146712,42310.4,42.95302009386964,-0.016826923076923128,0.04428904428904423,-0.6697517353511351,0.9129464285510503,0.9914425427630454,0.023906027267326647,1,5,41.8,42.5,41.65,42.3,41.95,41.65,45.25,47.4,45.45,44.5,45.0,44.7,44.0,44.95,44.55,44.25,43.4,43.5,43.75,44.45
2021-05-05,41.75,41.8,39.9,40.9,41.0,40.6,84.05,25.9,47076,1896115.85,1.8999999999999986,0.8500000000000014,1.1499999999999986,0.04999999999999716,0.7000000000000028,40.9,44.8,40.55,31686.0,41.6,42.9,39.85,95946.0,40.6,45.05,39.85,137165.0,43.55,44.9,43.0,17996.0,41.03333333333334,1.5176736583780202,58236.0,41.2,1.633248297105744,65996.4,42.315,2.1292995718472234,66601.4,42.815000000000005,1.9273294176682765,44011.05,44.290657396535,-0.007334963325183352,-0.0669642857142857,0.48570346525279295,0.9712918660054717,0.9827586206654493,0.02482759690026323,2,5,42.5,41.65,42.3,41.95,41.65,45.25,47.4,45.45,44.5,45.0,44.7,44.0,44.95,44.55,44.25,43.4,43.5,43.75,44.45,42.95
2021-05-06,42.5,42.5,40.1,40.6,40.25,40.75,84.05,25.9,33977,1389818.5,2.3999999999999986,1.8999999999999986,1.75,0.0,0.6499999999999986,40.6,41.8,39.9,47076.0,40.9,44.8,40.55,31686.0,41.6,42.9,39.85,95946.0,42.3,45.7,42.1,18109.0,40.75,1.5695009822661876,37579.666666666664,40.89,1.4406595711683001,69170.0,42.275,2.0447765430758476,67354.1,42.6325,1.9894111136078378,45077.2,43.5087718870791,0.003694581280788034,0.01674641148325362,-0.2782521879513977,0.9588235293892042,0.9840490797304529,0.024447077082367215,3,5,41.65,42.3,41.95,41.65,45.25,47.4,45.45,44.5,45.0,44.7,44.0,44.95,44.55,44.25,43.4,43.5,43.75,44.45,42.95,42.65
2021-05-07,40.65,41.65,39.2,40.75,41.0,41.25,84.05,25.9,33343,1354871.35,2.4499999999999957,-0.10000000000000142,0.6000000000000014,0.3999999999999986,1.4499999999999957,40.75,42.5,40.1,33977.0,40.6,41.8,39.9,47076.0,40.9,44.8,40.55,31686.0,40.6,45.05,39.85,137165.0,40.86666666666667,0.45368858629524245,38132.0,41.019999999999996,1.2647134062699157,48405.6,42.225,2.2522889591608064,65696.4,42.4825,2.0925368637887356,45996.5,46.689895424832144,0.012269938650306678,-0.020000000000000018,-0.018659681549283325,0.9903961584396065,0.9503030302799929,0.02460971663471958,4,5,42.3,41.95,41.65,45.25,47.4,45.45,44.5,45.0,44.7,44.0,44.95,44.55,44.25,43.4,43.5,43.75,44.45,42.95,42.65,50.3
2021-05-10,41.8,42.3,40.5,41.25,41.5,41.4,84.05,25.9,34353,1424805.5,1.7999999999999972,0.5499999999999972,0.3999999999999986,0.5,0.8999999999999986,41.25,41.65,39.2,33343.0,40.75,42.5,40.1,33977.0,40.6,41.8,39.9,47076.0,41.6,42.9,39.85,95946.0,41.13333333333333,0.44440972086716735,33891.0,40.980000000000004,1.2729886095322522,36087.0,41.775,2.2761382988644794,49471.7,42.29,2.0175202992519656,46058.25,49.28057548993323,0.0036363636363636598,0.015606242496998712,0.030291215547491257,0.9787234042321816,0.978260869541588,0.02411065931455204,0,5,41.95,41.65,45.25,47.4,45.45,44.5,45.0,44.7,44.0,44.95,44.55,44.25,43.4,43.5,43.75,44.45,42.95,42.65,50.3,57.6
2021-05-11,41.95,41.95,40.5,41.4,41.0,40.85,84.05,25.9,25797,1065646.55,1.4500000000000028,0.5500000000000043,1.1000000000000014,0.0,0.3500000000000014,41.4,42.3,40.5,34353.0,41.25,41.65,39.2,33343.0,40.75,42.5,40.1,33977.0,40.9,44.8,40.55,31686.0,41.166666666666664,0.3253203549342934,31164.333333333332,40.97,0.3524911346386998,34909.2,41.379999999999995,1.5704652530741552,47544.8,42.0475,1.9649879469294325,46859.5,46.28975260437763,-0.01328502415458932,-0.008274231678486843,-0.24906121736092912,0.9737783074857265,0.9914320685191816,0.024207838893674432,1,5,41.65,45.25,47.4,45.45,44.5,45.0,44.7,44.0,44.95,44.55,44.25,43.4,43.5,43.75,44.45,42.95,42.65,50.3,57.6,56.5
2021-05-12,41.0,41.65,40.5,40.85,41.4,41.15,84.05,25.9,10929,449342.15,1.1499999999999986,0.14999999999999858,0.14999999999999858,0.5,0.5,40.85,41.95,40.5,25797.0,41.4,42.3,40.5,34353.0,41.25,41.65,39.2,33343.0,40.6,41.8,39.9,47076.0,41.13333333333333,0.3253203549342934,23693.0,41.08,0.3830796261860956,27679.8,41.14,1.5513793146036043,46838.1,41.955,2.0039434806608716,43511.75,49.999999948905106,0.007343941248469932,-0.00715137067938032,-0.5763460867542738,0.9879951980555104,0.9842041312033002,0.024322223054302775,2,5,45.25,47.4,45.45,44.5,45.0,44.7,44.0,44.95,44.55,44.25,43.4,43.5,43.75,44.45,42.95,42.65,50.3,57.6,56.5,54.9
2021-05-14,42.15,45.25,40.05,41.15,44.15,44.3,84.05,25.9,90433,3932304.75,5.200000000000003,1.0,2.1499999999999986,0.9500000000000028,2.1000000000000014,41.15,41.65,40.5,10929.0,40.85,41.95,40.5,25797.0,41.4,42.3,40.5,34353.0,40.75,42.5,40.1,33977.0,42.099999999999994,1.9974984355441163,42386.333333333336,41.79,1.5274161188094282,38971.0,41.34,1.4697032958321723,54070.5,42.0575,1.8986335113774102,47194.0,57.846153796317154,0.07654921020656125,0.08643457382953179,7.274590538933113,0.979005524840243,0.9040632053971995,0.0229974546097934,4,5,47.4,45.45,44.5,45.0,44.7,44.0,44.95,44.55,44.25,43.4,43.5,43.75,44.45,42.95,42.65,50.3,57.6,56.5,54.9,59.4
2021-05-17,46.4,47.4,42.35,44.3,44.15,44.75,84.05,25.9,142487,6444928.75,5.049999999999997,2.1000000000000014,1.6499999999999986,1.0,2.3999999999999986,44.3,45.25,40.05,90433.0,41.15,41.65,40.5,10929.0,40.85,41.95,40.5,25797.0,41.25,41.65,39.2,33343.0,43.4,2.9053112283083276,81283.0,42.489999999999995,2.5158000715475795,60799.8,41.755,1.946963447697165,54602.7,42.165,2.066988338010808,54103.2,45.41832664256123,0.010158013544018019,0.04751381215469608,0.5756084615129433,0.944092826984302,0.9463687150626511,0.022108390259550966,0,5,45.45,44.5,45.0,44.7,44.0,44.95,44.55,44.25,43.4,43.5,43.75,44.45,42.95,42.65,50.3,57.6,56.5,54.9,59.4,54.15
2021-05-18,44.05,45.45,42.5,44.75,42.7,43.3,84.05,25.9,38896,1697430.1,2.950000000000003,-0.7000000000000028,0.75,1.4000000000000057,0.7999999999999972,44.75,47.4,42.35,142487.0,44.3,45.25,40.05,90433.0,41.15,41.65,40.5,10929.0,41.4,42.3,40.5,34353.0,44.11666666666667,1.1877850535068992,90605.33333333333,42.87,2.4684002916866583,61708.4,41.925,2.0638758037574583,48897.7,42.22,2.095697346569884,55208.05,44.18604646367405,-0.03240223463687153,-0.041139240506329,-0.7270207106613236,0.9526952695059913,0.981524249399965,0.02291464019637685,1,5,44.5,45.0,44.7,44.0,44.95,44.55,44.25,43.4,43.5,43.75,44.45,42.95,42.65,50.3,57.6,56.5,54.9,59.4,54.15,53.2
2021-05-19,44.25,44.5,42.75,43.3,44.5,43.95,84.05,25.9,9382,408817.15,1.75,0.9500000000000028,0.29999999999999716,0.25,1.2000000000000028,43.3,45.45,42.5,38896.0,44.75,47.4,42.35,142487.0,44.3,45.25,40.05,90433.0,40.85,41.95,40.5,25797.0,44.0,1.4784564022433657,63588.333333333336,43.489999999999995,2.084766173938641,58425.4,42.230000000000004,2.0445659686109816,46667.3,42.3375,2.0872592833159165,54810.3,51.6260162014013,0.015011547344111031,-0.020902090209021007,-0.758792677910325,0.9876404494160083,0.9726962457116566,0.022949135083985533,2,5,45.0,44.7,44.0,44.95,44.55,44.25,43.4,43.5,43.75,44.45,42.95,42.65,50.3,57.6,56.5,54.9,59.4,54.15,53.2,53.1
2021-05-20,45.0,45.0,43.1,43.95,43.1,43.55,84.05,25.9,9723,424646.0,1.8999999999999986,1.0499999999999972,1.4500000000000028,0.0,0.44999999999999574,43.95,44.5,42.75,9382.0,43.3,45.45,42.5,38896.0,44.75,47.4,42.35,142487.0,41.15,41.65,40.5,10929.0,43.6,0.47521924764726536,19333.666666666668,43.97,1.1093917252254641,58184.2,42.525,2.008599567416158,42932.0,42.42,2.058071401758413,54766.7,55.45851521603325,-0.009101251422070633,0.011235955056179803,0.036346194841185175,0.9677777777562716,0.9896670493458173,0.022896718678616958,3,5,44.7,44.0,44.95,44.55,44.25,43.4,43.5,43.75,44.45,42.95,42.65,50.3,57.6,56.5,54.9,59.4,54.15,53.2,53.1,52.0
2021-05-21,44.45,44.7,42.75,43.55,42.85,43.05,84.05,25.9,21872,942902.55,1.9500000000000028,0.9000000000000057,1.4000000000000057,0.25,0.29999999999999716,43.55,45.0,43.1,9723.0,43.95,44.5,42.75,9382.0,43.3,45.45,42.5,38896.0,44.3,45.25,40.05,90433.0,43.51666666666666,0.25166114784456134,13659.0,43.72,1.168546105208834,44472.0,42.755,1.974848798713443,41721.5,42.515,1.9860218767012208,54537.8,61.95121942757879,-0.01148105625717566,-0.006666666666666599,1.2495114676540164,0.963087248300602,0.9930313588619506,0.023196458637215454,4,5,44.0,44.95,44.55,44.25,43.4,43.5,43.75,44.45,42.95,42.65,50.3,57.6,56.5,54.9,59.4,54.15,53.2,53.1,52.0,49.45
2021-05-24,43.05,44.0,42.55,43.05,43.9,43.35,84.05,25.9,31884,1377197.3,1.4500000000000028,0.0,0.30000000000000426,0.6499999999999986,0.5,43.05,44.7,42.75,21872.0,43.55,45.0,43.1,9723.0,43.95,44.5,42.75,9382.0,44.75,47.4,42.35,142487.0,43.31666666666666,0.5131601439457771,21159.666666666668,43.44,0.54267854204747,22351.4,42.964999999999996,1.7980236063219626,41575.6,42.595,1.9860218767012208,53636.0,59.16230357819137,0.006968641114982743,-0.015659955257270708,0.4577542062911486,0.9852272727048813,0.9815455593775884,0.023151366910173277,0,5,44.95,44.55,44.25,43.4,43.5,43.75,44.45,42.95,42.65,50.3,57.6,56.5,54.9,59.4,54.15,53.2,53.1,52.0,49.45,49.65
2021-05-25,43.8,44.95,43.45,43.35,43.9,43.95,84.05,25.9,15712,690730.4,1.5,0.44999999999999574,0.15000000000000568,1.0,0.3499999999999943,43.35,44.0,42.55,31884.0,43.05,44.7,42.75,21872.0,43.55,45.0,43.1,9723.0,43.3,45.45,42.5,38896.0,43.449999999999996,0.4924428900909418,23156.0,43.57,0.40558599581195026,17714.6,43.22,1.6746558518765475,39711.5,42.4975,1.9573343850083054,44591.6,66.13756603958456,0.01384083044982698,0.021590909090909216,-0.5072136494793626,0.9777530589326419,0.9886234356999176,0.022746935707477153,1,5,44.55,44.25,43.4,43.5,43.75,44.45,42.95,42.65,50.3,57.6,56.5,54.9,59.4,54.15,53.2,53.1,52.0,49.45,49.65,53.8
2021-05-26,44.55,44.55,42.1,43.95,42.1,42.55,84.05,25.9,18855,815377.3,2.4499999999999957,0.5999999999999943,2.0,0.0,0.44999999999999574,43.95,44.95,43.45,15712.0,43.35,44.0,42.55,31884.0,43.05,44.7,42.75,21872.0,43.95,44.5,42.75,9382.0,43.28333333333334,0.4769696007096483,22150.333333333332,43.29,0.40218155104227593,19609.2,43.39,1.419790673147875,39017.3,42.385000000000005,1.6222142113073177,43281.05,59.24170608252281,-0.03185437997724705,-0.00889877641824266,0.20003818737270884,0.9551066217518496,0.9894242067922582,0.02312426406768986,2,5,44.25,43.4,43.5,43.75,44.45,42.95,42.65,50.3,57.6,56.5,54.9,59.4,54.15,53.2,53.1,52.0,49.45,49.65,53.8,52.65
2021-05-27,44.25,44.25,41.5,42.55,43.4,42.45,84.05,25.9,21325,908427.9,2.75,1.7000000000000028,1.7999999999999972,0.0,0.9500000000000028,42.55,44.55,42.1,18855.0,43.95,44.95,43.45,15712.0,43.35,44.0,42.55,31884.0,43.55,45.0,43.1,9723.0,42.98333333333333,0.3511884584300169,18630.666666666668,43.07,0.37316216313926964,21929.6,43.519999999999996,0.9505700044370593,40056.9,42.33,1.6107594645478827,43447.5,58.09523801777778,-0.00235017626321965,-0.006734006734006703,0.13099973481835048,0.9593220338766256,0.977620730247877,0.02347462027531296,3,5,43.4,43.5,43.75,44.45,42.95,42.65,50.3,57.6,56.5,54.9,59.4,54.15,53.2,53.1,52.0,49.45,49.65,53.8,52.65,52.4
2021-05-28,42.85,43.4,41.9,42.45,42.25,42.75,84.05,25.9,11784,503567.6,1.5,0.3999999999999986,0.10000000000000142,0.5499999999999972,0.8500000000000014,42.45,44.25,41.5,21325.0,42.55,44.55,42.1,18855.0,43.95,44.95,43.45,15712.0,43.05,44.7,42.75,21872.0,42.583333333333336,0.5965176722733968,17321.333333333332,43.010000000000005,0.5837379549068183,19912.0,43.364999999999995,1.0700986455057555,32192.0,42.3525,1.5657917956635947,43131.25,57.28155332019982,0.007067137809187107,-0.019209039548022666,-0.4474091441969519,0.9850230414519581,0.9801169590414008,0.023401028978035872,4,5,43.5,43.75,44.45,42.95,42.65,50.3,57.6,56.5,54.9,59.4,54.15,53.2,53.1,52.0,49.45,49.65,53.8,52.65,52.4,51.8
2021-05-31,43.45,43.5,41.5,42.75,43.2,43.0,84.05,25.9,15168,645030.65,2.0,0.7000000000000028,0.45000000000000284,0.04999999999999716,1.5,42.75,43.4,41.9,11784.0,42.45,44.25,41.5,21325.0,42.55,44.55,42.1,18855.0,43.35,44.0,42.55,31884.0,42.73333333333333,0.46457866216011745,16092.333333333334,42.94,0.6695147496499242,16568.8,43.19,0.6558285683875467,19460.1,42.472500000000004,1.544216715087911,37031.4,57.69230761464497,0.005847953216374213,0.0023041474654377225,0.28716904276985744,0.9885057471037126,0.965116279047323,0.02351516164386913,0,5,43.75,44.45,42.95,42.65,50.3,57.6,56.5,54.9,59.4,54.15,53.2,53.1,52.0,49.45,49.65,53.8,52.65,52.4,51.8,50.4
2021-06-01,43.0,43.75,42.0,43.0,42.3,42.45,84.05,25.9,12015,513484.4,1.75,0.0,0.5499999999999972,0.75,0.45000000000000284,43.0,43.5,41.5,15168.0,42.75,43.4,41.9,11784.0,42.45,44.25,41.5,21325.0,43.95,44.95,43.45,15712.0,42.73333333333333,0.18027756377640552,12989.0,42.64,0.4942165517248613,15829.4,43.105000000000004,0.5777350411563491,16772.0,42.515,1.5290412372667264,32834.85,57.69230761464497,-0.012790697674418539,0.005747126436781658,-0.207871835443038,0.9702857142635365,0.9893992932629116,0.023398958176723533,1,6,44.45,42.95,42.65,50.3,57.6,56.5,54.9,59.4,54.15,53.2,53.1,52.0,49.45,49.65,53.8,52.65,52.4,51.8,50.4,53.5
2021-06-02,44.45,44.45,41.85,42.45,42.0,42.1,84.05,25.9,23761,1009159.65,2.6000000000000014,2.0,2.3500000000000014,0.0,0.25,42.45,43.75,42.0,12015.0,43.0,43.5,41.5,15168.0,42.75,43.4,41.9,11784.0,42.55,44.55,42.1,18855.0,42.51666666666667,0.492442890090969,16981.333333333332,42.55,0.46178999555946953,16810.6,42.92,0.5756397407348296,18209.9,42.575,1.5197818402995436,32438.6,54.545454472379305,-0.008244994110718551,0.016000000000000014,0.977611319184353,0.9471316085276237,0.9940617576961032,0.023545332990671967,2,6,42.95,42.65,50.3,57.6,56.5,54.9,59.4,54.15,53.2,53.1,52.0,49.45,49.65,53.8,52.65,52.4,51.8,50.4,53.5,53.8
2021-06-03,42.25,42.95,41.25,42.1,42.15,41.7,84.05,25.9,26344,1105331.55,1.7000000000000028,0.14999999999999858,0.5499999999999972,0.7000000000000028,0.45000000000000284,42.1,44.45,41.85,23761.0,42.45,43.75,42.0,12015.0,43.0,43.5,41.5,15168.0,42.45,44.25,41.5,21325.0,42.083333333333336,0.7505553499472816,20706.666666666668,42.4,0.5515886148198053,17814.4,42.735,0.6420453428102868,19872.0,42.63,1.458665125163217,31402.0,33.11688305667067,-0.009501187648455978,-0.03374578177727783,0.10870754597870458,0.9708963911298977,0.9892086330698031,0.023833572831608738,3,6,42.65,50.3,57.6,56.5,54.9,59.4,54.15,53.2,53.1,52.0,49.45,49.65,53.8,52.65,52.4,51.8,50.4,53.5,53.8,53.0
2021-06-04,42.65,42.65,41.75,41.7,41.9,41.95,84.05,25.9,24063,1016243.4,0.8999999999999986,0.9499999999999957,0.6999999999999957,0.0,0.20000000000000284,41.7,42.95,41.25,26344.0,42.1,44.45,41.85,23761.0,42.45,43.75,42.0,12015.0,42.75,43.4,41.9,11784.0,41.916666666666664,0.964365076099903,24722.666666666668,42.24,0.7039176088143009,20270.2,42.625,0.7323667872816685,20091.1,42.69,1.4514149176430897,30906.3,31.333333274844506,0.005995203836930418,-0.006984866123399436,-0.08658518068630427,0.9835873387811588,0.9952324195233556,0.023678382560713286,4,6,50.3,57.6,56.5,54.9,59.4,54.15,53.2,53.1,52.0,49.45,49.65,53.8,52.65,52.4,51.8,50.4,53.5,53.8,53.0,52.05
2021-06-07,41.9,50.3,41.9,41.95,50.3,50.1,84.05,25.9,565758,26943980.4,8.399999999999999,-0.05000000000000426,8.200000000000003,0.19999999999999574,0.0,41.95,42.65,41.75,24063.0,41.7,42.95,41.25,26344.0,42.1,44.45,41.85,23761.0,43.0,43.5,41.5,15168.0,44.583333333333336,4.3327243161781075,205388.33333333334,43.660000000000004,3.143167192498473,130388.2,43.3,2.173099425040938,73478.5,43.1325,1.9456074007604238,57527.05,73.94366189892878,0.1942789034564958,0.17936694021101984,22.511532227901757,0.9960238568390454,0.836327345292688,0.020997565749416892,0,6,57.6,56.5,54.9,59.4,54.15,53.2,53.1,52.0,49.45,49.65,53.8,52.65,52.4,51.8,50.4,53.5,53.8,53.0,52.05,51.35
2021-06-08,51.5,57.6,51.0,50.1,53.4,53.4,84.05,25.9,349389,18914348.3,6.600000000000001,1.3999999999999986,1.8999999999999986,4.200000000000003,0.5,50.1,50.3,41.9,565758.0,41.95,42.65,41.75,24063.0,41.7,42.95,41.25,26344.0,42.45,43.75,42.0,12015.0,48.48333333333333,7.475682800476099,313070.0,45.85000000000001,6.390168229397295,197863.0,44.245,4.6967955979466485,106846.2,43.7325,3.491752500724354,73278.85,78.04154296186458,0.06586826347305386,0.14512922465208766,-0.3824409022939137,0.9270833333172381,0.955056179757396,0.018472166973894626,1,6,56.5,54.9,59.4,54.15,53.2,53.1,52.0,49.45,49.65,53.8,52.65,52.4,51.8,50.4,53.5,53.8,53.0,52.05,51.35,50.95
2021-06-09,55.0,56.5,50.05,53.4,52.05,51.65,84.05,25.9,142736,7678616.4,6.450000000000003,1.6000000000000014,3.3500000000000014,1.5,1.6000000000000014,53.4,57.6,51.0,349389.0,50.1,50.3,41.9,565758.0,41.95,42.65,41.75,24063.0,42.1,44.45,41.85,23761.0,51.71666666666667,3.935733730830955,352627.6666666667,47.760000000000005,7.138364658659463,221658.0,45.155,5.760210740743768,119234.3,44.272499999999994,4.234836727107923,79125.8,72.25274719716822,-0.03277153558052437,-0.01909722222222221,-0.5914696799269582,0.9141592920192184,0.9690222652280925,0.018588765548960093,2,6,54.9,59.4,54.15,53.2,53.1,52.0,49.45,49.65,53.8,52.65,52.4,51.8,50.4,53.5,53.8,53.0,52.05,51.35,50.95,50.65
2021-06-10,53.8,54.9,52.0,51.65,52.0,52.45,84.05,25.9,38605,2053583.25,2.8999999999999986,2.1499999999999986,1.3499999999999943,1.1000000000000014,0.45000000000000284,51.65,56.5,50.05,142736.0,53.4,57.6,51.0,349389.0,50.1,50.3,41.9,565758.0,41.7,42.95,41.25,26344.0,52.5,1.3576941236279183,176910.0,49.910000000000004,6.1149816025887045,224110.2,46.155,6.178007589650554,120962.3,44.8375,4.568152770742358,80509.6,75.40540534834187,0.015488867376573179,-0.02831858407079646,-0.7295356462280014,0.9553734061756763,0.9914204003624133,0.018798848305760178,3,6,59.4,54.15,53.2,53.1,52.0,49.45,49.65,53.8,52.65,52.4,51.8,50.4,53.5,53.8,53.0,52.05,51.35,50.95,50.65,49.7
2021-06-11,54.0,59.4,49.2,52.45,53.4,52.95,84.05,25.9,107565,5715063.45,10.199999999999996,1.5499999999999972,1.0499999999999972,5.399999999999999,3.75,52.45,54.9,52.0,38605.0,51.65,56.5,50.05,142736.0,53.4,57.6,51.0,349389.0,41.95,42.65,41.75,24063.0,52.35,2.281081614790173,96302.0,52.11,3.454417461743458,240810.6,47.175,6.88565336204374,130540.4,45.27,5.386425433194764,81366.2,75.6684491412108,0.009532888465205058,0.08196721311475419,1.7862971117730866,0.8914141413991346,0.9291784702374093,0.018821313348673315,4,6,54.15,53.2,53.1,52.0,49.45,49.65,53.8,52.65,52.4,51.8,50.4,53.5,53.8,53.0,52.05,51.35,50.95,50.65,49.7,50.25
2021-06-14,53.9,54.15,50.3,52.95,51.9,51.5,84.05,25.9,26421,1353563.85,3.8500000000000014,0.9499999999999957,2.3999999999999986,0.25,1.2000000000000028,52.95,59.4,49.2,107565.0,52.45,54.9,52.0,38605.0,51.65,56.5,50.05,142736.0,50.1,50.3,41.9,565758.0,52.300000000000004,2.8394541729002176,57530.333333333336,52.39,2.103687239110906,132943.2,48.025,6.657161974562253,131665.7,45.6075,5.605952545943231,75562.9,69.30946286596765,-0.02738432483474984,-0.08838383838383834,-0.7543717752056895,0.9510618651717256,0.9766990291072486,0.01951958158457023,0,6,53.2,53.1,52.0,49.45,49.65,53.8,52.65,52.4,51.8,50.4,53.5,53.8,53.0,52.05,51.35,50.95,50.65,49.7,50.25,50.7
2021-06-15,51.95,53.2,51.45,51.5,52.0,52.15,84.05,25.9,19496,1018819.0,1.75,0.45000000000000284,0.19999999999999574,1.0500000000000043,0.5,51.5,54.15,50.3,26421.0,52.95,59.4,49.2,107565.0,52.45,54.9,52.0,38605.0,53.4,57.6,51.0,349389.0,52.199999999999996,3.3392863509040107,51160.666666666664,52.14,2.428888634745965,66964.6,48.995000000000005,6.223066410987237,132413.8,46.05,5.72002714384423,74592.9,75.53191483736987,0.012621359223300876,-0.01754385964912275,-0.2621021157412664,0.9802631578763108,0.9865771811891357,0.01913588183965943,1,6,53.1,52.0,49.45,49.65,53.8,52.65,52.4,51.8,50.4,53.5,53.8,53.0,52.05,51.35,50.95,50.65,49.7,50.25,50.7,49.75
2021-06-16,53.1,53.1,49.25,52.15,50.0,50.55,84.05,25.9,36454,1853393.7,3.8500000000000014,0.9500000000000028,2.5500000000000043,0.0,1.2999999999999972,52.15,53.2,51.45,19496.0,51.5,54.15,50.3,26421.0,52.95,59.4,49.2,107565.0,51.65,56.5,50.05,142736.0,51.4,0.5795112883576894,27457.0,51.92,2.5947061490654693,45708.2,49.839999999999996,5.696112221897182,133683.1,46.38,5.77123310731306,75946.5,69.95073886801426,-0.030680728667305868,-0.00187969924812037,0.8698194501436192,0.9519774011120155,0.9742828882102023,0.019668783809937404,2,6,52.0,49.45,49.65,53.8,52.65,52.4,51.8,50.4,53.5,53.8,53.0,52.05,51.35,50.95,50.65,49.7,50.25,50.7,49.75,49.65
2021-06-17,50.0,52.0,48.0,50.55,49.0,49.1,84.05,25.9,59249,2893641.6,4.0,-0.5499999999999972,0.8999999999999986,2.0,1.1000000000000014,50.55,53.1,49.25,36454.0,52.15,53.2,51.45,19496.0,51.5,54.15,50.3,26421.0,52.45,54.9,52.0,38605.0,50.6,0.6658328118484845,38399.666666666664,51.25,2.9132456127141415,49837.0,50.58,4.63466407748319,136973.6,46.6575,5.768679042444278,78422.8,64.8018647595699,-0.028684470820969254,-0.020715630885122405,0.6253086081088495,0.9442307692126111,0.9775967413242852,0.020475583430926616,3,6,49.45,49.65,53.8,52.65,52.4,51.8,50.4,53.5,53.8,53.0,52.05,51.35,50.95,50.65,49.7,50.25,50.7,49.75,49.65,48.75
2021-06-18,49.05,49.45,46.05,49.1,47.5,47.8,84.05,25.9,36939,1750992.95,3.4000000000000057,-0.05000000000000426,1.25,0.4000000000000057,1.75,49.1,52.0,48.0,59249.0,50.55,53.1,49.25,36454.0,52.15,53.2,51.45,19496.0,52.95,59.4,49.2,107565.0,49.15,1.8723870682458217,44214.0,50.220000000000006,1.8064467885875632,35711.8,51.165000000000006,3.144819373015065,138261.2,46.894999999999996,5.691948953981918,79176.15,60.66666662891852,-0.026476578411405383,-0.049038461538461475,-0.3765464396023561,0.9666329625689255,0.9633891213187576,0.02109603011251415,4,6,49.65,53.8,52.65,52.4,51.8,50.4,53.5,53.8,53.0,52.05,51.35,50.95,50.65,49.7,50.25,50.7,49.75,49.65,48.75,57.95
2021-06-21,49.25,49.65,38.55,47.8,46.75,47.5,84.05,25.9,36619,1698695.1,11.100000000000001,1.4500000000000028,1.75,0.3999999999999986,8.950000000000003,47.8,49.45,46.05,36939.0,49.1,52.0,48.0,59249.0,50.55,53.1,49.25,36454.0,51.5,54.15,50.3,26421.0,48.13333333333333,1.4180385514273934,44269.0,49.42,1.825034246253581,37751.4,50.905,3.2365490881495957,85347.3,47.1025,5.572160593899779,79412.9,61.34831456814038,-0.006276150627614996,0.004044489383215222,-0.008662930777768807,0.9566968781277605,0.8115789473513352,0.02155713523868997,0,6,53.8,52.65,52.4,51.8,50.4,53.5,53.8,53.0,52.05,51.35,50.95,50.65,49.7,50.25,50.7,49.75,49.65,48.75,57.95,66.0
2021-06-22,51.0,53.8,46.75,47.5,50.2,49.95,84.05,25.9,96321,4961222.75,7.049999999999997,3.5,1.0499999999999972,2.799999999999997,3.200000000000003,47.5,49.65,38.55,36619.0,47.8,49.45,46.05,36939.0,49.1,52.0,48.0,59249.0,52.15,53.2,51.45,19496.0,48.416666666666664,2.4557755054838015,56626.333333333336,48.980000000000004,1.9795832894825023,53116.4,50.56,2.9790984840685892,60040.5,47.402499999999996,5.56536457877971,83443.35,66.11909647122516,0.05157894736842117,0.08358509566968775,1.6303558262104372,0.9284386616927801,0.9359359359171985,0.019414770280169337,1,6,52.65,52.4,51.8,50.4,53.5,53.8,53.0,52.05,51.35,50.95,50.65,49.7,50.25,50.7,49.75,49.65,48.75,57.95,66.0,73.65
2021-06-23,52.65,52.65,49.0,49.95,50.2,50.35,84.05,25.9,17671,889912.55,3.6499999999999986,2.6999999999999957,2.299999999999997,0.0,1.3500000000000014,49.95,53.8,46.75,96321.0,47.5,49.65,38.55,36619.0,47.8,49.45,46.05,36939.0,50.55,53.1,49.25,36454.0,49.26666666666667,2.14262300308153,50203.666666666664,48.94,1.903089593266267,49359.8,50.43,2.8087363706837984,47534.0,47.792500000000004,5.466435262004229,83384.15,67.76180694255994,0.00800800800800805,-0.021375464684014855,-0.8165405259496891,0.9563152896304594,0.9731876861772952,0.019857007298076625,2,6,52.4,51.8,50.4,53.5,53.8,53.0,52.05,51.35,50.95,50.65,49.7,50.25,50.7,49.75,49.65,48.75,57.95,66.0,73.65,69.0
2021-06-24,51.55,52.4,49.0,50.35,49.5,49.05,84.05,25.9,25792,1288089.75,3.3999999999999986,1.1999999999999957,2.5,0.8500000000000014,0.04999999999999716,50.35,52.65,49.0,17671.0,49.95,53.8,46.75,96321.0,47.5,49.65,38.55,36619.0,49.1,52.0,48.0,59249.0,49.78333333333333,0.7466592261538613,46594.666666666664,48.93,1.9369434684570328,42668.4,50.089999999999996,2.754309754225951,46252.7,48.1225,5.310307752009451,83607.5,63.97637791749332,-0.02581926514399213,-0.0047483380816714105,0.45956652141927457,0.9360687022722125,0.9989806319877885,0.0200234494529593,3,6,51.8,50.4,53.5,53.8,53.0,52.05,51.35,50.95,50.65,49.7,50.25,50.7,49.75,49.65,48.75,57.95,66.0,73.65,69.0,64.95
2021-06-25,51.8,51.8,48.1,49.05,49.5,49.3,84.05,25.9,16587,816647.05,3.6999999999999957,2.75,2.5,0.0,1.1999999999999957,49.05,52.4,49.0,25792.0,50.35,52.65,49.0,17671.0,49.95,53.8,46.75,96321.0,47.8,49.45,46.05,36939.0,49.56666666666666,0.43684474740356594,20016.666666666668,49.230000000000004,1.5302777525659634,38598.0,49.725,1.5873107936247284,37154.9,48.45,5.045623429217913,83847.65,47.71428567611427,0.0050968399592252744,-0.011450381679389388,-0.3568936104218362,0.9517374517190785,0.9756592291891348,0.0203111001258132,4,6,50.4,53.5,53.8,53.0,52.05,51.35,50.95,50.65,49.7,50.25,50.7,49.75,49.65,48.75,57.95,66.0,73.65,69.0,64.95,64.8
2021-06-28,50.4,50.4,48.0,49.3,48.6,48.9,84.05,25.9,25245,1237179.15,2.3999999999999986,1.1000000000000014,1.5,0.0,0.8999999999999986,49.3,51.8,48.1,16587.0,49.05,52.4,49.0,25792.0,50.35,52.65,49.0,17671.0,47.5,49.65,38.55,36619.0,49.083333333333336,1.0263202878897815,22541.333333333332,49.51,1.2451907484390998,36323.2,49.464999999999996,1.5223246113179136,37037.3,48.745,4.7388622885111085,84351.5,34.58904106272284,-0.008113590263691628,-0.027027027027026973,0.5219750406945198,0.9702380952188445,0.9815950920044665,0.020405290535327872,0,6,53.5,53.8,53.0,52.05,51.35,50.95,50.65,49.7,50.25,50.7,49.75,49.65,48.75,57.95,66.0,73.65,69.0,64.95,64.8,62.95
2021-06-29,49.4,53.5,48.3,48.9,51.25,51.95,84.05,25.9,177822,9276616.15,5.200000000000003,0.5,2.5500000000000043,1.5499999999999972,1.1000000000000014,48.9,50.4,48.0,25245.0,49.3,51.8,48.1,16587.0,49.05,52.4,49.0,25792.0,49.95,53.8,46.75,96321.0,50.04999999999999,1.5524174696262583,73218.0,49.910000000000004,1.1532562594663567,52623.4,49.445,1.5546078462292567,52869.9,49.22,4.416722856312444,92641.85,50.94339618155929,0.062372188139059315,0.06150793650793651,6.043850267379679,0.9710280373650276,0.9297401347270502,0.019168843156240754,1,6,53.8,53.0,52.05,51.35,50.95,50.65,49.7,50.25,50.7,49.75,49.65,48.75,57.95,66.0,73.65,69.0,64.95,64.8,62.95,62.0
2021-06-30,53.0,53.8,51.65,51.95,52.65,52.15,84.05,25.9,41660,2188011.55,2.1499999999999986,1.0499999999999972,0.8500000000000014,0.7999999999999972,0.5,51.95,53.5,48.3,177822.0,48.9,50.4,48.0,25245.0,49.3,51.8,48.1,16587.0,50.35,52.65,49.0,17671.0,51.0,1.8823743871329253,81575.66666666667,50.269999999999996,1.371860051170788,57421.2,49.605000000000004,1.6298346882776553,53390.5,49.722500000000004,4.086711456209611,93536.8,49.01960779828269,0.0038498556304138454,0.005607476635513864,-0.765720776956732,0.9693308550005701,0.9904122722724754,0.019040118869573602,2,6,53.0,52.05,51.35,50.95,50.65,49.7,50.25,50.7,49.75,49.65,48.75,57.95,66.0,73.65,69.0,64.95,64.8,62.95,62.0,60.8
2021-07-01,53.0,53.0,51.0,52.15,51.35,51.2,84.05,25.9,23613,1221984.3,2.0,0.8500000000000014,1.7999999999999972,0.0,0.20000000000000284,52.15,53.8,51.65,41660.0,51.95,53.5,48.3,177822.0,48.9,50.4,48.0,25245.0,49.05,52.4,49.0,25792.0,51.76666666666667,0.4041451884335248,81031.66666666667,50.7,1.3999999999993966,56985.4,49.815,1.6639060470276985,49826.9,50.1975,3.4576336218802877,93400.25,44.444444404938274,-0.01821668264621279,-0.014869888475836368,-0.4331973115698512,0.9660377358308296,0.996093749980545,0.01932348885333468,3,7,52.05,51.35,50.95,50.65,49.7,50.25,50.7,49.75,49.65,48.75,57.95,66.0,73.65,69.0,64.95,64.8,62.95,62.0,60.8,59.7
2021-07-02,49.6,52.05,49.6,51.2,50.45,50.35,84.05,25.9,15888,800132.5,2.4499999999999957,-1.6000000000000014,0.75,1.6999999999999957,0.0,51.2,53.0,51.0,23613.0,52.15,53.8,51.65,41660.0,51.95,53.5,48.3,177822.0,49.3,51.8,48.1,16587.0,51.23333333333333,0.8760707733971527,27053.666666666668,50.910000000000004,1.3729530217739816,56845.6,50.07,1.394722194561342,47721.8,50.6175,2.5331109955524234,92991.5,46.20462041934887,-0.0166015625,-0.017924528301886844,-0.3271502985643502,0.9673390970035095,0.9851042700896703,0.019856711232202142,4,7,51.35,50.95,50.65,49.7,50.25,50.7,49.75,49.65,48.75,57.95,66.0,73.65,69.0,64.95,64.8,62.95,62.0,60.8,59.7,65.5
2021-07-05,49.85,51.35,48.5,50.35,49.75,49.65,84.05,25.9,36112,1805954.1,2.8500000000000014,-0.5,0.20000000000000284,1.5,1.1499999999999986,50.35,52.05,49.6,15888.0,51.2,53.0,51.0,23613.0,52.15,53.8,51.65,41660.0,48.9,50.4,48.0,25245.0,50.4,0.828150549920786,25204.333333333332,51.06,1.0218855121775114,59019.0,50.285,1.1096170510595094,47671.1,50.595,2.480561269254487,66509.2,41.7763157509955,-0.013902681231380387,-0.013448607108549337,1.272910372608258,0.9668938656092134,0.9768378650357133,0.019996078527134205,0,7,50.95,50.65,49.7,50.25,50.7,49.75,49.65,48.75,57.95,66.0,73.65,69.0,64.95,64.8,62.95,62.0,60.8,59.7,65.5,63.35
2021-07-06,50.55,50.95,49.2,49.65,49.2,49.6,84.05,25.9,20241,1010157.6,1.75,0.8999999999999986,0.9499999999999957,0.4000000000000057,0.3999999999999986,49.65,51.35,48.5,36112.0,50.35,52.05,49.6,15888.0,51.2,53.0,51.0,23613.0,51.95,53.5,48.3,177822.0,49.866666666666674,0.556776436283755,24080.333333333332,50.59,1.1729236974323238,27502.8,50.25,1.0974212196487463,40063.1,50.405,2.30408533056513,50051.8,46.52014647243357,-0.001007049345417843,-0.007789678675754641,-0.4394937970757643,0.9735034347208341,0.9919354838509692,0.02003746742092519,1,7,50.65,49.7,50.25,50.7,49.75,49.65,48.75,57.95,66.0,73.65,69.0,64.95,64.8,62.95,62.0,60.8,59.7,65.5,63.35,62.95
2021-07-07,50.65,50.65,48.3,49.6,49.6,49.25,84.05,25.9,14506,712852.05,2.3500000000000014,1.0499999999999972,1.3999999999999986,0.0,0.9500000000000028,49.6,50.95,49.2,20241.0,49.65,51.35,48.5,36112.0,50.35,52.05,49.6,15888.0,52.15,53.8,51.65,41660.0,49.5,0.35118845842970364,23619.666666666668,50.010000000000005,0.9420721840699591,22072.0,50.14,1.1831690026749782,39746.6,50.285000000000004,2.191946983607605,43640.3,50.59760950530943,-0.007056451612903247,-0.0058881256133465065,-0.2833358035670175,0.9723593287073573,0.9807106598785643,0.020349243577261197,2,7,49.7,50.25,50.7,49.75,49.65,48.75,57.95,66.0,73.65,69.0,64.95,64.8,62.95,62.0,60.8,59.7,65.5,63.35,62.95,61.45
2021-07-08,48.65,49.7,48.5,49.25,48.5,48.85,84.05,25.9,18100,887454.45,1.2000000000000028,-0.6000000000000014,0.20000000000000284,0.8500000000000014,0.14999999999999858,49.25,50.65,48.3,14506.0,49.6,50.95,49.2,20241.0,49.65,51.35,48.5,36112.0,51.2,53.0,51.0,23613.0,49.23333333333333,0.6525590650158064,17615.666666666668,49.54,0.8691950298974156,20969.4,50.120000000000005,1.3721839850730324,38977.4,50.105000000000004,2.21430754294338,42615.05,54.50643770273906,-0.008121827411167515,-0.0187561697926949,0.2477595477733352,0.9828973842860584,0.9928352098056739,0.02039541297020932,3,7,50.25,50.7,49.75,49.65,48.75,57.95,66.0,73.65,69.0,64.95,64.8,62.95,62.0,60.8,59.7,65.5,63.35,62.95,61.45,59.3
2021-07-09,49.1,50.25,48.1,48.85,48.3,48.25,84.05,25.9,13938,677232.8,2.1499999999999986,0.25,0.8500000000000014,1.1499999999999986,0.14999999999999858,48.85,49.7,48.5,18100.0,49.25,50.65,48.3,14506.0,49.6,50.95,49.2,20241.0,50.35,52.05,49.6,15888.0,48.78333333333333,0.47696960070952166,15514.666666666666,49.12,0.6360031446450464,20579.4,50.015,1.4476129777448656,38712.5,49.87,1.516251871174841,37933.7,53.138075251553715,-0.0122824974411464,0.01106639839034207,-0.2299447513812155,0.960199004956016,0.9968911916891837,0.020580810616378856,4,7,50.7,49.75,49.65,48.75,57.95,66.0,73.65,69.0,64.95,64.8,62.95,62.0,60.8,59.7,65.5,63.35,62.95,61.45,59.3,65.4
2021-07-12,50.7,50.7,48.2,48.25,49.0,48.8,84.05,25.9,16246,795664.4,2.5,2.450000000000003,1.9000000000000057,0.0,0.5999999999999943,48.25,50.25,48.1,13938.0,48.85,49.7,48.5,18100.0,49.25,50.65,48.3,14506.0,49.65,51.35,48.5,36112.0,48.63333333333333,0.5008326400448901,16094.666666666666,48.95,0.4886205071406582,16606.2,50.004999999999995,1.4236982358170878,37812.6,49.735,1.4402485165667702,37424.95,44.27860690349246,0.011398963730569811,0.008955223880596996,0.16559047209068734,0.9625246548133624,0.9877049180125472,0.02041815619751239,0,7,49.75,49.65,48.75,57.95,66.0,73.65,69.0,64.95,64.8,62.95,62.0,60.8,59.7,65.5,63.35,62.95,61.45,59.3,65.4,62.8
2021-07-13,49.75,49.75,47.4,48.8,48.7,48.4,84.05,25.9,25778,1245272.5,2.3500000000000014,0.9500000000000028,1.3500000000000014,0.0,1.0,48.8,50.7,48.2,16246.0,48.25,50.25,48.1,13938.0,48.85,49.7,48.5,18100.0,49.6,50.95,49.2,20241.0,48.48333333333333,0.47521924764716106,18654.0,48.71,0.4761827380306873,17713.6,49.65,1.3585531519483138,22608.2,49.5475,1.4601257155677565,37739.05,40.298507406549334,-0.008196721311475419,-0.018737672583826526,0.5867290409947064,0.9728643215884851,0.9793388429549724,0.020700690009616354,1,7,49.65,48.75,57.95,66.0,73.65,69.0,64.95,64.8,62.95,62.0,60.8,59.7,65.5,63.35,62.95,61.45,59.3,65.4,62.8,59.5
2021-07-14,48.65,49.65,47.0,48.4,48.0,47.85,84.05,25.9,21648,1044549.35,2.6499999999999986,0.25,0.7999999999999972,1.0,0.8500000000000014,48.4,49.75,47.4,25778.0,48.8,50.7,48.2,16246.0,48.25,50.25,48.1,13938.0,49.25,50.65,48.3,14506.0,48.35,0.5795112883580094,21224.0,48.43,0.4546977017738396,19142.0,49.22,1.0902216899949206,20607.0,49.4125,1.4708125215959045,36998.75,43.548387031217494,-0.011363636363636354,-0.0020100502512563345,-0.16021413608503376,0.963746223545544,0.9822361546294204,0.020724726888203013,2,7,48.75,57.95,66.0,73.65,69.0,64.95,64.8,62.95,62.0,60.8,59.7,65.5,63.35,62.95,61.45,59.3,65.4,62.8,59.5,58.6
2021-07-15,47.9,48.75,47.2,47.85,48.5,48.3,84.05,25.9,26834,1290549.5,1.5499999999999972,0.04999999999999716,0.3999999999999986,0.45000000000000284,0.6999999999999957,47.85,49.65,47.0,21648.0,48.4,49.75,47.4,25778.0,48.8,50.7,48.2,16246.0,48.85,49.7,48.5,18100.0,48.18333333333333,0.5507570547296118,24753.333333333332,48.32,0.7310950690562882,20888.8,48.93,0.9600925881287891,20929.1,49.3725,1.5740389716298695,35378.0,44.736842039335166,0.00940438871473348,-0.01812688821752262,0.23956023651145597,0.9907692307489073,0.9772256728576145,0.020792693344966605,3,7,57.95,66.0,73.65,69.0,64.95,64.8,62.95,62.0,60.8,59.7,65.5,63.35,62.95,61.45,59.3,65.4,62.8,59.5,58.6,58.0
2021-07-16,47.95,57.95,47.75,48.3,57.2,57.7,84.05,25.9,788375,44118898.8,10.200000000000003,-0.3499999999999943,9.75,0.25,0.20000000000000284,48.3,48.75,47.2,26834.0,47.85,49.65,47.0,21648.0,48.4,49.75,47.4,25778.0,48.25,50.25,48.1,13938.0,51.28333333333333,5.07181755718146,278952.3333333333,50.21,3.7480661680389757,175776.2,49.665,2.567553959186716,98177.8,49.8675,2.1244116832664743,72949.8,73.78378372794742,0.19461697722567295,0.18871794871794867,28.379704852053365,0.9956859361346733,0.8275563258088812,0.017869326330511224,4,7,66.0,73.65,69.0,64.95,64.8,62.95,62.0,60.8,59.7,65.5,63.35,62.95,61.45,59.3,65.4,62.8,59.5,58.6,58.0,56.7
2021-07-19,54.5,66.0,54.1,57.7,64.5,64.7,84.05,25.9,942504,57380062.9,11.899999999999999,-3.200000000000003,10.200000000000003,1.2999999999999972,0.3999999999999986,57.7,57.95,47.75,788375.0,48.3,48.75,47.2,26834.0,47.85,49.65,47.0,21648.0,48.8,50.7,48.2,16246.0,56.900000000000006,8.631386524384908,585904.3333333334,53.39,7.471077566188043,361027.8,51.17,5.412180193272066,188817.0,50.727500000000006,3.802454193640727,118244.05,78.39643647672384,0.12131715771230511,0.13891285591026747,0.19550214047883308,0.9803030302881772,0.8361669242529185,0.01642563553202379,0,7,73.65,69.0,64.95,64.8,62.95,62.0,60.8,59.7,65.5,63.35,62.95,61.45,59.3,65.4,62.8,59.5,58.6,58.0,56.7,55.0
2021-07-20,70.5,73.65,66.6,64.7,67.0,67.7,84.05,25.9,1497586,105250205.85,7.050000000000011,5.799999999999997,2.799999999999997,3.1500000000000057,1.1000000000000085,64.7,66.0,54.1,942504.0,57.7,57.95,47.75,788375.0,48.3,48.75,47.2,26834.0,48.4,49.75,47.4,25778.0,63.366666666666674,7.850849210966436,1076155.0,57.25,10.688896107643581,655389.4,52.98,8.563275917804264,336551.5,51.614999999999995,6.080306324520101,188307.3,80.7920791631252,0.04636785162287471,0.11590909090909096,0.5889439196014021,0.9192124915014362,0.9837518463665619,0.014228817776701765,1,7,69.0,64.95,64.8,62.95,62.0,60.8,59.7,65.5,63.35,62.95,61.45,59.3,65.4,62.8,59.5,58.6,58.0,56.7,55.0,52.6
2021-07-22,68.55,69.0,61.55,67.7,63.6,63.45,84.05,25.9,232659,15056222.3,7.450000000000003,0.8499999999999943,5.099999999999994,0.45000000000000284,1.9000000000000057,67.7,73.65,66.6,1497586.0,64.7,66.0,54.1,942504.0,57.7,57.95,47.75,788375.0,47.85,49.65,47.0,21648.0,65.28333333333335,3.854542774441405,890916.3333333334,60.370000000000005,9.835687571288442,697591.6,54.4,9.511390831816215,358366.8,52.27,6.997407414629717,199056.7,71.45359015760594,-0.06277695716395859,-0.06313645621181274,-0.84464398037909,0.9195652173779774,0.9700551615292348,0.015452680982267375,3,7,64.95,64.8,62.95,62.0,60.8,59.7,65.5,63.35,62.95,61.45,59.3,65.4,62.8,59.5,58.6,58.0,56.7,55.0,52.6,51.0
2021-07-23,64.95,64.95,59.0,63.45,59.9,60.05,84.05,25.9,120955,7438637.65,5.950000000000003,1.5,4.900000000000006,0.0,1.0499999999999972,63.45,69.0,61.55,232659.0,67.7,73.65,66.6,1497586.0,64.7,66.0,54.1,942504.0,48.3,48.75,47.2,26834.0,63.73333333333333,4.353446910207871,617066.6666666666,62.720000000000006,5.7651322621426315,716415.8,55.519999999999996,9.515398339300228,368652.3,52.82000000000001,7.3739455089131365,203814.85,65.594855275938,-0.05358550039401111,-0.05869565217391304,-0.48011897240166934,0.9245573517948489,0.982514571174313,0.01626036993480923,4,7,64.8,62.95,62.0,60.8,59.7,65.5,63.35,62.95,61.45,59.3,65.4,62.8,59.5,58.6,58.0,56.7,55.0,52.6,51.0,53.9
2021-07-26,60.65,64.8,58.7,60.05,60.9,60.15,84.05,25.9,110606,6791016.6,6.099999999999994,0.6000000000000014,0.5,4.149999999999999,1.4499999999999957,60.05,64.95,59.0,120955.0,63.45,69.0,61.55,232659.0,67.7,73.65,66.6,1497586.0,57.7,57.95,47.75,788375.0,61.21666666666667,2.382750511488524,154740.0,63.21,3.7400868973859134,580862.0,56.71,9.29755642927525,378319.1,53.3625,7.6546214970537285,208515.8,67.21311472324643,0.0016652789342215257,-0.002309468822170979,-0.08556074573188377,0.928240740726416,0.9758935993187716,0.01628710493801473,0,7,62.95,62.0,60.8,59.7,65.5,63.35,62.95,61.45,59.3,65.4,62.8,59.5,58.6,58.0,56.7,55.0,52.6,51.0,53.9,50.95
2021-07-27,61.5,62.95,58.0,60.15,59.7,58.75,84.05,25.9,40195,2392628.1,4.950000000000003,1.3500000000000014,2.75,1.4500000000000028,0.75,60.15,64.8,58.7,110606.0,60.05,64.95,59.0,120955.0,63.45,69.0,61.55,232659.0,64.7,66.0,54.1,942504.0,59.65,1.1139269874333757,90585.33333333333,62.02,4.290774988274007,400400.2,57.705000000000005,8.800045770083104,380714.0,53.855,7.724949327035248,209263.3,64.36420719305812,-0.023275145469659142,-0.028549382716049343,-0.6365929515577817,0.9332803812401386,0.9872340425363876,0.01679951848764126,1,7,62.0,60.8,59.7,65.5,63.35,62.95,61.45,59.3,65.4,62.8,59.5,58.6,58.0,56.7,55.0,52.6,51.0,53.9,50.95,51.8
2021-07-28,60.0,62.0,58.0,58.75,59.0,58.85,84.05,25.9,58175,3455805.9,4.0,1.25,1.1499999999999986,2.0,0.8500000000000014,58.75,62.95,58.0,40195.0,60.15,64.8,58.7,110606.0,60.05,64.95,59.0,120955.0,67.7,73.65,66.6,1497586.0,59.25,1.4239030865895286,69658.66666666667,60.25,2.6882615200158475,112518.0,58.75,7.906720067273421,383953.7,54.2,7.803742354591242,203280.95,65.18987338883994,0.0017021276595745594,-0.01509134233518672,0.4473193183231745,0.9491935483717873,0.9855564995584443,0.01683398943210323,2,7,60.8,59.7,65.5,63.35,62.95,61.45,59.3,65.4,62.8,59.5,58.6,58.0,56.7,55.0,52.6,51.0,53.9,50.95,51.8,49.7
2021-07-29,59.0,60.8,57.5,58.85,58.55,58.35,84.05,25.9,42492,2487180.65,3.299999999999997,0.14999999999999858,0.6499999999999986,1.7999999999999972,0.8500000000000014,58.85,62.0,58.0,58175.0,58.75,62.95,58.0,40195.0,60.15,64.8,58.7,110606.0,63.45,69.0,61.55,232659.0,58.65,1.077419757259305,46954.0,59.23,1.7912984117667299,74484.6,59.8,6.665001875468752,386038.1,54.510000000000005,7.828724101194955,203322.55,64.98422710063788,-0.008496176720475757,-0.01935483870967747,-0.26958315427589175,0.9597039473526365,0.9854327334878247,0.017084404383734646,3,7,59.7,65.5,63.35,62.95,61.45,59.3,65.4,62.8,59.5,58.6,58.0,56.7,55.0,52.6,51.0,53.9,50.95,51.8,49.7,49.0
2021-07-30,59.7,59.7,56.45,58.35,57.9,57.75,84.05,25.9,46433,2672421.5,3.25,1.3500000000000014,1.9500000000000028,0.0,1.2999999999999972,58.35,60.8,57.5,42492.0,58.85,62.0,58.0,58175.0,58.75,62.95,58.0,40195.0,60.05,64.95,59.0,120955.0,58.31666666666666,1.150362261782274,49033.333333333336,58.769999999999996,1.9659603251332582,59580.2,60.74499999999999,4.6401149411053,387998.0,54.8375,7.79430291268796,204463.55,64.98422710063788,-0.010282776349614386,-0.018092105263157854,0.09274686999905857,0.9673366834008822,0.9774891774722514,0.017374878925349158,4,7,65.5,63.35,62.95,61.45,59.3,65.4,62.8,59.5,58.6,58.0,56.7,55.0,52.6,51.0,53.9,50.95,51.8,49.7,49.0,50.5
2021-08-02,60.85,65.5,60.85,57.75,62.0,62.55,84.05,25.9,245427,15709529.5,4.649999999999999,3.1000000000000014,1.6999999999999957,2.950000000000003,0.0,57.75,59.7,56.45,46433.0,58.35,60.8,57.5,42492.0,58.85,62.0,58.0,58175.0,60.15,64.8,58.7,110606.0,59.550000000000004,3.080584360149763,111450.66666666667,59.25,2.2193467507350135,86544.4,61.230000000000004,4.096139781686299,333703.2,55.447500000000005,7.898841937104932,215940.5,69.12378300507001,0.08311688311688314,0.09715242881072017,4.285615833566644,0.954961832046489,0.9728217425903627,0.015622810345784065,0,8,63.35,62.95,61.45,59.3,65.4,62.8,59.5,58.6,58.0,56.7,55.0,52.6,51.0,53.9,50.95,51.8,49.7,49.0,50.5,54.85
2021-08-03,63.35,63.35,60.0,62.55,60.9,60.6,84.05,25.9,44351,2718444.35,3.3500000000000014,0.8000000000000043,2.75,0.0,0.6000000000000014,62.55,65.5,60.85,245427.0,57.75,59.7,56.45,46433.0,58.35,60.8,57.5,42492.0,58.75,62.95,58.0,40195.0,60.300000000000004,2.932149382279011,112070.33333333333,59.620000000000005,2.2604203148967796,87375.6,60.81999999999999,4.105294684239662,243887.9,55.995000000000005,7.826346781696273,216352.45,66.26666664192712,-0.031175059952038287,-0.03282442748091596,-0.8192904611147103,0.9565903709399118,0.9900990098846518,0.016314845657958744,1,8,62.95,61.45,59.3,65.4,62.8,59.5,58.6,58.0,56.7,55.0,52.6,51.0,53.9,50.95,51.8,49.7,49.0,50.5,54.85,53.7
2021-08-04,62.95,62.95,59.0,60.6,59.5,59.85,84.05,25.9,39198,2361933.95,3.950000000000003,2.3500000000000014,3.1000000000000014,0.0,0.8500000000000014,60.6,63.35,60.0,44351.0,62.55,65.5,60.85,245427.0,57.75,59.7,56.45,46433.0,58.85,62.0,58.0,58175.0,61.0,1.3714347718110282,109658.66666666667,59.81999999999999,2.2719485029370814,83580.2,60.035000000000004,2.636285265293193,98049.1,56.50750000000001,7.671280600566687,217300.3,65.91511933891746,-0.012376237623762387,-0.006314127861089203,-0.1161867827106492,0.9507545671016561,0.98579782788662,0.016595722331693475,2,8,61.45,59.3,65.4,62.8,59.5,58.6,58.0,56.7,55.0,52.6,51.0,53.9,50.95,51.8,49.7,49.0,50.5,54.85,53.7,53.5
2021-08-05,61.45,61.45,56.65,59.85,57.35,57.65,84.05,25.9,38916,2255525.8,4.800000000000004,1.6000000000000014,3.8000000000000043,0.0,1.0,59.85,62.95,59.0,39198.0,60.6,63.35,60.0,44351.0,62.55,65.5,60.85,245427.0,58.35,60.8,57.5,42492.0,59.36666666666667,1.00166528008739,40821.666666666664,59.67999999999999,2.169504551734804,82865.0,59.455,1.894795503478416,78674.8,56.92750000000001,7.41717911693056,218520.8,61.850443577543565,-0.036758563074352546,-0.023828435266084247,-0.007194244604316502,0.938161106575457,0.9826539462101882,0.017253626626660617,3,8,59.3,65.4,62.8,59.5,58.6,58.0,56.7,55.0,52.6,51.0,53.9,50.95,51.8,49.7,49.0,50.5,54.85,53.7,53.5,52.7
2021-08-06,59.0,59.3,57.3,57.65,57.55,58.4,84.05,25.9,21486,1254237.85,2.0,1.3500000000000014,0.6000000000000014,0.29999999999999716,1.1000000000000014,57.65,61.45,56.65,38916.0,59.85,62.95,59.0,39198.0,60.6,63.35,60.0,44351.0,57.75,59.7,56.45,46433.0,58.63333333333333,1.8346207600844198,33200.0,59.81,2.305807884451359,77875.6,59.290000000000006,2.0345897757429134,68727.9,57.404999999999994,7.0373902721182455,218690.1,51.136363613119826,0.013009540329575131,-0.034987794955248286,-0.44788775824853533,0.9848229342161077,0.9811643835448431,0.017130722055629228,4,8,65.4,62.8,59.5,58.6,58.0,56.7,55.0,52.6,51.0,53.9,50.95,51.8,49.7,49.0,50.5,54.85,53.7,53.5,52.7,55.3
2021-08-09,59.85,65.4,58.35,58.4,60.0,60.75,84.05,25.9,171959,10739071.05,7.050000000000004,1.4500000000000028,0.8999999999999986,4.650000000000006,1.5,58.4,59.3,57.3,21486.0,57.65,61.45,56.65,38916.0,59.85,62.95,59.0,39198.0,62.55,65.5,60.85,245427.0,58.93333333333334,3.093945700880884,77453.66666666667,59.45,2.2735984693868128,63182.0,59.35,2.1240422678368724,74863.2,58.029999999999994,6.721399447013624,226591.15,42.44741871532452,0.04023972602739723,0.10286677908937625,7.003304477334078,0.9288990825546038,0.9604938271446833,0.01601246506326075,0,8,62.8,59.5,58.6,58.0,56.7,55.0,52.6,51.0,53.9,50.95,51.8,49.7,49.0,50.5,54.85,53.7,53.5,52.7,55.3,53.05
2021-08-10,58.7,62.8,57.0,60.75,58.95,58.9,84.05,25.9,90790,5494904.4,5.799999999999997,-2.049999999999997,0.19999999999999574,3.8999999999999986,1.7000000000000028,60.75,65.4,58.35,171959.0,58.4,59.3,57.3,21486.0,57.65,61.45,56.65,38916.0,60.6,63.35,60.0,44351.0,59.35,3.06104557300267,94745.0,59.10999999999999,2.2345581218661708,72469.8,59.364999999999995,2.119781173193184,79922.7,58.535000000000004,6.28234996260403,230318.35,32.399999981856,-0.030452674897119336,-0.03975535168195732,-0.47202530835838774,0.9378980891570399,0.9677419354674408,0.016522580447441447,1,8,59.5,58.6,58.0,56.7,55.0,52.6,51.0,53.9,50.95,51.8,49.7,49.0,50.5,54.85,53.7,53.5,52.7,55.3,53.05,56.85
2021-08-11,56.9,59.5,52.55,58.9,55.0,55.5,84.05,25.9,104579,5759036.9,6.950000000000003,-2.0,1.3999999999999986,2.6000000000000014,2.950000000000003,58.9,62.8,57.0,90790.0,60.75,65.4,58.35,171959.0,58.4,59.3,57.3,21486.0,59.85,62.95,59.0,39198.0,58.383333333333326,2.9569128044858823,122442.66666666667,58.239999999999995,2.5279438284894966,85546.0,59.03000000000001,2.301961723786873,84563.1,58.89,5.667972695213298,234258.4,33.540372651363754,-0.05772495755517826,-0.052547770700636875,0.15187796012776733,0.9327731092280207,0.9468468468297866,0.01815911268080258,2,8,58.6,58.0,56.7,55.0,52.6,51.0,53.9,50.95,51.8,49.7,49.0,50.5,54.85,53.7,53.5,52.7,55.3,53.05,56.85,55.0
2021-08-12,57.85,58.6,53.0,55.5,57.0,55.85,84.05,25.9,28884,1627760.95,5.600000000000001,2.3500000000000014,2.0,0.75,2.8500000000000014,55.5,59.5,52.55,104579.0,58.9,62.8,57.0,90790.0,60.75,65.4,58.35,171959.0,57.65,61.45,56.65,38916.0,56.75,2.211334438749485,74751.0,57.88000000000001,2.890847626561834,83539.6,58.78000000000001,2.531079040866399,83202.3,59.29,4.947205484438912,234620.2,40.04739333835719,0.006306306306306242,-0.015126050420168013,-0.723806882834986,0.9530716723386848,0.948970456563134,0.01774462030189383,3,8,58.0,56.7,55.0,52.6,51.0,53.9,50.95,51.8,49.7,49.0,50.5,54.85,53.7,53.5,52.7,55.3,53.05,56.85,55.0,56.4
2021-08-13,56.0,58.0,53.5,55.85,56.0,55.2,84.05,25.9,15625,876855.9,4.5,0.14999999999999858,0.7999999999999972,2.0,1.7000000000000028,55.85,58.6,53.0,28884.0,55.5,59.5,52.55,104579.0,58.9,62.8,57.0,90790.0,58.4,59.3,57.3,21486.0,55.51666666666667,0.7549834435268775,49696.0,57.239999999999995,3.1429285706166175,82367.4,58.525,2.7403416250942665,80121.5,59.635000000000005,3.9235213440022743,234059.75,38.568129305313924,-0.011638316920322245,-0.010238907849829393,-0.4590430688270323,0.9517241379146255,0.9692028985331667,0.017819347511945784,4,8,56.7,55.0,52.6,51.0,53.9,50.95,51.8,49.7,49.0,50.5,54.85,53.7,53.5,52.7,55.3,53.05,56.85,55.0,56.4,57.0
2021-08-16,55.2,56.7,54.0,55.2,54.4,54.35,84.05,25.9,18530,1014142.9,2.700000000000003,0.0,0.8500000000000014,1.5,0.3500000000000014,55.2,58.0,53.5,15625.0,55.85,58.6,53.0,28884.0,55.5,59.5,52.55,104579.0,60.75,65.4,58.35,171959.0,55.13333333333333,0.9712534856221277,21013.0,55.96,2.2949945533700893,51681.6,57.705,2.791599501679969,57431.8,59.467499999999994,4.015935363287682,195567.5,39.57345968938254,-0.015398550724637694,-0.022413793103448265,0.18592000000000009,0.9585537918702195,0.9935602575714156,0.01827158677539426,0,8,55.0,52.6,51.0,53.9,50.95,51.8,49.7,49.0,50.5,54.85,53.7,53.5,52.7,55.3,53.05,56.85,55.0,56.4,57.0,59.6
2021-08-17,54.4,55.0,51.4,54.35,53.5,52.8,84.05,25.9,15692,836124.35,3.6000000000000014,0.04999999999999716,1.6000000000000014,0.6000000000000014,1.3999999999999986,54.35,56.7,54.0,18530.0,55.2,58.0,53.5,15625.0,55.85,58.6,53.0,28884.0,58.9,62.8,57.0,90790.0,54.116666666666674,1.5044378795195403,16615.666666666668,54.739999999999995,1.7558473737767033,36662.0,56.925,3.169051733388236,54565.9,58.8725,4.307380447068586,149226.9,36.585365830944774,-0.028518859245630246,-0.029982363315696703,-0.15315704263356722,0.9599999999825455,0.9734848484664114,0.018767543368399666,1,8,52.6,51.0,53.9,50.95,51.8,49.7,49.0,50.5,54.85,53.7,53.5,52.7,55.3,53.05,56.85,55.0,56.4,57.0,59.6,60.4
2021-08-18,52.6,52.6,51.05,52.8,51.75,51.3,84.05,25.9,16085,830816.15,1.5500000000000043,-0.19999999999999574,1.3000000000000043,0.0,0.25,52.8,55.0,51.4,15692.0,54.35,56.7,54.0,18530.0,55.2,58.0,53.5,15625.0,55.5,59.5,52.55,104579.0,52.81666666666666,2.0599352740640735,16769.0,53.9,2.4314604664683954,18963.2,56.07000000000001,3.728423110229176,52254.6,58.052499999999995,3.9501590574237184,75151.85,35.031847112932226,-0.02840909090909094,-0.043636363636363584,0.025044608717817995,0.97528517108412,0.9951267056336234,0.019360480655076312,2,8,51.0,53.9,50.95,51.8,49.7,49.0,50.5,54.85,53.7,53.5,52.7,55.3,53.05,56.85,55.0,56.4,57.0,59.6,60.4,58.0
2021-08-20,51.0,51.0,49.15,51.3,50.95,50.35,84.05,25.9,17703,887690.8,1.8500000000000014,-0.29999999999999716,0.6499999999999986,0.0,1.2000000000000028,51.3,52.6,51.05,16085.0,52.8,55.0,51.4,15692.0,54.35,56.7,54.0,18530.0,55.85,58.6,53.0,28884.0,51.48333333333333,2.0132891827389394,16493.333333333332,52.8,2.8754130138119094,16727.0,55.339999999999996,4.356718948934178,50133.3,57.397499999999994,4.141582299963104,64404.05,34.51882843166261,-0.01851851851851849,-0.03041825095057038,0.10059061237177502,0.9872549019414265,0.9761668321553889,0.01994275484211392,4,8,53.9,50.95,51.8,49.7,49.0,50.5,54.85,53.7,53.5,52.7,55.3,53.05,56.85,55.0,56.4,57.0,59.6,60.4,58.0,55.8
2021-08-23,53.9,53.9,45.5,50.35,47.35,47.15,84.05,25.9,24300,1191681.25,8.399999999999999,3.549999999999997,6.75,0.0,1.6499999999999986,50.35,51.0,49.15,17703.0,51.3,52.6,51.05,16085.0,52.8,55.0,51.4,15692.0,55.2,58.0,53.5,15625.0,49.6,1.4525839046335087,19362.666666666668,51.19,2.187007087322532,18462.0,54.214999999999996,4.494997219131747,50414.7,56.7525,4.234106504888143,59571.3,15.470852008224583,-0.0635551142005959,0.056862745098039236,0.3726487036095576,0.874768089037574,0.9650053022064687,0.0203913588470071,0,8,50.95,51.8,49.7,49.0,50.5,54.85,53.7,53.5,52.7,55.3,53.05,56.85,55.0,56.4,57.0,59.6,60.4,58.0,55.8,54.5
2021-08-24,47.0,50.95,45.6,47.15,48.45,48.55,84.05,25.9,25409,1204027.85,5.350000000000001,-0.14999999999999858,1.5499999999999972,2.4000000000000057,1.3999999999999986,47.15,53.9,45.5,24300.0,50.35,51.0,49.15,17703.0,51.3,52.6,51.05,16085.0,54.35,56.7,54.0,18530.0,48.68333333333334,1.6889345754055682,22470.666666666668,50.029999999999994,1.7812916661790983,19837.8,52.995000000000005,3.903307002473378,35759.7,56.1725,4.500130846050833,55311.45,22.29885056035937,0.029692470837751728,-0.05473098330241177,0.04563786008230464,0.952894995074526,0.9392378990537749,0.021103332451986038,1,8,51.8,49.7,49.0,50.5,54.85,53.7,53.5,52.7,55.3,53.05,56.85,55.0,56.4,57.0,59.6,60.4,58.0,55.8,54.5,55.5
2021-08-25,51.8,51.8,46.5,48.55,46.95,47.3,84.05,25.9,32726,1562334.4,5.299999999999997,3.25,4.5,0.0,0.7999999999999972,48.55,50.95,45.6,25409.0,47.15,53.9,45.5,24300.0,50.35,51.0,49.15,17703.0,52.8,55.0,51.4,15692.0,47.666666666666664,1.518497063985865,27478.333333333332,48.92999999999999,1.2349089035225174,23244.6,51.835,3.23749302873586,29953.3,55.6,4.687752800200616,54938.0,21.797752795273325,-0.025746652935118464,0.016683022571148065,0.28796882994214656,0.9131274131097853,0.9830866807403155,0.020946860032013622,2,8,49.7,49.0,50.5,54.85,53.7,53.5,52.7,55.3,53.05,56.85,55.0,56.4,57.0,59.6,60.4,58.0,55.8,54.5,55.5,55.85
2021-08-26,49.7,49.7,46.0,47.3,46.1,46.4,84.05,25.9,29274,1384877.15,3.700000000000003,2.4000000000000057,3.3000000000000043,0.0,0.3999999999999986,47.3,51.8,46.5,32726.0,48.55,50.95,45.6,25409.0,47.15,53.9,45.5,24300.0,51.3,52.6,51.05,16085.0,47.416666666666664,1.0563301251662995,29136.333333333332,47.95,1.552256422115641,25882.4,50.925,3.1401742697574337,22422.8,54.9775,5.009202058527599,53492.95,23.150357979756322,-0.019027484143763207,-0.04054054054054046,-0.10548187985088309,0.9336016096391629,0.9913793103234617,0.021138337071992256,3,8,49.0,50.5,54.85,53.7,53.5,52.7,55.3,53.05,56.85,55.0,56.4,57.0,59.6,60.4,58.0,55.8,54.5,55.5,55.85,55.5
2021-08-27,45.9,49.0,45.9,46.4,49.0,48.7,84.05,25.9,16454,793869.75,3.1000000000000014,-0.5,2.8000000000000043,0.29999999999999716,0.0,46.4,49.7,46.0,29274.0,47.3,51.8,46.5,32726.0,48.55,50.95,45.6,25409.0,50.35,51.0,49.15,17703.0,47.46666666666667,1.4571661996264962,26151.333333333332,47.62,1.9182022833891377,25632.6,50.21,2.9816149613556693,21179.8,54.495000000000005,5.339860041532656,52191.05,28.44444442674569,0.04956896551724155,-0.014084507042253613,-0.43793127006900323,0.9938775510001251,0.9425051334508726,0.02072632191867744,4,8,50.5,54.85,53.7,53.5,52.7,55.3,53.05,56.85,55.0,56.4,57.0,59.6,60.4,58.0,55.8,54.5,55.5,55.85,55.5,55.9
2021-08-30,50.0,50.5,49.0,48.7,49.05,49.5,84.05,25.9,37940,1889119.4,1.5,1.2999999999999972,0.5,0.5,0.5,48.7,49.0,45.9,16454.0,46.4,49.7,46.0,29274.0,47.3,51.8,46.5,32726.0,47.15,53.9,45.5,24300.0,48.199999999999996,0.750555349946947,27889.333333333332,48.089999999999996,1.086508168399754,28360.6,49.64,2.44063402509402,23411.3,54.0825,5.520869496736837,51766.4,23.150357979756322,0.01642710472279263,0.030612244897959107,1.3058222924516834,0.9801980197825704,0.989898989878992,0.020083431465475386,0,8,54.85,53.7,53.5,52.7,55.3,53.05,56.85,55.0,56.4,57.0,59.6,60.4,58.0,55.8,54.5,55.5,55.85,55.5,55.9,55.15
2021-08-31,50.4,54.85,49.85,49.5,53.0,52.55,84.05,25.9,53733,2835514.5,5.0,0.8999999999999986,2.1499999999999986,2.3000000000000043,0.5499999999999972,49.5,50.5,49.0,37940.0,48.7,49.0,45.9,16454.0,46.4,49.7,46.0,29274.0,48.55,50.95,45.6,25409.0,50.25,3.03850292084777,36042.333333333336,48.89,2.305319934412421,34025.4,49.459999999999994,2.100952165091388,26931.6,53.582499999999996,5.148793292454099,42181.7,35.66591419867618,0.06161616161616146,0.08613861386138622,0.41626251976805473,0.958067456682624,0.9486203615423671,0.018950000079350673,1,8,53.7,53.5,52.7,55.3,53.05,56.85,55.0,56.4,57.0,59.6,60.4,58.0,55.8,54.5,55.5,55.85,55.5,55.9,55.15,54.4
2021-09-01,53.0,53.7,51.0,52.55,51.0,51.3,84.05,25.9,19222,999159.3,2.700000000000003,0.45000000000000284,1.7000000000000028,0.7000000000000028,0.29999999999999716,52.55,54.85,49.85,53733.0,49.5,50.5,49.0,37940.0,48.7,49.0,45.9,16454.0,47.3,51.8,46.5,32726.0,51.11666666666667,2.254070392275616,36965.0,49.69,2.575849374478105,31324.6,49.309999999999995,1.9225272718776458,27284.6,53.11750000000001,4.906469949813239,40925.25,39.49999997234999,-0.02378686964795429,-0.02096627164995435,-0.6422682522844434,0.9553072625520427,0.9941520467642466,0.01923817353248874,2,9,53.5,52.7,55.3,53.05,56.85,55.0,56.4,57.0,59.6,60.4,58.0,55.8,54.5,55.5,55.85,55.5,55.9,55.15,54.4,54.55
2021-09-02,53.5,53.5,50.5,51.3,51.5,51.15,84.05,25.9,18604,955682.0,3.0,2.200000000000003,2.3500000000000014,0.0,0.6499999999999986,51.3,53.7,51.0,19222.0,52.55,54.85,49.85,53733.0,49.5,50.5,49.0,37940.0,46.4,49.7,46.0,29274.0,51.666666666666664,0.7285830998131922,30519.666666666668,50.64,2.4511221919763906,29190.6,49.294999999999995,1.9842154900900515,27536.5,52.682500000000005,4.6379690144444305,39895.55,38.131313104351584,-0.0029239766081871066,-0.003724394785847407,-0.03215066070127981,0.9560747663372696,0.9872922775955565,0.019466726379695317,3,9,52.7,55.3,53.05,56.85,55.0,56.4,57.0,59.6,60.4,58.0,55.8,54.5,55.5,55.85,55.5,55.9,55.15,54.4,54.55,55.0
2021-09-03,52.7,52.7,49.3,51.15,50.05,50.35,84.05,25.9,22501,1147502.85,3.4000000000000057,1.5500000000000043,2.3500000000000014,0.0,1.0500000000000043,51.15,53.5,50.5,18604.0,51.3,53.7,51.0,19222.0,52.55,54.85,49.85,53733.0,48.7,49.0,45.9,16454.0,50.93333333333333,0.5291502622130756,20109.0,50.97,1.6194134740698705,30400.0,49.295,1.972280124346205,28016.3,52.31750000000001,4.447249297688264,39074.8,37.844611502264435,-0.01564027370478982,-0.01495327102803734,0.20947108148785198,0.9554079696213396,0.9791459781334827,0.01960866589568817,4,9,55.3,53.05,56.85,55.0,56.4,57.0,59.6,60.4,58.0,55.8,54.5,55.5,55.85,55.5,55.9,55.15,54.4,54.55,55.0,54.9
2021-09-06,50.25,55.3,50.25,50.35,52.25,52.0,84.05,31.15,47774,2536938.0,5.049999999999997,-0.10000000000000142,1.75,3.299999999999997,0.0,50.35,52.7,49.3,22501.0,51.15,53.5,50.5,18604.0,51.3,53.7,51.0,19222.0,49.5,50.5,49.0,37940.0,51.166666666666664,1.3316656236959123,29626.333333333332,51.470000000000006,1.0538026380679217,32366.8,49.779999999999994,2.158317245757797,30363.7,51.9975,4.330932195752989,40389.2,44.337349367676,0.03277060575968216,0.04933586337760909,1.1231945246877917,0.9403254972705186,0.9663461538275703,0.018831362847653344,0,9,53.05,56.85,55.0,56.4,57.0,59.6,60.4,58.0,55.8,54.5,55.5,55.85,55.5,55.9,55.15,54.4,54.55,55.0,54.9,53.1
2021-09-07,52.2,53.05,49.15,52.0,49.7,49.95,84.05,31.15,47054,2376451.05,3.8999999999999986,0.20000000000000284,2.25,0.8499999999999943,0.8000000000000043,52.0,55.3,50.25,47774.0,50.35,52.7,49.3,22501.0,51.15,53.5,50.5,18604.0,52.55,54.85,49.85,53733.0,50.76666666666667,1.4109689342198315,39109.666666666664,50.95,1.0012492197245204,31031.0,49.92,2.1250882334628343,32528.2,51.457499999999996,3.545504009898989,34143.95,43.29411761853565,-0.039423076923076894,-0.04068716094032554,-0.015070959099091508,0.9415645617164645,0.9839839839642845,0.019800113282366992,1,9,56.85,55.0,56.4,57.0,59.6,60.4,58.0,55.8,54.5,55.5,55.85,55.5,55.9,55.15,54.4,54.55,55.0,54.9,53.1,54.5
2021-09-08,51.45,56.85,50.9,49.95,53.2,53.05,84.05,31.15,185113,10051276.2,5.950000000000003,1.5,1.5999999999999943,3.8000000000000043,0.5500000000000043,49.95,53.05,49.15,47054.0,52.0,55.3,50.25,47774.0,50.35,52.7,49.3,22501.0,51.3,53.7,51.0,19222.0,51.666666666666664,1.9107153983085141,93313.66666666667,51.3,1.7509283252031995,64209.2,50.495,2.5262015842855132,47766.9,51.165,2.9879406743915617,38860.1,53.82932163003894,0.062062062062061996,0.07163053722902935,2.934054490585285,0.9331574318217563,0.9594721960233842,0.018416865313083324,2,9,55.0,56.4,57.0,59.6,60.4,58.0,55.8,54.5,55.5,55.85,55.5,55.9,55.15,54.4,54.55,55.0,54.9,53.1,54.5,53.9
2021-09-09,53.25,55.0,52.7,53.05,53.25,53.1,84.05,31.15,41308,2220383.55,2.299999999999997,0.20000000000000284,0.14999999999999858,1.75,0.3999999999999986,53.05,56.85,50.9,185113.0,49.95,53.05,49.15,47054.0,52.0,55.3,50.25,47774.0,51.15,53.5,50.5,18604.0,52.03333333333334,1.9002192855913442,91158.33333333333,51.69,1.7119433401835595,68750.0,51.165000000000006,2.324680384244485,48970.3,51.045,2.6960546222795787,35696.55,56.264236866164055,0.0009425070688031667,-0.03254177660510116,-0.7768498160582995,0.9654545454369918,0.9924670432958105,0.01860399299031016,3,9,56.4,57.0,59.6,60.4,58.0,55.8,54.5,55.5,55.85,55.5,55.9,55.15,54.4,54.55,55.0,54.9,53.1,54.5,53.9,53.15
2021-09-13,54.0,56.4,52.55,53.1,56.0,56.05,84.05,31.15,72651,3987068.8,3.8500000000000014,0.8999999999999986,2.049999999999997,0.3500000000000014,1.4500000000000028,53.1,55.0,52.7,41308.0,53.05,56.85,50.9,185113.0,49.95,53.05,49.15,47054.0,50.35,52.7,49.3,22501.0,54.06666666666666,0.9647970425602955,99690.66666666667,52.83,1.480118238519728,78780.0,51.9,1.889598722833909,54590.0,51.05499999999999,2.522086646535141,37884.9,70.50691239690799,0.05555555555555558,0.025454545454545396,0.7587634356541106,0.9937943262235143,0.9375557537745307,0.018221656972661215,0,9,57.0,59.6,60.4,58.0,55.8,54.5,55.5,55.85,55.5,55.9,55.15,54.4,54.55,55.0,54.9,53.1,54.5,53.9,53.15,52.7
2021-09-14,56.8,57.0,54.6,56.05,54.95,55.05,84.05,31.15,53317,2981781.05,2.3999999999999986,0.75,1.75,0.20000000000000284,0.44999999999999574,56.05,56.4,52.55,72651.0,53.1,55.0,52.7,41308.0,53.05,56.85,50.9,185113.0,52.0,55.3,50.25,47774.0,54.73333333333333,1.026320287889256,55758.666666666664,53.44,1.658839956113516,79888.6,52.455,1.5725156773647024,56127.7,51.0475,2.4371845274931325,39769.5,65.2582159195486,-0.017841213202497763,0.010638297872340496,-0.2661215950227801,0.9657894736672669,0.9918256130610024,0.017880923886078082,1,9,59.6,60.4,58.0,55.8,54.5,55.5,55.85,55.5,55.9,55.15,54.4,54.55,55.0,54.9,53.1,54.5,53.9,53.15,52.7,54.95
2021-09-15,55.2,59.6,55.2,55.05,57.5,58.15,84.05,31.15,104870,6069324.15,4.399999999999999,0.15000000000000568,2.9499999999999957,1.4500000000000028,0.0,55.05,57.0,54.6,53317.0,56.05,56.4,52.55,72651.0,53.1,55.0,52.7,41308.0,49.95,53.05,49.15,47054.0,56.416666666666664,1.7009801096229389,76946.0,55.08,1.6686821147236182,91451.8,53.015,2.178276586866578,61241.4,51.2375,2.7101369163314333,44086.5,73.434125225569,0.0563124432334241,0.04561403508771922,0.9669148676782264,0.975671140923227,0.9492691315399955,0.017278694860942627,2,9,60.4,58.0,55.8,54.5,55.5,55.85,55.5,55.9,55.15,54.4,54.55,55.0,54.9,53.1,54.5,53.9,53.15,52.7,54.95,53.5
2021-09-16,58.95,60.4,56.2,58.15,56.3,56.4,84.05,31.15,54273,3177936.65,4.199999999999996,0.8000000000000043,2.5500000000000043,1.4499999999999957,0.19999999999999574,58.15,59.6,55.2,104870.0,55.05,57.0,54.6,53317.0,56.05,56.4,52.55,72651.0,53.05,56.85,50.9,185113.0,56.53333333333333,1.777638883462934,70820.0,55.75,2.2565460332105727,65283.8,53.525,2.6147232698279965,64746.5,51.4175,3.0963305957042158,46015.55,70.8333332920139,-0.03009458297506451,0.01342281879194629,-0.482473538666921,0.9337748344216263,0.9964539006915524,0.017078062270372816,3,9,58.0,55.8,54.5,55.5,55.85,55.5,55.9,55.15,54.4,54.55,55.0,54.9,53.1,54.5,53.9,53.15,52.7,54.95,53.5,53.3
2021-09-17,56.7,58.0,53.55,56.4,55.8,55.05,84.05,31.15,37079,2055373.25,4.450000000000003,0.30000000000000426,1.6500000000000057,1.2999999999999972,1.5,56.4,60.4,56.2,54273.0,58.15,59.6,55.2,104870.0,55.05,57.0,54.6,53317.0,53.1,55.0,52.7,41308.0,56.53333333333333,1.2220201853212735,65407.333333333336,56.14,1.6946976131446803,64438.0,53.915,2.5262180780328563,66594.0,51.605,3.2112302938280965,47065.25,63.77440343198084,-0.02393617021276595,-0.039735099337748325,-0.31680577819541944,0.9491379310181183,0.97275204357906,0.018040032388277887,4,9,55.8,54.5,55.5,55.85,55.5,55.9,55.15,54.4,54.55,55.0,54.9,53.1,54.5,53.9,53.15,52.7,54.95,53.5,53.3,53.9
2021-09-20,55.8,55.8,53.0,55.05,53.0,54.05,84.05,31.15,7844,429513.65,2.799999999999997,0.75,1.75,0.0,1.0499999999999972,55.05,58.0,53.55,37079.0,56.4,60.4,56.2,54273.0,58.15,59.6,55.2,104870.0,56.05,56.4,52.55,72651.0,55.166666666666664,2.3007245235648743,33065.333333333336,55.739999999999995,1.8729655629504514,51476.6,54.285000000000004,2.1847705193508244,65128.3,51.79,3.1412367661562715,46572.3,59.7849462005596,-0.01816530426884655,-0.037931034482758696,-0.7884516842417542,0.9686379928141822,0.9805735429975844,0.018262516220380845,0,9,54.5,55.5,55.85,55.5,55.9,55.15,54.4,54.55,55.0,54.9,53.1,54.5,53.9,53.15,52.7,54.95,53.5,53.3,53.9,53.7
2021-09-21,54.1,54.5,51.0,54.05,52.05,52.7,84.05,31.15,34048,1787966.6,3.5,0.05000000000000426,1.3999999999999986,0.3999999999999986,1.7000000000000028,54.05,55.8,53.0,7844.0,55.05,58.0,53.55,37079.0,56.4,60.4,56.2,54273.0,55.05,57.0,54.6,53317.0,53.93333333333334,1.7691806012953453,26323.666666666668,55.269999999999996,2.4915858403832662,47622.8,54.355,2.256816833999708,63755.7,52.067499999999995,3.139074620598161,47059.7,50.348027809518705,-0.024976873265494803,-0.023297491039426466,3.3406425293217747,0.9669724770464777,0.9677419354655078,0.01904286131519458,1,9,55.5,55.85,55.5,55.9,55.15,54.4,54.55,55.0,54.9,53.1,54.5,53.9,53.15,52.7,54.95,53.5,53.3,53.9,53.7,53.4
2021-09-22,55.5,55.5,52.1,52.7,53.7,54.05,84.05,31.15,19095,1035689.3,3.3999999999999986,2.799999999999997,1.4500000000000028,0.0,1.9499999999999957,52.7,54.5,51.0,34048.0,54.05,55.8,53.0,7844.0,55.05,58.0,53.55,37079.0,58.15,59.6,55.2,104870.0,53.6,0.6806859285553066,20329.0,54.45,2.364952430810929,30467.8,54.765,1.9308101350935645,60959.8,52.342499999999994,3.0368038513506628,46744.0,56.35103922453052,0.025616698292219908,0.0183486238532109,-0.4391741071428571,0.9738738738563266,0.9639222941542291,0.01843699650078453,2,9,55.85,55.5,55.9,55.15,54.4,54.55,55.0,54.9,53.1,54.5,53.9,53.15,52.7,54.95,53.5,53.3,53.9,53.7,53.4,51.0
2021-09-23,54.95,55.85,54.05,54.05,54.9,54.4,84.05,31.15,10113,554114.55,1.8000000000000043,0.9000000000000057,0.5500000000000043,0.8999999999999986,0.3500000000000014,54.05,55.5,52.1,19095.0,52.7,54.5,51.0,34048.0,54.05,55.8,53.0,7844.0,56.4,60.4,56.2,54273.0,53.71666666666667,0.7005949852326958,21085.333333333332,54.05,1.2784756548322231,21635.8,54.9,1.9596555819843051,43459.8,52.697500000000005,2.970539557581612,45613.35,57.43707090141332,0.00647548566142464,0.006306306306306242,-0.47038491751767475,0.9740376006987639,0.9935661764523241,0.01825073894919377,3,9,55.5,55.9,55.15,54.4,54.55,55.0,54.9,53.1,54.5,53.9,53.15,52.7,54.95,53.5,53.3,53.9,53.7,53.4,51.0,49.9
2021-09-24,55.5,55.5,52.8,54.4,53.0,53.05,84.05,31.15,11636,622721.95,2.700000000000003,1.1000000000000014,2.450000000000003,0.0,0.25,54.4,55.85,54.05,10113.0,54.05,55.5,52.1,19095.0,52.7,54.5,51.0,34048.0,55.05,58.0,53.55,37079.0,53.833333333333336,0.2020725942159419,13614.666666666666,53.65,0.5449770637364195,16547.2,54.894999999999996,1.9143391665132623,40492.6,53.029999999999994,2.7121558719372065,44731.45,56.02678567926896,-0.024816176470588314,-0.006266786034019756,0.15059823988925136,0.9558558558386332,0.9952874646372237,0.018685707160314455,4,9,55.9,55.15,54.4,54.55,55.0,54.9,53.1,54.5,53.9,53.15,52.7,54.95,53.5,53.3,53.9,53.7,53.4,51.0,49.9,48.75
2021-09-27,54.45,55.9,52.3,53.05,55.0,54.4,84.05,31.15,34176,1872064.35,3.6000000000000014,1.4000000000000057,0.05000000000000426,1.4499999999999957,2.1000000000000014,53.05,55.5,52.8,11636.0,54.4,55.85,54.05,10113.0,54.05,55.5,52.1,19095.0,54.05,55.8,53.0,7844.0,53.949999999999996,0.21794494717659654,18641.666666666668,53.720000000000006,0.5634713834781369,21813.6,54.73,1.9339725954630913,36645.1,53.315,2.295527688445579,45617.55,55.42986421827972,0.025447690857681504,0.007207207207207134,1.9370917841182536,0.9731663684977967,0.9613970588058567,0.018255782713879457,0,9,55.15,54.4,54.55,55.0,54.9,53.1,54.5,53.9,53.15,52.7,54.95,53.5,53.3,53.9,53.7,53.4,51.0,49.9,48.75,48.55
2021-09-28,54.4,55.15,53.0,54.4,53.2,53.2,84.05,31.15,9112,489987.2,2.1499999999999986,0.0,1.1999999999999957,0.75,0.20000000000000284,54.4,55.9,52.3,34176.0,53.05,55.5,52.8,11636.0,54.4,55.85,54.05,10113.0,52.7,54.5,51.0,34048.0,53.54999999999999,0.3752776749730416,18308.0,53.82000000000001,0.30536862968999007,16826.4,54.545,2.0005832482892507,32224.6,53.5,1.976272075345072,44176.15,57.64705878555018,-0.022058823529411686,-0.01341681574239717,-0.7333801498127341,0.9646418857486013,0.9962406014850331,0.01859640415096554,1,9,54.4,54.55,55.0,54.9,53.1,54.5,53.9,53.15,52.7,54.95,53.5,53.3,53.9,53.7,53.4,51.0,49.9,48.75,48.55,48.85
2021-09-29,54.4,54.4,53.5,53.2,53.65,53.7,84.05,31.15,3236,174146.35,0.8999999999999986,1.1999999999999957,0.6999999999999957,0.0,0.20000000000000284,53.2,55.15,53.0,9112.0,54.4,55.9,52.3,34176.0,53.05,55.5,52.8,11636.0,54.05,55.5,52.1,19095.0,53.76666666666667,0.7499999999999236,15508.0,53.75,0.6158327695071001,13654.6,54.1,1.806316079145615,22061.2,53.55749999999999,1.9893069409375723,41651.3,51.74262730700286,0.009398496240601517,-0.013599274705349051,-0.64486391571554,0.9871323529230308,0.9962756051956001,0.01858207191824567,2,9,54.55,55.0,54.9,53.1,54.5,53.9,53.15,52.7,54.95,53.5,53.3,53.9,53.7,53.4,51.0,49.9,48.75,48.55,48.85,48.6
2021-09-30,54.3,54.55,52.2,53.7,53.2,53.2,84.05,31.15,12309,656677.8,2.3499999999999943,0.5999999999999943,1.0999999999999943,0.25,1.0,53.7,54.4,53.5,3236.0,53.2,55.15,53.0,9112.0,54.4,55.9,52.3,34176.0,54.4,55.85,54.05,10113.0,53.366666666666674,0.3968626966596167,8219.0,53.510000000000005,0.631466547014833,14093.8,53.779999999999994,1.046435749475314,17864.8,53.652499999999996,1.952965019763615,41305.65,50.261780067870944,-0.009310986964618295,0.0027573529411764053,2.803770086526576,0.9752520623102614,0.9812030075003534,0.018744352253114053,3,9,55.0,54.9,53.1,54.5,53.9,53.15,52.7,54.95,53.5,53.3,53.9,53.7,53.4,51.0,49.9,48.75,48.55,48.85,48.6,48.55
2021-10-01,54.45,55.0,49.6,53.2,51.6,51.5,84.05,31.15,103417,5294644.15,5.399999999999999,1.25,2.950000000000003,0.5499999999999972,1.8999999999999986,53.2,54.55,52.2,12309.0,53.7,54.4,53.5,3236.0,53.2,55.15,53.0,9112.0,53.05,55.5,52.8,11636.0,52.800000000000004,0.31224989991983787,39654.0,53.2,0.5905505905499173,32450.0,53.425,0.5816881562429151,24498.6,53.67,1.8898952212669524,45546.3,37.254901931564795,-0.03195488721804518,0.008249312557286892,7.401738565277439,0.9363636363466117,0.9631067960978038,0.01953237971620812,4,10,54.9,53.1,54.5,53.9,53.15,52.7,54.95,53.5,53.3,53.9,53.7,53.4,51.0,49.9,48.75,48.55,48.85,48.6,48.55,48.85
2021-10-04,54.9,54.9,51.65,51.5,52.5,52.05,84.05,31.15,19864,1041884.15,3.25,3.3999999999999986,2.8500000000000014,0.0,0.3999999999999986,51.5,55.0,49.6,103417.0,53.2,54.55,52.2,12309.0,53.7,54.4,53.5,3236.0,54.4,55.9,52.3,34176.0,52.25,0.23629078131247724,45196.666666666664,52.73,0.3142451272476567,29587.6,53.225,0.5498737228794249,25700.6,53.754999999999995,1.7580098646508686,45414.45,41.379310311533885,0.010679611650485477,-0.0018181818181818299,-0.8079232621329182,0.9480874316767197,0.9923150816331929,0.01906545943711686,0,10,53.1,54.5,53.9,53.15,52.7,54.95,53.5,53.3,53.9,53.7,53.4,51.0,49.9,48.75,48.55,48.85,48.6,48.55,48.85,54.9
2021-10-05,52.8,53.1,51.5,52.05,53.1,52.9,84.05,31.15,23644,1244654.1,1.6000000000000014,0.75,0.10000000000000142,0.20000000000000284,1.2999999999999972,52.05,54.9,51.65,19864.0,51.5,55.0,49.6,103417.0,53.2,54.55,52.2,12309.0,53.2,55.15,53.0,9112.0,52.15,1.0692676621563537,48975.0,52.67,0.7619055059513414,32494.0,53.24499999999999,0.8323494191490228,24660.2,53.8,1.8652271626856327,44207.95,32.67326729653955,0.01633045148895307,-0.032786885245901565,0.19029399919452272,0.996233521638489,0.9735349716262093,0.018996442465420697,1,10,54.5,53.9,53.15,52.7,54.95,53.5,53.3,53.9,53.7,53.4,51.0,49.9,48.75,48.55,48.85,48.6,48.55,48.85,54.9,55.4
2021-10-06,54.45,54.5,51.35,52.9,52.5,52.05,84.05,31.15,42789,2260847.9,3.1499999999999986,1.5500000000000043,2.4000000000000057,0.04999999999999716,0.6999999999999957,52.9,53.1,51.5,23644.0,52.05,54.9,51.65,19864.0,51.5,55.0,49.6,103417.0,53.7,54.4,53.5,3236.0,52.333333333333336,0.9451631252505212,28765.666666666668,52.339999999999996,0.7635443667521659,40404.6,53.045,0.8236268032994474,27029.6,53.904999999999994,1.7779275338969005,43994.7,34.736842071135726,-0.016068052930056753,0.026365348399246757,0.8097191676535274,0.9550458715421093,0.9865513928724967,0.018926085209004986,2,10,53.9,53.15,52.7,54.95,53.5,53.3,53.9,53.7,53.4,51.0,49.9,48.75,48.55,48.85,48.6,48.55,48.85,54.9,55.4,56.6
2021-10-07,53.9,53.9,51.6,52.05,52.6,52.2,84.05,31.15,31781,1654884.25,2.299999999999997,1.8500000000000014,1.6999999999999957,0.0,0.6000000000000014,52.05,54.5,51.35,42789.0,52.9,53.1,51.5,23644.0,52.05,54.9,51.65,19864.0,53.2,54.55,52.2,12309.0,52.38333333333333,0.7023769168568783,32738.0,52.14,0.7886697661245728,44299.0,52.825,0.8002777295705469,29196.4,53.8625,1.8164797505641983,36328.1,39.08045972818957,0.0028818443804035088,-0.011009174311926606,-0.2572623805183575,0.9684601112992866,0.9885057471074999,0.019204364293152216,3,10,53.15,52.7,54.95,53.5,53.3,53.9,53.7,53.4,51.0,49.9,48.75,48.55,48.85,48.6,48.55,48.85,54.9,55.4,56.6,56.85
2021-10-08,53.15,53.15,51.1,52.2,52.35,51.65,84.05,31.15,20695,1074198.5,2.049999999999997,0.9499999999999957,1.5,0.0,0.5499999999999972,52.2,53.9,51.6,31781.0,52.05,54.5,51.35,42789.0,52.9,53.1,51.5,23644.0,51.5,55.0,49.6,103417.0,51.96666666666666,0.6763874629234644,31755.0,52.17,0.8003124389880788,27754.6,52.685,0.8773223150282783,30102.3,53.790000000000006,1.9016544043762158,35297.45,40.476190431216935,-0.010536398467433039,-0.013914656771799594,-0.34882476951637775,0.9717779868114436,0.9893514036594512,0.019265526809058086,4,10,52.7,54.95,53.5,53.3,53.9,53.7,53.4,51.0,49.9,48.75,48.55,48.85,48.6,48.55,48.85,54.9,55.4,56.6,56.85,55.95
2021-10-11,52.35,52.7,51.5,51.65,52.35,52.4,84.05,31.15,14192,741589.3,1.2000000000000028,0.7000000000000028,0.04999999999999716,0.30000000000000426,0.8500000000000014,51.65,53.15,51.1,20695.0,52.2,53.9,51.6,31781.0,52.05,54.5,51.35,42789.0,52.05,54.9,51.65,19864.0,52.083333333333336,0.6062177826491936,22222.666666666668,52.239999999999995,0.7207634840910824,26620.2,52.485,0.8752936015366525,28103.9,53.6075,2.0026561309787114,32374.5,48.74999994312498,0.014520813165537216,-0.008466603951081786,-0.314230490456632,0.9943074003606394,0.9828244274621599,0.019137277196421224,0,10,54.95,53.5,53.3,53.9,53.7,53.4,51.0,49.9,48.75,48.55,48.85,48.6,48.55,48.85,54.9,55.4,56.6,56.85,55.95,56.8
2021-10-12,54.35,54.95,52.5,52.4,53.3,53.0,84.05,31.15,44075,2361595.15,2.450000000000003,1.9500000000000028,1.3500000000000014,0.6000000000000014,0.5,52.4,52.7,51.5,14192.0,51.65,53.15,51.1,20695.0,52.2,53.9,51.6,31781.0,52.9,53.1,51.5,23644.0,52.349999999999994,1.190588089979096,26320.666666666668,52.260000000000005,0.9283049068054423,30706.4,52.464999999999996,0.8514856298140872,31600.2,53.504999999999995,1.9724600589643844,31912.4,45.33333327691853,0.011450381679389388,0.04269449715370022,2.1056228861330326,0.9645131937950043,0.9905660377171592,0.018663232772983967,1,10,53.5,53.3,53.9,53.7,53.4,51.0,49.9,48.75,48.55,48.85,48.6,48.55,48.85,54.9,55.4,56.6,56.85,55.95,56.8,55.0
2021-10-13,51.8,53.5,51.8,53.0,52.75,53.05,84.05,31.15,22631,1198895.35,1.7000000000000028,-1.2000000000000028,1.25,0.45000000000000284,0.0,53.0,54.95,52.5,44075.0,52.4,52.7,51.5,14192.0,51.65,53.15,51.1,20695.0,52.05,54.5,51.35,42789.0,52.81666666666666,1.140540807395067,26966.0,52.46,0.8554238715391866,26674.8,52.4,0.8654639089990346,33539.7,53.25,1.7416624695657885,27800.45,43.835616382310626,0.0009433962264151496,-0.02638762511373982,-0.4865343165059558,0.9915887850281946,0.9764373232615187,0.018876543311307347,2,10,53.3,53.9,53.7,53.4,51.0,49.9,48.75,48.55,48.85,48.6,48.55,48.85,54.9,55.4,56.6,56.85,55.95,56.8,55.0,54.7
2021-10-14,53.05,53.3,52.65,53.05,53.1,53.1,84.05,31.15,13753,727969.15,0.6499999999999986,0.0,0.05000000000000426,0.19999999999999574,0.3999999999999986,53.05,53.5,51.8,22631.0,53.0,54.95,52.5,44075.0,52.4,52.7,51.5,14192.0,52.2,53.9,51.6,31781.0,53.04999999999999,0.9004628439493624,26819.666666666668,52.64,0.8519096196188355,23069.2,52.39,0.8714610974946341,33684.1,53.085,1.250923343185182,25774.45,50.25906728459827,0.0009425070688031667,-0.0037383177570093906,-0.39229375635190666,0.996247654765549,0.9915254237101407,0.018892284102973292,3,10,53.9,53.7,53.4,51.0,49.9,48.75,48.55,48.85,48.6,48.55,48.85,54.9,55.4,56.6,56.85,55.95,56.8,55.0,54.7,54.45
2021-10-18,53.9,53.9,52.15,53.1,52.5,52.5,84.05,32.15,24606,1296028.85,1.75,0.7999999999999972,1.3999999999999986,0.0,0.3500000000000014,53.1,53.3,52.65,13753.0,53.05,53.5,51.8,22631.0,53.0,54.95,52.5,44075.0,51.65,53.15,51.1,20695.0,52.883333333333326,0.30550504633050524,20330.0,52.81,0.8363611660037105,23851.4,52.489999999999995,0.7820201759274878,25803.0,52.9575,0.9921368485824293,25150.8,39.32584263476836,-0.011299435028248594,0.011257035647279645,0.7891369155820549,0.9740259740079031,0.9933333333144128,0.018985688474450226,0,10,53.7,53.4,51.0,49.9,48.75,48.55,48.85,48.6,48.55,48.85,54.9,55.4,56.6,56.85,55.95,56.8,55.0,54.7,54.45,54.0
2021-10-19,53.7,53.7,51.6,52.5,51.6,52.25,84.05,32.15,15944,838448.9,2.1000000000000014,1.2000000000000028,1.4500000000000028,0.0,0.6499999999999986,52.5,53.9,52.15,24606.0,53.1,53.3,52.65,13753.0,53.05,53.5,51.8,22631.0,52.4,52.7,51.5,14192.0,52.616666666666674,0.3055050463304945,18101.0,52.779999999999994,0.6438167441120636,24201.8,52.510000000000005,0.6779052703421428,25411.0,52.86749999999999,0.9581334650461775,25555.8,44.02515715517582,-0.004761904761904745,-0.0037105751391465214,-0.35202796066000164,0.972998137784488,0.9875598085935396,0.019016066453185137,1,10,53.4,51.0,49.9,48.75,48.55,48.85,48.6,48.55,48.85,54.9,55.4,56.6,56.85,55.95,56.8,55.0,54.7,54.45,54.0,54.0
2021-10-20,53.4,53.4,50.1,52.25,50.3,50.15,84.05,32.15,31892,1622880.5,3.299999999999997,1.1499999999999986,3.25,0.0,0.04999999999999716,52.25,53.7,51.6,15944.0,52.5,53.9,52.15,24606.0,53.1,53.3,52.65,13753.0,53.0,54.95,52.5,44075.0,51.63333333333333,0.25166114784247684,24147.333333333332,52.21,0.2408318915739888,21765.2,52.235,0.6561673228359175,26235.8,52.739999999999995,0.983184273566642,25448.0,31.413612519393666,-0.04019138755980867,-0.005586592178770999,1.0002508780732562,0.9391385767614394,0.9990029910069991,0.01965147772741122,2,10,51.0,49.9,48.75,48.55,48.85,48.6,48.55,48.85,54.9,55.4,56.6,56.85,55.95,56.8,55.0,54.7,54.45,54.0,54.0,53.5
2021-10-21,50.65,51.0,48.5,50.15,48.5,48.8,84.05,32.15,39282,1934426.45,2.5,0.5,1.8500000000000014,0.3500000000000014,0.29999999999999716,50.15,53.4,50.1,31892.0,52.25,53.7,51.6,15944.0,52.5,53.9,52.15,24606.0,53.05,53.5,51.8,22631.0,50.4,1.4798648586949308,29039.333333333332,51.36,1.1760102040370175,25095.4,51.910000000000004,1.016530045466153,25885.1,52.4775,1.1961863743182184,26457.35,28.84615380732251,-0.026919242273180433,-0.0449438202247191,0.23171955349303897,0.9568627450792773,0.9938524589960277,0.020306794295539117,3,10,49.9,48.75,48.55,48.85,48.6,48.55,48.85,54.9,55.4,56.6,56.85,55.95,56.8,55.0,54.7,54.45,54.0,54.0,53.5,53.9
2021-10-22,49.9,49.9,48.2,48.8,48.9,48.7,84.05,32.15,20755,1014627.3,1.6999999999999957,1.1000000000000014,1.1999999999999957,0.0,0.5,48.8,51.0,48.5,39282.0,50.15,53.4,50.1,31892.0,52.25,53.7,51.6,15944.0,53.1,53.3,52.65,13753.0,49.21666666666667,1.789785834487928,30643.0,50.480000000000004,1.8130085493453427,26495.8,51.56,1.464392175766627,24782.5,52.192499999999995,1.4546115415606398,26989.45,34.09090903667358,-0.002049180327868716,-0.021568627450980427,-0.47164095514485005,0.9759519037880572,0.9897330595279317,0.020455787065851647,4,10,48.75,48.55,48.85,48.6,48.55,48.85,54.9,55.4,56.6,56.85,55.95,56.8,55.0,54.7,54.45,54.0,54.0,53.5,53.9,53.55
2021-10-25,48.4,48.75,45.0,48.7,46.85,46.75,84.05,32.15,39812,1891701.5,3.75,-0.30000000000000426,1.6499999999999986,0.3500000000000014,1.75,48.7,49.9,48.2,20755.0,48.8,51.0,48.5,39282.0,50.15,53.4,50.1,31892.0,52.5,53.9,52.15,24606.0,48.083333333333336,1.1250925887827363,33283.0,49.33,2.162752875388096,29537.0,51.07,1.9710121483367218,26694.2,51.8775,1.7889481619977472,28398.25,24.019607810169234,-0.04004106776180705,-0.023046092184368705,0.9181883883401589,0.9589743589546877,0.9625668448991965,0.021045603653641963,0,10,48.55,48.85,48.6,48.55,48.85,54.9,55.4,56.6,56.85,55.95,56.8,55.0,54.7,54.45,54.0,54.0,53.5,53.9,53.55,53.9
2021-10-26,48.5,48.55,46.55,46.75,47.0,47.45,84.05,32.15,14455,687418.0,2.0,1.75,1.0499999999999972,0.04999999999999716,0.9000000000000057,46.75,48.75,45.0,39812.0,48.7,49.9,48.2,20755.0,48.8,51.0,48.5,39282.0,52.25,53.7,51.6,15944.0,47.63333333333333,0.7285830998135631,25007.333333333332,48.37,1.9826119136128593,29239.2,50.575,2.3306472634589515,26720.5,51.529999999999994,2.0077547029873353,27412.2,22.885572107423158,0.01497326203208571,-0.004102564102564155,-0.6369185170300412,0.9773429453969653,0.9810326659434977,0.021027962607903745,1,10,48.85,48.6,48.55,48.85,54.9,55.4,56.6,56.85,55.95,56.8,55.0,54.7,54.45,54.0,54.0,53.5,53.9,53.55,53.9,59.0
2021-10-27,48.85,48.85,43.65,47.45,47.0,47.35,84.05,32.15,12822,602247.8,5.200000000000003,1.3999999999999986,1.5,0.0,3.700000000000003,47.45,48.55,46.55,14455.0,46.75,48.75,45.0,39812.0,48.7,49.9,48.2,20755.0,50.15,53.4,50.1,31892.0,47.18333333333334,0.15275252316732368,22363.0,47.81,1.0316249318428643,25425.2,50.01,2.298435458210118,23595.2,51.2375,2.160104773287236,27597.7,24.731182758469245,-0.0021074815595364393,0.006179196704428458,-0.11297129021099961,0.9692937563772919,0.921858500508514,0.02129023966546657,2,10,48.6,48.55,48.85,54.9,55.4,56.6,56.85,55.95,56.8,55.0,54.7,54.45,54.0,54.0,53.5,53.9,53.55,53.9,59.0,58.9
2021-10-28,48.0,48.6,45.1,47.35,48.0,47.85,84.05,32.15,13473,634577.05,3.5,0.6499999999999986,0.14999999999999858,0.6000000000000014,2.75,47.35,48.85,43.65,12822.0,47.45,48.55,46.55,14455.0,46.75,48.75,45.0,39812.0,48.8,51.0,48.5,39282.0,47.550000000000004,0.16072751268526014,13583.333333333334,47.620000000000005,0.5552026656995419,20263.4,49.49,2.3430096978984993,22679.4,50.945,2.317587220864655,28109.55,27.461139856533094,0.010559662090813049,-0.0051177072671443335,0.05077211043518948,0.9845679012143094,0.9425287356124864,0.02123146432730269,3,10,48.55,48.85,54.9,55.4,56.6,56.85,55.95,56.8,55.0,54.7,54.45,54.0,54.0,53.5,53.9,53.55,53.9,59.0,58.9,53.15
2021-10-29,48.55,48.55,45.8,47.85,46.55,46.15,84.05,32.15,21357,989084.95,2.75,0.6999999999999957,2.3999999999999986,0.0,0.3500000000000014,47.85,48.6,45.1,13473.0,47.35,48.85,43.65,12822.0,47.45,48.55,46.55,14455.0,48.7,49.9,48.2,20755.0,47.116666666666674,0.16072751268526014,15884.0,47.11,0.13416407864970775,20383.8,48.795,2.3049704746245325,23439.8,50.5925,2.4254462421755694,28561.95,24.537037005229806,-0.03552769070010453,-0.0010288065843622185,0.5851703406813626,0.9505664263449936,0.9924160346480517,0.02159268523901812,4,10,48.85,54.9,55.4,56.6,56.85,55.95,56.8,55.0,54.7,54.45,54.0,54.0,53.5,53.9,53.55,53.9,59.0,58.9,53.15,55.5
2021-11-01,45.0,48.85,45.0,46.15,48.8,48.7,84.05,32.15,24628,1185153.2,3.8500000000000014,-1.1499999999999986,3.700000000000003,0.14999999999999858,0.0,46.15,48.55,45.8,21357.0,47.85,48.6,45.1,13473.0,47.35,48.85,43.65,12822.0,46.75,48.75,45.0,39812.0,47.56666666666666,0.16072751268526014,19819.333333333332,47.5,0.15652475842473448,17347.0,48.415,2.01743098463856,23442.0,50.4525,2.442899215879926,24622.5,35.31746027821873,0.05525460455037923,0.006179196704428458,0.15315821510511785,0.9969293756193055,0.9240246406381104,0.02078043581201146,0,11,54.9,55.4,56.6,56.85,55.95,56.8,55.0,54.7,54.45,54.0,54.0,53.5,53.9,53.55,53.9,59.0,58.9,53.15,55.5,54.6
2021-11-02,49.0,54.9,48.9,48.7,51.9,51.8,84.05,32.15,109135,5720939.35,6.0,0.29999999999999716,2.799999999999997,3.1000000000000014,0.10000000000000142,48.7,48.85,45.0,24628.0,46.15,48.55,45.8,21357.0,47.85,48.6,45.1,13473.0,47.45,48.55,46.55,14455.0,48.88333333333333,3.5827131246212938,51706.666666666664,48.370000000000005,2.7706046271526517,36283.0,48.37,2.279625943975542,32761.1,50.44,2.442899215879926,29086.05,46.026490023551595,0.06365503080082124,0.12384851586489254,3.431338314114017,0.9435336976148719,0.9440154439972198,0.0190764126873675,1,11,55.4,56.6,56.85,55.95,56.8,55.0,54.7,54.45,54.0,54.0,53.5,53.9,53.55,53.9,59.0,58.9,53.15,55.5,54.6,54.9
2021-11-03,53.0,55.4,52.05,51.8,54.5,54.65,84.05,32.15,76335,4163205.2,3.3500000000000014,1.2000000000000028,1.6499999999999986,0.75,0.9500000000000028,51.8,54.9,48.9,109135.0,48.7,48.85,45.0,24628.0,46.15,48.55,45.8,21357.0,47.35,48.85,43.65,12822.0,51.71666666666667,3.645888094826829,70032.66666666667,49.83,3.557281265236056,48985.6,48.82000000000001,2.6547703395129116,37205.4,50.527499999999996,2.5538554445344652,31720.6,54.469273700415094,0.055019305019305076,0.00910746812386165,-0.3005451963164888,0.9864620938450098,0.9524245196532036,0.018335632363257037,2,11,56.6,56.85,55.95,56.8,55.0,54.7,54.45,54.0,54.0,53.5,53.9,53.55,53.9,59.0,58.9,53.15,55.5,54.6,54.9,54.75
2021-11-04,54.95,56.6,53.1,54.65,55.8,55.35,84.05,32.15,28964,1612846.25,3.5,0.30000000000000426,0.3999999999999986,1.25,1.8500000000000014,54.65,55.4,52.05,76335.0,51.8,54.9,48.9,109135.0,48.7,48.85,45.0,24628.0,47.85,48.6,45.1,13473.0,53.93333333333334,0.8736894948052101,71478.0,51.33,3.8489284223013462,52083.8,49.475,3.3183371002827724,36173.6,50.6925,2.7002667996835172,31029.35,56.064689984641205,0.012808783165599413,0.02166064981949467,-0.62056723652322,0.9779151943290122,0.9593495934786026,0.017958314377455372,3,11,56.85,55.95,56.8,55.0,54.7,54.45,54.0,54.0,53.5,53.9,53.55,53.9,59.0,58.9,53.15,55.5,54.6,54.9,54.75,54.65
2021-11-08,56.85,56.85,54.45,55.35,54.8,54.65,84.05,32.15,19603,1081541.65,2.3999999999999986,1.5,2.200000000000003,0.0,0.19999999999999574,55.35,56.6,53.1,28964.0,54.65,55.4,52.05,76335.0,51.8,54.9,48.9,109135.0,46.15,48.55,45.8,21357.0,54.88333333333333,0.7751343969486126,41634.0,53.03000000000001,3.271964241858214,51733.0,50.07000000000001,3.7821804410803677,36058.4,50.815,2.8772428322595314,30420.45,55.76407502516369,-0.012646793134598044,0.004416961130742081,-0.32319431017815214,0.9613016710472946,0.9963403476487405,0.018125053251532186,0,11,55.95,56.8,55.0,54.7,54.45,54.0,54.0,53.5,53.9,53.55,53.9,59.0,58.9,53.15,55.5,54.6,54.9,54.75,54.65,54.45
2021-11-09,54.1,55.95,53.5,54.65,54.65,55.15,84.05,32.15,20355,1105227.65,2.450000000000003,-0.5499999999999972,1.0499999999999972,0.8000000000000043,0.6000000000000014,54.65,56.85,54.45,19603.0,55.35,56.6,53.1,28964.0,54.65,55.4,52.05,76335.0,48.7,48.85,45.0,24628.0,55.04999999999999,0.46457866215837007,22974.0,54.32000000000001,0.8119421161625472,50878.4,50.910000000000004,3.8658619852357528,34112.7,50.989999999999995,2.9882929469584263,30403.45,57.671957629237696,0.009149130832570851,-0.0158311345646438,0.03836147528439526,0.985701519195966,0.9700815956306423,0.018417020240128795,1,11,56.8,55.0,54.7,54.45,54.0,54.0,53.5,53.9,53.55,53.9,59.0,58.9,53.15,55.5,54.6,54.9,54.75,54.65,54.45,62.9
2021-11-10,56.8,56.8,54.0,55.15,54.45,54.1,84.05,32.15,16512,901791.95,2.799999999999997,1.6499999999999986,2.6999999999999957,0.0,0.10000000000000142,55.15,55.95,53.5,20355.0,54.65,56.85,54.45,19603.0,55.35,56.6,53.1,28964.0,51.8,54.9,48.9,109135.0,54.63333333333333,0.5057996968493065,18823.333333333332,54.779999999999994,0.627096483803279,32353.8,51.575,3.8545824100098844,34318.4,51.075,3.1457197318862193,30519.45,61.06442572241446,-0.01903898458748865,0.015192135835567333,-0.18879882092851874,0.9524647887156258,0.9981515711460601,0.018310210021280388,2,11,55.0,54.7,54.45,54.0,54.0,53.5,53.9,53.55,53.9,59.0,58.9,53.15,55.5,54.6,54.9,54.75,54.65,54.45,62.9,63.9
2021-11-11,53.15,55.0,53.15,54.1,54.35,53.85,84.05,32.15,18623,1001593.3,1.8500000000000014,-0.9500000000000028,0.7000000000000028,1.1499999999999986,0.0,54.1,56.8,54.0,16512.0,55.15,55.95,53.5,20355.0,54.65,56.85,54.45,19603.0,54.65,55.4,52.05,76335.0,54.36666666666667,0.9004628439491201,18496.666666666668,54.620000000000005,0.7805446816156341,20811.4,52.225,3.5754564588162676,34898.5,51.1175,3.1476923460310604,29246.85,65.07462681128092,-0.004621072088724532,-0.03169014084507038,0.1278464147286822,0.9790909090731075,0.9870009284867781,0.018593375175333122,3,11,54.7,54.45,54.0,54.0,53.5,53.9,53.55,53.9,59.0,58.9,53.15,55.5,54.6,54.9,54.75,54.65,54.45,62.9,63.9,62.2
2021-11-12,53.1,54.7,52.1,53.85,52.95,52.45,84.05,32.15,13830,733537.25,2.6000000000000014,-0.75,0.6499999999999986,1.6000000000000014,0.3500000000000014,53.85,55.0,53.15,18623.0,54.1,56.8,54.0,16512.0,55.15,55.95,53.5,20355.0,55.35,56.6,53.1,28964.0,53.46666666666667,1.1357816691599056,16321.666666666666,54.04,0.9946104765175782,17784.6,52.685,3.086061855792893,34934.2,51.0875,3.1767028173049243,28806.8,60.38781158751083,-0.02599814298978642,-0.005454545454545379,-0.25736991891746763,0.9588665447722329,0.993326978055418,0.018853848253786675,4,11,54.45,54.0,54.0,53.5,53.9,53.55,53.9,59.0,58.9,53.15,55.5,54.6,54.9,54.75,54.65,54.45,62.9,63.9,62.2,74.2
2021-11-15,52.45,54.45,52.0,52.45,52.95,52.7,84.05,38.55,12317,652858.05,2.450000000000003,0.0,0.25,1.75,0.45000000000000284,52.45,54.7,52.1,13830.0,53.85,55.0,53.15,18623.0,54.1,56.8,54.0,16512.0,54.65,56.85,54.45,19603.0,53.0,0.2753785273639164,14923.333333333334,53.65,0.9763452258287615,16327.4,53.339999999999996,2.3210390393580917,34030.2,51.0675,3.198893723247294,28735.0,68.19571859604036,0.004766444232602529,-0.004570383912248621,-0.10939985538684016,0.9678604223881018,0.9867172675334589,0.018866275754737157,0,11,54.0,54.0,53.5,53.9,53.55,53.9,59.0,58.9,53.15,55.5,54.6,54.9,54.75,54.65,54.45,62.9,63.9,62.2,74.2,89.0
2021-11-16,54.0,54.0,51.0,52.7,51.0,51.4,84.05,38.55,5210,271195.4,3.0,1.2999999999999972,2.6000000000000014,0.0,0.3999999999999986,52.7,54.45,52.0,12317.0,52.45,54.7,52.1,13830.0,53.85,55.0,53.15,18623.0,55.15,55.95,53.5,20355.0,52.18333333333334,0.3547299442296478,10452.333333333334,52.9,1.0761040841845604,13298.4,53.61,1.028766791412532,32088.4,51.0125,3.200888034675014,27765.2,61.65191735320784,-0.024667931688804656,-0.008264462809917439,-0.577007388162702,0.951851851834225,0.9922178988133811,0.019211240308648233,1,11,54.0,53.5,53.9,53.55,53.9,59.0,58.9,53.15,55.5,54.6,54.9,54.75,54.65,54.45,62.9,63.9,62.2,74.2,89.0,97.9
2021-11-17,52.55,54.0,51.1,51.4,52.6,52.25,84.05,38.55,16917,884776.85,2.8999999999999986,1.1499999999999986,0.29999999999999716,1.4500000000000028,1.1499999999999986,51.4,54.0,51.0,5210.0,52.7,54.45,52.0,12317.0,52.45,54.7,52.1,13830.0,54.1,56.8,54.0,16512.0,52.11666666666667,0.25980762113507877,11481.333333333334,52.53000000000001,0.4381780460027708,13379.4,53.65500000000001,1.1190894115812342,22866.6,51.0125,3.2063218802857825,27813.85,63.841807859108165,0.01653696498054469,0.0,2.247024952015355,0.9675925925746742,0.9779904306032922,0.019120075304863572,2,11,53.5,53.9,53.55,53.9,59.0,58.9,53.15,55.5,54.6,54.9,54.75,54.65,54.45,62.9,63.9,62.2,74.2,89.0,97.9,106.5
2021-11-18,52.0,53.5,52.0,52.25,52.8,52.65,84.05,38.55,10458,551261.25,1.5,-0.25,0.6499999999999986,0.8500000000000014,0.0,52.25,54.0,51.1,16917.0,51.4,54.0,51.0,5210.0,52.7,54.45,52.0,12317.0,53.85,55.0,53.15,18623.0,52.1,0.28867513459466076,10861.666666666666,52.29,0.4631414470751488,11746.4,53.455,1.2660195715539597,16278.9,51.1375,3.207458413398928,26742.15,63.63636358574379,0.00765550239234436,-0.0092592592592593,-0.38180528462493346,0.9841121495143157,0.9876543209688955,0.018971041407318184,3,11,53.9,53.55,53.9,59.0,58.9,53.15,55.5,54.6,54.9,54.75,54.65,54.45,62.9,63.9,62.2,74.2,89.0,97.9,106.5,94.0
2021-11-22,52.65,53.9,51.4,52.65,52.9,52.7,84.05,38.55,13006,684261.15,2.5,0.0,0.05000000000000426,1.1999999999999957,1.25,52.65,53.5,52.0,10458.0,52.25,54.0,51.1,16917.0,51.4,54.0,51.0,5210.0,52.45,54.7,52.1,13830.0,52.53333333333333,0.2645751311063012,13460.333333333334,52.339999999999996,0.33837848631213385,11581.6,53.19,1.2177050363522621,14683.1,51.3325,3.1892046525409476,25428.35,70.5329152985918,0.0009496676163343043,0.007476635514018559,0.24364123159303874,0.9777365491469809,0.9753320682926881,0.01900736290522994,0,11,53.55,53.9,59.0,58.9,53.15,55.5,54.6,54.9,54.75,54.65,54.45,62.9,63.9,62.2,74.2,89.0,97.9,106.5,94.0,89.0
2021-11-23,52.0,53.55,52.0,52.7,53.3,53.1,84.05,38.55,10649,563935.85,1.5499999999999972,-0.7000000000000028,1.1000000000000014,0.44999999999999574,0.0,52.7,53.9,51.4,13006.0,52.65,53.5,52.0,10458.0,52.25,54.0,51.1,16917.0,52.7,54.45,52.0,12317.0,52.81666666666666,0.21794494717689275,11371.0,52.42,0.24596747752278542,11248.0,53.035000000000004,1.0736878296589059,13787.7,51.552499999999995,3.111687433565568,24923.05,65.94202891860952,0.007590132827324458,-0.006493506493506551,-0.1812240504382593,0.9915966386369451,0.9792843690964353,0.018883353487812452,1,11,53.9,59.0,58.9,53.15,55.5,54.6,54.9,54.75,54.65,54.45,62.9,63.9,62.2,74.2,89.0,97.9,106.5,94.0,89.0,90.0
2021-11-24,53.9,53.9,50.45,53.1,51.4,51.7,84.05,38.55,32389,1670174.05,3.4499999999999957,0.7999999999999972,2.1999999999999957,0.0,1.25,53.1,53.55,52.0,10649.0,52.7,53.9,51.4,13006.0,52.65,53.5,52.0,10458.0,51.4,54.0,51.0,5210.0,52.5,0.2020725942161688,18681.333333333332,52.480000000000004,0.22803508501747097,16683.8,52.69,0.9753062197198928,14991.1,51.8,2.942336164557424,24551.9,49.58677680213103,-0.026365348399246646,0.006535947712418277,2.041506244717814,0.9591836734515923,0.9758220502712608,0.019392589652557458,2,11,59.0,58.9,53.15,55.5,54.6,54.9,54.75,54.65,54.45,62.9,63.9,62.2,74.2,89.0,97.9,106.5,94.0,89.0,90.0,90.45
2021-11-25,53.55,59.0,51.1,51.7,56.5,56.4,84.05,38.55,239252,13517584.4,7.899999999999999,1.8499999999999943,2.8500000000000014,2.6000000000000014,2.4499999999999957,51.7,53.9,50.45,32389.0,53.1,53.55,52.0,10649.0,52.7,53.9,51.4,13006.0,52.25,54.0,51.1,16917.0,53.73333333333333,3.050546399144422,94096.66666666667,53.31,2.37212984467519,61150.8,52.92,1.618126488669977,37265.1,52.2475,2.9737126803479974,35791.75,56.27240137721766,0.09090909090909083,0.09461966604823746,6.38682886165056,0.9559322033736283,0.906028368778262,0.017699316158884124,3,11,58.9,53.15,55.5,54.6,54.9,54.75,54.65,54.45,62.9,63.9,62.2,74.2,89.0,97.9,106.5,94.0,89.0,90.0,90.45,94.45
2021-11-26,58.9,58.9,53.0,56.4,54.05,53.75,84.05,38.55,56065,3125828.6,5.899999999999999,2.5,5.149999999999999,0.0,0.75,56.4,59.0,51.1,239252.0,51.7,53.9,50.45,32389.0,53.1,53.55,52.0,10649.0,52.65,53.5,52.0,10458.0,53.95000000000001,2.9160475533387182,109235.33333333333,53.529999999999994,2.833725463060693,70272.2,52.910000000000004,2.1180179413787106,41009.3,52.567499999999995,2.930035027633148,37953.9,44.96855341952454,-0.04698581560283688,-0.0016949152542372614,-0.7656654907795964,0.9125636672171042,0.986046511609562,0.017936044222002442,4,11,53.15,55.5,54.6,54.9,54.75,54.65,54.45,62.9,63.9,62.2,74.2,89.0,97.9,106.5,94.0,89.0,90.0,90.45,94.45,90.85
2021-11-29,53.15,53.15,50.8,53.75,52.05,52.45,84.05,38.55,21865,1137392.4,2.3500000000000014,-0.6000000000000014,0.6999999999999957,0.0,1.6500000000000057,53.75,58.9,53.0,56065.0,56.4,59.0,51.1,239252.0,51.7,53.9,50.45,32389.0,52.7,53.9,51.4,13006.0,54.199999999999996,3.349004827308071,105727.33333333333,53.480000000000004,2.978884019225752,72044.0,52.910000000000004,2.196847488764523,41812.8,52.7975,2.618530875771316,38373.5,43.33333329656566,-0.024186046511627812,-0.09762308998302205,-0.6100062427539463,0.9868297271686393,0.9685414680463577,0.01922379646637342,0,11,55.5,54.6,54.9,54.75,54.65,54.45,62.9,63.9,62.2,74.2,89.0,97.9,106.5,94.0,89.0,90.0,90.45,94.45,90.85,92.0
2021-11-30,52.0,55.5,51.85,52.45,52.9,53.5,84.05,38.55,38348,2061850.95,3.6499999999999986,-0.45000000000000284,1.5,2.0,0.14999999999999858,52.45,53.15,50.8,21865.0,53.75,58.9,53.0,56065.0,56.4,59.0,51.1,239252.0,53.1,53.55,52.0,10649.0,53.23333333333333,2.8909341050946846,38759.333333333336,53.56,2.745541840875584,77583.8,52.989999999999995,2.2014893948319774,44415.9,53.165,2.2017277904312205,39223.05,45.16129028549806,0.020019065776930356,0.04421448730009403,0.7538531900297278,0.9639639639465953,0.9691588784865579,0.01859882257735458,1,11,54.6,54.9,54.75,54.65,54.45,62.9,63.9,62.2,74.2,89.0,97.9,106.5,94.0,89.0,90.0,90.45,94.45,90.85,92.0,92.8
2021-12-01,54.6,54.6,52.5,53.5,53.1,53.15,84.05,38.55,8390,444667.75,2.1000000000000014,1.1000000000000014,1.4500000000000028,0.0,0.6499999999999986,53.5,55.5,51.85,38348.0,52.45,53.15,50.8,21865.0,53.75,58.9,53.0,56065.0,51.7,53.9,50.45,32389.0,53.03333333333333,1.1856784274554206,22867.666666666668,53.85,2.6209731017311992,72784.0,53.165,2.181105733847934,44733.9,53.3875,1.6767979352887774,38411.15,47.09480118291576,-0.006542056074766434,-0.01621621621621616,-0.7812141441535413,0.9734432234253948,0.987770460940964,0.01886801999920161,2,12,54.9,54.75,54.65,54.45,62.9,63.9,62.2,74.2,89.0,97.9,106.5,94.0,89.0,90.0,90.45,94.45,90.85,92.0,92.8,91.25
2021-12-02,53.35,54.9,53.2,53.15,53.6,53.55,84.05,38.55,8283,444777.75,1.6999999999999957,0.20000000000000284,0.19999999999999574,1.3500000000000014,0.14999999999999858,53.15,54.6,52.5,8390.0,53.5,55.5,51.85,38348.0,52.45,53.15,50.8,21865.0,56.4,59.0,51.1,239252.0,53.4,0.4582575694953025,18340.333333333332,53.279999999999994,2.1337759957405593,26590.2,53.295,2.153653227013193,43870.5,53.475,1.6767979352887774,33368.55,49.09090904925619,0.007525870178739291,0.005494505494505475,-0.012753277711561428,0.9754098360478067,0.9934640522690298,0.018622784075867062,3,12,54.75,54.65,54.45,62.9,63.9,62.2,74.2,89.0,97.9,106.5,94.0,89.0,90.0,90.45,94.45,90.85,92.0,92.8,91.25,88.75
2021-12-03,53.55,54.75,53.5,53.55,53.5,53.55,84.05,38.55,17239,931874.6,1.25,0.0,0.0,1.2000000000000028,0.04999999999999716,53.55,54.9,53.2,8283.0,53.15,54.6,52.5,8390.0,53.5,55.5,51.85,38348.0,53.75,58.9,53.0,56065.0,53.416666666666664,0.1499999999992466,11304.0,53.239999999999995,0.8693388292252763,18825.0,53.385000000000005,2.086337833515388,44548.6,53.42,1.6796772873004264,30413.75,53.642384056225595,0.0,-0.002732240437158473,1.0812507545575274,0.9780821917629574,0.9990662931652836,0.018499270180773228,4,12,54.65,54.45,62.9,63.9,62.2,74.2,89.0,97.9,106.5,94.0,89.0,90.0,90.45,94.45,90.85,92.0,92.8,91.25,88.75,93.15
2021-12-06,54.65,54.65,51.0,53.55,51.05,52.35,84.05,38.55,16815,890867.25,3.6499999999999986,1.1000000000000014,2.299999999999997,0.0,1.3500000000000014,53.55,54.75,53.5,17239.0,53.55,54.9,53.2,8283.0,53.15,54.6,52.5,8390.0,52.45,53.15,50.8,21865.0,53.15,0.12583057392027439,14112.333333333334,53.220000000000006,0.36503424496711945,17815.0,53.35,2.0469218082015304,44929.5,53.27,1.650476406502163,29806.3,48.90965727820964,-0.022408963585434094,-0.0018264840182649067,-0.024595394164394713,0.9579139981526458,0.9742120343653446,0.018874866036438065,0,12,54.45,62.9,63.9,62.2,74.2,89.0,97.9,106.5,94.0,89.0,90.0,90.45,94.45,90.85,92.0,92.8,91.25,88.75,93.15,90.85
2021-12-07,51.5,54.45,51.5,52.35,52.1,52.55,84.05,38.55,5004,264262.6,2.950000000000003,-0.8500000000000014,1.0499999999999972,1.9000000000000057,0.0,52.35,54.65,51.0,16815.0,53.55,54.75,53.5,17239.0,53.55,54.9,53.2,8283.0,53.5,55.5,51.85,38348.0,52.81666666666666,0.15275252316450877,13019.333333333334,53.029999999999994,0.16807736313601818,11146.2,53.295,1.9806284075744813,44365.0,53.165,1.6033086677897597,29076.35,53.84615379572936,0.0038204393505252288,-0.0036596523330282293,-0.7024085637823372,0.9651056014515131,0.9800190294770692,0.01893571016102915,1,12,62.9,63.9,62.2,74.2,89.0,97.9,106.5,94.0,89.0,90.0,90.45,94.45,90.85,92.0,92.8,91.25,88.75,93.15,90.85,78.55
2021-12-08,55.0,62.9,55.0,52.55,60.0,60.0,84.05,38.55,496432,30131536.15,7.899999999999999,2.450000000000003,5.0,2.8999999999999986,0.0,52.55,54.45,51.5,5004.0,52.35,54.65,51.0,16815.0,53.55,54.75,53.5,17239.0,53.15,54.6,52.5,8390.0,54.96666666666666,4.821911792363351,172750.33333333334,54.4,3.6763772929336875,108754.6,54.125,3.0104632349342997,90769.3,53.40749999999999,2.386111128130603,52880.2,67.98143847091694,0.1417697431018079,0.15518824609733683,98.207034372502,0.9538950715269652,0.916666666651389,0.016475495890042765,2,12,63.9,62.2,74.2,89.0,97.9,106.5,94.0,89.0,90.0,90.45,94.45,90.85,92.0,92.8,91.25,88.75,93.15,90.85,78.55,75.95
2021-12-09,63.0,63.9,59.05,60.0,61.95,61.55,84.05,38.55,99481,6079818.9,4.850000000000001,3.0,1.4500000000000028,0.8999999999999986,2.5,60.0,62.9,55.0,496432.0,52.55,54.45,51.5,5004.0,52.35,54.65,51.0,16815.0,53.55,54.9,53.2,8283.0,58.03333333333333,5.19141920223481,200305.66666666666,56.0,4.825012953350288,126994.2,54.64,3.798113566847219,76792.2,53.78000000000001,3.0516647743053382,57028.65,69.60352418614762,0.025833333333333375,0.015898251192368873,-0.7996080027073195,0.9632237871523752,0.9593826157439581,0.016362493955206458,3,12,62.2,74.2,89.0,97.9,106.5,94.0,89.0,90.0,90.45,94.45,90.85,92.0,92.8,91.25,88.75,93.15,90.85,78.55,75.95,75.95
2021-12-10,60.5,62.2,60.0,61.55,62.0,61.85,84.05,38.55,53757,3307486.8,2.200000000000003,-1.0499999999999972,1.3500000000000014,0.3500000000000014,0.5,61.55,63.9,59.05,99481.0,60.0,62.9,55.0,496432.0,52.55,54.45,51.5,5004.0,53.55,54.75,53.5,17239.0,61.13333333333333,0.8544003745309535,216556.66666666666,57.660000000000004,4.6680563407051725,134297.8,55.45,4.132392366011356,76561.4,54.17999999999999,3.374240655317755,58785.35,69.93464048021417,0.004874086108854758,-0.026604068857589924,-0.4596254561172485,0.9943729903377111,0.9700889248024238,0.016253126089573505,4,12,74.2,89.0,97.9,106.5,94.0,89.0,90.0,90.45,94.45,90.85,92.0,92.8,91.25,88.75,93.15,90.85,78.55,75.95,75.95,71.7
2021-12-13,63.0,74.2,63.0,61.85,74.2,74.2,84.05,38.55,771411,54499507.25,11.200000000000003,1.1499999999999986,11.200000000000003,0.0,0.0,61.85,62.2,60.0,53757.0,61.55,63.9,59.05,99481.0,60.0,62.9,55.0,496432.0,52.35,54.65,51.0,16815.0,65.86666666666666,6.493329911018798,308216.3333333333,62.029999999999994,7.046240132155372,285217.0,57.625,6.550549171210525,151516.0,55.2675,5.257110473094031,96664.4,80.22922632884789,0.19967663702506067,0.19292604501607724,13.349963725654334,0.9999999999865229,0.849056603762142,0.014154458249711973,0,12,89.0,97.9,106.5,94.0,89.0,90.0,90.45,94.45,90.85,92.0,92.8,91.25,88.75,93.15,90.85,78.55,75.95,75.95,71.7,72.05
2021-12-14,81.0,89.0,77.55,74.2,89.0,89.0,89.0,38.55,1913612,163049794.15,11.450000000000003,6.799999999999997,8.0,0.0,3.450000000000003,74.2,74.2,63.0,771411.0,61.85,62.2,60.0,53757.0,61.55,63.9,59.05,99481.0,52.55,54.45,51.5,5004.0,75.01666666666667,13.424355974620529,912926.6666666666,69.32000000000001,11.468783719296283,666938.6,61.175,11.293937656007337,339042.4,57.082499999999996,8.830382285936919,191729.15,88.61283641323853,0.19946091644204844,0.19946091644204844,1.4806646521763365,0.999999999988764,0.8713483145969511,0.011736365629750781,1,12,97.9,106.5,94.0,89.0,90.0,90.45,94.45,90.85,92.0,92.8,91.25,88.75,93.15,90.85,78.55,75.95,75.95,71.7,72.05,75.65
2021-12-15,91.9,97.9,82.0,89.0,97.9,97.9,97.9,38.55,1213890,111780817.5,15.900000000000006,2.9000000000000057,6.0,0.0,9.900000000000006,89.0,89.0,77.55,1913612.0,74.2,74.2,63.0,771411.0,61.85,62.2,60.0,53757.0,60.0,62.9,55.0,496432.0,87.03333333333335,11.971772355559041,1299637.6666666667,76.9,15.63914959324816,810430.2,65.65,15.443356176686567,459592.4,59.407500000000006,12.34494649430962,252163.15,89.52380949993652,0.10000000000000009,0.10000000000000009,-0.36565510667784273,0.9999999999897855,0.837589376906664,0.010859555576250818,2,12,106.5,94.0,89.0,90.0,90.45,94.45,90.85,92.0,92.8,91.25,88.75,93.15,90.85,78.55,75.95,75.95,71.7,72.05,75.65,79.4
2021-12-16,101.0,106.5,93.25,97.9,94.0,95.4,106.5,38.55,729918,73835069.45,13.25,3.0999999999999943,5.599999999999994,5.5,2.1500000000000057,97.9,97.9,82.0,1213890.0,89.0,89.0,77.55,1913612.0,74.2,74.2,63.0,771411.0,61.55,63.9,59.05,99481.0,94.10000000000001,8.750428560933013,1285806.6666666667,83.67,17.864293996684903,936517.6,69.835,19.165731136588647,531755.9,61.56500000000001,15.869585898155822,287813.2,89.78032471333478,-0.025536261491317713,0.08784473953013272,-0.39869510416924103,0.8957746478789129,0.9774633123587267,0.009885790118939206,3,12,94.0,89.0,90.0,90.45,94.45,90.85,92.0,92.8,91.25,88.75,93.15,90.85,78.55,75.95,75.95,71.7,72.05,75.65,79.4,86.85
2021-12-17,93.0,94.0,85.9,95.4,89.2,90.6,106.5,38.55,406987,36357811.95,8.099999999999994,-2.4000000000000057,2.4000000000000057,1.0,4.699999999999989,95.4,106.5,93.25,729918.0,97.9,97.9,82.0,1213890.0,89.0,89.0,77.55,1913612.0,61.85,62.2,60.0,53757.0,94.63333333333333,6.395571384428855,783598.3333333334,89.42,11.983196568528413,1007163.6,73.53999999999999,19.24917314241499,570730.7,63.4625,17.05687293948345,307639.65,84.15398386431232,-0.05031446540880513,-0.11737089201877937,-0.4424209294742697,0.963829787223789,0.9481236202985859,0.011193935448032372,4,12,89.0,90.0,90.45,94.45,90.85,92.0,92.8,91.25,88.75,93.15,90.85,78.55,75.95,75.95,71.7,72.05,75.65,79.4,86.85,82.25
2021-12-20,89.0,89.0,81.55,90.6,82.7,82.35,106.5,38.55,170825,14256224.3,7.450000000000003,-1.5999999999999943,6.650000000000006,0.0,0.7999999999999972,90.6,94.0,85.9,406987.0,95.4,106.5,93.25,729918.0,97.9,97.9,82.0,1213890.0,74.2,74.2,63.0,771411.0,89.45,9.013878188659561,435910.0,91.05,7.301849080882909,887046.4,76.53999999999999,18.049383645986477,586131.7,64.945,17.58797043286595,315530.6,72.87866770784612,-0.09105960264900659,-0.05319148936170215,-0.5802691486460255,0.925280898866008,0.9902853673225224,0.011982485432696227,0,12,90.0,90.45,94.45,90.85,92.0,92.8,91.25,88.75,93.15,90.85,78.55,75.95,75.95,71.7,72.05,75.65,79.4,86.85,82.25,82.0
2021-12-21,85.4,90.0,83.0,82.35,85.6,85.9,106.5,38.55,136790,12019350.25,7.0,3.0500000000000114,0.5,4.099999999999994,2.4000000000000057,82.35,89.0,81.55,170825.0,90.6,94.0,85.9,406987.0,95.4,106.5,93.25,729918.0,89.0,89.0,77.55,1913612.0,86.28333333333335,2.6457513110634108,238200.66666666666,90.42999999999999,7.097675675880842,531682.0,79.875,15.96922039424606,599310.3,66.58500000000001,17.967414950403924,321837.65,74.71698111628622,0.04310868245294497,0.011235955056179803,-0.19923898726767164,0.9544444444338396,0.9662398137256548,0.011380814865595583,1,12,90.45,94.45,90.85,92.0,92.8,91.25,88.75,93.15,90.85,78.55,75.95,75.95,71.7,72.05,75.65,79.4,86.85,82.25,82.0,81.9
2021-12-22,87.1,90.45,86.0,85.9,87.0,88.75,106.5,38.55,90670,8025654.0,4.450000000000003,1.1999999999999886,1.6500000000000057,1.7000000000000028,1.0999999999999943,85.9,90.0,83.0,136790.0,82.35,89.0,81.55,170825.0,90.6,94.0,85.9,406987.0,97.9,97.9,82.0,1213890.0,85.66666666666667,0.7421814692697125,132761.66666666666,88.6,7.243134680508903,307038.0,82.75,14.425826569809669,558734.1,68.4375,18.18993703151621,324751.7,75.61863171675893,0.03317811408614668,0.0050000000000001155,-0.33715914906060385,0.9812050856718495,0.9690140844961237,0.011297521672377103,2,12,94.45,90.85,92.0,92.8,91.25,88.75,93.15,90.85,78.55,75.95,75.95,71.7,72.05,75.65,79.4,86.85,82.25,82.0,81.9,79.75
2021-12-23,90.85,94.45,88.35,88.75,89.5,89.9,106.5,38.55,92018,8421155.45,6.1000000000000085,2.0999999999999943,0.9499999999999886,3.6000000000000085,1.5500000000000114,88.75,90.45,86.0,90670.0,85.9,90.0,83.0,136790.0,82.35,89.0,81.55,170825.0,95.4,106.5,93.25,729918.0,88.18333333333334,2.44965984033027,106492.66666666667,87.5,2.4760351370671625,179458.0,85.585,12.38285553138353,557987.8,70.1125,18.67991744600259,317390.0,76.02004293394015,0.012957746478873267,0.04422332780541738,0.01486710047424733,0.951826363145031,0.9827586206787233,0.010927004084694813,3,12,90.85,92.0,92.8,91.25,88.75,93.15,90.85,78.55,75.95,75.95,71.7,72.05,75.65,79.4,86.85,82.25,82.0,81.9,79.75,79.8
2021-12-24,90.85,90.85,85.0,89.9,87.0,86.8,106.5,38.55,84850,7427636.05,5.849999999999994,0.9499999999999886,4.049999999999997,0.0,1.7999999999999972,89.9,94.45,88.35,92018.0,88.75,90.45,86.0,90670.0,85.9,90.0,83.0,136790.0,90.6,94.0,85.9,406987.0,88.48333333333333,2.2030282189129724,89179.33333333333,86.74,2.074548143570379,115030.6,88.08000000000001,8.139719146124305,561097.1,71.765,18.79713916502913,318829.25,74.00696862667458,-0.034482758620689724,-0.038115404976177936,-0.07789780260383838,0.955421023654866,0.9792626727997781,0.011423553796769565,4,12,92.0,92.8,91.25,88.75,93.15,90.85,78.55,75.95,75.95,71.7,72.05,75.65,79.4,86.85,82.25,82.0,81.9,79.75,79.8,83.0
2021-12-27,88.0,92.0,81.0,86.8,86.6,87.5,106.5,38.55,80823,7088509.3,11.0,1.2000000000000028,0.5,4.0,6.5,86.8,90.85,85.0,84850.0,89.9,94.45,88.35,92018.0,88.75,90.45,86.0,90670.0,82.35,89.0,81.55,170825.0,88.06666666666666,1.8387042539045664,85897.0,87.77000000000001,1.782904932965081,97030.2,89.41,5.382742485636074,492038.3,73.51750000000001,18.49405736702293,321777.15,74.18685119669735,0.008064516129032251,0.012658227848101333,-0.04746022392457283,0.9510869565114012,0.9257142857037061,0.01140197417812515,0,12,92.8,91.25,88.75,93.15,90.85,78.55,75.95,75.95,71.7,72.05,75.65,79.4,86.85,82.25,82.0,81.9,79.75,79.8,83.0,83.0
2021-12-28,87.5,92.8,87.0,87.5,88.1,88.05,106.5,38.55,66293,5928954.15,5.799999999999997,0.0,0.5499999999999972,4.75,0.5,87.5,92.0,81.0,80823.0,86.8,90.85,85.0,84850.0,89.9,94.45,88.35,92018.0,85.9,90.0,83.0,136790.0,87.45,0.9802210634988716,77322.0,88.2,1.6052258408059414,82930.8,89.315,5.166206968797265,307306.4,75.245,18.16281988887705,323174.4,71.46136188216587,0.006285714285714228,0.008695652173912993,-0.17977555893743113,0.9488146551621894,0.9880749573993404,0.011181229998211402,1,12,91.25,88.75,93.15,90.85,78.55,75.95,75.95,71.7,72.05,75.65,79.4,86.85,82.25,82.0,81.9,79.75,79.8,83.0,83.0,81.5
2021-12-29,89.85,91.25,85.4,88.05,85.7,87.55,106.5,38.55,58363,5185009.85,5.849999999999994,1.7999999999999972,2.299999999999997,1.4000000000000057,2.1499999999999915,88.05,92.8,87.0,66293.0,87.5,92.0,81.0,80823.0,86.8,90.85,85.0,84850.0,88.75,90.45,86.0,90670.0,87.69999999999999,0.7751343969447001,68493.0,87.96000000000001,1.4285482140939878,76469.4,88.28,5.004564583125248,191753.7,76.965,17.49569326705104,325673.05,70.21772937817964,-0.005678591709256109,-0.016702586206896575,-0.1196204727497624,0.959452054784006,0.9754426042150149,0.011256102049642199,2,12,88.75,93.15,90.85,78.55,75.95,75.95,71.7,72.05,75.65,79.4,86.85,82.25,82.0,81.9,79.75,79.8,83.0,83.0,81.5,81.8
2021-12-30,87.55,88.75,85.1,87.55,86.35,85.95,106.5,38.55,33785,2943954.1,3.6500000000000057,0.0,1.5999999999999943,1.2000000000000028,0.8500000000000085,87.55,91.25,85.4,58363.0,88.05,92.8,87.0,66293.0,87.5,92.0,81.0,80823.0,89.9,94.45,88.35,92018.0,87.18333333333332,2.0434855843208375,52813.666666666664,87.17,1.5250409830530023,64822.8,87.33500000000001,1.9531242777788678,122140.4,78.58500000000001,16.550783094845688,326948.15,68.36890242443346,-0.01827527127355788,-0.0273972602739726,-0.4211229717457978,0.96845070421444,0.9901105293660253,0.011476062075831952,3,12,93.15,90.85,78.55,75.95,75.95,71.7,72.05,75.65,79.4,86.85,82.25,82.0,81.9,79.75,79.8,83.0,83.0,81.5,81.8,78.55
2021-12-31,86.35,93.15,86.35,85.95,88.7,88.75,106.5,38.55,99529,8913420.4,6.800000000000011,0.3999999999999915,2.4000000000000057,4.400000000000006,0.0,85.95,88.75,85.1,33785.0,87.55,91.25,85.4,58363.0,88.05,92.8,87.0,66293.0,86.8,90.85,85.0,84850.0,87.41666666666667,2.2068076490699693,63892.333333333336,87.55999999999999,1.7497857011620603,67758.6,87.15,1.8404709542228876,91394.6,80.345,15.450620835763349,331062.65,62.979482589086295,0.03257707969749846,0.04957746478873237,1.945952345715554,0.9527643585512316,0.9729577464679102,0.01116619608786768,4,12,90.85,78.55,75.95,75.95,71.7,72.05,75.65,79.4,86.85,82.25,82.0,81.9,79.75,79.8,83.0,83.0,81.5,81.8,78.55,76.9
2022-01-03,90.85,90.85,85.25,88.75,86.85,86.3,106.5,38.55,45325,3957358.7,5.599999999999994,2.0999999999999943,4.549999999999997,0.0,1.0499999999999972,88.75,93.15,86.35,99529.0,85.95,88.75,85.1,33785.0,87.55,91.25,85.4,58363.0,87.5,92.0,81.0,80823.0,87.0,2.200757445364457,59546.333333333336,87.32,1.7579817974004275,60659.0,87.545,1.6722323735402025,78844.6,82.04249999999999,13.92310083430065,332488.15,46.9107551337128,-0.027605633802816887,-0.024691358024691468,-0.5446050899737764,0.9499174463296651,0.9878331401971282,0.011453346394907287,0,1,78.55,75.95,75.95,71.7,72.05,75.65,79.4,86.85,82.25,82.0,81.9,79.75,79.8,83.0,83.0,81.5,81.8,78.55,76.9,73.45
2022-03-29,74.85,78.55,71.4,74.85,72.7,72.8,106.5,38.55,45771,3421328.4,7.1499999999999915,0.0,2.049999999999997,3.700000000000003,1.3999999999999915,86.3,90.85,85.25,45325.0,88.75,93.15,86.35,99529.0,85.95,88.75,85.1,33785.0,88.05,92.8,87.0,66293.0,82.61666666666666,7.850053078376485,63541.666666666664,84.27,5.782992305026151,56554.6,86.235,4.428179962217265,69742.7,83.05499999999999,12.012571266013405,334526.5,24.01656314003661,-0.15643105446118188,-0.13538800220143088,0.009840044125758451,0.9267982176839363,0.9807692307557587,0.013378136983284033,1,3,75.95,75.95,71.7,72.05,75.65,79.4,86.85,82.25,82.0,81.9,79.75,79.8,83.0,83.0,81.5,81.8,78.55,76.9,73.45,72.45
2022-03-30,75.95,75.95,72.8,72.8,73.3,73.35,106.5,38.55,26527,1947358.65,3.1500000000000057,3.1500000000000057,2.6000000000000085,0.0,0.5499999999999972,72.8,78.55,71.4,45771.0,86.3,90.85,85.25,45325.0,88.75,93.15,86.35,99529.0,87.55,91.25,85.4,58363.0,77.48333333333333,7.958852513605824,39207.666666666664,81.42999999999999,7.700649323270871,50187.4,84.69500000000001,6.338979938970566,63328.4,83.7225,10.964150613896582,311031.25,26.2135922250919,0.007554945054945028,-0.03309993634627617,-0.4204408905201984,0.9657669519293511,0.9925017041446148,0.013622041322485711,2,3,75.95,71.7,72.05,75.65,79.4,86.85,82.25,82.0,81.9,79.75,79.8,83.0,83.0,81.5,81.8,78.55,76.9,73.45,72.45,72.4
2022-03-31,75.95,75.95,70.1,73.35,70.8,71.2,106.5,38.55,36463,2636660.3,5.8500000000000085,2.6000000000000085,4.75,0.0,1.1000000000000085,73.35,75.95,72.8,26527.0,72.8,78.55,71.4,45771.0,86.3,90.85,85.25,45325.0,85.95,88.75,85.1,33785.0,72.44999999999999,1.5011106998923258,36253.666666666664,78.47999999999999,8.42306357568269,50723.0,82.82499999999999,7.17123110459843,57772.9,84.205,9.889768769581407,307880.35,27.803203652420038,-0.029311520109066014,0.0,0.3745617672560033,0.9374588544972026,0.9845505617839246,0.013829236932797142,3,3,71.7,72.05,75.65,79.4,86.85,82.25,82.0,81.9,79.75,79.8,83.0,83.0,81.5,81.8,78.55,76.9,73.45,72.45,72.4,71.0
2022-04-01,70.3,71.7,67.75,71.2,68.65,68.65,106.5,38.55,88158,6071091.35,3.950000000000003,-0.9000000000000057,1.6499999999999915,1.4000000000000057,0.9000000000000057,71.2,75.95,70.1,36463.0,73.35,75.95,72.8,26527.0,72.8,78.55,71.4,45771.0,88.75,93.15,86.35,99529.0,71.06666666666666,2.4537386440556146,50382.666666666664,74.46,7.275300681071063,48448.8,81.01,8.470978232897691,58103.7,84.545,8.753857796182649,309600.4,31.973684198746554,-0.035814606741572996,-0.05595786701777483,1.4177385294682279,0.9574616457328109,0.9868900218355878,0.014520947704073008,4,4,72.05,75.65,79.4,86.85,82.25,82.0,81.9,79.75,79.8,83.0,83.0,81.5,81.8,78.55,76.9,73.45,72.45,72.4,71.0,72.2
2022-04-04,69.85,72.05,67.6,68.65,72.05,72.05,106.5,38.55,37017,2633979.5,4.450000000000003,1.1999999999999886,2.200000000000003,0.0,2.25,68.65,71.7,67.75,88158.0,71.2,75.95,70.1,36463.0,73.35,75.95,72.8,26527.0,86.3,90.85,85.25,45325.0,70.63333333333334,2.3592018424315175,53879.333333333336,71.61,2.9099828178176113,46787.2,79.465,8.996974800206992,53723.1,84.4375,8.948011760926697,272880.7,31.70409510055856,0.049526584122359774,0.004881450488144923,-0.5801061730075546,0.9999999999861207,0.9382373351708779,0.014053640128937976,0,4,75.65,79.4,86.85,82.25,82.0,81.9,79.75,79.8,83.0,83.0,81.5,81.8,78.55,76.9,73.45,72.45,72.4,71.0,72.2,69.8
2022-04-05,71.9,75.65,71.9,72.05,75.65,75.65,106.5,38.55,30538,2290362.85,3.75,-0.14999999999999147,3.75,0.0,0.0,72.05,72.05,67.6,37017.0,68.65,71.7,67.75,88158.0,71.2,75.95,70.1,36463.0,72.8,78.55,71.4,45771.0,72.11666666666666,2.1865116814991685,51904.333333333336,72.17999999999999,2.1841474309198596,43740.6,78.225,8.566797988617548,50147.6,83.77000000000001,9.377346723831085,178727.0,33.03108807092137,0.049965301873698964,0.049965301873698964,-0.1750276899802793,0.9999999999867811,0.9504296100337022,0.013333258527136863,1,4,79.4,86.85,82.25,82.0,81.9,79.75,79.8,83.0,83.0,81.5,81.8,78.55,76.9,73.45,72.45,72.4,71.0,72.2,69.8,67.65
2022-04-06,79.35,79.4,79.0,75.65,79.4,79.4,106.5,38.55,23612,1874452.15,0.4000000000000057,3.6999999999999886,0.05000000000001137,0.0,0.3499999999999943,75.65,75.65,71.9,30538.0,72.05,72.05,67.6,37017.0,68.65,71.7,67.75,88158.0,73.35,75.95,72.8,26527.0,75.7,3.6752550931871824,30389.0,73.39,3.172735412856504,43157.6,77.41,7.839288516469349,46672.5,82.845,9.217904488434067,119213.1,37.257281540737814,0.049570389953734306,0.049570389953734306,-0.22679939747200206,0.9999999999874055,0.994962216612154,0.012596747268261817,2,4,86.85,82.25,82.0,81.9,79.75,79.8,83.0,83.0,81.5,81.8,78.55,76.9,73.45,72.45,72.4,71.0,72.2,69.8,67.65,68.9
2022-04-07,86.75,86.85,79.0,79.4,82.6,80.65,106.5,38.55,37125,3052221.6,7.849999999999994,7.349999999999994,6.099999999999994,0.09999999999999432,1.6500000000000057,79.4,79.4,79.0,23612.0,75.65,75.65,71.9,30538.0,72.05,72.05,67.6,37017.0,71.2,75.95,70.1,36463.0,78.56666666666668,5.700950213195189,30425.0,75.28,6.267236232981281,43290.0,76.88000000000001,7.629249271353516,47006.5,82.10749999999999,7.952908686697308,84573.45,42.18551459744353,0.015743073047858935,0.09382871536523907,0.5722937489412163,0.9286125503635163,0.9795412275142027,0.012163271500339289,3,4,82.25,82.0,81.9,79.75,79.8,83.0,83.0,81.5,81.8,78.55,76.9,73.45,72.45,72.4,71.0,72.2,69.8,67.65,68.9,68.4
2022-04-08,80.65,82.25,77.8,80.65,80.2,80.35,106.5,38.55,28551,2292740.75,4.450000000000003,0.0,0.30000000000001137,1.5999999999999943,2.549999999999997,80.65,86.85,79.0,37125.0,79.4,79.4,79.0,23612.0,75.65,75.65,71.9,30538.0,68.65,71.7,67.75,88158.0,80.13333333333334,3.759100069608375,29762.666666666668,77.62,5.735459876940395,31368.6,76.04,6.185341093621921,39908.7,81.595,7.737211860122428,65651.65,40.82156609572523,-0.0037197768133913067,-0.052964881980425926,-0.2309494949494949,0.9768996960367549,0.9682638456631205,0.012452781676253622,4,4,82.0,81.9,79.75,79.8,83.0,83.0,81.5,81.8,78.55,76.9,73.45,72.45,72.4,71.0,72.2,69.8,67.65,68.9,68.4,72.45
2022-04-11,82.0,82.0,79.15,80.35,79.5,79.9,106.5,38.55,13245,1065550.95,2.8499999999999943,1.6500000000000057,2.0999999999999943,0.0,0.75,80.35,82.25,77.8,28551.0,80.65,86.85,79.0,37125.0,79.4,79.4,79.0,23612.0,72.05,72.05,67.6,37017.0,80.3,2.7308423608835666,26307.0,79.19000000000001,4.11409163728676,26614.2,75.4,4.756927696645661,36700.7,81.4725,7.709544665372042,57772.65,39.51093949670134,-0.005600497822028538,-0.003039513677811523,-0.5360933067143008,0.9743902438905563,0.9906132665708308,0.012430189283769105,0,4,81.9,79.75,79.8,83.0,83.0,81.5,81.8,78.55,76.9,73.45,72.45,72.4,71.0,72.2,69.8,67.65,68.9,68.4,72.45,64.5
2022-04-12,81.9,81.9,75.0,79.9,75.2,76.8,106.5,38.55,28230,2215424.15,6.900000000000006,2.0,5.1000000000000085,0.0,1.7999999999999972,79.9,82.0,79.15,13245.0,80.35,82.25,77.8,28551.0,80.65,86.85,79.0,37125.0,75.65,75.65,71.9,30538.0,79.01666666666667,0.1802775637637846,23342.0,79.42,2.701990007382102,26152.6,75.8,4.91263676654437,34946.6,81.0175,7.631317055397324,52344.65,37.03256934816752,-0.03879849812265346,-0.0012195121951218413,1.1313703284258212,0.9377289377174879,0.9765624999872843,0.012742480937566737,1,4,79.75,79.8,83.0,83.0,81.5,81.8,78.55,76.9,73.45,72.45,72.4,71.0,72.2,69.8,67.65,68.9,68.4,72.45,64.5,62.9
2022-04-13,79.55,79.75,77.0,76.8,77.4,77.4,106.5,38.55,10248,799745.8,2.75,2.75,2.1499999999999915,0.20000000000000284,0.4000000000000057,76.8,81.9,75.0,28230.0,79.9,82.0,79.15,13245.0,80.35,82.25,77.8,28551.0,79.4,79.4,79.0,23612.0,78.03333333333335,1.271154331043318,17241.0,79.02000000000001,2.605043185821058,23479.8,76.205,4.851231229744467,33318.7,80.45,7.555111549561254,48323.55,39.43139677250829,0.007812500000000222,-0.02625152625152627,-0.6369819341126461,0.9705329153483319,0.994832041330816,0.01281407167127353,2,4,79.8,83.0,83.0,81.5,81.8,78.55,76.9,73.45,72.45,72.4,71.0,72.2,69.8,67.65,68.9,68.4,72.45,64.5,62.9,65.5
2022-04-18,77.4,79.8,73.05,77.4,74.7,75.5,106.5,38.55,31444,2395536.5,6.75,0.0,1.9000000000000057,2.3999999999999915,2.450000000000003,77.4,79.75,77.0,10248.0,76.8,81.9,75.0,28230.0,79.9,82.0,79.15,13245.0,80.65,86.85,79.0,37125.0,76.56666666666666,1.2271240089454756,23307.333333333332,77.99000000000001,1.2526970902787662,22343.6,76.635,4.756168509303735,32816.8,79.72999999999999,7.1690393359220765,45294.85,33.24905182135306,-0.02454780361757114,0.0006269592476488839,2.068306010928962,0.9461152882086953,0.9675496688613568,0.013126078437961595,0,4,83.0,83.0,81.5,81.8,78.55,76.9,73.45,72.45,72.4,71.0,72.2,69.8,67.65,68.9,68.4,72.45,64.5,62.9,65.5,64.2
2022-04-19,77.75,83.0,74.55,75.5,78.4,78.6,106.5,38.55,67042,5384852.75,8.450000000000003,2.25,0.8499999999999943,4.400000000000006,3.200000000000003,75.5,79.8,73.05,31444.0,77.4,79.75,77.0,10248.0,76.8,81.9,75.0,28230.0,80.35,82.25,77.8,28551.0,77.16666666666667,1.8621224449527944,36244.666666666664,77.64,1.4484474446775306,30041.8,77.63,4.089013056690034,30705.2,79.32,6.931780359140533,44404.45,40.42288555806168,0.041059602649006655,0.040100250626566414,1.1321078743162447,0.9469879517958193,0.948473282430681,0.012450108315403795,1,4,83.0,81.5,81.8,78.55,76.9,73.45,72.45,72.4,71.0,72.2,69.8,67.65,68.9,68.4,72.45,64.5,62.9,65.5,64.2,64.0
2022-04-20,80.8,83.0,76.65,78.6,77.1,77.55,106.5,38.55,17427,1382039.6,6.349999999999994,2.200000000000003,3.25,2.200000000000003,0.8999999999999915,78.6,83.0,74.55,67042.0,75.5,79.8,73.05,31444.0,77.4,79.75,77.0,10248.0,79.9,82.0,79.15,13245.0,77.21666666666667,1.8475208614058967,38637.666666666664,77.16999999999999,1.6288032416448712,30878.2,78.17999999999999,2.9530398650286447,28746.2,78.82249999999999,6.578001616232389,41234.65,58.55855852901551,-0.013358778625954137,0.0,-0.7400584708093434,0.9343373493863332,0.9883945841265198,0.012609624210478475,2,4,81.5,81.8,78.55,76.9,73.45,72.45,72.4,71.0,72.2,69.8,67.65,68.9,68.4,72.45,64.5,62.9,65.5,64.2,64.0,62.55
2022-04-21,80.85,81.5,78.0,77.55,80.0,79.6,106.5,38.55,25892,2076328.3,3.5,3.299999999999997,1.25,0.6500000000000057,1.5999999999999943,77.55,83.0,76.65,17427.0,78.6,83.0,74.55,67042.0,75.5,79.8,73.05,31444.0,76.8,81.9,75.0,28230.0,78.58333333333333,0.8660254037823986,36787.0,77.72999999999999,1.6133815419772377,30410.6,78.575,2.1724857754306464,28281.6,78.4,6.089488354619839,39214.6,60.68376065471547,0.026434558349451853,-0.01807228915662651,0.48574051758765124,0.9766871165524331,0.979899497475127,0.012470089628889607,3,4,81.8,78.55,76.9,73.45,72.45,72.4,71.0,72.2,69.8,67.65,68.9,68.4,72.45,64.5,62.9,65.5,64.2,64.0,62.55,65.45
2022-04-22,81.8,81.8,76.7,79.6,79.5,77.8,106.5,38.55,22446,1780118.9,5.099999999999994,2.200000000000003,4.0,0.0,1.0999999999999943,79.6,81.5,78.0,25892.0,77.55,83.0,76.65,17427.0,78.6,83.0,74.55,67042.0,77.4,79.75,77.0,10248.0,78.31666666666666,0.7937253933172245,21921.666666666668,77.80999999999999,1.3198484761489826,32850.2,78.41499999999999,1.9845304510425636,28165.0,77.9125,5.657953763461811,37418.75,61.418685091354256,-0.022613065326633097,0.0036809815950920033,-0.1330913023327669,0.9511002444871504,0.9858611825066085,0.012609270088644074,4,4,78.55,76.9,73.45,72.45,72.4,71.0,72.2,69.8,67.65,68.9,68.4,72.45,64.5,62.9,65.5,64.2,64.0,62.55,65.45,64.9
2022-04-25,75.05,78.55,73.0,77.8,73.5,73.6,106.5,38.55,39705,2962437.8,5.549999999999997,-2.75,1.4500000000000028,3.5,0.5999999999999943,77.8,81.8,76.7,22446.0,79.6,81.5,78.0,25892.0,77.55,83.0,76.65,17427.0,75.5,79.8,73.05,31444.0,77.0,1.7960605038055788,29347.666666666668,77.42999999999999,1.8212632978218255,34502.4,77.71,1.4909821520668,28423.0,77.29499999999999,5.394448291384301,37714.75,58.101472968464115,-0.05398457583547567,-0.03973105134474331,0.768912055600107,0.9369828134826609,0.9918478260734803,0.013402813048091673,0,4,76.9,73.45,72.45,72.4,71.0,72.2,69.8,67.65,68.9,68.4,72.45,64.5,62.9,65.5,64.2,64.0,62.55,65.45,64.9,60.85
2022-04-26,75.65,76.9,71.9,73.6,73.0,73.1,106.5,38.55,35958,2654332.85,5.0,2.0500000000000114,2.5500000000000114,1.25,1.1999999999999886,73.6,78.55,73.0,39705.0,77.8,81.8,76.7,22446.0,79.6,81.5,78.0,25892.0,78.6,83.0,74.55,67042.0,74.83333333333333,2.493157302163416,32703.0,76.33,2.5293279739869665,28285.6,76.985,2.0052985369331164,29163.7,76.5125,4.580088484550674,34536.2,51.89873415093734,-0.006793478260869512,-0.02100572883513674,-0.09437098602191163,0.9505851755403043,0.9835841313134942,0.013546906899788392,1,4,73.45,72.45,72.4,71.0,72.2,69.8,67.65,68.9,68.4,72.45,64.5,62.9,65.5,64.2,64.0,62.55,65.45,64.9,60.85,61.65
2022-04-27,71.65,73.45,68.0,73.1,69.8,69.9,106.5,38.55,49770,3476942.8,5.450000000000003,-1.4499999999999886,1.75,1.7999999999999972,1.9000000000000057,73.1,76.9,71.9,35958.0,73.6,78.55,73.0,39705.0,77.8,81.8,76.7,22446.0,77.55,83.0,76.65,17427.0,72.19999999999999,2.6024027359342767,41811.0,74.8,3.4618275520299,34754.2,75.98499999999999,3.0148751586468614,32816.2,75.6925,4.00055917144196,34758.45,39.44954126413602,-0.04377564979480153,-0.044863459037711384,0.3841148006007009,0.9516678012123667,0.9728183118601884,0.014314299332160423,2,4,72.45,72.4,71.0,72.2,69.8,67.65,68.9,68.4,72.45,64.5,62.9,65.5,64.2,64.0,62.55,65.45,64.9,60.85,61.65,62.4
2022-04-28,70.9,72.45,68.2,69.9,70.8,69.0,106.5,38.55,19873,1394881.35,4.25,1.0,1.9000000000000057,1.5499999999999972,0.7999999999999972,69.9,73.45,68.0,49770.0,73.1,76.9,71.9,35958.0,73.6,78.55,73.0,39705.0,79.6,81.5,78.0,25892.0,70.66666666666667,2.3347019795537403,35200.333333333336,72.67999999999999,3.810282141783417,33550.4,75.205,3.7358027547269903,31980.5,75.5025,4.260741842992769,33463.55,28.688524573703305,-0.012875536480686733,-0.013614703880190593,-0.6007032348804501,0.952380952367807,0.9884057970871245,0.01424708990481519,3,4,72.4,71.0,72.2,69.8,67.65,68.9,68.4,72.45,64.5,62.9,65.5,64.2,64.0,62.55,65.45,64.9,60.85,61.65,62.4,60.25
2022-04-29,69.0,72.4,68.45,69.0,70.85,69.95,106.5,38.55,11637,823075.65,3.950000000000003,0.0,0.9500000000000028,2.450000000000003,0.5499999999999972,69.0,72.45,68.2,19873.0,69.9,73.45,68.0,49770.0,73.1,76.9,71.9,35958.0,77.8,81.8,76.7,22446.0,69.61666666666666,0.5923118547965858,27093.333333333332,71.11,2.8091368781164716,31388.6,74.46000000000001,4.262175370499472,32119.4,75.3325,4.4508211838405884,32719.05,27.800829859368818,0.013768115942029091,-0.0006901311249136732,-0.41443164091984097,0.9661602209811303,0.9785561114942307,0.014138433083277321,4,4,71.0,72.2,69.8,67.65,68.9,68.4,72.45,64.5,62.9,65.5,64.2,64.0,62.55,65.45,64.9,60.85,61.65,62.4,60.25,59.9
2022-05-02,71.0,71.0,68.45,69.95,69.0,69.15,106.5,38.55,6770,471782.8,2.549999999999997,1.0499999999999972,1.8499999999999943,0.0,0.7000000000000028,69.95,72.4,68.45,11637.0,69.0,72.45,68.2,19873.0,69.9,73.45,68.0,49770.0,73.6,78.55,73.0,39705.0,69.36666666666666,0.8231038816574033,12760.0,70.22,2.224129043017569,24801.6,73.825,4.790351993562218,29652.0,75.23,4.729982752833574,31234.4,27.235772342223555,-0.011436740528949163,-0.019337016574585753,-0.4182349402767036,0.9739436619581135,0.9898770787998571,0.014349823690053953,0,5,72.2,69.8,67.65,68.9,68.4,72.45,64.5,62.9,65.5,64.2,64.0,62.55,65.45,64.9,60.85,61.65,62.4,60.25,59.9,64.95
2022-05-04,71.7,72.2,65.95,69.15,67.0,66.5,106.5,38.55,24403,1664754.4,6.25,2.549999999999997,5.200000000000003,0.5,0.5499999999999972,69.15,71.0,68.45,6770.0,69.95,72.4,68.45,11637.0,69.0,72.45,68.2,19873.0,73.1,76.9,71.9,35958.0,68.53333333333335,0.7571877794397122,14270.0,68.9,0.8739279146442379,22490.6,72.615,4.602550621364783,25388.1,75.1225,4.694618980111044,28046.65,24.999999986940296,-0.03832248734634858,0.016901408450704203,2.604579025110783,0.9210526315661903,0.9917293232933574,0.014658618712766271,2,5,69.8,67.65,68.9,68.4,72.45,64.5,62.9,65.5,64.2,64.0,62.55,65.45,64.9,60.85,61.65,62.4,60.25,59.9,64.95,64.8
2022-05-05,68.3,69.8,65.2,66.5,65.2,66.2,106.5,38.55,19771,1329805.45,4.599999999999994,1.7999999999999972,2.0999999999999943,1.5,1.0,66.5,72.2,65.95,24403.0,69.15,71.0,68.45,6770.0,69.95,72.4,68.45,11637.0,69.9,73.45,68.0,49770.0,67.28333333333335,1.1999999999999156,16981.333333333332,68.16,1.153039461594691,16490.8,71.47999999999999,4.362049085260866,25622.5,74.83000000000001,4.875618044493156,27184.35,27.916666650381956,-0.004511278195488688,-0.033240997229917024,-0.18981272794328563,0.9484240687543206,0.9848942598038535,0.014867588337827904,3,5,67.65,68.9,68.4,72.45,64.5,62.9,65.5,64.2,64.0,62.55,65.45,64.9,60.85,61.65,62.4,60.25,59.9,64.95,64.8,64.9
2022-05-06,66.2,67.65,64.4,66.2,66.6,66.1,106.5,38.55,13042,860422.3,3.25,0.0,0.10000000000000853,1.4500000000000028,1.6999999999999886,66.2,69.8,65.2,19771.0,66.5,72.2,65.95,24403.0,69.15,71.0,68.45,6770.0,69.0,72.45,68.2,19873.0,66.26666666666667,2.2761444008088563,19072.0,67.58,1.9558885448804952,15124.6,70.13000000000001,4.268437132670257,24337.5,74.35249999999999,5.3948385420450355,26309.55,25.9574467930466,-0.0015105740181270422,-0.030802292263610198,-0.3403469728390066,0.9770879526832653,0.9742813918158204,0.015157673156541832,4,5,68.9,68.4,72.45,64.5,62.9,65.5,64.2,64.0,62.55,65.45,64.9,60.85,61.65,62.4,60.25,59.9,64.95,64.8,64.9,68.0
2022-05-09,65.05,68.9,65.05,66.1,66.3,66.5,106.5,38.55,10008,670513.15,3.8500000000000085,-1.0499999999999972,1.4500000000000028,2.4000000000000057,0.0,66.1,67.65,64.4,13042.0,66.2,69.8,65.2,19771.0,66.5,72.2,65.95,24403.0,69.95,72.4,68.45,11637.0,66.26666666666667,1.0797376224499609,14273.666666666666,66.89,1.7728508115447414,14798.8,69.0,3.3780500621253022,23093.7,73.70750000000001,5.729661398096734,25629.35,29.54545452665289,0.00605143721633894,0.018477457501847816,-0.23263303174359762,0.9651669085491266,0.9781954887070947,0.014925881766822894,0,5,68.4,72.45,64.5,62.9,65.5,64.2,64.0,62.55,65.45,64.9,60.85,61.65,62.4,60.25,59.9,64.95,64.8,64.9,68.0,69.0
2022-05-10,68.1,68.4,65.5,66.5,67.4,66.75,106.5,38.55,8109,544959.9,2.9000000000000057,1.5999999999999943,1.3499999999999943,0.30000000000001137,1.25,66.5,68.9,65.05,10008.0,66.1,67.65,64.4,13042.0,66.2,69.8,65.2,19771.0,69.15,71.0,68.45,6770.0,66.45,0.6291528696064856,10386.333333333334,66.41,1.7544229820641704,15066.6,68.31500000000001,2.771987854711678,19934.1,73.0125,5.587441274858972,24178.55,19.060052205386924,0.003759398496240518,-0.007256894049346929,-0.18974820143884896,0.9758771929681888,0.9812734082249996,0.01487999392248858,1,5,72.45,64.5,62.9,65.5,64.2,64.0,62.55,65.45,64.9,60.85,61.65,62.4,60.25,59.9,64.95,64.8,64.9,68.0,69.0,65.35
2022-05-11,72.45,72.45,60.1,66.75,61.0,61.5,106.5,38.55,23367,1474904.0,12.350000000000001,5.700000000000003,10.950000000000003,0.0,1.3999999999999986,66.75,68.4,65.5,8109.0,66.5,68.9,65.05,10008.0,66.1,67.65,64.4,13042.0,66.5,72.2,65.95,24403.0,64.91666666666667,2.208128921357066,13828.0,65.41,1.8551954074961836,14859.4,67.155,2.0349993174997727,18675.0,72.07000000000001,5.469891271891372,23919.35,15.631691639449969,-0.0786516853932584,0.05921052631578938,1.8816130225675174,0.8488612836321757,0.9772357723418337,0.015843065040165315,2,5,64.5,62.9,65.5,64.2,64.0,62.55,65.45,64.9,60.85,61.65,62.4,60.25,59.9,64.95,64.8,64.9,68.0,69.0,65.35,63.0
2022-05-12,60.0,64.5,58.5,61.5,58.65,59.65,106.5,38.55,6220,378726.65,6.0,-1.5,0.3500000000000014,4.5,1.1499999999999986,61.5,72.45,60.1,23367.0,66.75,68.4,65.5,8109.0,66.5,68.9,65.05,10008.0,66.2,69.8,65.2,19771.0,62.633333333333326,3.9752358420602816,12565.333333333334,64.1,2.847059886970259,12149.2,66.13000000000001,2.6495544698856586,14320.0,71.0575,5.821859894533405,23568.1,6.911447080053591,-0.030081300813008194,-0.1097308488612837,-0.7338126417597466,0.9248062015360494,0.9807208717354449,0.016423454752920036,3,5,62.9,65.5,64.2,64.0,62.55,65.45,64.9,60.85,61.65,62.4,60.25,59.9,64.95,64.8,64.9,68.0,69.0,65.35,63.0,62.0
2022-05-13,62.85,62.9,60.65,59.65,61.9,61.55,106.5,38.55,9405,576879.5,2.25,3.200000000000003,1.3000000000000043,0.04999999999999716,0.8999999999999986,59.65,64.5,58.5,6220.0,61.5,72.45,60.1,23367.0,66.75,68.4,65.5,8109.0,66.1,67.65,64.4,13042.0,60.9,5.114766205149034,12997.333333333334,63.19,3.788403357615879,11421.8,65.385,3.299680119176849,13273.2,70.295,6.1712278058402985,22626.85,15.053763431795602,0.0318524727577536,-0.024806201550387597,0.5120578778135048,0.9785373608747451,0.985377741657427,0.016303231437414543,4,5,65.5,64.2,64.0,62.55,65.45,64.9,60.85,61.65,62.4,60.25,59.9,64.95,64.8,64.9,68.0,69.0,65.35,63.0,62.0,61.6
2022-05-16,61.55,65.5,60.5,61.55,63.0,63.0,106.5,38.55,4597,288418.3,5.0,0.0,1.4500000000000028,2.5,1.0499999999999972,61.55,62.9,60.65,9405.0,59.65,64.5,58.5,6220.0,61.5,72.45,60.1,23367.0,66.5,68.9,65.05,10008.0,61.4,1.311487704861175,6740.666666666667,62.489999999999995,3.763641853311148,10339.6,64.69,3.2351541265021946,12569.2,69.575,6.296203429970829,22344.3,24.14634144692448,0.023558082859463925,0.04133545310015907,-0.511217437533227,0.9618320610540178,0.9603174603022172,0.015938655764908067,0,5,64.2,64.0,62.55,65.45,64.9,60.85,61.65,62.4,60.25,59.9,64.95,64.8,64.9,68.0,69.0,65.35,63.0,62.0,61.6,59.0
2022-05-17,64.2,64.2,59.2,63.0,60.95,60.95,106.5,38.55,17728,1075964.85,5.0,1.2000000000000028,3.25,0.0,1.75,63.0,65.5,60.5,4597.0,61.55,62.9,60.65,9405.0,59.65,64.5,58.5,6220.0,66.75,68.4,65.5,8109.0,61.833333333333336,1.3000000000007943,10576.666666666666,61.330000000000005,3.7720021208895833,12263.4,63.870000000000005,3.324989557210282,13665.0,68.8475,6.414733759909584,21658.5,22.448979577583444,-0.032539682539682535,-0.01984732824427482,2.856428105286056,0.9493769470257106,0.9712879409192571,0.01647637466967437,1,5,64.0,62.55,65.45,64.9,60.85,61.65,62.4,60.25,59.9,64.95,64.8,64.9,68.0,69.0,65.35,63.0,62.0,61.6,59.0,59.0
2022-05-18,60.95,64.0,60.95,60.95,62.85,62.55,106.5,38.55,15797,995202.95,3.049999999999997,0.0,1.5999999999999943,1.4500000000000028,0.0,60.95,64.2,59.2,17728.0,63.0,65.5,60.5,4597.0,61.55,62.9,60.65,9405.0,61.5,72.45,60.1,23367.0,62.166666666666664,0.8144527815259042,12707.333333333334,61.54,0.9364827814732115,10749.4,63.475,3.0803318724524185,12804.4,68.045,6.184966387178163,19096.25,32.02933983137355,0.026251025430680697,-0.0031152647975077885,-0.10892373646209386,0.977343749984729,0.9744204636135186,0.01587314426670458,2,5,62.55,65.45,64.9,60.85,61.65,62.4,60.25,59.9,64.95,64.8,64.9,68.0,69.0,65.35,63.0,62.0,61.6,59.0,59.0,58.7
2022-05-19,62.55,62.55,60.1,62.55,60.7,60.75,106.5,38.55,4821,295151.4,2.4499999999999957,0.0,1.7999999999999972,0.0,0.6499999999999986,62.55,64.0,60.95,15797.0,60.95,64.2,59.2,17728.0,63.0,65.5,60.5,4597.0,59.65,64.5,58.5,6220.0,61.416666666666664,0.9004628439505735,12782.0,61.760000000000005,1.1681181447079205,10469.6,62.92999999999999,3.1558983577495274,11309.4,67.205,5.880093536670767,18465.95,30.679156888547624,-0.02877697841726612,-0.022656250000000044,-0.6948154712920175,0.9712230215672067,0.9893004115063491,0.016333989945499103,3,5,65.45,64.9,60.85,61.65,62.4,60.25,59.9,64.95,64.8,64.9,68.0,69.0,65.35,63.0,62.0,61.6,59.0,59.0,58.7,62.5
2022-05-20,65.45,65.45,61.0,60.75,62.4,61.5,106.5,38.55,9832,611764.5,4.450000000000003,4.700000000000003,3.950000000000003,0.0,0.5,60.75,62.55,60.1,4821.0,62.55,64.0,60.95,15797.0,60.95,64.2,59.2,17728.0,61.55,62.9,60.65,9405.0,61.599999999999994,1.4500000000007298,10150.0,61.75,1.216244218895114,10555.0,62.46999999999999,3.1126132286412984,10988.4,66.3,5.381852425170453,17662.95,30.023640642064734,0.012345679012345734,0.0463629096722622,1.039410910599461,0.9396485866930534,0.9918699186830591,0.016071543870231082,4,5,64.9,60.85,61.65,62.4,60.25,59.9,64.95,64.8,64.9,68.0,69.0,65.35,63.0,62.0,61.6,59.0,59.0,58.7,62.5,59.55
2022-05-23,64.9,64.9,58.15,61.5,58.25,59.4,106.5,38.55,9926,605354.25,6.750000000000007,3.4000000000000057,5.500000000000007,0.0,1.25,61.5,65.45,61.0,9832.0,60.75,62.55,60.1,4821.0,62.55,64.0,60.95,15797.0,63.0,65.5,60.5,4597.0,60.550000000000004,1.5402921800756002,8193.0,61.029999999999994,1.096927527230404,11620.8,61.75999999999999,2.9340008710143164,10980.2,65.38,4.670435429942311,17036.95,28.285077933363425,-0.034146341463414664,-0.008403361344537785,0.009560618388934072,0.9152542372740329,0.9789562289397483,0.016397010510787662,0,5,60.85,61.65,62.4,60.25,59.9,64.95,64.8,64.9,68.0,69.0,65.35,63.0,62.0,61.6,59.0,59.0,58.7,62.5,59.55,59.5
2022-05-24,60.85,60.85,54.6,59.4,56.5,56.05,106.5,38.55,25582,1486270.25,6.25,1.4500000000000028,4.800000000000004,0.0,1.4499999999999957,59.4,64.9,58.15,9926.0,61.5,65.45,61.0,9832.0,60.75,62.55,60.1,4821.0,60.95,64.2,59.2,17728.0,58.98333333333333,2.5121372043213555,15113.333333333334,60.05,1.8658108157034448,13191.6,60.69,3.068857912789459,12727.5,64.50250000000001,4.417235233181541,16330.8,27.42980559896253,-0.056397306397306446,-0.06240369799691836,1.5772718114043927,0.9211175020390941,0.9741302408389987,0.017212212920227652,1,5,61.65,62.4,60.25,59.9,64.95,64.8,64.9,68.0,69.0,65.35,63.0,62.0,61.6,59.0,59.0,58.7,62.5,59.55,59.5,59.0
2022-05-25,60.0,61.65,53.25,56.05,55.65,56.75,106.5,38.55,25084,1485257.7,8.399999999999999,3.950000000000003,3.25,1.6499999999999986,3.5,56.05,60.85,54.6,25582.0,59.4,64.9,58.15,9926.0,61.5,65.45,61.0,9832.0,62.55,64.0,60.95,15797.0,57.4,2.1449553219906092,20197.333333333332,58.89,2.014199592889459,15049.0,60.214999999999996,1.5980891367162149,12899.2,63.685,4.1096676776899885,15787.1,29.93630571468755,0.012488849241748534,0.013147082990961234,-0.019466812602611183,0.9205190591902593,0.938325991172893,0.016888651713436655,2,5,62.4,60.25,59.9,64.95,64.8,64.9,68.0,69.0,65.35,63.0,62.0,61.6,59.0,59.0,58.7,62.5,59.55,59.5,59.0,61.8
2022-05-26,55.75,62.4,55.1,56.75,58.45,58.15,106.5,38.55,8461,486469.95,7.299999999999997,-1.0,2.3999999999999986,4.25,0.6499999999999986,56.75,61.65,53.25,25084.0,56.05,60.85,54.6,25582.0,59.4,64.9,58.15,9926.0,60.75,62.55,60.1,4821.0,56.98333333333333,0.7751343969506421,19709.0,58.36999999999999,2.0251543151068927,15777.0,60.065,1.611900189907456,13123.3,63.097500000000004,3.9742352789723894,13721.65,34.004024125712036,0.02466960352422909,0.012165450121654597,-0.662693350342848,0.9318910256260915,0.947549441084307,0.01739264676060666,3,5,60.25,59.9,64.95,64.8,64.9,68.0,69.0,65.35,63.0,62.0,61.6,59.0,59.0,58.7,62.5,59.55,59.5,59.0,61.8,61.2
2022-05-27,59.0,60.25,55.6,58.15,56.8,56.65,106.5,38.55,15566,897087.75,4.649999999999999,0.8500000000000014,2.3500000000000014,1.25,1.0499999999999972,58.15,62.4,55.1,8461.0,56.75,61.65,53.25,25084.0,56.05,60.85,54.6,25582.0,61.5,65.45,61.0,9832.0,57.18333333333334,1.0912531023259844,16370.333333333334,57.4,1.808106744635475,16923.8,59.575,1.9022282255879999,13739.4,62.480000000000004,3.9827085137203175,13506.3,31.02119458827373,-0.02579535683576961,-0.034455128205128194,0.8397352558799196,0.9402489626399959,0.9814651367876177,0.01735170277378103,4,5,59.9,64.95,64.8,64.9,68.0,69.0,65.35,63.0,62.0,61.6,59.0,59.0,58.7,62.5,59.55,59.5,59.0,61.8,61.2,59.95
2022-05-30,57.0,59.9,56.2,56.65,59.4,59.5,106.5,38.55,15937,918303.8,3.6999999999999957,0.3500000000000014,2.5,0.3999999999999986,0.7999999999999972,56.65,60.25,55.6,15566.0,58.15,62.4,55.1,8461.0,56.75,61.65,53.25,25084.0,59.4,64.9,58.15,9926.0,58.1,1.3536986370691582,13321.333333333334,57.42,1.0218855121766357,18126.0,59.225,1.96497808865399,14873.4,61.9575,3.9219515483194765,13721.3,37.30297721463251,0.05030891438658425,-0.0058091286307053736,0.02383399717332657,0.993322203656205,0.944537815110176,0.017354823098848095,0,5,64.95,64.8,64.9,68.0,69.0,65.35,63.0,62.0,61.6,59.0,59.0,58.7,62.5,59.55,59.5,59.0,61.8,61.2,59.95,69.45
2022-05-31,64.95,64.95,56.05,59.5,63.95,62.85,106.5,38.55,34976,2153448.0,8.900000000000006,5.450000000000003,2.1000000000000014,0.0,6.800000000000004,59.5,59.9,56.2,15937.0,56.65,60.25,55.6,15566.0,58.15,62.4,55.1,8461.0,56.05,60.85,54.6,25582.0,59.666666666666664,2.8200177304411946,22159.666666666668,58.779999999999994,2.019467751660407,20004.8,59.415,2.0448852181863324,16598.2,61.6425,3.7002275890171163,15131.6,52.53283299304092,0.05630252100840338,0.08430717863105186,1.1946414005145258,0.9676674364747087,0.8918058870184279,0.016241859566611307,1,5,64.8,64.9,68.0,69.0,65.35,63.0,62.0,61.6,59.0,59.0,58.7,62.5,59.55,59.5,59.0,61.8,61.2,59.95,69.45,66.7
2022-06-01,64.1,64.8,61.6,62.85,62.45,62.15,106.5,38.55,12164,771994.1,3.1999999999999957,1.249999999999993,1.9499999999999957,0.7000000000000028,0.5499999999999972,62.85,64.95,56.05,34976.0,59.5,59.9,56.2,15937.0,56.65,60.25,55.6,15566.0,56.75,61.65,53.25,25084.0,61.5,2.8732965968266595,21025.666666666668,59.86,2.4040070715362303,17420.8,59.375,2.116233551488554,16234.9,61.425,3.3096350570000026,14519.65,54.901960754171476,-0.011137629276054106,-0.002309468822170979,-0.6522186642268984,0.9591049382568039,0.9911504424619285,0.015756597103527066,2,6,64.9,68.0,69.0,65.35,63.0,62.0,61.6,59.0,59.0,58.7,62.5,59.55,59.5,59.0,61.8,61.2,59.95,69.45,66.7,65.35
2022-06-02,63.4,64.9,61.2,62.15,64.4,64.3,106.5,38.55,13184,834348.1,3.700000000000003,1.25,0.8999999999999986,0.6000000000000085,2.1999999999999957,62.15,64.8,61.6,12164.0,62.85,64.95,56.05,34976.0,59.5,59.9,56.2,15937.0,58.15,62.4,55.1,8461.0,63.1,0.0763762615952509,20108.0,61.089999999999996,2.637091200545802,18365.4,59.73,2.217161598882002,17071.2,61.33,3.0943879592097607,14190.3,55.33980579515506,0.03459372485921164,0.0015432098765433278,0.08385399539625116,0.9907550076888942,0.951788491431543,0.01580155812663801,3,6,68.0,69.0,65.35,63.0,62.0,61.6,59.0,59.0,58.7,62.5,59.55,59.5,59.0,61.8,61.2,59.95,69.45,66.7,65.35,64.45
2022-06-03,62.55,68.0,61.9,64.3,65.0,64.15,106.5,38.55,15550,1006510.05,6.100000000000001,-1.75,1.6000000000000085,3.8499999999999943,0.6499999999999986,64.3,64.9,61.2,13184.0,62.15,64.8,61.6,12164.0,62.85,64.95,56.05,34976.0,56.65,60.25,55.6,15566.0,63.53333333333334,1.819340539866494,13632.666666666666,62.59000000000001,2.909553230308007,18362.2,59.995000000000005,2.636580276713953,17643.0,61.2325,3.1137418258249707,14315.7,52.35173821133236,-0.00233281493001547,0.04776579352850541,0.17945995145631066,0.9433823529273032,0.9649259547784109,0.01544942348066965,4,6,69.0,65.35,63.0,62.0,61.6,59.0,59.0,58.7,62.5,59.55,59.5,59.0,61.8,61.2,59.95,69.45,66.7,65.35,64.45,62.6
2022-06-06,69.0,69.0,62.7,64.15,63.0,63.1,106.5,38.55,25682,1647105.55,6.299999999999997,4.849999999999994,5.899999999999999,0.0,0.3999999999999986,64.15,68.0,61.9,15550.0,64.3,64.9,61.2,13184.0,62.15,64.8,61.6,12164.0,59.5,59.9,56.2,15937.0,63.85,2.1377558326435153,18138.666666666668,63.31,2.012958022412628,20311.2,60.36500000000001,3.1822598539056006,19218.6,61.0625,3.1211281276920957,15099.4,54.58422171581326,-0.016367887763055422,0.014705882352941124,0.6515755627009647,0.9144927536099349,0.9936608557687218,0.015592200511982965,0,6,65.35,63.0,62.0,61.6,59.0,59.0,58.7,62.5,59.55,59.5,59.0,61.8,61.2,59.95,69.45,66.7,65.35,64.45,62.6,72.4
2022-06-07,65.35,65.35,61.9,63.1,61.9,62.1,106.5,38.55,14928,936849.3,3.4499999999999957,2.249999999999993,3.249999999999993,0.0,0.20000000000000284,63.1,69.0,62.7,25682.0,64.15,68.0,61.9,15550.0,64.3,64.9,61.2,13184.0,62.85,64.95,56.05,34976.0,63.116666666666674,1.88613361138636,18720.0,63.160000000000004,1.9514097468228828,16301.6,60.96999999999999,3.054795865156844,18153.2,60.83,2.996555039584661,15440.35,49.01531725662082,-0.015847860538827252,-0.05289855072463778,-0.41873685850011677,0.9502677888148391,0.9967793880676847,0.015934259650938504,1,6,63.0,62.0,61.6,59.0,59.0,58.7,62.5,59.55,59.5,59.0,61.8,61.2,59.95,69.45,66.7,65.35,64.45,62.6,72.4,68.8
2022-06-08,59.6,63.0,59.6,62.1,60.2,60.65,106.5,38.55,5637,346113.85,3.3999999999999986,-2.5,1.0499999999999972,2.3500000000000014,0.0,62.1,65.35,61.9,14928.0,63.1,69.0,62.7,25682.0,64.15,68.0,61.9,15550.0,62.15,64.8,61.6,12164.0,61.949999999999996,3.0233811095088634,15415.666666666666,62.86,2.4300205760436304,14996.2,61.36,2.9619297388323322,16208.5,60.7875,2.3370288717440904,14553.85,49.77777774680494,-0.023349436392914646,-0.035960214231063437,-0.622387459807074,0.9626984126831318,0.9826875515089418,0.016286548486863454,2,6,62.0,61.6,59.0,59.0,58.7,62.5,59.55,59.5,59.0,61.8,61.2,59.95,69.45,66.7,65.35,64.45,62.6,72.4,68.8,70.0
2022-06-09,60.6,62.0,60.0,60.65,60.8,61.05,106.5,38.55,2992,181732.0,2.0,-0.04999999999999716,0.44999999999999574,0.9500000000000028,0.6000000000000014,60.65,63.0,59.6,5637.0,62.1,65.35,61.9,14928.0,63.1,69.0,62.7,25682.0,64.3,64.9,61.2,13184.0,61.26666666666667,1.7197383521926168,7852.333333333333,62.21,3.0421209706380097,12957.8,61.65,2.9923095873703054,15661.6,60.857499999999995,2.3727884440036,14392.45,48.98419861463752,0.0065952184666115965,-0.015873015873015928,-0.4692212169593756,0.9846774193389568,0.9828009827848846,0.016463803843021502,3,6,61.6,59.0,59.0,58.7,62.5,59.55,59.5,59.0,61.8,61.2,59.95,69.45,66.7,65.35,64.45,62.6,72.4,68.8,70.0,67.6
2022-06-10,61.05,61.6,58.55,61.05,59.5,59.0,106.5,38.55,22809,1355513.0,3.0500000000000043,0.0,2.049999999999997,0.5500000000000043,0.45000000000000284,61.05,62.0,60.0,2992.0,60.65,63.0,59.6,5637.0,62.1,65.35,61.9,14928.0,64.15,68.0,61.9,15550.0,60.23333333333333,0.7211102550944891,10479.333333333334,61.17999999999999,3.057858727932965,14409.6,61.885000000000005,2.81898326824908,16385.9,60.73,2.4169290541156974,15062.65,49.09502259333347,-0.03357903357903358,-0.006451612903225823,6.623328877005347,0.9577922077766593,0.9923728813391124,0.016826839727837346,4,6,59.0,59.0,58.7,62.5,59.55,59.5,59.0,61.8,61.2,59.95,69.45,66.7,65.35,64.45,62.6,72.4,68.8,70.0,67.6,68.85
2022-06-13,59.0,59.0,55.15,59.0,55.55,56.0,106.5,38.55,10651,603422.6,3.8500000000000014,0.0,3.0,0.0,0.8500000000000014,59.0,61.6,58.55,22809.0,61.05,62.0,60.0,2992.0,60.65,63.0,59.6,5637.0,63.1,69.0,62.7,25682.0,58.68333333333333,1.6289055630502438,12150.666666666666,59.760000000000005,2.3022814771431026,11403.4,61.535000000000004,2.9862462501723215,15857.3,60.379999999999995,2.6010056253601013,15365.35,49.88505743915445,-0.05084745762711862,-0.04220779220779225,-0.5330352054013767,0.949152542356794,0.9848214285538425,0.01765097959539464,0,6,59.0,58.7,62.5,59.55,59.5,59.0,61.8,61.2,59.95,69.45,66.7,65.35,64.45,62.6,72.4,68.8,70.0,67.6,68.85,66.0
2022-06-14,59.0,59.0,53.2,56.0,54.15,54.4,106.5,38.55,48510,2667674.95,5.799999999999997,3.0,4.600000000000001,0.0,1.1999999999999957,56.0,59.0,55.15,10651.0,59.0,61.6,58.55,22809.0,61.05,62.0,60.0,2992.0,62.1,65.35,61.9,14928.0,56.46666666666667,1.50111069989399,27323.333333333332,58.21999999999999,1.8253766734557841,18119.8,60.69,3.3978792405462044,17210.7,60.052499999999995,2.7748624906654817,16904.45,44.81236200320648,-0.02857142857142858,0.0,3.5545019247019063,0.922033898289457,0.9779411764526115,0.018184374374396694,1,6,58.7,62.5,59.55,59.5,59.0,61.8,61.2,59.95,69.45,66.7,65.35,64.45,62.6,72.4,68.8,70.0,67.6,68.85,66.0,67.8
2022-06-15,56.9,58.7,54.5,54.4,58.0,57.8,106.5,38.55,29306,1688369.9,4.200000000000003,2.5,0.8999999999999986,0.9000000000000057,2.3999999999999986,54.4,59.0,53.2,48510.0,56.0,59.0,55.15,10651.0,59.0,61.6,58.55,22809.0,60.65,63.0,59.6,5637.0,56.06666666666666,0.1732050807657735,29489.0,57.65,1.5993748778809447,22853.6,60.254999999999995,3.7051353251641466,18924.9,59.815,2.940321992750044,17579.9,49.29006082393262,0.0625,-0.005084745762711784,-0.39587713873428154,0.9846678023682339,0.9429065743781505,0.017357570755081566,2,6,62.5,59.55,59.5,59.0,61.8,61.2,59.95,69.45,66.7,65.35,64.45,62.6,72.4,68.8,70.0,67.6,68.85,66.0,67.8,67.0
2022-06-16,62.5,62.5,54.5,57.8,56.3,57.35,106.5,38.55,25735,1484050.45,8.0,4.700000000000003,5.149999999999999,0.0,2.8500000000000014,57.8,58.7,54.5,29306.0,54.4,59.0,53.2,48510.0,56.0,59.0,55.15,10651.0,61.05,62.0,60.0,2992.0,56.51666666666667,2.112660250332778,34517.0,56.910000000000004,1.75869269629366,27402.2,59.56,3.6496613237092554,20180.0,59.644999999999996,2.9406676649676737,18625.6,51.483050816916844,-0.007785467128027634,0.06473594548551964,-0.12185218044086532,0.9175999999853185,0.9503051438369607,0.017341054679104732,3,6,59.55,59.5,59.0,61.8,61.2,59.95,69.45,66.7,65.35,64.45,62.6,72.4,68.8,70.0,67.6,68.85,66.0,67.8,67.0,66.0
2022-06-17,58.5,59.55,56.25,57.35,58.8,58.4,106.5,38.55,9894,571241.65,3.299999999999997,1.1499999999999986,0.10000000000000142,1.0499999999999972,2.1499999999999986,57.35,62.5,54.5,25735.0,57.8,58.7,54.5,29306.0,54.4,59.0,53.2,48510.0,59.0,61.6,58.55,22809.0,57.85,1.9943670675186107,21645.0,56.79,1.5676415406580528,24819.2,58.98499999999999,3.274751898999575,19614.4,59.489999999999995,2.968257507625624,18628.7,47.47706418969363,0.018308631211856996,-0.04720000000000002,-0.6155430347775404,0.9806884970448247,0.9631849314903566,0.01732016564268376,4,6,59.5,59.0,61.8,61.2,59.95,69.45,66.7,65.35,64.45,62.6,72.4,68.8,70.0,67.6,68.85,66.0,67.8,67.0,66.0,69.7
2022-06-20,56.85,59.5,54.65,58.4,57.0,56.15,106.5,38.55,8884,498771.2,4.850000000000001,-1.5499999999999972,0.7000000000000028,2.6499999999999986,1.5,58.4,59.55,56.25,9894.0,57.35,62.5,54.5,25735.0,57.8,58.7,54.5,29306.0,56.0,59.0,55.15,10651.0,57.300000000000004,1.7177989793151187,14837.666666666666,56.81999999999999,1.523154621171709,24465.8,58.29,2.2153755638469304,17934.6,59.32750000000001,2.9949474997590033,18576.6,33.81642509790193,-0.03852739726027399,-0.0008396305625524292,-0.10208206994137858,0.9436974789757362,0.9732858414786593,0.017811774216313976,0,6,59.0,61.8,61.2,59.95,69.45,66.7,65.35,64.45,62.6,72.4,68.8,70.0,67.6,68.85,66.0,67.8,67.0,66.0,69.7,73.6
2022-06-21,55.25,59.0,55.2,56.15,59.0,58.85,106.5,38.55,3985,230047.95,3.799999999999997,-0.8999999999999986,3.6000000000000014,0.14999999999999858,0.04999999999999716,56.15,59.5,54.65,8884.0,58.4,59.55,56.25,9894.0,57.35,62.5,54.5,25735.0,54.4,59.0,53.2,48510.0,57.800000000000004,0.3041381265198047,7587.666666666667,57.71,1.523154621171709,15560.8,57.96500000000001,1.682268640193632,16840.3,59.467499999999994,3.071150778659372,17496.75,42.731277506685565,0.048085485307212794,-0.008403361344537785,-0.5514407924358398,0.9974576271017381,0.9379779099245884,0.01732247559693526,1,6,61.8,61.2,59.95,69.45,66.7,65.35,64.45,62.6,72.4,68.8,70.0,67.6,68.85,66.0,67.8,67.0,66.0,69.7,73.6,73.95
2022-06-22,61.8,61.8,52.2,58.85,56.5,58.25,106.5,38.55,4609,263049.55,9.599999999999994,2.9499999999999957,3.549999999999997,0.0,6.049999999999997,58.85,59.0,55.2,3985.0,56.15,59.5,54.65,8884.0,58.4,59.55,56.25,9894.0,57.8,58.7,54.5,29306.0,57.75,1.493318452307747,5826.0,57.8,1.568279311856341,10621.4,57.725,1.5088719112123414,16737.5,59.5425,3.0697848373078735,16473.0,35.69739950355728,-0.010195412064570974,0.047457627118643986,0.1565872020075283,0.9425566342889555,0.8961373390404097,0.017521413741251345,2,6,61.2,59.95,69.45,66.7,65.35,64.45,62.6,72.4,68.8,70.0,67.6,68.85,66.0,67.8,67.0,66.0,69.7,73.6,73.95,79.4
2022-06-23,58.25,61.2,56.55,58.25,58.1,58.4,106.5,38.55,8073,479625.3,4.650000000000006,0.0,0.14999999999999858,2.8000000000000043,1.7000000000000028,58.25,61.8,52.2,4609.0,58.85,59.0,55.2,3985.0,56.15,59.5,54.65,8884.0,57.35,62.5,54.5,25735.0,58.5,1.4742229591673102,5555.666666666667,58.010000000000005,1.2157302332329547,7089.0,57.46,1.4255700614144258,17245.6,59.55500000000001,3.0786189658415033,16453.6,36.40661936124382,0.0025751072961373023,-0.009708737864077555,0.7515730093295725,0.9542483659974796,0.9683219177916383,0.01683188939365789,3,6,59.95,69.45,66.7,65.35,64.45,62.6,72.4,68.8,70.0,67.6,68.85,66.0,67.8,67.0,66.0,69.7,73.6,73.95,79.4,82.0
2022-06-24,57.4,59.95,57.4,58.4,58.5,57.9,106.5,38.55,4720,274314.65,2.5500000000000043,-1.0,0.5,2.0500000000000043,0.0,58.4,61.2,56.55,8073.0,58.25,61.8,52.2,4609.0,58.85,59.0,55.2,3985.0,58.4,59.55,56.25,9894.0,58.18333333333334,0.9438396756525705,5800.666666666667,57.910000000000004,1.1738824472649019,6054.2,57.35,1.336288392027625,15436.7,59.61749999999999,3.089332239207597,15911.3,37.37864075129606,-0.008561643835616417,-0.020424836601307228,-0.4153350675089805,0.9658048373483602,0.991364421399113,0.01720651813528728,4,6,69.45,66.7,65.35,64.45,62.6,72.4,68.8,70.0,67.6,68.85,66.0,67.8,67.0,66.0,69.7,73.6,73.95,79.4,82.0,82.5
2022-06-27,61.0,69.45,56.7,57.9,63.0,63.75,106.5,43.65,210238,13759268.35,12.75,3.1000000000000014,2.75,5.700000000000003,4.299999999999997,57.9,59.95,57.4,4720.0,58.4,61.2,56.55,8073.0,58.25,61.8,52.2,4609.0,56.15,59.5,54.65,8884.0,60.01666666666667,5.1619602219830645,74343.66666666667,59.42999999999999,4.153101250872199,46325.0,58.125,3.215159405068625,35395.4,59.83,3.436142076285263,25626.35,53.241650265407344,0.10103626943005195,0.1584653878231861,43.54194915254237,0.9179265658615129,0.8894117646919308,0.015279736876416105,0,6,66.7,65.35,64.45,62.6,72.4,68.8,70.0,67.6,68.85,66.0,67.8,67.0,66.0,69.7,73.6,73.95,79.4,82.0,82.5,85.0
2022-06-28,64.0,66.7,61.0,63.75,64.85,64.2,106.5,43.65,63439,4099499.25,5.700000000000003,0.25,0.20000000000000284,2.5,3.0,63.75,69.45,56.7,210238.0,57.9,59.95,57.4,4720.0,58.4,61.2,56.55,8073.0,58.85,59.0,55.2,3985.0,61.949999999999996,4.888336458687667,92799.0,60.5,4.059341079534448,58215.8,59.105,3.56830569816501,36888.3,59.8975,3.518746786480291,27049.5,57.25971366864476,0.007058823529411784,-0.0395968322534197,-0.6982515054366956,0.9625187406152546,0.9501557632250753,0.015474816832811955,1,6,65.35,64.45,62.6,72.4,68.8,70.0,67.6,68.85,66.0,67.8,67.0,66.0,69.7,73.6,73.95,79.4,82.0,82.5,85.0,86.4
2022-06-29,64.0,65.35,62.05,64.2,63.5,63.9,106.5,43.65,4719,301141.65,3.299999999999997,-0.20000000000000284,0.10000000000000142,1.3499999999999943,1.8500000000000014,64.2,66.7,61.0,63439.0,63.75,69.45,56.7,210238.0,57.9,59.95,57.4,4720.0,58.25,61.8,52.2,4609.0,63.949999999999996,2.0894576648821466,92798.66666666667,61.629999999999995,3.925971217418149,58237.8,59.71500000000001,3.5386752072242538,34429.6,59.985,3.5377094507451696,26677.25,55.85215602538274,-0.004672897196261738,-0.020239880059970128,-0.9256135815507811,0.9778117826935301,0.971048513286838,0.015670366420586404,2,6,64.45,62.6,72.4,68.8,70.0,67.6,68.85,66.0,67.8,67.0,66.0,69.7,73.6,73.95,79.4,82.0,82.5,85.0,86.4,84.0
2022-06-30,63.95,64.45,62.05,63.9,62.3,62.45,106.5,43.65,9820,620390.1,2.4000000000000057,0.05000000000000426,1.5,0.5,0.4000000000000057,63.9,65.35,62.05,4719.0,64.2,66.7,61.0,63439.0,63.75,69.45,56.7,210238.0,58.4,61.2,56.55,8073.0,63.51666666666667,1.1324751652913667,25992.666666666668,62.44,3.4805890306089866,58587.2,60.225,3.5920011445186986,32838.1,59.8925,3.5249076135705284,26509.05,57.26315786098173,-0.022691705790297223,-0.013771996939556108,1.0809493536766266,0.9689681923821727,0.9935948758848103,0.015828750329832768,3,6,62.6,72.4,68.8,70.0,67.6,68.85,66.0,67.8,67.0,66.0,69.7,73.6,73.95,79.4,82.0,82.5,85.0,86.4,84.0,85.55
2022-07-01,60.2,62.6,60.2,62.45,62.05,62.1,106.5,43.65,7927,489039.85,2.3999999999999986,-2.25,1.8999999999999986,0.5,0.0,62.45,64.45,62.05,9820.0,63.9,65.35,62.05,4719.0,64.2,66.7,61.0,63439.0,57.9,59.95,57.4,4720.0,62.81666666666666,1.4020817855372358,7488.666666666667,63.28000000000001,2.566953447181209,59228.6,60.59499999999999,3.420688689593451,32641.4,59.79,3.3017579049886168,26127.9,64.4549762605512,-0.005604483586869491,-0.028704422032583388,-0.1927698574338086,0.9920127795368688,0.9694041867798808,0.016209313003838,4,7,72.4,68.8,70.0,67.6,68.85,66.0,67.8,67.0,66.0,69.7,73.6,73.95,79.4,82.0,82.5,85.0,86.4,84.0,85.55,84.35
2022-07-04,62.0,72.4,62.0,62.1,65.1,67.0,106.5,43.65,144275,9858695.45,10.400000000000006,-0.10000000000000142,5.0,5.400000000000006,0.0,62.1,62.6,60.2,7927.0,62.45,64.45,62.05,9820.0,63.9,65.35,62.05,4719.0,63.75,69.45,56.7,210238.0,63.85,5.206806442852936,54007.333333333336,63.93000000000001,3.7210549579380525,46036.0,61.67999999999999,4.278875760965651,46180.5,59.985,3.7163543256370426,32057.55,75.81967208764445,0.07890499194847012,0.1565495207667733,17.20045414406459,0.9254143646281019,0.9253731343145466,0.014634289164495896,0,7,68.8,70.0,67.6,68.85,66.0,67.8,67.0,66.0,69.7,73.6,73.95,79.4,82.0,82.5,85.0,86.4,84.0,85.55,84.35,93.1
2022-07-05,65.7,68.8,65.05,67.0,65.2,65.25,106.5,43.65,16496,1096741.0,3.75,-1.2999999999999972,0.45000000000000284,3.0999999999999943,0.20000000000000284,67.0,72.4,62.0,144275.0,62.1,62.6,60.2,7927.0,62.45,64.45,62.05,9820.0,64.2,66.7,61.0,63439.0,64.78333333333335,4.957149718672468,56232.666666666664,64.14,3.89207528190235,36647.4,62.32000000000001,4.048744661414824,47431.6,60.142500000000005,3.922387665695088,32135.95,66.37362633278107,-0.026119402985074647,-0.04972375690607744,-0.8856627967423324,0.9484011627769128,0.9969348658851044,0.01504092579743074,1,7,70.0,67.6,68.85,66.0,67.8,67.0,66.0,69.7,73.6,73.95,79.4,82.0,82.5,85.0,86.4,84.0,85.55,84.35,93.1,90.0
2022-07-06,65.2,70.0,64.0,65.25,64.15,65.4,106.5,43.65,18536,1242442.5,6.0,-0.04999999999999716,0.20000000000000284,4.599999999999994,1.2000000000000028,65.25,68.8,65.05,16496.0,67.0,72.4,62.0,144275.0,62.1,62.6,60.2,7927.0,63.9,65.35,62.05,4719.0,65.88333333333333,1.8330302779825154,59769.0,64.44000000000001,4.035777496343798,39410.8,63.035000000000004,4.097953418747461,48824.3,60.379999999999995,4.238187143479496,32780.9,67.92873046988855,0.0022988505747127963,0.01744186046511631,0.12366634335596505,0.9342857142723674,0.9785932721562904,0.01491900027566667,2,7,67.6,68.85,66.0,67.8,67.0,66.0,69.7,73.6,73.95,79.4,82.0,82.5,85.0,86.4,84.0,85.55,84.35,93.1,90.0,88.45
2022-07-07,67.6,67.6,62.65,65.4,63.55,63.4,106.5,43.65,41785,2690611.45,4.949999999999996,2.1999999999999886,4.199999999999996,0.0,0.75,65.4,70.0,64.0,18536.0,65.25,68.8,65.05,16496.0,67.0,72.4,62.0,144275.0,62.45,64.45,62.05,9820.0,64.68333333333332,1.20000000000043,25605.666666666668,64.63,3.6375816142039827,45803.8,63.535000000000004,3.7329017607696833,52195.5,60.4975,4.340060483449167,34720.55,60.68376064745416,-0.030581039755351758,-0.034285714285714364,1.2542619766940009,0.9378698224713333,0.9881703469875683,0.015529927221561471,3,7,68.85,66.0,67.8,67.0,66.0,69.7,73.6,73.95,79.4,82.0,82.5,85.0,86.4,84.0,85.55,84.35,93.1,90.0,88.45,89.7
2022-07-08,62.5,68.85,61.5,63.4,62.0,62.2,106.5,43.65,28534,1799078.45,7.349999999999994,-0.8999999999999986,0.29999999999999716,6.349999999999994,0.7000000000000028,63.4,67.6,62.65,41785.0,65.4,70.0,64.0,18536.0,65.25,68.8,65.05,16496.0,62.1,62.6,60.2,7927.0,63.66666666666668,1.200347172002484,29618.333333333332,64.65,1.8150757559932695,49925.2,63.964999999999996,2.906238500574952,54576.9,60.657500000000006,4.477352366133736,35006.8,63.53467557541452,-0.018927444794952564,0.01849112426035493,-0.3171233696302501,0.903413217125586,0.9887459806914992,0.015860342276902927,4,7,66.0,67.8,67.0,66.0,69.7,73.6,73.95,79.4,82.0,82.5,85.0,86.4,84.0,85.55,84.35,93.1,90.0,88.45,89.7,86.3
2022-07-11,66.0,66.0,63.55,62.2,63.8,63.85,106.5,43.65,12704,817034.05,2.450000000000003,3.799999999999997,2.1499999999999986,0.0,0.30000000000000426,62.2,68.85,61.5,28534.0,63.4,67.6,62.65,41785.0,65.4,70.0,64.0,18536.0,67.0,72.4,62.0,144275.0,63.15,1.4285773809404558,27674.333333333332,64.02000000000001,1.5173990905476562,23611.0,63.975,2.869402764030194,34823.5,61.05,4.352597530573552,35109.45,61.737089161299565,0.026527331189710512,-0.04139433551198246,-0.5547767575523936,0.9674242424095845,0.9953014878465889,0.015548923573013858,0,7,67.8,67.0,66.0,69.7,73.6,73.95,79.4,82.0,82.5,85.0,86.4,84.0,85.55,84.35,93.1,90.0,88.45,89.7,86.3,85.5
2022-07-12,65.0,67.8,63.1,63.85,65.25,66.0,106.5,43.65,29909,1972289.6,4.699999999999996,1.1499999999999986,1.0,1.7999999999999972,1.8999999999999986,63.85,66.0,63.55,12704.0,62.2,68.85,61.5,28534.0,63.4,67.6,62.65,41785.0,65.25,68.8,65.05,16496.0,64.01666666666667,1.4413535305404233,23715.666666666668,64.17,1.4924811556582231,26293.6,64.155,2.8659931379311727,31470.5,61.629999999999995,4.2459454343615946,34179.4,66.95842446663377,0.033672670321065024,0.027272727272727337,1.3542978589420653,0.9734513274192707,0.9560606060461203,0.01516460868627,1,7,67.0,66.0,69.7,73.6,73.95,79.4,82.0,82.5,85.0,86.4,84.0,85.55,84.35,93.1,90.0,88.45,89.7,86.3,85.5,85.1
2022-07-13,67.0,67.0,61.0,66.0,65.85,65.45,106.5,43.65,39509,2553881.55,6.0,1.0,1.5499999999999972,0.0,4.450000000000003,66.0,67.8,63.1,29909.0,63.85,66.0,63.55,12704.0,62.2,68.85,61.5,28534.0,65.4,70.0,64.0,18536.0,65.10000000000001,0.9018499505654116,27374.0,64.17999999999999,1.0499999999976406,30488.2,64.31,2.782085548649055,34949.5,62.0125,4.03845006745974,34689.55,65.16129028334373,-0.008333333333333304,-0.01179941002949847,0.3209736199806079,0.9768656716272109,0.9320091672890448,0.015470177150541688,2,7,66.0,69.7,73.6,73.95,79.4,82.0,82.5,85.0,86.4,84.0,85.55,84.35,93.1,90.0,88.45,89.7,86.3,85.5,85.1,84.5
2022-07-14,65.95,66.0,64.1,65.45,65.0,64.95,106.5,43.65,34030,2212786.25,1.9000000000000057,0.5,1.0,0.04999999999999716,0.8500000000000085,65.45,67.0,61.0,39509.0,66.0,67.8,63.1,29909.0,63.85,66.0,63.55,12704.0,63.4,67.6,62.65,41785.0,65.46666666666665,0.9018499505654116,34482.666666666664,64.49000000000001,1.2224974437581098,28937.2,64.56,2.629158082395227,37370.5,62.392500000000005,3.9989143263479474,35104.3,65.16129028334373,-0.007639419404125269,-0.014925373134328401,-0.1386772634083373,0.9840909090759986,0.9869130099925031,0.015378801273733506,3,7,69.7,73.6,73.95,79.4,82.0,82.5,85.0,86.4,84.0,85.55,84.35,93.1,90.0,88.45,89.7,86.3,85.5,85.1,84.5,83.5
2022-07-15,64.95,69.7,64.55,64.95,67.7,67.95,106.5,43.65,37241,2510495.6,5.150000000000006,0.0,3.0,1.75,0.4000000000000057,64.95,66.0,64.1,34030.0,65.45,67.0,61.0,39509.0,66.0,67.8,63.1,29909.0,62.2,68.85,61.5,28534.0,66.11666666666666,1.9139836293277674,36926.666666666664,65.64000000000001,1.5394804318324693,30678.6,65.14500000000001,1.9745674631849548,40301.9,62.870000000000005,3.886626022928175,36471.65,60.29411760568051,0.04618937644341803,0.056060606060606144,0.09435791948280925,0.9748923959687963,0.9499632082273735,0.01483412279232833,4,7,73.6,73.95,79.4,82.0,82.5,85.0,86.4,84.0,85.55,84.35,93.1,90.0,88.45,89.7,86.3,85.5,85.1,84.5,83.5,89.9
2022-07-18,69.35,73.6,68.2,67.95,72.25,72.35,106.5,43.65,73271,5245893.55,5.3999999999999915,1.3999999999999915,3.0,1.25,1.1499999999999915,67.95,69.7,64.55,37241.0,64.95,66.0,64.1,34030.0,65.45,67.0,61.0,39509.0,63.85,66.0,63.55,12704.0,68.41666666666667,3.800438571182821,48180.666666666664,67.34,2.9969984984972498,42792.0,65.68,2.2595537907594347,33201.5,63.67999999999999,3.9790859503153833,39691.0,66.73511289797568,0.06475349521707119,0.05595408895265419,0.9674820762063316,0.9830163043344698,0.9426399447001709,0.013967305913022194,0,7,73.95,79.4,82.0,82.5,85.0,86.4,84.0,85.55,84.35,93.1,90.0,88.45,89.7,86.3,85.5,85.1,84.5,83.5,89.9,92.5
2022-07-19,73.95,73.95,72.5,72.35,73.25,73.0,106.5,43.65,32356,2362299.9,1.4500000000000028,1.6000000000000085,0.9500000000000028,0.0,0.5,72.35,73.6,68.2,73271.0,67.95,69.7,64.55,37241.0,64.95,66.0,64.1,34030.0,66.0,67.8,63.1,29909.0,71.10000000000001,2.359201842431775,47622.666666666664,68.74,3.661966684719363,43281.4,66.45500000000001,2.8392095926706724,34787.5,64.3875,3.9170544787468837,41109.55,68.42105259279779,0.008984105044920643,0.004755434782608869,-0.5584064636759427,0.9871534820691391,0.993150684917902,0.013696821474699292,1,7,79.4,82.0,82.5,85.0,86.4,84.0,85.55,84.35,93.1,90.0,88.45,89.7,86.3,85.5,85.1,84.5,83.5,89.9,92.5,90.8
2022-07-20,74.9,79.4,73.05,73.0,79.4,78.8,106.5,43.65,108188,8396288.8,6.3500000000000085,1.9000000000000057,3.8999999999999915,0.6000000000000085,1.8500000000000085,73.0,73.95,72.5,32356.0,72.35,73.6,68.2,73271.0,67.95,69.7,64.55,37241.0,65.45,67.0,61.0,39509.0,74.71666666666665,3.2523068735897955,71271.66666666667,71.41,5.0251368140573085,57017.2,67.795,4.34529119341359,43752.7,65.41499999999999,4.5717841731990365,46288.5,78.14113593480289,0.07945205479452055,0.07369844489519939,2.3436765978489307,0.9924433249245282,0.9270304568410275,0.012885216620943288,2,7,82.0,82.5,85.0,86.4,84.0,85.55,84.35,93.1,90.0,88.45,89.7,86.3,85.5,85.1,84.5,83.5,89.9,92.5,90.8,87.7
2022-07-21,82.0,82.0,78.15,78.8,78.85,78.9,106.5,43.65,52922,4200936.6,3.8499999999999943,3.200000000000003,3.0999999999999943,0.0,0.75,78.8,79.4,73.05,108188.0,73.0,73.95,72.5,32356.0,72.35,73.6,68.2,73271.0,64.95,66.0,64.1,34030.0,76.89999999999999,4.108223460329137,64488.666666666664,74.2,4.920569072779422,60795.6,69.345,5.654162675017213,44866.4,66.44,5.249496216430037,48530.95,79.16666662818287,0.0012690355329949554,0.032745591939546514,-0.5108329944171257,0.9621951219394854,0.9904942965653929,0.01259766691075509,3,7,82.5,85.0,86.4,84.0,85.55,84.35,93.1,90.0,88.45,89.7,86.3,85.5,85.1,84.5,83.5,89.9,92.5,90.8,87.7,86.5
2022-07-22,80.0,82.5,77.35,78.9,80.75,81.1,106.5,43.65,137166,11061513.15,5.150000000000006,1.0999999999999943,1.0999999999999943,1.4000000000000057,2.6500000000000057,78.9,82.0,78.15,52922.0,78.8,79.4,73.05,108188.0,73.0,73.95,72.5,32356.0,67.95,69.7,64.55,37241.0,79.60000000000001,1.664331697708718,99425.33333333333,76.83,4.288123132559602,80780.6,71.235,6.5403215177510905,55729.6,67.6,5.5955874297707195,55153.25,77.01149421156471,0.027883396704689423,0.0060975609756097615,1.591852159782321,0.9830303030183875,0.9537607891374381,0.012400292630850416,4,7,85.0,86.4,84.0,85.55,84.35,93.1,90.0,88.45,89.7,86.3,85.5,85.1,84.5,83.5,89.9,92.5,90.8,87.7,86.5,83.0
2022-07-25,81.1,85.0,81.0,81.1,84.5,84.4,106.5,43.65,94427,7870955.3,4.0,0.0,3.3000000000000114,0.5999999999999943,0.09999999999999432,81.1,82.5,77.35,137166.0,78.9,82.0,78.15,52922.0,78.8,79.4,73.05,108188.0,72.35,73.6,68.2,73271.0,81.46666666666665,1.607275126831401,94838.33333333333,79.24000000000001,4.200833250676849,85011.8,73.28999999999999,7.084194065351265,63901.9,68.63250000000001,6.493136051976063,49362.7,84.62929471302677,0.04069050554870546,0.030303030303030276,-0.31158596153565754,0.9929411764589066,0.9597156397990554,0.011996891914759063,0,7,86.4,84.0,85.55,84.35,93.1,90.0,88.45,89.7,86.3,85.5,85.1,84.5,83.5,89.9,92.5,90.8,87.7,86.5,83.0,92.4
2022-07-26,84.1,86.4,81.55,84.4,81.65,81.8,106.5,43.65,29779,2486095.15,4.8500000000000085,-0.30000000000001137,2.299999999999997,2.3000000000000114,0.25,84.4,85.0,81.0,94427.0,81.1,82.5,77.35,137166.0,78.9,82.0,78.15,52922.0,73.0,73.95,72.5,32356.0,82.43333333333334,1.9756855350309606,87124.0,81.0,2.727269696966491,84496.4,74.87,7.50216450247693,63888.9,69.5125,7.258069918881059,47679.7,77.24252488101675,-0.03080568720379162,0.016470588235294237,-0.6846346913488727,0.9467592592483013,0.996943765268986,0.011978222152921214,1,7,84.0,85.55,84.35,93.1,90.0,88.45,89.7,86.3,85.5,85.1,84.5,83.5,89.9,92.5,90.8,87.7,86.5,83.0,92.4,110.85
2022-07-27,83.0,84.0,80.75,81.8,83.5,83.0,106.5,43.65,23902,1974363.45,3.25,1.2000000000000028,0.0,1.0,2.25,81.8,86.4,81.55,29779.0,84.4,85.0,81.0,94427.0,81.1,82.5,77.35,137166.0,78.8,79.4,73.05,108188.0,83.06666666666666,1.2055427546671484,49369.333333333336,81.84,1.803330252613621,67639.2,76.625,7.006126287440042,62328.2,70.4675,7.55477323843729,48638.85,83.44709893623687,0.014669926650366705,-0.02777777777777779,-0.1973538399543302,0.988095238083475,0.9728915662533386,0.012106180348911944,2,7,85.55,84.35,93.1,90.0,88.45,89.7,86.3,85.5,85.1,84.5,83.5,89.9,92.5,90.8,87.7,86.5,83.0,92.4,110.85,128.8
2022-07-28,85.55,85.55,80.9,83.0,81.5,81.2,106.5,43.65,20478,1679961.15,4.6499999999999915,2.549999999999997,4.349999999999994,0.0,0.29999999999999716,83.0,84.0,80.75,23902.0,81.8,86.4,81.55,29779.0,84.4,85.0,81.0,94427.0,78.9,82.0,78.15,52922.0,82.0,1.2168949557502537,24719.666666666668,82.3,1.5026643004980689,61150.4,78.25,5.836513418890756,60973.0,71.405,7.782136680615887,49171.75,81.77257521254795,-0.02168674698795181,0.018452380952380887,-0.14325161074387083,0.9491525423617867,0.996305418706942,0.012189567598036412,3,7,84.35,93.1,90.0,88.45,89.7,86.3,85.5,85.1,84.5,83.5,89.9,92.5,90.8,87.7,86.5,83.0,92.4,110.85,128.8,119.8
2022-07-29,84.35,84.35,78.35,81.2,78.5,78.85,106.5,43.65,33869,2699394.7,6.0,3.1499999999999915,5.5,0.0,0.5,81.2,85.55,80.9,20478.0,83.0,84.0,80.75,23902.0,81.8,86.4,81.55,29779.0,81.1,82.5,77.35,137166.0,81.01666666666667,0.812916559882114,26083.0,81.85,0.957470626176739,40491.0,79.34,4.616410943579773,60635.8,72.24249999999999,7.629684066025686,50468.85,74.50980388747915,-0.02894088669950745,-0.014026884862653466,0.6539212813751343,0.9347954949503877,0.9936588458973536,0.012546886900237296,4,7,93.1,90.0,88.45,89.7,86.3,85.5,85.1,84.5,83.5,89.9,92.5,90.8,87.7,86.5,83.0,92.4,110.85,128.8,119.8,124.8
2022-08-01,80.55,93.1,78.1,78.85,84.65,85.3,106.5,43.65,217640,18797006.2,15.0,1.7000000000000028,4.75,7.799999999999997,2.450000000000003,78.85,84.35,78.35,33869.0,81.2,85.55,80.9,20478.0,83.0,84.0,80.75,23902.0,84.4,85.0,81.0,94427.0,81.78333333333333,4.7435043304849875,90662.33333333333,82.03,3.714263049380184,65133.6,80.63499999999999,4.934023037373915,75072.7,73.1575,8.594955680973149,54137.1,77.65042976827775,0.08180088776157257,0.10373443983402497,5.425935220998554,0.9162191192167968,0.9155920281252568,0.011578439549591679,0,8,90.0,88.45,89.7,86.3,85.5,85.1,84.5,83.5,89.9,92.5,90.8,87.7,86.5,83.0,92.4,110.85,128.8,119.8,124.8,121.45
2022-08-02,85.95,90.0,84.8,85.3,87.05,88.05,106.5,43.65,59395,5222719.0,5.200000000000003,0.6500000000000057,2.0999999999999943,1.9500000000000028,1.1500000000000057,85.3,93.1,78.1,217640.0,78.85,84.35,78.35,33869.0,81.2,85.55,80.9,20478.0,81.8,86.4,81.55,29779.0,84.06666666666666,4.436496365376192,103634.66666666667,83.28,3.985442259021057,71056.8,82.14,3.949345937409967,77776.6,74.2975,8.949825049745415,56282.05,80.45822099389714,0.03223915592028126,-0.03329752953813103,-0.7270952030876677,0.9783333333224629,0.9630891538788973,0.0113724288057619,1,8,88.45,89.7,86.3,85.5,85.1,84.5,83.5,89.9,92.5,90.8,87.7,86.5,83.0,92.4,110.85,128.8,119.8,124.8,121.45,119.0
2022-08-03,87.5,88.45,84.05,88.05,86.0,85.85,106.5,43.65,24637,2124004.6,4.400000000000006,-0.5499999999999972,1.6500000000000057,0.9500000000000028,1.7999999999999972,88.05,90.0,84.8,59395.0,85.3,93.1,78.1,217640.0,78.85,84.35,78.35,33869.0,83.0,84.0,80.75,23902.0,86.39999999999999,2.367664109059631,100557.33333333333,83.85,3.504176080049449,71203.8,82.845,3.4731549858246886,69421.5,75.32000000000001,9.124300622080753,56587.1,76.9329896629623,-0.02498580352072688,-0.01722222222222214,-0.585200774475966,0.9706048614927008,0.9790331974259868,0.011599315745361374,2,8,89.7,86.3,85.5,85.1,84.5,83.5,89.9,92.5,90.8,87.7,86.5,83.0,92.4,110.85,128.8,119.8,124.8,121.45,119.0,114.95
2022-08-04,86.3,89.7,82.8,85.85,84.0,83.9,106.5,43.65,19943,1693560.45,6.900000000000006,0.45000000000000284,2.3999999999999915,3.4000000000000057,1.1000000000000085,85.85,88.45,84.05,24637.0,88.05,90.0,84.8,59395.0,85.3,93.1,78.1,217640.0,81.2,85.55,80.9,20478.0,85.93333333333334,0.8220908303402084,34658.333333333336,84.38999999999999,3.1683197439637603,71096.8,83.345,3.303991693560153,66123.6,76.345,9.128761301224543,55495.0,71.12582778819174,-0.022714036109493185,0.014132278123233366,-0.19052644396639207,0.9353400222861166,0.9868891537427068,0.011775782789448106,3,8,86.3,85.5,85.1,84.5,83.5,89.9,92.5,90.8,87.7,86.5,83.0,92.4,110.85,128.8,119.8,124.8,121.45,119.0,114.95,111.95
2022-08-05,86.0,86.3,82.65,83.9,83.0,83.05,106.5,43.65,15596,1317408.15,3.6499999999999915,2.0999999999999943,2.950000000000003,0.29999999999999716,0.3999999999999915,83.9,89.7,82.8,19943.0,85.85,88.45,84.05,24637.0,88.05,90.0,84.8,59395.0,78.85,84.35,78.35,33869.0,84.26666666666667,1.7197383521909535,20058.666666666668,85.22999999999999,2.4795160818172794,67442.2,83.53999999999999,2.9394869166806536,53966.6,77.3875,8.922319736127045,54848.1,65.64327482692966,-0.010131108462455352,-0.03790412486064665,-0.217971217971218,0.9623406720630088,0.9951836243107143,0.011838396475685983,4,8,85.5,85.1,84.5,83.5,89.9,92.5,90.8,87.7,86.5,83.0,92.4,110.85,128.8,119.8,124.8,121.45,119.0,114.95,111.95,114.15
2022-08-08,85.5,85.5,80.05,83.05,82.45,81.9,106.5,43.65,25730,2102874.25,5.450000000000003,2.450000000000003,3.5999999999999943,0.0,1.8500000000000085,83.05,86.3,82.65,15596.0,83.9,89.7,82.8,19943.0,85.85,88.45,84.05,24637.0,85.3,93.1,78.1,217640.0,82.95,2.230097157822964,20423.0,84.55,2.01444781515699,29060.2,83.28999999999999,2.900292130880586,47096.9,78.28999999999999,8.354719750252617,55499.4,62.82420746744845,-0.013847080072245554,-0.009269988412514474,0.6497819953834316,0.9578947368309019,0.977411477399543,0.012235634156440875,0,8,85.1,84.5,83.5,89.9,92.5,90.8,87.7,86.5,83.0,92.4,110.85,128.8,119.8,124.8,121.45,119.0,114.95,111.95,114.15,125.55
2022-08-10,85.0,85.1,82.6,81.9,83.8,83.25,106.5,43.65,35363,2974458.1,2.5,3.0999999999999943,1.75,0.09999999999999432,0.6500000000000057,81.9,85.5,80.05,25730.0,83.05,86.3,82.65,15596.0,83.9,89.7,82.8,19943.0,88.05,90.0,84.8,59395.0,82.73333333333333,0.611010092658434,25563.0,83.59,1.983809466655237,24253.8,83.43499999999999,2.9750303453173306,47655.3,79.1525,7.791061004699255,55772.1,57.355371874281815,0.016483516483516425,-0.004678362573099504,0.37438787407695306,0.9782608695537219,0.9921921921802739,0.0118888882650591,2,8,84.5,83.5,89.9,92.5,90.8,87.7,86.5,83.0,92.4,110.85,128.8,119.8,124.8,121.45,119.0,114.95,111.95,114.15,125.55,138.1
2022-08-11,83.75,84.5,80.05,83.25,82.05,82.35,106.5,43.65,21095,1737376.85,4.450000000000003,0.5,1.4000000000000057,0.75,2.299999999999997,83.25,85.1,82.6,35363.0,81.9,85.5,80.05,25730.0,83.05,86.3,82.65,15596.0,85.85,88.45,84.05,24637.0,82.5,0.50332229568204,27396.0,82.89,2.0523157651762682,23545.4,83.36999999999999,2.9188515625923577,47374.6,79.9975,6.971556875128819,54851.4,55.555555530506325,-0.010810810810810922,-0.007050528789659172,-0.4034725560614201,0.9745562130062182,0.9720704310750203,0.012141867781880476,3,8,83.5,89.9,92.5,90.8,87.7,86.5,83.0,92.4,110.85,128.8,119.8,124.8,121.45,119.0,114.95,111.95,114.15,125.55,138.1,151.25
2022-08-12,80.05,83.5,80.0,82.35,81.0,81.0,106.5,43.65,17691,1437724.8,3.5,-2.299999999999997,0.9500000000000028,2.5,0.04999999999999716,82.35,84.5,80.05,21095.0,83.25,85.1,82.6,35363.0,81.9,85.5,80.05,25730.0,83.9,89.7,82.8,19943.0,82.2,0.8082903768639368,24716.333333333332,82.30999999999999,1.0545141061129575,23095.0,83.35,3.1171568242021537,47095.9,80.8,5.7489678707525735,54034.45,49.834437062990666,-0.016393442622950727,-0.011834319526627168,-0.16136525242948563,0.9700598802279035,0.987654320975461,0.01230485834284836,4,8,89.9,92.5,90.8,87.7,86.5,83.0,92.4,110.85,128.8,119.8,124.8,121.45,119.0,114.95,111.95,114.15,125.55,138.1,151.25,158.8
2022-08-16,81.0,89.9,80.35,81.0,84.0,84.3,106.5,43.65,113714,9612510.8,9.550000000000011,0.0,3.299999999999997,5.6000000000000085,0.6500000000000057,81.0,83.5,80.0,17691.0,82.35,84.5,80.05,21095.0,83.25,85.1,82.6,35363.0,83.05,86.3,82.65,15596.0,82.55,3.442867022312991,50833.333333333336,82.56,2.465765601185794,42718.6,83.89500000000001,3.0768354955489725,55080.4,81.61749999999999,4.881910756207754,57858.1,49.83443706299064,0.040740740740740744,0.07664670658682637,5.427788140862585,0.9377085650618718,0.9531435349827622,0.011829791650273097,1,8,92.5,90.8,87.7,86.5,83.0,92.4,110.85,128.8,119.8,124.8,121.45,119.0,114.95,111.95,114.15,125.55,138.1,151.25,158.8,154.25
2022-08-17,86.95,92.5,85.0,84.3,87.65,87.25,106.5,43.65,256572,22769544.45,7.5,2.6500000000000057,0.29999999999999716,5.25,1.9500000000000028,84.3,89.9,80.35,113714.0,81.0,83.5,80.0,17691.0,82.35,84.5,80.05,21095.0,81.9,85.5,80.05,25730.0,84.18333333333334,4.6317743180480395,129325.66666666667,83.63,3.896151947754473,88887.0,84.09,2.9614607881927846,58973.6,82.3625,4.441819802501307,67023.15,58.91980357365379,0.034994068801897926,0.028921023359288034,1.2562921012364354,0.943243243233046,0.9742120343727884,0.011268209628146513,2,8,90.8,87.7,86.5,83.0,92.4,110.85,128.8,119.8,124.8,121.45,119.0,114.95,111.95,114.15,125.55,138.1,151.25,158.8,154.25,161.95
2022-08-18,88.0,90.8,84.3,87.25,87.7,87.6,106.5,43.65,85280,7483240.6,6.5,0.75,0.4000000000000057,2.799999999999997,3.299999999999997,87.25,92.5,85.0,256572.0,84.3,89.9,80.35,113714.0,81.0,83.5,80.0,17691.0,83.25,85.1,82.6,35363.0,86.38333333333333,1.320353488020723,151855.33333333334,84.5,3.9972490540358896,98870.4,84.04499999999999,3.044781510133014,61562.1,83.0925,3.6454179963920565,69669.35,57.744107716888294,0.0040114613180515235,-0.018378378378378413,-0.6676176667757978,0.9647577092404762,0.9623287671123022,0.01139613231198259,3,8,87.7,86.5,83.0,92.4,110.85,128.8,119.8,124.8,121.45,119.0,114.95,111.95,114.15,125.55,138.1,151.25,158.8,154.25,161.95,169.25
2022-08-19,87.6,87.7,84.0,87.6,85.5,84.9,106.5,43.65,36071,3086928.05,3.700000000000003,0.0,2.6999999999999886,0.10000000000000853,0.9000000000000057,87.6,90.8,84.3,85280.0,87.25,92.5,85.0,256572.0,84.3,89.9,80.35,113714.0,82.35,84.5,80.05,21095.0,86.58333333333333,2.433789911501967,125974.33333333333,85.01,3.470158497819765,101865.6,83.95,3.0314096464265385,62705.5,83.39750000000001,3.2548051522242316,66063.5,56.04575160834509,-0.03082191780821908,-0.03414096916299558,-0.5770286116322701,0.9680729760436936,0.9893992932745652,0.011685079605272947,4,8,86.5,83.0,92.4,110.85,128.8,119.8,124.8,121.45,119.0,114.95,111.95,114.15,125.55,138.1,151.25,158.8,154.25,161.95,169.25,177.2
2022-08-22,86.5,86.5,81.45,84.9,82.4,81.9,106.5,43.65,30012,2509281.0,5.049999999999997,1.5999999999999943,4.599999999999994,0.0,0.45000000000000284,84.9,87.7,84.0,36071.0,87.6,90.8,84.3,85280.0,87.25,92.5,85.0,256572.0,81.0,83.5,80.0,17691.0,84.8,2.21885856541815,50454.333333333336,85.19000000000001,2.4024986992692927,104329.8,83.75,2.9469569992721234,63712.4,83.5475,3.051629202487046,64918.0,54.879999975413774,-0.035335689045936425,-0.013683010262257711,-0.1679742729616589,0.946820809237609,0.9945054944933515,0.011960398217656766,0,8,83.0,92.4,110.85,128.8,119.8,124.8,121.45,119.0,114.95,111.95,114.15,125.55,138.1,151.25,158.8,154.25,161.95,169.25,177.2,186.05
2022-08-23,82.85,83.0,75.6,81.9,77.0,77.0,106.5,43.65,94468,7413726.4,7.400000000000006,0.9499999999999886,5.849999999999994,0.15000000000000568,1.4000000000000057,81.9,86.5,81.45,30012.0,84.9,87.7,84.0,36071.0,87.6,90.8,84.3,85280.0,84.3,89.9,80.35,113714.0,81.26666666666667,2.4419937209850673,53517.0,83.72999999999999,3.720886991026576,100480.6,83.14500000000001,3.2335051500745946,71599.6,83.3425,3.0140580705470192,62783.1,36.02693600995363,-0.05982905982905995,-0.040462427745664775,2.147674263627882,0.9277108433623167,0.9818181818054308,0.01274230999406722,1,8,92.4,110.85,128.8,119.8,124.8,121.45,119.0,114.95,111.95,114.15,125.55,138.1,151.25,158.8,154.25,161.95,169.25,177.2,186.05,195.35
2022-08-24,77.7,92.4,77.0,77.0,92.4,92.4,106.5,43.65,564061,50636388.8,15.400000000000006,0.7000000000000028,14.700000000000003,0.0,0.7000000000000028,77.0,83.0,75.6,94468.0,81.9,86.5,81.45,30012.0,84.9,87.7,84.0,36071.0,87.25,92.5,85.0,256572.0,83.76666666666667,4.750789408087517,229513.66666666666,84.76,3.691476669300625,161978.4,84.19500000000001,3.6152301294512807,125432.7,83.74249999999999,3.1925849533267816,86264.8,55.13577329936481,0.20000000000000018,0.11325301204819294,4.970921370199433,0.9999999999891774,0.8333333333243145,0.011139439706648276,2,8,110.85,128.8,119.8,124.8,121.45,119.0,114.95,111.95,114.15,125.55,138.1,151.25,158.8,154.25,161.95,169.25,177.2,186.05,195.35,182.95
2022-08-25,106.0,110.85,96.0,92.4,110.85,110.85,110.85,43.65,959008,101133593.35,14.849999999999994,13.599999999999994,4.849999999999994,0.0,10.0,92.4,92.4,77.0,564061.0,77.0,83.0,75.6,94468.0,81.9,86.5,81.45,30012.0,87.6,90.8,84.3,85280.0,93.41666666666667,14.167950922180886,539179.0,89.41000000000001,11.013423627555168,336724.0,86.95500000000001,8.07018002002181,217797.2,85.19500000000001,6.1113160784338705,132726.25,71.33105800343628,0.19967532467532445,0.19967532467532445,0.7001849090789827,0.9999999999909788,0.8660351826714837,0.009482586035295858,3,8,128.8,119.8,124.8,121.45,119.0,114.95,111.95,114.15,125.55,138.1,151.25,158.8,154.25,161.95,169.25,177.2,186.05,195.35,182.95,187.0
2022-08-26,112.8,128.8,107.25,110.85,118.0,118.8,128.8,43.65,1780646,214877961.05,21.55000000000001,1.9500000000000028,6.0,10.000000000000014,5.549999999999997,110.85,110.85,96.0,959008.0,92.4,92.4,77.0,564061.0,77.0,83.0,75.6,94468.0,84.9,87.7,84.0,36071.0,107.35000000000001,18.20057233532285,1101238.3333333333,96.19,19.207368377786427,685639.0,90.6,14.33903859321754,393752.3,86.985,10.752056106918056,220563.45,77.0123838842388,0.07171853856562915,0.16193053676138947,0.8567582335079582,0.9223602484400437,0.9027777777701786,0.008286778184690896,4,8,119.8,124.8,121.45,119.0,114.95,111.95,114.15,125.55,138.1,151.25,158.8,154.25,161.95,169.25,177.2,186.05,195.35,182.95,187.0,179.0
2022-08-29,112.85,119.8,110.0,118.8,112.5,112.05,128.8,43.65,286757,32796728.1,9.799999999999997,-5.950000000000003,0.7999999999999972,6.950000000000003,2.049999999999997,118.8,128.8,107.25,1780646.0,110.85,110.85,96.0,959008.0,92.4,92.4,77.0,564061.0,81.9,86.5,81.45,30012.0,113.89999999999999,8.975011606305317,1008803.6666666666,102.22,18.993801620528455,736988.0,93.705,15.744121477907736,420658.9,88.5275,12.445141463745184,233877.4,70.56737587251145,-0.05681818181818177,-0.06987577639751563,-0.8389590070120619,0.9353088480723263,0.9817045961536661,0.008743463650570679,0,8,124.8,121.45,119.0,114.95,111.95,114.15,125.55,138.1,151.25,158.8,154.25,161.95,169.25,177.2,186.05,195.35,182.95,187.0,179.0,176.0
2022-08-30,116.0,124.8,114.05,112.05,115.5,116.1,128.8,43.65,266214,31893139.65,10.75,3.950000000000003,0.09999999999999432,8.700000000000003,1.9500000000000028,112.05,119.8,110.0,286757.0,118.8,128.8,107.25,1780646.0,110.85,110.85,96.0,959008.0,77.0,83.0,75.6,94468.0,115.64999999999999,4.50924975282061,777872.3333333334,110.04,14.46511320384284,771337.2,96.885,17.46749441422885,435908.9,90.39,14.191700688115242,245494.65,73.29700271081529,0.03614457831325302,0.04173622704507518,-0.07163905327507258,0.9302884615310073,0.9823428079157421,0.008347061559992888,1,8,121.45,119.0,114.95,111.95,114.15,125.55,138.1,151.25,158.8,154.25,161.95,169.25,177.2,186.05,195.35,182.95,187.0,179.0,176.0,173.45
2022-09-01,114.0,121.45,113.4,116.1,115.1,115.4,128.8,43.65,99430,11759404.25,8.049999999999997,-2.0999999999999943,1.4000000000000057,6.049999999999997,0.5999999999999943,116.1,124.8,114.05,266214.0,112.05,119.8,110.0,286757.0,118.8,128.8,107.25,1780646.0,92.4,92.4,77.0,564061.0,114.51666666666667,2.547711391291,217467.0,114.64000000000001,6.705352339734871,678411.0,99.7,18.1560029864629,420194.7,91.89500000000001,15.392697132081757,239584.15,72.09621991739729,-0.006029285099052428,-0.026842948717948678,-0.6265034896737212,0.9501852614166308,0.9826689774611553,0.00845536031300225,3,9,119.0,114.95,111.95,114.15,125.55,138.1,151.25,158.8,154.25,161.95,169.25,177.2,186.05,195.35,182.95,187.0,179.0,176.0,173.45,178.55
2022-09-02,116.05,119.0,110.0,115.4,111.0,111.35,128.8,43.65,74723,8526261.75,9.0,0.6499999999999915,4.700000000000003,2.950000000000003,1.3499999999999943,115.4,121.45,113.4,99430.0,116.1,124.8,114.05,266214.0,112.05,119.8,110.0,286757.0,110.85,110.85,96.0,959008.0,114.28333333333332,2.9116146723048226,146789.0,114.73999999999998,4.039121191544974,501554.0,102.075,17.961675249758404,419139.0,93.05999999999999,16.13792912919577,240350.55,69.10408430872916,-0.03509532062391696,-0.02017291066282423,-0.2484863723222368,0.9357142857064225,0.9878760664482454,0.008763864187021936,4,9,114.95,111.95,114.15,125.55,138.1,151.25,158.8,154.25,161.95,169.25,177.2,186.05,195.35,182.95,187.0,179.0,176.0,173.45,178.55,176.6
2022-09-05,114.9,114.95,109.2,111.35,111.95,110.1,128.8,43.65,67152,7526316.65,5.75,3.5500000000000114,4.800000000000011,0.04999999999999716,0.8999999999999915,111.35,119.0,110.0,74723.0,115.4,121.45,113.4,99430.0,116.1,124.8,114.05,266214.0,118.8,128.8,107.25,1780646.0,112.28333333333335,3.2826564446063675,80435.0,113.0,3.59461402656641,158855.2,104.59499999999998,16.655387016418228,422247.1,94.27250000000001,16.438485611835542,242476.3,69.19525064685048,-0.011225864391558149,-0.03403361344537814,-0.10132087844438797,0.9578077424884053,0.9918256130700107,0.008922292686157443,0,9,111.95,114.15,125.55,138.1,151.25,158.8,154.25,161.95,169.25,177.2,186.05,195.35,182.95,187.0,179.0,176.0,173.45,178.55,176.6,171.5
2022-09-06,109.05,111.95,103.0,110.1,103.1,103.8,128.8,43.65,90752,9572784.35,8.950000000000003,-1.0499999999999972,5.25,2.9000000000000057,0.7999999999999972,110.1,114.95,109.2,67152.0,111.35,119.0,110.0,74723.0,115.4,121.45,113.4,99430.0,112.05,119.8,110.0,286757.0,108.41666666666667,3.538007914064631,77542.33333333333,111.35,5.102033908157427,119654.2,106.785,14.435719587190885,428321.1,95.2675,16.53906937495189,246016.75,62.373096435619,-0.05722070844686644,-0.026098303610265328,0.3514415058375029,0.9271996426893505,0.992292870896028,0.009480209381296675,1,9,114.15,125.55,138.1,151.25,158.8,154.25,161.95,169.25,177.2,186.05,195.35,182.95,187.0,179.0,176.0,173.45,178.55,176.6,171.5,165.0
2022-09-07,108.0,114.15,108.0,103.8,114.15,114.15,128.8,43.65,145279,16331712.75,6.150000000000006,4.200000000000003,6.150000000000006,0.0,0.0,103.8,111.95,103.0,90752.0,110.1,114.95,109.2,67152.0,111.35,119.0,110.0,74723.0,116.1,124.8,114.05,266214.0,109.35000000000001,1.5534906930259038,101061.0,110.96,3.846426913381875,95467.2,110.5,9.991608979539134,433402.2,96.8225,16.500361040707016,252500.9,65.60324824920596,0.09971098265895972,0.019651630192049963,0.6008352433004231,0.9999999999912396,0.9461235216737088,0.00889551526063915,2,9,125.55,138.1,151.25,158.8,154.25,161.95,169.25,177.2,186.05,195.35,182.95,187.0,179.0,176.0,173.45,178.55,176.6,171.5,165.0,165.3
2022-09-08,124.4,125.55,118.45,114.15,125.55,125.55,128.8,43.65,258979,31956916.75,7.099999999999994,10.25,1.1499999999999915,0.0,5.950000000000003,114.15,114.15,108.0,145279.0,103.8,111.95,103.0,90752.0,110.1,114.95,109.2,67152.0,115.4,121.45,113.4,99430.0,114.5,7.300228306930982,165003.33333333334,112.99000000000001,5.358591232776416,127377.0,113.81500000000001,6.101966896010458,402894.0,99.00500000000001,16.900004671441202,264163.35,69.51156811338652,0.09986859395532188,0.09986859395532188,0.7826320390421189,0.999999999992035,0.9434488251617408,0.008104004589241232,3,9,138.1,151.25,158.8,154.25,161.95,169.25,177.2,186.05,195.35,182.95,187.0,179.0,176.0,173.45,178.55,176.6,171.5,165.0,165.3,173.55
2022-09-09,130.0,138.1,116.35,125.55,138.1,137.5,138.1,43.65,943007,125221954.25,21.75,4.450000000000003,7.5,0.5999999999999943,13.650000000000006,125.55,125.55,118.45,258979.0,114.15,114.15,108.0,145279.0,103.8,111.95,103.0,90752.0,111.35,119.0,110.0,74723.0,125.73333333333335,11.979600716773167,449088.3333333333,118.21999999999998,10.937572856899635,301033.8,116.48000000000002,7.832640040242362,401293.9,101.7175,18.005237542097742,309545.55,74.69483567093212,0.0951812027080845,0.09996017522899248,2.641248904351318,0.9956553222230584,0.8461818181756642,0.007530684260982934,4,9,151.25,158.8,154.25,161.95,169.25,177.2,186.05,195.35,182.95,187.0,179.0,176.0,173.45,178.55,176.6,171.5,165.0,165.3,173.55,162.9
2022-09-12,143.0,151.25,141.0,137.5,151.25,151.25,151.25,43.65,491531,72156404.15,10.25,5.5,8.25,0.0,2.0,137.5,138.1,116.35,943007.0,125.55,125.55,118.45,258979.0,114.15,114.15,108.0,145279.0,110.1,114.95,109.2,67152.0,138.10000000000002,12.851167262158445,564505.6666666666,126.45,16.566532527960902,385909.6,119.725,12.099517896732147,272382.4,105.1625,19.895493241329476,333067.35,79.57356075808929,0.10000000000000009,0.09522085445329487,-0.4787620876621277,0.9999999999933885,0.9322314049525142,0.006812021826617034,0,9,158.8,154.25,161.95,169.25,177.2,186.05,195.35,182.95,187.0,179.0,176.0,173.45,178.55,176.6,171.5,165.0,165.3,173.55,162.9,168.2
2022-09-13,157.0,158.8,145.55,151.25,146.55,146.95,158.8,43.65,889364,138338702.75,13.25,5.75,10.050000000000011,1.8000000000000114,1.3999999999999773,151.25,151.25,141.0,491531.0,137.5,138.1,116.35,943007.0,125.55,125.55,118.45,258979.0,103.8,111.95,103.0,90752.0,145.23333333333335,10.475487259946485,774634.0,135.08,18.242210666473124,545632.0,123.21499999999999,16.162662734422057,332643.1,108.46,21.782095949365512,376651.0,79.98285468392832,-0.028429752066115754,0.04991735537190101,0.8093751970882812,0.9253778337473212,0.9904729499762475,0.006428887811729895,1,9,154.25,161.95,169.25,177.2,186.05,195.35,182.95,187.0,179.0,176.0,173.45,178.55,176.6,171.5,165.0,165.3,173.55,162.9,168.2,172.0
2022-09-14,140.55,154.25,139.65,146.95,154.25,154.25,158.8,43.65,376794,56465593.8,14.599999999999994,-6.399999999999977,13.699999999999989,0.0,0.9000000000000057,146.95,158.8,145.55,889364.0,151.25,151.25,141.0,491531.0,137.5,138.1,116.35,943007.0,114.15,114.15,108.0,145279.0,150.8166666666667,3.801425171340129,585896.3333333334,143.1,13.59445659083087,591935.0,127.03,18.083685864459536,343701.1,111.95749999999998,22.89697980543555,389805.0,78.48917548504055,0.04967676080299421,-0.02865239294710331,-0.576333199904651,0.9999999999935171,0.9053484602858649,0.006672983929551805,2,9,161.95,169.25,177.2,186.05,195.35,182.95,187.0,179.0,176.0,173.45,178.55,176.6,171.5,165.0,165.3,173.55,162.9,168.2,172.0,170.0
2022-09-15,161.95,161.95,146.55,154.25,161.95,161.2,161.95,43.65,728842,113491690.8,15.399999999999977,7.699999999999989,0.75,0.0,14.649999999999977,154.25,154.25,139.65,376794.0,146.95,158.8,145.55,889364.0,151.25,151.25,141.0,491531.0,125.55,125.55,118.45,258979.0,154.13333333333333,3.8711540053705393,665000.0,150.23,9.223516140820898,685907.6,131.60999999999999,20.139257544518717,406642.3,115.655,24.315159203781903,413418.5,75.94023698028681,0.04505672609400313,0.049918962722852456,0.9343248565529174,0.9953689410250364,0.9091191066941123,0.00642198556442689,3,9,169.25,177.2,186.05,195.35,182.95,187.0,179.0,176.0,173.45,178.55,176.6,171.5,165.0,165.3,173.55,162.9,168.2,172.0,170.0,168.65
2022-09-16,160.0,169.25,158.0,161.2,169.25,168.8,169.25,43.65,358030,59428416.75,11.25,-1.1999999999999886,8.800000000000011,0.44999999999998863,2.0,161.2,161.95,146.55,728842.0,154.25,154.25,139.65,376794.0,146.95,158.8,145.55,889364.0,137.5,138.1,116.35,943007.0,161.41666666666666,7.500888836217653,487888.6666666667,156.49,7.006782428474751,568912.2,137.355,21.897148469860667,434973.0,119.71499999999999,25.67970988932695,427056.0,75.8531540738165,0.047146401985111774,0.045075640629824054,-0.5087687043282357,0.9973412112201044,0.9360189573404264,0.006024558949738469,4,9,177.2,186.05,195.35,182.95,187.0,179.0,176.0,173.45,178.55,176.6,171.5,165.0,165.3,173.55,162.9,168.2,172.0,170.0,168.65,177.05
2022-09-19,175.0,177.2,166.0,168.8,177.2,177.2,177.2,43.65,306431,53786567.35,11.199999999999989,6.199999999999989,2.1999999999999886,0.0,9.0,168.8,169.25,158.0,358030.0,161.2,161.95,146.55,728842.0,154.25,154.25,139.65,376794.0,151.25,151.25,141.0,491531.0,169.0666666666667,7.627308393744851,464434.3333333333,161.68,9.051063473425726,531892.2,144.065,22.80766744856772,458900.9,124.33,26.843371229176203,440574.0,83.12150481785763,0.04976303317535535,0.04697193500738539,-0.14411920788760724,0.9999999999943567,0.93679458238749,0.005697165948627878,0,9,186.05,195.35,182.95,187.0,179.0,176.0,173.45,178.55,176.6,171.5,165.0,165.3,173.55,162.9,168.2,172.0,170.0,168.65,177.05,185.9
2022-09-20,180.75,186.05,178.3,177.2,186.05,186.05,186.05,43.65,81920,15144101.05,7.75,3.5500000000000114,5.300000000000011,0.0,2.4499999999999886,177.2,177.2,166.0,306431.0,168.8,169.25,158.0,358030.0,161.2,161.95,146.55,728842.0,146.95,158.8,145.55,889364.0,177.35000000000002,8.404016896696083,248793.66666666666,169.5,12.4752955876797,370403.4,152.29,22.462109453725027,458017.7,129.5375,27.912445229399136,443169.4,83.90693164154438,0.049943566591422295,0.049943566591422295,-0.7326641234078797,0.9999999999946252,0.958344531034892,0.005409366969325656,1,9,195.35,182.95,187.0,179.0,176.0,173.45,178.55,176.6,171.5,165.0,165.3,173.55,162.9,168.2,172.0,170.0,168.65,177.05,185.9,195.15
2022-09-21,195.35,195.35,176.75,186.05,176.75,176.75,195.35,43.65,593362,110473887.6,18.599999999999994,9.299999999999983,18.599999999999994,0.0,0.0,186.05,186.05,178.3,81920.0,177.2,177.2,166.0,306431.0,168.8,169.25,158.0,358030.0,154.25,154.25,139.65,376794.0,180.0,9.07592970444069,327237.6666666667,174.0,13.23463259784643,413717.0,158.55,21.23781022924318,502826.0,134.525,28.57998885860333,468114.1,77.44966441982731,-0.04998656275194846,0.04998656275194824,6.2431884765625,0.9047862810294099,0.9999999999943423,0.0053710610976996165,2,9,182.95,187.0,179.0,176.0,173.45,178.55,176.6,171.5,165.0,165.3,173.55,162.9,168.2,172.0,170.0,168.65,177.05,185.9,195.15,202.55
2022-09-22,170.0,182.95,167.95,176.75,181.0,179.05,195.35,43.65,415389,71056915.3,15.0,-6.75,9.050000000000011,3.8999999999999773,2.0500000000000114,176.75,195.35,176.75,593362.0,186.05,186.05,178.3,81920.0,177.2,177.2,166.0,306431.0,161.2,161.95,146.55,728842.0,180.61666666666667,6.453164598340969,363557.0,177.57,9.759636263712828,351026.4,163.9,17.845183757343236,518467.0,138.85750000000002,28.010056817056483,460680.5,80.77272726244709,0.013012729844413151,-0.0634758126439724,-0.29994000289873635,0.9786827001859598,0.9380061435300865,0.005845863111932753,3,9,187.0,179.0,176.0,173.45,178.55,176.6,171.5,165.0,165.3,173.55,162.9,168.2,172.0,170.0,168.65,177.05,185.9,195.15,202.55,193.85
2022-09-23,186.7,187.0,175.5,179.05,184.0,183.0,195.35,43.65,203347,37192621.05,11.5,7.649999999999977,3.6999999999999886,0.30000000000001137,7.5,179.05,182.95,167.95,415389.0,176.75,195.35,176.75,593362.0,186.05,186.05,178.3,81920.0,168.8,169.25,158.0,358030.0,179.60000000000002,6.32303988072834,404032.6666666667,180.41,6.609595297745374,320089.8,168.45,15.424933819415477,444501.0,142.465,28.53439475809013,422897.45,82.34250220804972,0.022060876850041877,0.022137195955179045,-0.5104660932282752,0.9786096256632161,0.9590163934373824,0.005467401711931782,4,9,179.0,176.0,173.45,178.55,176.6,171.5,165.0,165.3,173.55,162.9,168.2,172.0,170.0,168.65,177.05,185.9,195.15,202.55,193.85,195.95
2022-09-26,176.1,179.0,173.85,183.0,173.85,173.85,195.35,43.65,95513,16676607.95,5.150000000000006,-6.900000000000006,2.25,2.9000000000000057,0.0,183.0,187.0,175.5,203347.0,179.05,182.95,167.95,415389.0,176.75,195.35,176.75,593362.0,177.2,177.2,166.0,306431.0,178.63333333333335,4.000104165304141,238083.0,179.74,6.056050693313065,277906.2,170.70999999999998,13.582304664526353,404899.2,145.2175,29.040559658228922,338640.8,80.3115534303387,-0.050000000000000044,-0.04278074866310155,-0.5302955047283707,0.9712290502739038,0.9999999999942479,0.005727363759246975,0,9,176.0,173.45,178.55,176.6,171.5,165.0,165.3,173.55,162.9,168.2,172.0,170.0,168.65,177.05,185.9,195.15,202.55,193.85,195.95,197.0
2022-09-27,171.0,176.0,165.2,173.85,165.2,165.2,195.35,43.65,51474,8695476.45,10.800000000000011,-2.8499999999999943,5.800000000000011,5.0,0.0,173.85,179.0,173.85,95513.0,183.0,187.0,175.5,203347.0,179.05,182.95,167.95,415389.0,186.05,186.05,178.3,81920.0,174.01666666666665,5.686240703073044,116778.0,175.57,7.548294509356282,271817.0,172.53500000000003,12.306705489285692,321110.2,147.875,28.71844263480205,326876.65,72.41985067181484,-0.049755536381938525,-0.016759776536312887,-0.4610785966308252,0.9386363636310304,0.9999999999939468,0.005919629625355376,1,9,173.45,178.55,176.6,171.5,165.0,165.3,173.55,162.9,168.2,172.0,170.0,168.65,177.05,185.9,195.15,202.55,193.85,195.95,197.0,192.45
2022-09-28,156.95,173.45,156.95,165.2,170.5,170.05,195.35,43.65,224886,37968597.9,16.5,-8.25,13.100000000000023,3.3999999999999773,0.0,165.2,176.0,165.2,51474.0,173.85,179.0,173.85,95513.0,183.0,187.0,175.5,203347.0,176.75,195.35,176.75,593362.0,169.70000000000002,2.7780388766094375,123957.66666666667,174.23,5.410475949487216,198121.8,174.115,9.57491514322789,305919.4,150.5725,28.31065112471379,324810.25,70.73625348564484,0.029358353510896107,-0.014488636363636398,3.368924117029957,0.9803978091612547,0.9229638341609939,0.005922947183677804,2,9,178.55,176.6,171.5,165.0,165.3,173.55,162.9,168.2,172.0,170.0,168.65,177.05,185.9,195.15,202.55,193.85,195.95,197.0,192.45,189.95
2022-09-29,178.55,178.55,172.55,170.05,174.85,175.0,195.35,43.65,171916,30486121.25,6.0,8.5,3.5500000000000114,0.0,2.4499999999999886,170.05,173.45,156.95,224886.0,165.2,176.0,165.2,51474.0,173.85,179.0,173.85,95513.0,179.05,182.95,167.95,415389.0,170.08333333333334,2.5499999999908898,149425.33333333334,173.42000000000002,5.094236939913561,149427.2,175.495,7.5500625457316195,250226.8,153.5525,27.632707903001947,328434.55,68.69391823567581,0.02910908556306957,0.029403286249639837,-0.23554156328095122,0.9801176141082043,0.9859999999943658,0.005639156211123447,3,9,176.6,171.5,165.0,165.3,173.55,162.9,168.2,172.0,170.0,168.65,177.05,185.9,195.15,202.55,193.85,195.95,197.0,192.45,189.95,184.85
2022-09-30,176.6,176.6,166.4,175.0,169.0,168.1,195.35,43.65,72013,12173742.95,10.199999999999989,1.5999999999999943,8.5,0.0,1.6999999999999886,175.0,178.55,172.55,171916.0,170.05,173.45,156.95,224886.0,165.2,176.0,165.2,51474.0,183.0,187.0,175.5,203347.0,171.05000000000004,2.5734218464825083,156271.66666666666,170.44,2.223342078938947,123160.4,175.425,6.63802388600148,221625.1,156.39,26.354941986376247,328299.05,59.015516310045825,-0.03942857142857148,-0.010921310557266972,-0.5811151957932944,0.9518686296661842,0.9898869720345636,0.005915436221692195,4,9,171.5,165.0,165.3,173.55,162.9,168.2,172.0,170.0,168.65,177.05,185.9,195.15,202.55,193.85,195.95,197.0,192.45,189.95,184.85,191.75
2022-10-03,171.5,171.5,159.7,168.1,159.7,159.8,195.35,43.65,82295,13500632.05,11.800000000000011,3.4000000000000057,11.699999999999989,0.0,0.10000000000002274,168.1,176.6,166.4,72013.0,175.0,178.55,172.55,171916.0,170.05,173.45,156.95,224886.0,173.85,179.0,173.85,95513.0,167.63333333333333,3.64039832984712,108741.33333333333,167.63,2.764642834071173,120516.8,173.685,7.238648200996699,199211.5,158.875,24.13786008480616,329056.2,56.59312467119238,-0.0493753718024984,-0.02887882219705551,0.14277977587380053,0.9317784256505437,0.9993742177659612,0.006095640537066558,0,10,165.0,165.3,173.55,162.9,168.2,172.0,170.0,168.65,177.05,185.9,195.15,202.55,193.85,195.95,197.0,192.45,189.95,184.85,191.75,201.3
2022-10-04,164.75,165.0,155.1,159.8,158.7,157.45,195.35,43.65,50445,8014628.3,9.900000000000006,4.949999999999989,7.300000000000011,0.25,2.3499999999999943,159.8,171.5,159.7,82295.0,168.1,176.6,166.4,72013.0,175.0,178.55,172.55,171916.0,165.2,176.0,165.2,51474.0,161.78333333333333,5.814063409809802,68251.0,166.08,5.249118973692813,120311.0,170.825,8.451324682492297,196064.0,161.5575,20.87564354507537,327040.85,51.729729721900355,-0.014705882352941346,-0.03790087463556846,-0.38702229783097397,0.954242424236641,0.9850746268594153,0.006294115972914177,1,10,165.3,173.55,162.9,168.2,172.0,170.0,168.65,177.05,185.9,195.15,202.55,193.85,195.95,197.0,192.45,189.95,184.85,191.75,201.3,192.95
2022-10-06,158.7,165.3,157.6,157.45,165.3,165.3,195.35,43.65,43866,7174188.15,7.700000000000017,1.25,6.600000000000023,0.0,1.0999999999999943,157.45,165.0,155.1,50445.0,159.8,171.5,159.7,82295.0,168.1,176.6,166.4,72013.0,170.05,173.45,156.95,224886.0,160.85000000000002,3.6692415201634154,58868.666666666664,165.13,6.251839729230308,84107.0,169.68,7.033611763842149,141114.4,164.115,16.938487007559363,321970.2,52.19486080588087,0.04985709749126732,0.001818181818181941,-0.13041926851025865,0.9999999999939505,0.9534180278224234,0.006114420068562042,3,10,173.55,162.9,168.2,172.0,170.0,168.65,177.05,185.9,195.15,202.55,193.85,195.95,197.0,192.45,189.95,184.85,191.75,201.3,192.95,188.0
2022-10-07,173.55,173.55,159.45,165.3,165.2,162.9,195.35,43.65,149731,25066793.75,14.100000000000023,8.25,10.650000000000006,0.0,3.450000000000017,165.3,165.3,157.6,43866.0,157.45,165.0,155.1,50445.0,159.8,171.5,159.7,82295.0,175.0,178.55,172.55,171916.0,161.88333333333335,4.852061417578872,81347.33333333333,162.70999999999998,5.117176956094332,79670.0,168.065,6.543591012077959,114548.6,165.98250000000002,13.576400770997106,316507.8,46.65532879078033,-0.014519056261343088,0.0499092558983667,2.4133725436556785,0.9386343993031482,0.9788213627932546,0.005973280886790717,4,10,162.9,168.2,172.0,170.0,168.65,177.05,185.9,195.15,202.55,193.85,195.95,197.0,192.45,189.95,184.85,191.75,201.3,192.95,188.0,193.95
2022-10-10,156.0,162.9,156.0,162.9,160.2,160.2,195.35,43.65,61261,9798860.25,6.900000000000006,-6.900000000000006,4.199999999999989,2.700000000000017,0.0,162.9,173.55,159.45,149731.0,165.3,165.3,157.6,43866.0,157.45,165.0,155.1,50445.0,168.1,176.6,166.4,72013.0,162.8,5.586367334857054,84952.66666666667,161.13000000000002,4.602716589144283,77519.6,165.78500000000003,5.870597641354796,100340.0,167.1175,11.359611047825915,272420.5,39.69696969023325,-0.016574585635359185,-0.06136560069144337,-0.5908596082307604,0.9834254143586039,0.9737827715295021,0.006251849545461166,0,10,168.2,172.0,170.0,168.65,177.05,185.9,195.15,202.55,193.85,195.95,197.0,192.45,189.95,184.85,191.75,201.3,192.95,188.0,193.95,197.0
2022-10-11,160.2,168.2,159.75,160.2,167.0,167.05,195.35,43.65,144453,24059714.0,8.449999999999989,0.0,6.850000000000023,1.1499999999999773,0.44999999999998863,160.2,162.9,156.0,61261.0,162.9,173.55,159.45,149731.0,165.3,165.3,157.6,43866.0,159.8,171.5,159.7,82295.0,163.38333333333335,5.325019561775401,118481.66666666667,162.57999999999998,4.124378741093532,89951.2,165.105,5.456364784971801,105234.0,167.9075,10.288691735666529,255066.6,38.19875775733191,0.04275905118601764,0.0325352977286677,1.357992850263626,0.9931629013020622,0.9563005088239671,0.0060039367051495296,1,10,172.0,170.0,168.65,177.05,185.9,195.15,202.55,193.85,195.95,197.0,192.45,189.95,184.85,191.75,201.3,192.95,188.0,193.95,197.0,193.65
2022-10-12,172.0,172.0,165.0,167.05,167.45,167.1,195.35,43.65,38240,6459263.8,7.0,4.949999999999989,4.900000000000006,0.0,2.0999999999999943,167.05,168.2,159.75,144453.0,160.2,162.9,156.0,61261.0,162.9,173.55,159.45,149731.0,157.45,165.0,155.1,50445.0,164.78333333333333,4.57055795280594,81318.0,164.51000000000002,4.454828840705736,87510.2,165.295,5.198154052696903,103910.6,168.91500000000002,9.728342680836402,212510.4,43.22807016694466,0.0002993115833582749,0.022592152199762294,-0.7352772181955376,0.9715116279013285,0.9874326750389741,0.005920179324461094,2,10,170.0,168.65,177.05,185.9,195.15,202.55,193.85,195.95,197.0,192.45,189.95,184.85,191.75,201.3,192.95,188.0,193.95,197.0,193.65,187.5
2022-10-13,169.9,170.0,159.0,167.1,161.0,160.65,195.35,43.65,40483,6591361.45,11.0,2.8000000000000114,9.25,0.09999999999999432,1.6500000000000057,167.1,172.0,165.0,38240.0,167.05,168.2,159.75,144453.0,160.2,162.9,156.0,61261.0,165.3,165.3,157.6,43866.0,164.93333333333337,1.9008769905729481,74392.0,163.57999999999998,4.1233481541076795,86833.6,164.355,5.109457461959068,85470.3,169.235,8.63873772455663,195694.85,37.7984084810454,-0.0385996409335726,-0.011627906976744207,0.05865585774058579,0.9449999999944413,0.989729225017182,0.006141826738996386,3,10,168.65,177.05,185.9,195.15,202.55,193.85,195.95,197.0,192.45,189.95,184.85,191.75,201.3,192.95,188.0,193.95,197.0,193.65,187.5,187.0
2022-10-14,163.25,168.65,161.0,160.65,168.65,168.65,195.35,43.65,53038,8857013.8,7.650000000000006,2.5999999999999943,5.400000000000006,0.0,2.25,160.65,170.0,159.0,40483.0,167.1,172.0,165.0,38240.0,167.05,168.2,159.75,144453.0,162.9,173.55,159.45,149731.0,165.46666666666667,1.685477182666544,43920.333333333336,164.73000000000002,3.386000590664986,67495.0,163.72,4.22960465712448,73582.5,169.6075,8.243649868710362,161904.65,40.969162988375494,0.04979769685652036,-0.00794117647058823,0.3101301780994492,0.9999999999940706,0.9546397865345115,0.005988248544898957,4,10,177.05,185.9,195.15,202.55,193.85,195.95,197.0,192.45,189.95,184.85,191.75,201.3,192.95,188.0,193.95,197.0,193.65,187.5,187.0,183.95
2022-10-17,172.65,177.05,168.5,168.65,177.05,177.05,195.35,43.65,225015,39545992.9,8.550000000000011,4.0,4.400000000000006,0.0,4.150000000000006,168.65,168.65,161.0,53038.0,160.65,170.0,159.0,40483.0,167.1,172.0,165.0,38240.0,160.2,162.9,156.0,61261.0,168.78333333333333,4.510820324503655,106178.66666666667,168.1,3.59871504845582,100245.8,164.615,4.316573358066458,88882.7,170.02,8.144954847859982,155253.9,52.03303683953669,0.04980729321079158,0.04980729321079158,3.242524227912063,0.999999999994352,0.9517085568994538,0.0056899570221689896,0,10,185.9,195.15,202.55,193.85,195.95,197.0,192.45,189.95,184.85,191.75,201.3,192.95,188.0,193.95,197.0,193.65,187.5,187.0,183.95,179.05
2022-10-18,183.0,185.9,182.5,177.05,185.9,185.9,195.35,43.65,90972,16840074.15,3.4000000000000057,5.949999999999989,2.9000000000000057,0.0,0.5,177.05,177.05,168.5,225015.0,168.65,168.65,161.0,53038.0,160.65,170.0,159.0,40483.0,167.05,168.2,159.75,144453.0,177.20000000000005,8.625978205395143,123008.33333333333,171.87,7.016819079895155,89549.6,167.225,6.785337541756438,89750.4,170.45499999999998,8.476500022507668,144480.95,63.117870711233834,0.049985879695001456,0.049985879695001456,-0.5957069528698087,0.9999999999946209,0.9817105970899317,0.005402113980596695,1,10,195.15,202.55,193.85,195.95,197.0,192.45,189.95,184.85,191.75,201.3,192.95,188.0,193.95,197.0,193.65,187.5,187.0,183.95,179.05,184.0
2022-10-19,190.0,195.15,187.45,185.9,195.15,195.15,195.35,43.65,445072,86414383.2,7.700000000000017,4.099999999999994,5.150000000000006,0.0,2.5500000000000114,185.9,185.9,182.5,90972.0,177.05,177.05,168.5,225015.0,168.65,168.65,161.0,53038.0,167.1,172.0,165.0,38240.0,186.03333333333333,9.050736618269255,253686.33333333334,177.48000000000002,11.177488537233142,170916.0,170.995,9.885067301519483,129213.1,170.91000000000003,9.265952105479832,162638.55,65.06602639962875,0.04975793437331899,0.04975793437331899,3.892406454733324,0.9999999999948758,0.9605431719141145,0.005150438891288644,2,10,202.55,193.85,195.95,197.0,192.45,189.95,184.85,191.75,201.3,192.95,188.0,193.95,197.0,193.65,187.5,187.0,183.95,179.05,184.0,179.6
2022-10-20,199.0,202.55,185.4,195.15,188.8,188.5,202.55,43.65,245059,47128894.8,17.150000000000006,3.8499999999999943,10.5,3.5500000000000114,3.0999999999999943,195.15,195.15,187.45,445072.0,185.9,185.9,182.5,90972.0,177.05,177.05,168.5,225015.0,160.65,170.0,159.0,40483.0,189.85000000000002,8.342112042718874,260367.66666666666,183.05,13.589168480814955,211831.2,173.315,12.865855976188085,149332.4,171.4975,10.146909044526229,145223.4,57.94117646104498,-0.03407635152446842,0.03791954906482187,-0.44939470467699605,0.9306344112518853,0.9835543766526073,0.005199761230131796,3,10,193.85,195.95,197.0,192.45,189.95,184.85,191.75,201.3,192.95,188.0,193.95,197.0,193.65,187.5,187.0,183.95,179.05,184.0,179.6,175.5
2022-10-21,193.85,193.85,185.0,188.5,186.0,187.25,202.55,43.65,74990,14072769.65,8.849999999999994,5.349999999999994,6.599999999999994,0.0,2.25,188.5,202.55,185.4,245059.0,195.15,195.15,187.45,445072.0,185.9,185.9,182.5,90972.0,168.65,168.65,161.0,53038.0,190.30000000000004,4.692902442334995,255040.33333333334,186.76999999999998,9.737941260860614,216221.6,175.75,13.729231790437895,141858.3,171.9075,10.780826059551705,128203.45,62.06679267966055,-0.006631299734747964,-0.04295235744260684,-0.6939920590551663,0.9659530564819916,0.987983978632908,0.005328730723592849,4,10,195.95,197.0,192.45,189.95,184.85,191.75,201.3,192.95,188.0,193.95,197.0,193.65,187.5,187.0,183.95,179.05,184.0,179.6,175.5,171.0
2022-10-24,195.0,195.95,188.3,187.25,195.5,194.7,202.55,43.65,102615,19936122.3,7.649999999999977,7.75,0.30000000000001137,0.9499999999999886,6.399999999999977,187.25,193.85,185.0,74990.0,188.5,202.55,185.4,245059.0,195.15,195.15,187.45,445072.0,177.05,177.05,168.5,225015.0,190.15,4.539823785119891,140888.0,190.3,5.948697336389663,191741.6,179.2,13.224455460329457,145993.7,172.4925,11.381948716232237,123166.85,72.22929935017564,0.03978638184245664,0.010833118390508156,0.3683824509934659,0.9936208216331023,0.9671289162764916,0.0051471895314366125,0,10,197.0,192.45,189.95,184.85,191.75,201.3,192.95,188.0,193.95,197.0,193.65,187.5,187.0,183.95,179.05,184.0,179.6,175.5,171.0,172.85
2022-10-25,197.0,197.0,185.0,194.7,186.9,186.05,202.55,43.65,69719,13103517.2,12.0,2.3000000000000114,10.949999999999989,0.0,1.0500000000000114,194.7,195.95,188.3,102615.0,187.25,193.85,185.0,74990.0,188.5,202.55,185.4,245059.0,185.9,185.9,182.5,90972.0,189.33333333333334,1.6039014932162283,82441.33333333333,190.33,3.361547262789595,187491.0,181.1,12.788988318949935,138520.3,173.10250000000002,12.185315526225711,121877.15,66.86320753613109,-0.044427324088340936,0.0053585098239348206,-0.32057691370657315,0.9444162436500284,0.9943563558129839,0.00532063253978863,1,10,192.45,189.95,184.85,191.75,201.3,192.95,188.0,193.95,197.0,193.65,187.5,187.0,183.95,179.05,184.0,179.6,175.5,171.0,172.85,172.5
2022-10-27,186.05,192.45,186.05,186.05,188.7,187.6,202.55,43.65,38939,7339968.25,6.399999999999977,0.0,1.549999999999983,4.849999999999994,0.0,186.05,197.0,185.0,69719.0,194.7,195.95,188.3,102615.0,187.25,193.85,185.0,74990.0,195.15,195.15,187.45,445072.0,189.45000000000002,2.3824007499316386,70424.33333333333,188.82,3.8885087115716446,106264.4,183.15000000000003,11.9423487825662,138590.2,174.22250000000003,12.560122778481084,121250.4,64.20382164460058,0.008331093791991373,-0.0230964467005077,-0.4414865388201208,0.974798648994675,0.9917377398667819,0.005305063819588047,3,10,189.95,184.85,191.75,201.3,192.95,188.0,193.95,197.0,193.65,187.5,187.0,183.95,179.05,184.0,179.6,175.5,171.0,172.85,172.5,174.8
2022-10-28,188.7,189.95,181.0,187.6,181.0,181.65,202.55,43.65,29120,5350754.9,8.949999999999989,1.0999999999999943,7.049999999999983,1.25,0.6500000000000057,187.6,192.45,186.05,38939.0,186.05,197.0,185.0,69719.0,194.7,195.95,188.3,102615.0,188.5,202.55,185.4,245059.0,185.10000000000002,3.5743297739962214,45926.0,187.45,2.8063321257417164,63076.6,185.25,10.161829450339836,137453.9,174.8025,12.698165014553679,111462.1,61.42595977014061,-0.03171641791044766,-0.01299038711353595,-0.2521636405660135,0.9563042905977558,0.9964216900578232,0.005442222741318238,4,10,184.85,191.75,201.3,192.95,188.0,193.95,197.0,193.65,187.5,187.0,183.95,179.05,184.0,179.6,175.5,171.0,172.85,172.5,174.8,177.4
2022-10-31,184.85,184.85,175.15,181.65,183.9,182.65,202.55,45.0,32204,5783928.85,9.699999999999989,3.1999999999999886,2.1999999999999886,0.0,7.5,181.65,189.95,181.0,29120.0,187.6,192.45,186.05,38939.0,186.05,197.0,185.0,69719.0,187.25,193.85,185.0,74990.0,183.9666666666667,3.8734136537785187,33421.0,186.53,4.902091390413999,54519.4,186.65,7.292926557822604,135370.5,175.185,12.73564620309936,104476.5,63.97013066713653,0.005505092210294604,-0.02684917083443006,0.10590659340659347,0.9880984582040137,0.9589378592884811,0.005567841658356499,0,10,191.75,201.3,192.95,188.0,193.95,197.0,193.65,187.5,187.0,183.95,179.05,184.0,179.6,175.5,171.0,172.85,172.5,174.8,177.4,173.85
2022-11-01,180.0,191.75,180.0,182.65,191.75,191.75,202.55,45.0,127184,24151956.4,11.75,-2.6500000000000057,11.75,0.0,0.0,182.65,184.85,175.15,32204.0,181.65,189.95,181.0,29120.0,187.6,192.45,186.05,38939.0,194.7,195.95,188.3,102615.0,185.35,3.5791060336269234,62836.0,185.94,4.398579316094181,59433.2,188.12,5.262171077080366,125587.4,176.3675,12.945304726953202,107235.05,64.95157383887019,0.04982206405693956,0.03732756288882877,2.949323065457707,0.999999999994785,0.9387222946496026,0.005265991619627137,1,11,201.3,192.95,188.0,193.95,197.0,193.65,187.5,187.0,183.95,179.05,184.0,179.6,175.5,171.0,172.85,172.5,174.8,177.4,173.85,173.45
2022-11-02,194.8,201.3,188.0,191.75,188.1,189.25,202.55,45.0,287942,56713081.2,13.300000000000011,3.0500000000000114,5.550000000000011,6.5,1.25,191.75,191.75,180.0,127184.0,182.65,184.85,175.15,32204.0,181.65,189.95,181.0,29120.0,186.05,197.0,185.0,69719.0,187.88333333333335,8.260498370756833,149110.0,186.58,5.9594882330592025,103077.8,188.45499999999998,5.226279747584982,145284.4,177.84,13.476873710174495,117517.4,63.02175190026686,-0.013037809647979182,0.04980443285528047,1.2639797458799849,0.9401390958721304,0.9933949801796915,0.005077170802703627,2,11,192.95,188.0,193.95,197.0,193.65,187.5,187.0,183.95,179.05,184.0,179.6,175.5,171.0,172.85,172.5,174.8,177.4,173.85,173.45,172.95
2022-11-03,192.95,192.95,184.05,189.25,184.05,184.9,202.55,45.0,53633,10029549.35,8.899999999999977,3.6999999999999886,8.049999999999983,0.0,0.8499999999999943,189.25,201.3,188.0,287942.0,191.75,191.75,180.0,127184.0,182.65,184.85,175.15,32204.0,187.6,192.45,186.05,38939.0,188.63333333333335,5.202002819422047,156253.0,186.04000000000002,5.971850634432432,106016.6,187.43,5.241225471629833,106140.5,179.2125,12.988710685173876,117676.8,64.61723928987776,-0.02298546895640685,-0.04148037754595146,-0.8137367942155017,0.9582793469761168,0.9954029204921828,0.005347498489550778,3,11,188.0,193.95,197.0,193.65,187.5,187.0,183.95,179.05,184.0,179.6,175.5,171.0,172.85,172.5,174.8,177.4,173.85,173.45,172.95,171.95
2022-11-04,186.7,188.0,181.15,184.9,185.0,184.95,202.55,45.0,27509,5074477.75,6.849999999999994,1.799999999999983,1.75,1.3000000000000114,3.799999999999983,184.9,192.95,184.05,53633.0,189.25,201.3,188.0,287942.0,191.75,191.75,180.0,127184.0,181.65,189.95,181.0,29120.0,186.36666666666667,6.722040860726422,123028.0,186.7,6.211139186974581,105694.4,187.075,4.672939236832404,84385.5,180.195,12.232441766832133,116858.95,60.86666665530488,0.00027041644131964304,-0.02565431458927181,-0.48708817332612386,0.983776595739448,0.9794539064559101,0.005421050471647057,4,11,193.95,197.0,193.65,187.5,187.0,183.95,179.05,184.0,179.6,175.5,171.0,172.85,172.5,174.8,177.4,173.85,173.45,172.95,171.95,173.35
2022-11-07,184.5,193.95,184.45,184.95,190.0,189.85,202.55,50.45,103520,19770488.5,9.5,-0.44999999999998863,5.349999999999994,4.099999999999994,0.05000000000001137,184.95,188.0,181.15,27509.0,184.9,192.95,184.05,53633.0,189.25,201.3,188.0,287942.0,182.65,184.85,175.15,32204.0,186.5666666666667,3.1860372460592474,61554.0,188.14,4.863563508372249,119957.6,187.335,4.675530272958356,87238.5,181.5425,12.059178640093027,114548.4,58.951048939506094,0.026493646931603276,0.031648936170212805,2.763132065869352,0.9788605310596605,0.9715564919622252,0.005236087110341255,0,11,197.0,193.65,187.5,187.0,183.95,179.05,184.0,179.6,175.5,171.0,172.85,172.5,174.8,177.4,173.85,173.45,172.95,171.95,173.35,170.55
2022-11-09,196.0,197.0,189.15,189.85,190.0,190.25,202.55,50.45,73551,14247779.8,7.849999999999994,6.150000000000006,5.75,1.0,1.0999999999999943,189.85,193.95,184.45,103520.0,184.95,188.0,181.15,27509.0,184.9,192.95,184.05,53633.0,191.75,191.75,180.0,127184.0,188.35,4.577208028184448,68193.33333333333,187.83999999999997,4.933229165563826,109231.0,186.89000000000001,4.764696562568286,84332.1,183.04500000000002,10.947957031240401,115162.9,53.449643128496504,0.002106926520937691,0.015725702500644534,-0.28949961360123644,0.9657360406042349,0.9942181340289398,0.005162277985233881,2,11,193.65,187.5,187.0,183.95,179.05,184.0,179.6,175.5,171.0,172.85,172.5,174.8,177.4,173.85,173.45,172.95,171.95,173.35,170.55,166.95
2022-11-10,190.0,193.65,181.1,190.25,181.5,182.35,202.55,50.45,57999,10678346.1,12.550000000000011,-0.25,7.650000000000006,3.6500000000000057,1.25,190.25,197.0,189.15,73551.0,189.85,193.95,184.45,103520.0,184.95,188.0,181.15,27509.0,189.25,201.3,188.0,287942.0,187.48333333333335,1.8536001006892657,78356.66666666667,186.45999999999998,3.2506537803910227,63242.4,186.52,4.559303674906584,83160.1,183.81,9.969987528366355,110840.2,39.62722851612994,-0.04152431011826552,-0.01700507614213198,-0.2114451197128523,0.9416473018283416,0.9931450507211783,0.005431459090841792,3,11,187.5,187.0,183.95,179.05,184.0,179.6,175.5,171.0,172.85,172.5,174.8,177.4,173.85,173.45,172.95,171.95,173.35,170.55,166.95,168.9
2022-11-11,186.0,187.5,180.05,182.35,182.9,182.45,202.55,50.45,47849,8803767.05,7.449999999999989,3.6500000000000057,3.5500000000000114,1.5,2.3999999999999773,182.35,193.65,181.1,57999.0,190.25,197.0,189.15,73551.0,189.85,193.95,184.45,103520.0,184.9,192.95,184.05,53633.0,185.01666666666665,4.818281159633213,59799.666666666664,185.96999999999997,4.116217924256581,62085.6,186.005,4.835907360570157,84051.1,184.57750000000001,9.12984514482103,111320.65,44.5149591908756,0.0005483959418699502,-0.031758326878388865,-0.17500301729340162,0.973066666661477,0.9868457111483321,0.005435059756607257,4,11,187.0,183.95,179.05,184.0,179.6,175.5,171.0,172.85,172.5,174.8,177.4,173.85,173.45,172.95,171.95,173.35,170.55,166.95,168.9,168.4
2022-11-14,187.0,187.0,176.3,182.45,179.3,179.1,202.55,50.45,37731,6794945.05,10.699999999999989,4.550000000000011,7.900000000000006,0.0,2.799999999999983,182.45,187.5,180.05,47849.0,182.35,193.65,181.1,57999.0,190.25,197.0,189.15,73551.0,184.95,188.0,181.15,27509.0,181.29999999999998,3.703489345641241,47859.666666666664,184.79999999999998,4.37644261929381,64130.0,185.75,5.065485059587628,84912.2,185.5,7.878058720936097,111183.05,42.882096059382526,-0.01836119484790355,-0.002666666666666706,-0.2114568747518234,0.9577540106900655,0.9843662758180662,0.005552804286474693,0,11,183.95,179.05,184.0,179.6,175.5,171.0,172.85,172.5,174.8,177.4,173.85,173.45,172.95,171.95,173.35,170.55,166.95,168.9,168.4,169.75
2022-11-15,178.75,183.95,175.1,179.1,177.5,177.6,202.55,50.45,32585,5779169.9,8.849999999999994,-0.3499999999999943,1.1500000000000057,5.199999999999989,2.5,179.1,187.0,176.3,37731.0,182.45,187.5,180.05,47849.0,182.35,193.65,181.1,57999.0,189.85,193.95,184.45,103520.0,179.71666666666667,1.9215878850436894,39388.333333333336,182.35,5.3388435077245475,49943.0,185.24499999999998,5.208563994893939,84950.3,185.94750000000002,6.16919074706522,110160.4,33.333333324236506,-0.008375209380234505,-0.01631016042780753,-0.13638652566854836,0.9654797499267982,0.9859234234178721,0.005638353009832777,1,11,179.05,184.0,179.6,175.5,171.0,172.85,172.5,174.8,177.4,173.85,173.45,172.95,171.95,173.35,170.55,166.95,168.9,168.4,169.75,174.9
2022-11-16,179.0,179.05,173.1,177.6,176.0,176.35,202.55,50.45,38809,6874807.25,5.950000000000017,1.4000000000000057,2.6500000000000057,0.05000000000001137,3.25,177.6,183.95,175.1,32585.0,179.1,187.0,176.3,37731.0,182.45,187.5,180.05,47849.0,190.25,197.0,189.15,73551.0,177.6833333333333,4.010714815750606,36375.0,179.57,5.3388435077247545,42994.6,183.70499999999998,6.567430158662173,76112.8,185.9125,5.93282295015498,100850.1,38.952163996689485,-0.007038288288288341,-0.026637673280782703,0.19100813257633886,0.9849204132868756,0.9815707400001046,0.005645103722726189,2,11,184.0,179.6,175.5,171.0,172.85,172.5,174.8,177.4,173.85,173.45,172.95,171.95,173.35,170.55,166.95,168.9,168.4,169.75,174.9,172.5
2022-11-17,184.0,184.0,176.0,176.35,178.75,177.65,202.55,50.45,21614,3873317.2,8.0,7.650000000000006,6.349999999999994,0.0,1.6500000000000057,176.35,179.05,173.1,38809.0,177.6,183.95,175.1,32585.0,179.1,187.0,176.3,37731.0,182.35,193.65,181.1,57999.0,177.20000000000002,2.8435599753270493,31002.666666666668,178.63,3.365449449921352,35717.6,182.545,5.593768854718308,49480.0,185.5,6.04453374197594,97382.2,38.60252003343791,0.007371703997731904,0.02764590896397645,-0.4430673297431008,0.9654891304295354,0.9907120742978288,0.005580229783401162,3,11,179.6,175.5,171.0,172.85,172.5,174.8,177.4,173.85,173.45,172.95,171.95,173.35,170.55,166.95,168.9,168.4,169.75,174.9,172.5,169.45
2022-11-18,177.65,179.6,171.4,177.65,171.5,173.35,202.55,50.45,23542,4121631.75,8.199999999999989,0.0,4.300000000000011,1.9499999999999886,1.9499999999999886,177.65,184.0,176.0,21614.0,176.35,179.05,173.1,38809.0,177.6,183.95,175.1,32585.0,182.45,187.5,180.05,47849.0,175.78333333333333,2.7130855742646145,27988.333333333332,176.81,3.341893176027153,30856.2,181.39,6.043095233406191,46470.9,184.41,6.542434361031989,76305.7,40.11904760567459,-0.024204897269912817,-0.023913043478260954,0.08920144350883685,0.9652004454289244,0.988751081621063,0.00571181547211247,4,11,175.5,171.0,172.85,172.5,174.8,177.4,173.85,173.45,172.95,171.95,173.35,170.55,166.95,168.9,168.4,169.75,174.9,172.5,169.45,166.95
2022-11-21,175.5,175.5,164.7,173.35,167.45,166.2,202.55,50.45,62253,10411528.2,10.800000000000011,2.1500000000000057,9.300000000000011,0.0,1.5,173.35,179.6,171.4,23542.0,177.65,184.0,176.0,21614.0,176.35,179.05,173.1,38809.0,179.1,187.0,176.3,37731.0,172.4,4.250882261360577,35803.0,174.23,3.6066951631622812,35760.6,179.51500000000001,7.0988731500158995,49945.3,183.295,6.780464876935767,67165.4,32.91796468409446,-0.041246034035189005,-0.02282850779510015,1.644337779288081,0.947008547003151,0.9909747292359148,0.005979237514815548,0,11,171.0,172.85,172.5,174.8,177.4,173.85,173.45,172.95,171.95,173.35,170.55,166.95,168.9,168.4,169.75,174.9,172.5,169.45,166.95,167.0
2022-11-22,166.15,171.0,164.95,166.2,168.0,168.2,202.55,50.45,29231,4902187.3,6.050000000000011,-0.04999999999998295,2.049999999999983,2.8000000000000114,1.200000000000017,166.2,175.5,164.7,62253.0,173.35,179.6,171.4,23542.0,177.65,184.0,176.0,21614.0,177.6,183.95,175.1,32585.0,169.25,4.301550108191857,38342.0,172.35,4.867442860474049,35089.8,177.34999999999997,7.945517604285869,42516.4,182.3425,7.843961807791811,64877.45,21.315468933047086,0.012033694344163681,-0.02564102564102566,-0.5304483318073024,0.9836257309883999,0.9806777645601625,0.00596284846154287,1,11,172.85,172.5,174.8,177.4,173.85,173.45,172.95,171.95,173.35,170.55,166.95,168.9,168.4,169.75,174.9,172.5,169.45,166.95,167.0,168.0
2022-11-23,172.85,172.85,167.0,168.2,170.2,169.5,202.55,50.45,50331,8504830.8,5.849999999999994,4.650000000000006,3.3499999999999943,0.0,2.5,168.2,171.0,164.95,29231.0,166.2,175.5,164.7,62253.0,173.35,179.6,171.4,23542.0,176.35,179.05,173.1,38809.0,167.96666666666667,2.2618208004363267,47271.666666666664,170.98,5.2533798644282825,37394.2,175.27499999999998,7.123739654611419,40194.4,181.0825,8.34597444722159,62263.25,25.21957339139088,0.007728894173602896,0.010818713450292394,0.7218364065546852,0.9806190338387006,0.9852507374573142,0.0059179307835259915,2,11,172.5,174.8,177.4,173.85,173.45,172.95,171.95,173.35,170.55,166.95,168.9,168.4,169.75,174.9,172.5,169.45,166.95,167.0,168.0,168.4
2022-11-24,172.5,172.5,166.0,169.5,166.5,166.95,202.55,50.45,12547,2112474.1,6.5,3.0,5.550000000000011,0.0,0.9499999999999886,169.5,172.85,167.0,50331.0,168.2,171.0,164.95,29231.0,166.2,175.5,164.7,62253.0,177.65,184.0,176.0,21614.0,168.21666666666667,0.9827681991634083,30703.0,168.83999999999997,3.3823808182967623,35580.8,173.73499999999999,6.160512695115807,35649.2,180.1275,8.619967639455199,59404.65,26.412614970570914,-0.01504424778761071,-0.0020248770610356015,-0.7507102978283762,0.9678260869509111,0.994309673549001,0.005939481104170695,3,11,174.8,177.4,173.85,173.45,172.95,171.95,173.35,170.55,166.95,168.9,168.4,169.75,174.9,172.5,169.45,166.95,167.0,168.0,168.4,163.5
2022-11-25,169.9,174.8,165.45,166.95,170.6,172.0,202.55,50.45,47674,8162872.6,9.350000000000023,2.950000000000017,2.0999999999999943,2.8000000000000114,4.450000000000017,166.95,172.5,166.0,12547.0,169.5,172.85,167.0,50331.0,168.2,171.0,164.95,29231.0,173.35,179.6,171.4,23542.0,169.48333333333335,1.239287429649114,36850.666666666664,168.57,1.8178283747324702,40407.2,172.69,5.560987622117998,35631.7,179.3475,8.8195845916014,59841.4,34.959349582127075,0.03024857741838871,0.01333333333333342,2.7996333784968517,0.9839816933582152,0.9619186046455702,0.005840345958602857,4,11,177.4,173.85,173.45,172.95,171.95,173.35,170.55,166.95,168.9,168.4,169.75,174.9,172.5,169.45,166.95,167.0,168.0,168.4,163.5,162.0
2022-11-28,175.0,177.4,170.55,172.0,174.0,173.75,202.55,50.8,24170,4207438.9,6.849999999999994,3.0,1.25,2.4000000000000057,3.1999999999999886,172.0,174.8,165.45,47674.0,166.95,172.5,166.0,12547.0,169.5,172.85,167.0,50331.0,166.2,175.5,164.7,62253.0,170.9,2.451530134416503,28130.333333333332,170.07999999999998,2.467387282122986,32790.6,172.155,4.5819119007989295,34275.6,178.9525,8.899266675879138,59593.9,29.82456139304405,0.01017441860465107,0.014874141876430214,-0.4930150606200445,0.9794250281793719,0.9815827338073003,0.00574458728325205,0,11,173.85,173.45,172.95,171.95,173.35,170.55,166.95,168.9,168.4,169.75,174.9,172.5,169.45,166.95,167.0,168.0,168.4,163.5,162.0,160.1
2022-11-29,170.95,173.85,167.0,173.75,172.45,170.95,202.55,50.8,16157,2768885.6,6.849999999999994,-2.8000000000000114,0.0,2.9000000000000057,3.9499999999999886,173.75,177.4,170.55,24170.0,172.0,174.8,165.45,47674.0,166.95,172.5,166.0,12547.0,168.2,171.0,164.95,29231.0,172.23333333333335,1.8377975949358412,29333.666666666668,170.63,1.962332795420257,30175.8,171.48999999999998,3.967608431622606,32632.8,178.3675,9.206553729758998,58791.55,27.186761220316455,-0.016115107913669102,-0.02001127395715907,-0.3315266859743483,0.9833189531148501,0.9768938285991409,0.005835199547428032,1,11,173.45,172.95,171.95,173.35,170.55,166.95,168.9,168.4,169.75,174.9,172.5,169.45,166.95,167.0,168.0,168.4,163.5,162.0,160.1,158.9
2022-11-30,172.9,173.45,168.55,170.95,171.9,170.85,202.55,50.8,10422,1785406.7,4.899999999999977,1.950000000000017,2.0500000000000114,0.549999999999983,2.299999999999983,170.95,173.85,167.0,16157.0,173.75,177.4,170.55,24170.0,172.0,174.8,165.45,47674.0,169.5,172.85,167.0,50331.0,171.85,2.1742814905048946,16916.333333333332,170.9,1.8691575642470073,22194.0,170.94,3.892403570491069,29794.1,177.3225,9.29220244698648,52953.45,33.33333331980678,-0.0005849663644340586,-0.0023008340523440474,-0.3549545088815993,0.98501008935725,0.9865378987358121,0.005837325467637147,2,11,172.95,171.95,173.35,170.55,166.95,168.9,168.4,169.75,174.9,172.5,169.45,166.95,167.0,168.0,168.4,163.5,162.0,160.1,158.9,160.8
2022-12-01,172.95,172.95,167.3,170.85,170.9,170.1,202.55,50.8,28929,4916178.15,5.649999999999977,2.0999999999999943,2.8499999999999943,0.0,2.799999999999983,170.85,173.45,168.55,10422.0,170.95,173.85,167.0,16157.0,173.75,177.4,170.55,24170.0,166.95,172.5,166.0,12547.0,170.63333333333333,0.45092497522995456,18502.666666666668,171.53,1.7625975150276811,25470.4,170.185,2.5449077695609157,30525.6,176.36499999999998,8.47441156162371,40002.8,32.43243241951485,-0.004389815627743654,-0.0028826751225137226,1.775762809441566,0.983521248910185,0.9835390946444238,0.005884449081650955,3,12,171.95,173.35,170.55,166.95,168.9,168.4,169.75,174.9,172.5,169.45,166.95,167.0,168.0,168.4,163.5,162.0,160.1,158.9,160.8,159.0
2022-12-02,171.0,171.95,167.85,170.1,170.5,170.55,202.55,50.8,16233,2762552.7,4.099999999999994,0.9000000000000057,0.44999999999998863,0.9499999999999886,2.700000000000017,170.1,172.95,167.3,28929.0,170.85,173.45,168.55,10422.0,170.95,173.85,167.0,16157.0,172.0,174.8,165.45,47674.0,170.50000000000003,0.7637626157952597,18528.0,171.24,2.0711108130619547,19182.2,169.905,1.8632781745009157,29794.7,175.6475,8.286140537065021,38132.8,36.744186030560726,0.002645502645502784,-0.005782017924255589,-0.4388675723322617,0.9918580982786169,0.9841688654295856,0.00587608699736298,4,12,173.35,170.55,166.95,168.9,168.4,169.75,174.9,172.5,169.45,166.95,167.0,168.0,168.4,163.5,162.0,160.1,158.9,160.8,159.0,160.65
2022-12-05,170.55,173.35,168.1,170.55,168.8,169.3,202.55,51.0,16378,2773464.15,5.25,0.0,1.25,2.799999999999983,1.200000000000017,170.55,171.95,167.85,16233.0,170.1,172.95,167.3,28929.0,170.85,173.45,168.55,10422.0,173.75,177.4,170.55,24170.0,169.98333333333335,0.7211102550602806,20513.333333333332,170.35,0.7231873892586211,17623.8,170.21499999999997,1.743049690123066,25207.2,174.86499999999998,8.235387377843871,37576.25,37.031249983798894,-0.0073292289651128995,0.008141901715615019,0.008932421610299945,0.9766368618345739,0.9929119905434559,0.005905250298620227,0,12,170.55,166.95,168.9,168.4,169.75,174.9,172.5,169.45,166.95,167.0,168.0,168.4,163.5,162.0,160.1,158.9,160.8,159.0,160.65,159.95
2022-12-06,168.55,170.55,160.85,169.3,162.75,161.5,202.55,51.0,80538,13240760.85,9.700000000000017,-0.75,7.050000000000011,2.0,0.6500000000000057,169.3,173.35,168.1,16378.0,170.55,171.95,167.85,16233.0,170.1,172.95,167.3,28929.0,170.95,173.85,167.0,16157.0,167.11666666666667,1.39999999998336,37716.333333333336,168.45999999999998,1.2165525060527176,30500.0,169.54500000000002,1.8164449406018643,30337.9,173.4475,7.762712832915317,36427.15,30.739299599731567,-0.046072061429415334,-0.016152293048745214,3.917450238124313,0.9469363822870306,0.9959752321919754,0.0060825809719235275,1,12,166.95,168.9,168.4,169.75,174.9,172.5,169.45,166.95,167.0,168.0,168.4,163.5,162.0,160.1,158.9,160.8,159.0,160.65,159.95,164.3
2022-12-07,162.5,166.95,161.5,161.5,166.9,165.45,202.55,51.0,22508,3703655.35,5.449999999999989,1.0,2.9499999999999886,1.5,1.0,161.5,170.55,160.85,80538.0,169.3,173.35,168.1,16378.0,170.55,171.95,167.85,16233.0,170.85,173.45,168.55,10422.0,165.41666666666669,3.2083225107971143,39808.0,167.38000000000002,2.5845695966609292,32917.2,169.14000000000001,2.730511755048916,27555.6,172.2075,6.8696371427955905,33875.0,35.19417474532237,0.024458204334365297,-0.021108179419525253,-0.7205294395192332,0.991015274028206,0.9761257177335987,0.00607723934139822,2,12,168.9,168.4,169.75,174.9,172.5,169.45,166.95,167.0,168.0,168.4,163.5,162.0,160.1,158.9,160.8,159.0,160.65,159.95,164.3,165.85
2022-12-08,165.5,168.9,164.1,165.45,165.1,165.45,202.55,51.0,31092,5166491.05,4.800000000000011,0.05000000000001137,0.05000000000001137,3.4000000000000057,1.3499999999999943,165.45,166.95,161.5,22508.0,161.5,170.55,160.85,80538.0,169.3,173.35,168.1,16378.0,170.1,172.95,167.3,28929.0,164.13333333333335,1.8020821290814792,44712.666666666664,166.45,2.513065856674786,33349.8,168.99,2.995278692285628,29410.1,171.3625,5.889260966949485,32529.65,39.29539293902073,0.0,0.011680143755615546,0.3813755109294472,0.9795737122499729,0.9918404351707959,0.006018011005748281,3,12,168.4,169.75,174.9,172.5,169.45,166.95,167.0,168.0,168.4,163.5,162.0,160.1,158.9,160.8,159.0,160.65,159.95,164.3,165.85,163.0
2022-12-09,168.4,168.4,160.0,165.45,161.0,161.7,202.55,51.0,23766,3860068.1,8.400000000000006,2.950000000000017,6.700000000000017,0.0,1.6999999999999886,165.45,168.9,164.1,31092.0,165.45,166.95,161.5,22508.0,161.5,170.55,160.85,80538.0,170.55,171.95,167.85,16233.0,164.2,1.0128343069270929,25788.666666666668,164.68,2.4450460118339414,34856.4,167.95999999999998,3.1105778312815553,27019.3,170.325,5.432431848580014,31325.5,43.28358207146359,-0.022665457842248382,-0.002960331557134377,-0.23562331146275572,0.9602137767163882,0.9894867037662989,0.00615688619586789,4,12,169.75,174.9,172.5,169.45,166.95,167.0,168.0,168.4,163.5,162.0,160.1,158.9,160.8,159.0,160.65,159.95,164.3,165.85,163.0,161.75
2022-12-12,157.0,169.75,157.0,161.7,169.75,169.75,202.55,52.2,69104,11632846.75,12.75,-4.699999999999989,12.75,0.0,0.0,161.7,168.4,160.0,23766.0,165.45,168.9,164.1,31092.0,165.45,166.95,161.5,22508.0,169.3,173.35,168.1,16378.0,165.63333333333333,0.6825198409482587,41320.666666666664,164.77,1.369032505087291,45401.6,167.56,2.442425934283417,31512.7,169.8575,4.7348060317068565,32894.15,51.95954486150612,0.04978354978354993,0.008016627078384797,1.9076832449718086,0.999999999994109,0.924889543440796,0.005940420387640711,0,12,174.9,172.5,169.45,166.95,167.0,168.0,168.4,163.5,162.0,160.1,158.9,160.8,159.0,160.65,159.95,164.3,165.85,163.0,161.75,159.8
2022-12-13,174.9,174.9,169.75,169.75,172.45,172.45,202.55,52.2,24026,4150615.2,5.150000000000006,5.150000000000006,2.450000000000017,0.0,2.6999999999999886,169.75,169.75,157.0,69104.0,161.7,168.4,160.0,23766.0,165.45,168.9,164.1,31092.0,161.5,170.55,160.85,80538.0,167.96666666666667,3.430136051716778,38965.333333333336,166.95999999999998,3.037391973385223,34099.2,167.70999999999998,2.5958353397561456,32299.6,169.6,4.131652530352945,32466.2,53.60195358362813,0.01590574374079523,0.03033873343151705,-0.6523211391525816,0.9859919954203202,0.9843432879038311,0.005788539491687881,1,12,172.5,169.45,166.95,167.0,168.0,168.4,163.5,162.0,160.1,158.9,160.8,159.0,160.65,159.95,164.3,165.85,163.0,161.75,159.8,155.5
2022-12-14,172.5,172.5,168.0,172.45,170.45,169.7,202.55,52.2,19439,3311329.05,4.5,0.05000000000001137,2.8000000000000114,0.0,1.6999999999999886,172.45,174.9,169.75,24026.0,169.75,169.75,157.0,69104.0,161.7,168.4,160.0,23766.0,165.45,166.95,161.5,22508.0,170.63333333333335,2.576981438289103,37523.0,167.81,2.744631122752961,33485.4,167.595,2.517075022060817,33201.3,169.26749999999998,3.9303567201160523,31497.7,53.341433760710075,-0.015946651203247342,-0.013722126929674117,-0.19091817198035466,0.983768115936326,0.9899823217384209,0.005870452530231025,2,12,169.45,166.95,167.0,168.0,168.4,163.5,162.0,160.1,158.9,160.8,159.0,160.65,159.95,164.3,165.85,163.0,161.75,159.8,155.5,161.9
2022-12-15,165.5,169.45,165.5,169.7,168.85,167.85,202.55,52.2,15174,2540139.0,3.9499999999999886,-4.199999999999989,2.3499999999999943,1.5999999999999943,0.0,169.7,172.5,168.0,19439.0,172.45,174.9,169.75,24026.0,169.75,169.75,157.0,69104.0,165.45,168.9,164.1,31092.0,170.0,2.731452604986341,19546.333333333332,168.29000000000002,2.6544773496837593,30301.8,167.36999999999998,2.4616164517591583,31825.8,168.77749999999997,3.095132001265255,31175.7,44.532279298459756,-0.010901591043017023,-0.017681159420289916,-0.21940429034415354,0.9905576866273795,0.985999404224093,0.005973688841437415,3,12,166.95,167.0,168.0,168.4,163.5,162.0,160.1,158.9,160.8,159.0,160.65,159.95,164.3,165.85,163.0,161.75,159.8,155.5,161.9,155.5
2022-12-16,166.95,166.95,161.0,167.85,163.4,161.8,202.55,52.2,40137,6532148.5,5.949999999999989,-0.9000000000000057,5.149999999999977,0.0,0.8000000000000114,167.85,169.45,165.5,15174.0,169.7,172.5,168.0,19439.0,172.45,174.9,169.75,24026.0,161.7,168.4,160.0,23766.0,166.45000000000002,2.7795383309621307,24916.666666666668,168.31,3.0580631124920137,33576.0,166.49499999999998,2.6715788091218884,34216.2,168.2,2.8577445560024457,32005.45,35.857988153798544,-0.03604408698242467,-0.014753614635585666,1.6451166468960063,0.9691524408447492,0.9950556242212913,0.006144532690890293,4,12,167.0,168.0,168.4,163.5,162.0,160.1,158.9,160.8,159.0,160.65,159.95,164.3,165.85,163.0,161.75,159.8,155.5,161.9,155.5,158.0
2022-12-19,162.0,167.0,155.1,161.8,162.9,161.5,202.55,52.2,34862,5637458.35,11.900000000000006,0.19999999999998863,0.5,5.0,6.400000000000006,161.8,166.95,161.0,40137.0,167.85,169.45,165.5,15174.0,169.7,172.5,168.0,19439.0,169.75,169.75,157.0,69104.0,163.71666666666667,1.4291605927799684,30057.666666666668,166.66,3.4905945052361345,26727.6,165.715,2.585004835588473,36064.6,167.965,2.9250494822613633,30635.9,38.113207533746305,-0.00185414091470959,0.0002994908655287176,-0.13142486982086354,0.9670658682576823,0.9603715170219173,0.006183992472423321,0,12,168.0,168.4,163.5,162.0,160.1,158.9,160.8,159.0,160.65,159.95,164.3,165.85,163.0,161.75,159.8,155.5,161.9,155.5,158.0,157.3
2022-12-20,166.5,168.0,159.55,161.5,166.0,166.0,202.55,52.2,40397,6680123.55,8.449999999999989,5.0,0.5,1.5,6.449999999999989,161.5,167.0,155.1,34862.0,161.8,166.95,161.0,40137.0,167.85,169.45,165.5,15174.0,172.45,174.9,169.75,24026.0,163.10000000000002,0.5923118547596127,38465.333333333336,165.37,2.313709143342252,30001.8,166.16500000000002,2.599487128906223,32050.5,167.855,3.025743710229485,31194.2,44.507361254289854,0.02786377708978338,0.0059880239520957446,0.15876886007687463,0.9880952380893566,0.9611445783074631,0.006047343241129125,1,12,168.4,163.5,162.0,160.1,158.9,160.8,159.0,160.65,159.95,164.3,165.85,163.0,161.75,159.8,155.5,161.9,155.5,158.0,157.3,155.95
2022-12-21,163.0,168.4,157.7,166.0,158.9,158.55,202.55,52.2,68643,10911928.0,10.700000000000017,-3.0,4.449999999999989,5.400000000000006,0.8500000000000227,166.0,168.0,159.55,40397.0,161.5,167.0,155.1,34862.0,161.8,166.95,161.0,40137.0,169.7,172.5,168.0,19439.0,162.01666666666668,0.7211102550617255,47967.333333333336,163.14000000000001,1.043671404219766,39842.6,165.475,2.4933522726585053,36664.0,167.30749999999998,3.070787658256201,32109.8,38.64306783596849,-0.04487951807228907,0.0023809523809523725,0.6992103374012921,0.9415083135336015,0.9946389151624431,0.0062906390144802996,2,12,163.5,162.0,160.1,158.9,160.8,159.0,160.65,159.95,164.3,165.85,163.0,161.75,159.8,155.5,161.9,155.5,158.0,157.3,155.95,157.1
2022-12-22,156.2,163.5,150.65,158.55,162.0,161.15,202.55,52.2,178043,27345561.6,12.849999999999994,-2.3500000000000227,4.950000000000017,2.3499999999999943,5.549999999999983,158.55,168.4,157.7,68643.0,166.0,168.0,159.55,40397.0,161.5,167.0,155.1,34862.0,167.85,169.45,165.5,15174.0,161.9,2.7209067116108887,95694.33333333333,161.8,1.9331321734394586,72416.4,165.045,3.1245488563265185,51359.1,167.01749999999998,3.4861757059312155,40384.6,41.13207546083302,0.016398612425102543,-0.029097387173396716,1.5937531867779673,0.9856269113089565,0.9348433136771032,0.006510855494735935,3,12,162.0,160.1,158.9,160.8,159.0,160.65,159.95,164.3,165.85,163.0,161.75,159.8,155.5,161.9,155.5,158.0,157.3,155.95,157.1,156.5
2022-12-23,160.0,162.0,153.1,161.15,153.25,153.2,202.55,52.2,70892,11140530.9,8.900000000000006,-1.1500000000000057,6.800000000000011,2.0,0.09999999999999432,161.15,163.5,150.65,178043.0,158.55,168.4,157.7,68643.0,166.0,168.0,159.55,40397.0,161.8,166.95,161.0,40137.0,157.63333333333335,3.3471380810014844,105859.33333333333,160.07999999999998,2.8621670111975277,78567.4,164.195,3.814260522479966,56071.7,166.07750000000001,3.8410730408645826,41545.5,36.515912889259226,-0.049332919640087014,-0.00917431192660545,-0.6018265250529367,0.9456790123398415,0.9993472584791167,0.006363431028228644,4,12,160.1,158.9,160.8,159.0,160.65,159.95,164.3,165.85,163.0,161.75,159.8,155.5,161.9,155.5,158.0,157.3,155.95,157.1,156.5,156.0
2022-12-26,150.0,160.1,150.0,153.2,154.0,154.25,202.55,52.2,39292,6117935.5,10.099999999999994,-3.1999999999999886,4.25,5.849999999999994,0.0,153.2,162.0,153.1,70892.0,161.15,163.5,150.65,178043.0,158.55,168.4,157.7,68643.0,161.5,167.0,155.1,34862.0,156.20000000000002,1.703917055872101,96075.66666666667,158.63,3.6749149650009914,79453.4,162.645,4.542405138740959,53090.5,165.10250000000002,4.0324636585948825,42301.6,43.15391877990264,0.006853785900783338,-0.011728395061728403,-0.44574846244992383,0.9634603372831765,0.9724473257635499,0.006422427957927963,0,12,158.9,160.8,159.0,160.65,159.95,164.3,165.85,163.0,161.75,159.8,155.5,161.9,155.5,158.0,157.3,155.95,157.1,156.5,156.0,157.5
2022-12-27,158.9,158.9,154.75,154.25,158.5,157.35,202.55,52.2,10302,1609438.5,4.150000000000006,4.650000000000006,1.5500000000000114,0.0,2.5999999999999943,154.25,160.1,150.0,39292.0,153.2,162.0,153.1,70892.0,161.15,163.5,150.65,178043.0,166.0,168.0,159.55,40397.0,154.93333333333337,1.5631165450127704,40162.0,156.9,3.6995945723807737,73434.4,161.135,4.3749412694488745,51718.1,164.42249999999999,4.475679160458473,42008.85,42.22648751264548,0.020097244732576902,-0.00749531542785753,-0.7378092232515525,0.9902454373757694,0.9834763266540613,0.006400990158990228,1,12,160.8,159.0,160.65,159.95,164.3,165.85,163.0,161.75,159.8,155.5,161.9,155.5,158.0,157.3,155.95,157.1,156.5,156.0,157.5,155.95
2022-12-28,160.7,160.8,156.25,157.35,157.55,158.6,202.55,52.2,16126,2564575.8,4.550000000000011,3.3499999999999943,2.0999999999999943,0.10000000000002274,2.3499999999999943,157.35,158.9,154.75,10302.0,154.25,160.1,150.0,39292.0,153.2,162.0,153.1,70892.0,158.55,168.4,157.7,68643.0,156.73333333333332,0.9609023536722548,21906.666666666668,156.91000000000003,1.767201176999989,62931.0,160.025,3.885500110812882,51386.8,163.81,4.615736811797596,42294.05,43.58013119756098,0.007944073721004141,0.01195720578980497,0.5653271209473889,0.9863184079540651,0.9851828499307367,0.006287979477931592,2,12,159.0,160.65,159.95,164.3,165.85,163.0,161.75,159.8,155.5,161.9,155.5,158.0,157.3,155.95,157.1,156.5,156.0,157.5,155.95,153.4
2022-12-29,156.8,159.0,154.0,158.6,155.15,155.15,202.55,52.2,16445,2557898.6,5.0,-1.799999999999983,1.6500000000000057,2.1999999999999886,1.1500000000000057,158.6,160.8,156.25,16126.0,157.35,158.9,154.75,10302.0,154.25,160.1,150.0,39292.0,161.15,163.5,150.65,178043.0,157.03333333333333,1.0692676621375499,14291.0,155.70999999999998,1.2973048986227749,30611.4,158.75500000000002,3.81386724118042,51513.9,163.0625,4.839564872784418,41669.85,43.826578687774344,-0.02175283732660771,-0.011194029850746356,0.01978171896316505,0.9757861635158757,0.992587818234015,0.00642910551653611,3,12,160.65,159.95,164.3,165.85,163.0,161.75,159.8,155.5,161.9,155.5,158.0,157.3,155.95,157.1,156.5,156.0,157.5,155.95,153.4,151.95
2022-12-30,155.15,160.65,155.15,155.15,157.75,158.85,202.55,52.2,16157,2551419.2,5.5,0.0,3.6999999999999886,1.8000000000000114,0.0,155.15,159.0,154.0,16445.0,158.6,160.8,156.25,16126.0,157.35,158.9,154.75,10302.0,153.2,162.0,153.1,70892.0,157.53333333333333,0.9987492177515999,16242.666666666666,156.84,0.8974965180939714,19664.4,158.45999999999998,3.692639074340893,49115.9,162.4775,4.898804231108965,41666.05,38.80903489644091,0.02384788913954239,0.01037735849056598,-0.017512921860747932,0.988795518201128,0.9767075857665931,0.006332554054621833,4,12,159.95,164.3,165.85,163.0,161.75,159.8,155.5,161.9,155.5,158.0,157.3,155.95,157.1,156.5,156.0,157.5,155.95,153.4,151.95,149.0
2023-01-02,159.95,159.95,158.0,158.85,159.85,158.65,202.55,52.2,11360,1804253.85,1.9499999999999886,1.0999999999999943,1.299999999999983,0.0,0.6500000000000057,158.85,160.65,155.15,16157.0,155.15,159.0,154.0,16445.0,158.6,160.8,156.25,16126.0,154.25,160.1,150.0,39292.0,157.54999999999998,0.828150549895928,14654.0,157.72,0.8912070466456256,14078.0,158.175,3.475725343965273,46765.7,161.945,4.828840849247659,41415.15,35.06493505430933,-0.0012590494176896172,-0.004357298474945592,-0.2968991768273813,0.991872460137594,0.9959029309738676,0.006296231541919666,0,1,164.3,165.85,163.0,161.75,159.8,155.5,161.9,155.5,158.0,157.3,155.95,157.1,156.5,156.0,157.5,155.95,153.4,151.95,149.0,150.3
2023-01-03,158.15,164.3,155.7,158.65,163.5,162.75,202.55,52.2,36695,5943187.4,8.600000000000023,-0.5,4.599999999999994,1.5500000000000114,2.450000000000017,158.65,159.95,158.0,11360.0,158.85,160.65,155.15,16157.0,155.15,159.0,154.0,16445.0,157.35,158.9,154.75,10302.0,160.08333333333334,2.3357725345786404,21404.0,158.8,2.0085442489500456,19356.6,157.85,2.9365323465335895,46395.5,162.0075,4.708206720855649,39223.0,42.691903247156965,0.025843050740623985,0.027195998749609318,2.230193661971831,0.99056603772982,0.9566820276438913,0.0061742963043702765,1,1,165.85,163.0,161.75,159.8,155.5,161.9,155.5,158.0,157.3,155.95,157.1,156.5,156.0,157.5,155.95,153.4,151.95,149.0,150.3,155.95
2023-01-04,163.5,165.85,161.1,162.75,161.1,161.55,202.55,52.2,24390,3987289.0,4.75,0.75,1.9499999999999886,2.3499999999999943,0.45000000000001705,162.75,164.3,155.7,36695.0,158.65,159.95,158.0,11360.0,158.85,160.65,155.15,16157.0,158.6,160.8,156.25,16126.0,160.98333333333335,3.0587306735459645,24148.333333333332,159.39000000000001,2.9633173977807035,21009.4,158.15,2.347510501695654,41970.2,161.8125,4.697034338701592,39317.1,43.28358207663178,-0.007373271889400845,0.00943396226415083,-0.3353317890720806,0.9740729574858363,0.9972144846734929,0.006116938100047424,2,1,163.0,161.75,159.8,155.5,161.9,155.5,158.0,157.3,155.95,157.1,156.5,156.0,157.5,155.95,153.4,151.95,149.0,150.3,155.95,142.95
2023-01-05,162.35,163.0,157.5,161.55,159.1,159.25,202.55,52.2,7433,1186608.5,5.5,0.799999999999983,3.0999999999999943,0.6500000000000057,1.75,161.55,165.85,161.1,24390.0,162.75,164.3,155.7,36695.0,158.65,159.95,158.0,11360.0,155.15,159.0,154.0,16445.0,161.18333333333337,1.4268263150399099,22839.333333333332,160.20999999999998,2.4660190591293962,19207.0,157.96,2.3052416118282952,24909.2,161.5025,4.655031233994921,38134.15,47.0451911782472,-0.014237078303930728,-0.017184202592704256,-0.6952439524395244,0.9769938650246811,0.9890109890047787,0.006264071090001457,3,1,161.75,159.8,155.5,161.9,155.5,158.0,157.3,155.95,157.1,156.5,156.0,157.5,155.95,153.4,151.95,149.0,150.3,155.95,142.95,140.0
2023-01-06,161.75,161.75,155.25,159.25,155.25,156.45,202.55,52.2,7534,1187972.4,6.5,2.5,5.300000000000011,0.0,1.1999999999999886,159.25,163.0,157.5,7433.0,161.55,165.85,161.1,24390.0,162.75,164.3,155.7,36695.0,158.85,160.65,155.15,16157.0,159.08333333333334,2.1013884298936434,13119.0,159.73,2.2733785430476257,17482.4,158.285,2.3000241544659783,18573.4,161.24,4.649671040995091,37322.55,44.46878421418261,-0.01758241758241763,-0.0076687116564416735,0.0135880532759316,0.9672333848471887,0.9923298178268309,0.006341898178779233,4,1,159.8,155.5,161.9,155.5,158.0,157.3,155.95,157.1,156.5,156.0,157.5,155.95,153.4,151.95,149.0,150.3,155.95,142.95,140.0,144.3
2023-01-09,153.0,159.8,153.0,156.45,156.9,155.25,202.55,52.2,9196,1427754.15,6.800000000000011,-3.4499999999999886,2.25,4.550000000000011,0.0,156.45,161.75,155.25,7534.0,159.25,163.0,157.5,7433.0,161.55,165.85,161.1,24390.0,158.65,159.95,158.0,11360.0,156.98333333333335,1.6127099346416938,8054.333333333333,159.05,2.323628627812396,17049.6,158.385,2.321158714477232,15563.8,160.51500000000001,4.628646499901183,34327.15,37.30814638672221,-0.007670182166826356,-0.012055641421947372,0.2205999469073534,0.9715269086297151,0.9855072463704638,0.006440884797988502,0,1,155.5,161.9,155.5,158.0,157.3,155.95,157.1,156.5,156.0,157.5,155.95,153.4,151.95,149.0,150.3,155.95,142.95,140.0,144.3,144.45
2023-01-10,155.5,155.5,153.0,155.25,153.9,154.25,202.55,52.2,8724,1343970.55,2.5,0.25,1.25,0.0,1.25,155.25,159.8,153.0,9196.0,156.45,161.75,155.25,7534.0,159.25,163.0,157.5,7433.0,162.75,164.3,155.7,36695.0,155.3166666666667,3.197785692208494,8484.666666666666,157.35,3.8604727689740264,11455.4,158.075,2.9039054162769258,15406.0,159.605,4.3217747329193825,33562.05,44.011142044118195,-0.006441223832528209,-0.026908635794743452,-0.05132666376685513,0.9919614147846176,0.9918962722788208,0.006491213665358957,1,1,161.9,155.5,158.0,157.3,155.95,157.1,156.5,156.0,157.5,155.95,153.4,151.95,149.0,150.3,155.95,142.95,140.0,144.3,144.45,146.8
2023-01-11,161.9,161.9,154.05,154.25,155.0,155.15,202.55,52.2,15303,2396582.15,7.849999999999994,7.650000000000006,6.75,0.0,1.0999999999999943,154.25,155.5,153.0,8724.0,155.25,159.8,153.0,9196.0,156.45,161.75,155.25,7534.0,161.55,165.85,161.1,24390.0,154.88333333333335,3.2624121954917635,11074.333333333334,156.07,2.9665636686223835,9638.0,157.73,2.913779523424331,15323.7,158.8775,3.7561388349425697,33355.25,41.2280701585616,0.005834683954619058,0.04115755627009654,0.7541265474552958,0.958307597276354,0.9929100870061689,0.00638534339413318,2,1,155.5,158.0,157.3,155.95,157.1,156.5,156.0,157.5,155.95,153.4,151.95,149.0,150.3,155.95,142.95,140.0,144.3,144.45,146.8,150.0
2023-01-12,154.5,155.5,152.95,155.15,153.45,153.9,202.55,52.2,10925,1680607.8,2.5500000000000114,-0.6500000000000057,0.5999999999999943,1.0,0.950000000000017,155.15,161.9,154.05,15303.0,154.25,155.5,153.0,8724.0,155.25,159.8,153.0,9196.0,159.25,163.0,157.5,7433.0,154.43333333333337,3.6950417228082935,11650.666666666666,155.0,3.203591734286824,10336.4,157.60500000000002,3.3768163836526073,14771.7,158.18,3.75931387216726,33142.8,51.272727246624825,-0.008056719303899507,-0.039530574428659704,-0.2860876952231589,0.9897106109261113,0.9938271604873695,0.0065006243574497235,3,1,158.0,157.3,155.95,157.1,156.5,156.0,157.5,155.95,153.4,151.95,149.0,150.3,155.95,142.95,140.0,144.3,144.45,146.8,150.0,140.85
2023-01-13,153.8,158.0,153.05,153.9,154.25,157.3,202.55,52.2,5651,878283.7,4.949999999999989,-0.09999999999999432,3.5,0.6999999999999886,0.75,153.9,155.5,152.95,10925.0,155.15,161.9,154.05,15303.0,154.25,155.5,153.0,8724.0,156.45,161.75,155.25,7534.0,155.45000000000002,3.22541986930286,10626.333333333334,155.17000000000002,2.7772288346463543,9959.8,157.45,3.4936012937963827,13721.1,157.95499999999998,3.6889557786503415,31418.5,55.108877696096364,0.022092267706302904,0.016077170418006492,-0.48274599542334096,0.9955696202468636,0.9729815638844693,0.006434139674913691,4,1,157.3,155.95,157.1,156.5,156.0,157.5,155.95,153.4,151.95,149.0,150.3,155.95,142.95,140.0,144.3,144.45,146.8,150.0,140.85,141.0
2023-01-16,157.3,157.3,153.9,157.3,155.0,155.2,202.55,52.2,4464,692920.75,3.4000000000000057,0.0,2.1000000000000227,0.0,1.299999999999983,157.3,158.0,153.05,5651.0,153.9,155.5,152.95,10925.0,155.15,161.9,154.05,15303.0,155.25,159.8,153.0,9196.0,155.4666666666667,1.2897028081284643,7013.333333333333,155.16,2.6244999523702277,9013.4,157.105,3.6419469762468406,13031.5,157.64000000000001,3.59112942210547,29898.6,46.27383013352395,-0.013350286077558948,-0.004430379746835356,-0.21005131835073443,0.9866497139161687,0.991623711333817,0.006442295168675485,0,1,155.95,157.1,156.5,156.0,157.5,155.95,153.4,151.95,149.0,150.3,155.95,142.95,140.0,144.3,144.45,146.8,150.0,140.85,141.0,139.5
2023-01-17,155.0,155.95,154.0,155.2,154.1,154.2,202.55,52.2,6380,985278.45,1.9499999999999886,-0.19999999999998863,0.8000000000000114,0.9499999999999886,0.19999999999998863,155.2,157.3,153.9,4464.0,157.3,158.0,153.05,5651.0,153.9,155.5,152.95,10925.0,154.25,155.5,153.0,8724.0,155.5666666666667,1.0420332688040188,5498.333333333333,155.15,2.539094326721891,8544.6,156.25,3.5770448697235624,10000.0,157.05,3.3976104218911476,28197.75,42.30769228698223,-0.006443298969072142,-0.008582326764145054,0.4292114695340501,0.9887784546265549,0.9987029831323043,0.0064753268479585575,1,1,157.1,156.5,156.0,157.5,155.95,153.4,151.95,149.0,150.3,155.95,142.95,140.0,144.3,144.45,146.8,150.0,140.85,141.0,139.5,138.8
2023-01-18,152.7,157.1,152.7,154.2,154.55,154.7,202.55,52.2,9421,1462437.8,4.400000000000006,-1.5,2.0,2.4000000000000057,0.0,154.2,155.95,154.0,6380.0,155.2,157.3,153.9,4464.0,157.3,158.0,153.05,5651.0,155.15,161.9,154.05,15303.0,154.70000000000002,0.7285830997865298,6755.0,155.06,1.023230179378814,7368.2,155.565,2.8313914914390326,8503.1,156.8575,2.942665950245288,25236.65,49.122806990732165,0.003242542153047978,0.007374158384097607,0.4766457680250784,0.9847231062954506,0.9870717517712536,0.006441983378711897,2,1,156.5,156.0,157.5,155.95,153.4,151.95,149.0,150.3,155.95,142.95,140.0,144.3,144.45,146.8,150.0,140.85,141.0,139.5,138.8,134.45
2023-01-19,156.5,156.5,155.0,154.7,155.0,155.35,202.55,52.2,3409,530395.95,1.5,1.8000000000000114,1.1500000000000057,0.0,0.3499999999999943,154.7,157.1,152.7,9421.0,154.2,155.95,154.0,6380.0,155.2,157.3,153.9,4464.0,153.9,155.5,152.95,10925.0,154.75,0.5751811308576604,6403.333333333333,155.34999999999997,0.7823042886189093,5865.0,155.175,2.420192829786264,8100.7,156.5675,2.9260299581148788,16504.95,42.25663714196492,0.004201680672268893,-0.003819223424570306,-0.638148816473835,0.9926517571821556,0.9977470228452029,0.00642727381308246,3,1,156.0,157.5,155.95,153.4,151.95,149.0,150.3,155.95,142.95,140.0,144.3,144.45,146.8,150.0,140.85,141.0,139.5,138.8,134.45,132.8
2023-01-20,155.1,156.0,154.55,155.35,156.0,155.55,202.55,52.2,3288,511009.65,1.4499999999999886,-0.25,0.45000000000001705,0.44999999999998863,0.549999999999983,155.35,156.5,155.0,3409.0,154.7,157.1,152.7,9421.0,154.2,155.95,154.0,6380.0,157.3,158.0,153.05,5651.0,155.20000000000002,0.5507570546935234,5372.666666666667,155.0,0.6180614856077444,5392.4,155.085,2.069413497162342,7676.1,156.685,2.9840045064867513,13124.75,43.14159289362914,0.001287415513357093,-0.0031948881789137795,-0.03549427984746256,0.997115384608993,0.9935711989650045,0.006434320760870159,4,1,157.5,155.95,153.4,151.95,149.0,150.3,155.95,142.95,140.0,144.3,144.45,146.8,150.0,140.85,141.0,139.5,138.8,134.45,132.8,134.0
2023-01-23,156.35,157.5,153.0,155.55,153.0,153.9,202.55,52.2,12259,1902224.5,4.5,0.799999999999983,2.4499999999999886,1.1500000000000057,0.9000000000000057,155.55,156.0,154.55,3288.0,155.35,156.5,155.0,3409.0,154.7,157.1,152.7,9421.0,155.2,157.3,153.9,4464.0,154.93333333333337,0.763762615800627,6318.666666666667,154.73999999999998,0.6804410334420162,6951.4,154.95,1.8872746370284799,7982.4,156.6675,3.0080976240451247,11773.1,28.03970221376902,-0.01060752169720347,0.009615384615384581,2.7284063260340634,0.9771428571366532,0.9941520467771661,0.006444560040100416,0,1,155.95,153.4,151.95,149.0,150.3,155.95,142.95,140.0,144.3,144.45,146.8,150.0,140.85,141.0,139.5,138.8,134.45,132.8,134.0,133.9
2023-01-24,153.1,155.95,152.3,153.9,152.3,152.9,202.55,52.2,9300,1424343.1,3.6499999999999773,-0.8000000000000114,0.19999999999998863,2.8499999999999943,0.5999999999999943,153.9,157.5,153.0,12259.0,155.55,156.0,154.55,3288.0,155.35,156.5,155.0,3409.0,154.2,155.95,154.0,6380.0,154.11666666666667,0.8808140174263387,8282.333333333334,154.48,0.6804410334420162,7535.4,154.815,1.8492040329749955,8040.0,156.445,3.097796330500065,11723.0,28.320801985138345,-0.00649772579597141,-0.009841269841269873,-0.24137368463985642,0.9804424494967591,0.9960758665729492,0.006529325694069072,1,1,153.4,151.95,149.0,150.3,155.95,142.95,140.0,144.3,144.45,146.8,150.0,140.85,141.0,139.5,138.8,134.45,132.8,134.0,133.9,133.65
2023-01-25,152.9,153.4,145.8,152.9,147.3,147.8,202.55,52.2,20802,3097826.55,7.599999999999994,0.0,5.099999999999994,0.5,2.0,152.9,155.95,152.3,9300.0,153.9,157.5,153.0,12259.0,155.55,156.0,154.55,3288.0,154.7,157.1,152.7,9421.0,151.53333333333336,2.0702254305498182,14120.333333333334,153.10000000000002,1.5147607071718654,9811.6,154.07999999999998,1.3077121667731009,8589.9,155.905,3.319912015320636,11956.8,24.83516481988174,-0.03335513407455848,-0.01635139467778124,1.2367741935483871,0.9634941329793776,0.9864682002639618,0.006715030575227007,2,1,151.95,149.0,150.3,155.95,142.95,140.0,144.3,144.45,146.8,150.0,140.85,141.0,139.5,138.8,134.45,132.8,134.0,133.9,133.65,132.7
2023-01-27,145.8,151.95,140.45,147.8,147.0,145.3,202.55,52.2,22008,3172489.15,11.5,-2.0,0.5,6.149999999999977,4.850000000000023,147.8,153.4,145.8,20802.0,152.9,155.95,152.3,9300.0,153.9,157.5,153.0,12259.0,155.35,156.5,155.0,3409.0,148.66666666666669,2.025051439666707,17370.0,151.09,2.236459255160273,13531.4,153.22,1.901906937790399,9698.2,155.4125,3.6493429473489063,12234.95,25.167037846221106,-0.01691474966170503,-0.00945241199478497,0.05797519469281798,0.9562356038107522,0.9666207845769674,0.006937139564370139,4,1,149.0,150.3,155.95,142.95,140.0,144.3,144.45,146.8,150.0,140.85,141.0,139.5,138.8,134.45,132.8,134.0,133.9,133.65,132.7,131.95
2023-01-30,145.3,149.0,142.0,145.3,144.95,143.15,202.55,52.2,8243,1197532.7,7.0,0.0,2.1500000000000057,3.6999999999999886,1.1500000000000057,145.3,151.95,140.45,22008.0,147.8,153.4,145.8,20802.0,152.9,155.95,152.3,9300.0,155.55,156.0,154.55,3288.0,145.41666666666666,2.2422087324698903,17017.666666666668,148.60999999999999,3.3409205318283677,14522.4,151.805,2.765366160206481,9957.4,154.6275,4.1635827183603045,11839.25,24.14529913085333,-0.01479697178251893,-0.019414281013491186,-0.6254543802253726,0.9607382550271093,0.9919664687321553,0.006883319344849618,0,1,150.3,155.95,142.95,140.0,144.3,144.45,146.8,150.0,140.85,141.0,139.5,138.8,134.45,132.8,134.0,133.9,133.65,132.7,131.95,131.9
2023-01-31,143.15,150.3,143.15,143.15,150.3,150.2,202.55,52.2,19156,2851564.0,7.150000000000006,0.0,7.049999999999983,0.10000000000002274,0.0,143.15,149.0,142.0,8243.0,145.3,151.95,140.45,22008.0,147.8,153.4,145.8,20802.0,153.9,157.5,153.0,12259.0,146.2166666666667,1.4784564022310998,16469.0,147.87,2.710304410945869,15901.8,151.305,3.0117409140476163,11426.6,154.20499999999998,4.451713892305358,12229.05,43.12393885895635,0.04924903946908832,0.008724832214765277,1.3239111973795947,0.9993346639986737,0.9530625832160251,0.006717717014242007,1,1,155.95,142.95,140.0,144.3,144.45,146.8,150.0,140.85,141.0,139.5,138.8,134.45,132.8,134.0,133.9,133.65,132.7,131.95,131.9,129.3
2023-02-01,151.25,155.95,142.7,150.2,142.7,142.7,202.55,52.2,16545,2474023.3,13.25,1.0500000000000114,8.550000000000011,4.699999999999989,0.0,150.2,150.3,143.15,19156.0,143.15,149.0,142.0,8243.0,145.3,151.95,140.45,22008.0,152.9,155.95,152.3,9300.0,145.35,3.6949289573635866,14648.0,145.83,2.710304410945869,17350.8,150.155,3.0117409140476163,12443.1,153.20250000000001,4.144323956042634,11221.55,32.73231621475027,-0.049933422103861536,0.0375914836992679,-0.13630194195030276,0.915036870786053,0.9999999999929924,0.006687487543063962,2,2,142.95,140.0,144.3,144.45,146.8,150.0,140.85,141.0,139.5,138.8,134.45,132.8,134.0,133.9,133.65,132.7,131.95,131.9,129.3,134.0
2023-02-02,140.0,142.95,135.6,142.7,138.0,136.6,202.55,52.2,24569,3380147.2,7.349999999999994,-2.6999999999999886,3.4000000000000057,2.9499999999999886,1.0,142.7,155.95,142.7,16545.0,150.2,150.3,143.15,19156.0,143.15,149.0,142.0,8243.0,147.8,153.4,145.8,20802.0,143.16666666666666,6.518499316046485,20090.0,143.58999999999997,4.743232020468024,18104.2,148.345,4.526894937790433,13957.9,151.95499999999998,4.673950768832658,11230.5,28.850855735845684,-0.04274702172389622,-0.08336005129849311,0.4849803566032034,0.9555788737253895,0.9926793557760419,0.007268618360762511,3,2,140.0,144.3,144.45,146.8,150.0,140.85,141.0,139.5,138.8,134.45,132.8,134.0,133.9,133.65,132.7,131.95,131.9,129.3,134.0,138.0
2023-02-03,132.0,140.0,129.8,136.6,140.0,137.45,202.55,52.2,63200,8284550.45,10.199999999999989,-4.599999999999994,5.449999999999989,2.5500000000000114,2.1999999999999886,136.6,142.95,135.6,24569.0,142.7,155.95,142.7,16545.0,150.2,150.3,143.15,19156.0,145.3,151.95,140.45,22008.0,138.91666666666666,8.486312508973908,34771.333333333336,142.02,6.291800219332601,26342.6,146.555,5.890764900344075,19937.0,150.865,5.54792754098304,14018.85,24.119947839956197,0.006222547584187277,-0.020636586218957587,1.572347266881029,0.9817857142787015,0.9443433975922567,0.007628657750524048,4,2,144.3,144.45,146.8,150.0,140.85,141.0,139.5,138.8,134.45,132.8,134.0,133.9,133.65,132.7,131.95,131.9,129.3,134.0,138.0,139.45
2023-02-06,144.3,144.3,138.95,137.45,140.0,139.95,202.55,52.2,13463,1893588.3,5.350000000000023,6.850000000000023,4.350000000000023,0.0,1.0,137.45,140.0,129.8,63200.0,136.6,142.95,135.6,24569.0,142.7,155.95,142.7,16545.0,143.15,149.0,142.0,8243.0,138.0,2.199052826401098,33744.0,141.38,6.388172665167559,27386.6,144.995,6.014159218970305,20954.5,150.04,5.735743768592334,14315.3,30.322580634206034,0.01818843215714816,0.030714285714285694,-0.7869778481012658,0.9698544698477487,0.9928545909182362,0.007109781994322627,0,2,144.45,146.8,150.0,140.85,141.0,139.5,138.8,134.45,132.8,134.0,133.9,133.65,132.7,131.95,131.9,129.3,134.0,138.0,139.45,144.95
2023-02-07,139.95,144.45,138.55,139.95,140.35,140.45,202.55,52.2,8547,1212454.6,5.899999999999977,0.0,0.5,4.0,1.3999999999999773,139.95,144.3,138.95,13463.0,137.45,140.0,129.8,63200.0,136.6,142.95,135.6,24569.0,150.2,150.3,143.15,19156.0,139.28333333333333,2.527020643624099,28403.333333333332,139.43,6.092885195044649,25264.8,143.65,5.641574346857911,20583.3,149.3,5.9069651126533635,14282.85,32.02614377912768,0.0035727045373348254,0.0010395010395007898,-0.3651489266879596,0.9723087573487553,0.9864720541047601,0.007049336115348148,1,2,146.8,150.0,140.85,141.0,139.5,138.8,134.45,132.8,134.0,133.9,133.65,132.7,131.95,131.9,129.3,134.0,138.0,139.45,144.95,132.0
2023-02-08,146.8,146.8,141.25,140.45,145.95,144.65,202.55,52.2,17696,2543924.6,5.550000000000011,6.350000000000023,2.1500000000000057,0.0,3.4000000000000057,140.45,144.45,138.55,8547.0,139.95,144.3,138.95,13463.0,137.45,140.0,129.8,63200.0,142.7,155.95,142.7,16545.0,141.6833333333333,1.4020817855250365,13235.333333333334,139.82,2.489226787577773,25495.0,142.825,5.070711105074423,21422.9,148.82,6.030287590244057,14731.45,38.02145409934924,0.029903880384478665,0.01626860505365202,1.0704340704340702,0.9853542234265303,0.9764949878950813,0.006956181012597619,2,2,150.0,140.85,141.0,139.5,138.8,134.45,132.8,134.0,133.9,133.65,132.7,131.95,131.9,129.3,134.0,138.0,139.45,144.95,132.0,132.0
2023-02-09,150.0,150.0,145.0,144.65,147.95,146.8,202.55,52.2,15836,2321790.15,5.0,5.349999999999994,3.1999999999999886,0.0,1.8000000000000114,144.65,146.8,141.25,17696.0,140.45,144.45,138.55,8547.0,139.95,144.3,138.95,13463.0,136.6,142.95,135.6,24569.0,143.9666666666667,2.785827226031797,14026.333333333334,141.85999999999999,3.6732819113150565,23748.4,142.725,4.766561770409044,20926.3,148.40249999999997,5.632072162366557,14758.1,40.161104705126476,0.014863463532664989,0.02179836512261568,-0.10510849909584086,0.9786666666601423,0.9877384196118001,0.006820599182919263,3,2,140.85,141.0,139.5,138.8,134.45,132.8,134.0,133.9,133.65,132.7,131.95,131.9,129.3,134.0,138.0,139.45,144.95,132.0,132.0,133.7
2023-02-10,136.05,140.85,132.15,146.8,139.45,136.35,202.55,52.2,108761,14716818.1,8.699999999999989,-10.75,0.29999999999998295,4.5,3.9000000000000057,146.8,150.0,145.0,15836.0,144.65,146.8,141.25,17696.0,140.45,144.45,138.55,8547.0,137.45,140.0,129.8,63200.0,142.6,4.6433644411461605,47431.0,141.64,3.38611133898376,32860.6,141.82999999999998,4.923120058573097,29601.6,147.52499999999998,6.080228419358786,19649.9,32.12290501955826,-0.07118528610354236,-0.061000000000000054,5.867959080575903,0.9680511182039898,0.9691969196848612,0.00739025238070993,4,2,141.0,139.5,138.8,134.45,132.8,134.0,133.9,133.65,132.7,131.95,131.9,129.3,134.0,138.0,139.45,144.95,132.0,132.0,133.7,133.8
2023-02-13,140.95,141.0,132.0,136.35,132.75,133.25,202.55,52.2,14402,1934112.9,9.0,4.599999999999994,7.699999999999989,0.05000000000001137,1.25,136.35,140.85,132.15,108761.0,146.8,150.0,145.0,15836.0,144.65,146.8,141.25,17696.0,139.95,144.3,138.95,13463.0,138.8,5.239990458003542,46333.0,140.3,3.906500991935698,33048.4,140.84,5.110925117390104,30217.5,146.3225,6.266827347230777,20087.45,31.2783318143627,-0.022735606894022653,0.0010649627263046302,-0.867581210176442,0.9450354609862055,0.9906191369531662,0.007446307813778603,0,2,139.5,138.8,134.45,132.8,134.0,133.9,133.65,132.7,131.95,131.9,129.3,134.0,138.0,139.45,144.95,132.0,132.0,133.7,133.8,136.0
2023-02-14,139.5,139.5,132.35,133.25,134.85,134.85,202.55,52.2,9045,1214003.35,7.150000000000006,6.25,4.650000000000006,0.0,2.5,133.25,141.0,132.0,14402.0,136.35,140.85,132.15,108761.0,146.8,150.0,145.0,15836.0,140.45,144.45,138.55,8547.0,134.8166666666667,0.8261355820746631,44069.333333333336,139.18,4.536738916886761,33148.0,139.305,5.162320752875474,29206.4,145.305,6.4897180824342,20316.5,33.81165918433429,0.012007504690431547,-0.010638297872340385,-0.3719622274684071,0.9666666666597372,0.9814608824547167,0.007450556046653407,1,2,138.8,134.45,132.8,134.0,133.9,133.65,132.7,131.95,131.9,129.3,134.0,138.0,139.45,144.95,132.0,132.0,133.7,133.8,136.0,135.85
2023-02-15,138.8,138.8,130.0,134.85,130.0,131.95,202.55,52.2,14404,1926145.85,8.800000000000011,3.950000000000017,6.850000000000023,0.0,1.9499999999999886,134.85,139.5,132.35,9045.0,133.25,141.0,132.0,14402.0,136.35,140.85,132.15,108761.0,144.65,146.8,141.25,17696.0,133.35,1.1239810199925444,12617.0,136.64000000000001,4.549945054612778,32489.6,138.23,3.5678385925143936,28992.3,144.1925,6.717810185187614,20717.7,35.200746956250015,-0.021505376344086113,-0.005017921146953319,0.592482034273079,0.9506484149787416,0.9852216748693808,0.00747814606043462,2,2,134.45,132.8,134.0,133.9,133.65,132.7,131.95,131.9,129.3,134.0,138.0,139.45,144.95,132.0,132.0,133.7,133.8,136.0,135.85,132.6
2023-02-16,126.7,134.45,126.7,131.95,129.1,130.15,202.55,52.2,12726,1669660.45,7.749999999999986,-5.249999999999986,3.450000000000003,4.299999999999983,0.0,131.95,138.8,130.0,14404.0,134.85,139.5,132.35,9045.0,133.25,141.0,132.0,14402.0,146.8,150.0,145.0,15836.0,132.31666666666666,2.736025097345515,12058.333333333334,133.31,2.6637849012253527,31867.6,137.58499999999998,4.449035475996945,27808.0,142.965,7.109857408445069,20882.95,35.6669820151497,-0.013641530882910091,-0.03134005763688774,-0.11649541793946128,0.9680178504948458,0.9734921244642837,0.007621908993532184,3,2,132.8,134.0,133.9,133.65,132.7,131.95,131.9,129.3,134.0,138.0,139.45,144.95,132.0,132.0,133.7,133.8,136.0,135.85,132.6,131.15
2023-02-17,130.0,132.8,129.0,130.15,129.0,129.5,202.55,52.2,9166,1200893.5,3.8000000000000114,-0.15000000000000568,0.5,2.8000000000000114,0.5,130.15,134.45,126.7,12726.0,131.95,138.8,130.0,14404.0,134.85,139.5,132.35,9045.0,136.35,140.85,132.15,108761.0,130.53333333333333,3.0995967479612903,12098.666666666666,131.94,3.505424368032565,11948.6,136.79,5.310547680482605,22404.6,141.6725,7.49254849131704,21170.8,36.70886074948541,-0.0049942374183634675,-0.012272220156191671,-0.2797422599402798,0.9751506024022956,0.9961389961313041,0.007632650189213276,4,2,134.0,133.9,133.65,132.7,131.95,131.9,129.3,134.0,138.0,139.45,144.95,132.0,132.0,133.7,133.8,136.0,135.85,132.6,131.15,130.95
2023-02-20,129.5,134.0,129.4,129.5,130.0,130.4,202.55,52.2,19632,2577070.1,4.599999999999994,0.0,0.9000000000000057,3.5999999999999943,0.09999999999999432,129.5,132.8,129.0,9166.0,130.15,134.45,126.7,12726.0,131.95,138.8,130.0,14404.0,133.25,141.0,132.0,14402.0,130.01666666666668,0.8529361054457246,13841.333333333334,131.37,3.0286960890780703,12994.6,135.83499999999998,5.6509119224747995,23021.5,140.41500000000002,7.607189725931414,21988.0,28.09734512404067,0.006949806949807069,0.009036144578313143,1.141828496617936,0.9731343283509469,0.9923312883359484,0.007617953427033278,0,2,133.9,133.65,132.7,131.95,131.9,129.3,134.0,138.0,139.45,144.95,132.0,132.0,133.7,133.8,136.0,135.85,132.6,131.15,130.95,130.05
2023-02-21,132.7,133.9,130.25,130.4,131.6,132.25,202.55,52.2,13746,1814898.0,3.6500000000000057,2.299999999999983,0.44999999999998863,1.200000000000017,2.0,130.4,134.0,129.4,19632.0,129.5,132.8,129.0,9166.0,130.15,134.45,126.7,12726.0,134.85,139.5,132.35,9045.0,130.7166666666667,0.6658328118276716,14181.333333333334,130.85,2.322283359109526,13934.8,135.01500000000001,5.766416179531931,23541.4,139.3325,7.4266638220884005,22062.35,36.78887482894959,0.01418711656441718,-0.0007462686567163423,-0.2998166259168704,0.9876773711651406,0.9848771266466173,0.00757397936412955,1,2,133.65,132.7,131.95,131.9,129.3,134.0,138.0,139.45,144.95,132.0,132.0,133.7,133.8,136.0,135.85,132.6,131.15,130.95,130.05,131.95
2023-02-22,131.05,133.65,129.55,132.25,131.0,130.85,202.55,52.2,47582,6267388.35,4.099999999999994,-1.1999999999999886,0.20000000000001705,2.5999999999999943,1.299999999999983,132.25,133.9,130.25,13746.0,130.4,134.0,129.4,19632.0,129.5,132.8,129.0,9166.0,131.95,138.8,130.0,14404.0,131.16666666666669,0.18027756369803596,26986.666666666668,130.63,0.6097130472584462,20570.4,133.635,5.3257993661891465,26530.0,138.23,7.2117863142293945,23976.45,41.75035866328537,-0.010586011342155088,-0.0018670649738611322,2.461516077404336,0.9790497568202091,0.9900649598701564,0.007591998028971668,2,2,132.7,131.95,131.9,129.3,134.0,138.0,139.45,144.95,132.0,132.0,133.7,133.8,136.0,135.85,132.6,131.15,130.95,130.05,131.95,130.8
2023-02-23,130.8,132.7,125.35,130.85,125.75,128.3,202.55,52.2,14951,1940928.75,7.349999999999994,-0.04999999999998295,2.5,1.8999999999999773,2.950000000000017,130.85,133.65,129.55,47582.0,132.25,133.9,130.25,13746.0,130.4,134.0,129.4,19632.0,130.15,134.45,126.7,12726.0,130.46666666666667,0.6331139970861632,25426.333333333332,130.26,0.6168468205294209,21015.4,131.78500000000003,3.428722632249576,26441.5,137.255,7.110616136602128,23683.9,37.482900122441606,-0.019487963316774826,-0.007108118219229409,-0.6857845403724097,0.9668425018766631,0.9770070148014263,0.007703013312570074,3,2,131.95,131.9,129.3,134.0,138.0,139.45,144.95,132.0,132.0,133.7,133.8,136.0,135.85,132.6,131.15,130.95,130.05,131.95,130.8,129.0
2023-02-24,126.0,131.95,126.0,128.3,126.25,126.8,202.55,52.2,22688,2894971.35,5.949999999999989,-2.3000000000000114,0.7999999999999972,5.1499999999999915,0.0,128.3,132.7,125.35,14951.0,130.85,133.65,129.55,47582.0,132.25,133.9,130.25,13746.0,129.5,132.8,129.0,9166.0,128.65,0.8519585279264893,28407.0,129.72,0.8855789067030163,23719.8,130.82999999999998,3.226646866332205,17834.2,136.32999999999998,7.023855497704452,23717.9,31.504922631756173,-0.011691348402182444,-0.005651846269781435,0.5174904688649589,0.9609700644110576,0.9936908517271791,0.007837037834588586,4,2,131.9,129.3,134.0,138.0,139.45,144.95,132.0,132.0,133.7,133.8,136.0,135.85,132.6,131.15,130.95,130.05,131.95,130.8,129.0,128.9
2023-02-27,131.9,131.9,124.1,126.8,125.0,124.8,202.55,52.2,22695,2851608.8,7.800000000000011,5.1000000000000085,7.1000000000000085,0.0,0.7000000000000028,126.8,131.95,126.0,22688.0,128.3,132.7,125.35,14951.0,130.85,133.65,129.55,47582.0,130.4,134.0,129.4,19632.0,126.63333333333334,0.44814432196211157,20111.333333333332,128.6,0.9317993346195372,24332.4,129.98499999999999,2.6674009405766235,18663.5,135.4125,7.022574033261105,24440.5,28.879892026874018,-0.01577287066246058,-0.000378931413414052,0.00030853314527501396,0.9461713419185279,0.9943910256330577,0.00795866529798898,0,2,129.3,134.0,138.0,139.45,144.95,132.0,132.0,133.7,133.8,136.0,135.85,132.6,131.15,130.95,130.05,131.95,130.8,129.0,128.9,127.0
2023-02-28,128.7,129.3,124.85,124.8,127.8,127.5,202.55,52.2,10018,1266290.65,4.450000000000017,3.8999999999999915,1.1999999999999886,0.6000000000000227,2.6500000000000057,124.8,131.9,124.1,22695.0,126.8,131.95,126.0,22688.0,128.3,132.7,125.35,14951.0,132.25,133.9,130.25,13746.0,126.36666666666667,1.5157506391138174,18467.0,127.65,1.6174826119614445,23586.8,129.25,2.4248081252865252,18760.8,134.2775,6.9732170896186085,23983.6,25.879043590371126,0.02163461538461542,-0.019711902956785377,-0.558581185283102,0.9860788863032786,0.9792156862668296,0.007911295878240902,1,2,134.0,138.0,139.45,144.95,132.0,132.0,133.7,133.8,136.0,135.85,132.6,131.15,130.95,130.05,131.95,130.8,129.0,128.9,127.0,127.8
2023-03-01,130.0,134.0,126.1,127.5,134.0,132.1,202.55,52.2,16187,2099422.95,7.900000000000006,2.5,2.0999999999999943,1.9000000000000057,3.9000000000000057,127.5,129.3,124.85,10018.0,124.8,131.9,124.1,22695.0,126.8,131.95,126.0,22688.0,130.85,133.65,129.55,47582.0,128.13333333333333,2.3544284515157865,16300.0,127.9,1.7166828478194798,17307.8,129.265,1.5378646812346035,18939.1,133.7475,5.784964631652945,23965.7,30.657894725547067,0.03607843137254907,0.036349574632637216,0.6157915751647036,0.9858208955150313,0.9545798637323651,0.007710213894727592,2,3,138.0,139.45,144.95,132.0,132.0,133.7,133.8,136.0,135.85,132.6,131.15,130.95,130.05,131.95,130.8,129.0,128.9,127.0,127.8,126.9
2023-03-02,133.0,138.0,132.0,132.1,134.9,134.3,202.55,52.2,13002,1743576.3,6.0,0.9000000000000057,1.3000000000000114,3.6999999999999886,1.0,132.1,134.0,126.1,16187.0,127.5,129.3,124.85,10018.0,124.8,131.9,124.1,22695.0,128.3,132.7,125.35,14951.0,131.30000000000004,4.354690957267372,13069.0,129.1,3.2402931966100494,16918.0,129.68,2.2080911816946616,18966.7,133.6325,5.660511298274793,23387.35,46.554621826831465,0.01665404996214992,0.029850746268656803,-0.19676283437326247,0.9731884057900495,0.9828741623158386,0.007457086908098024,3,3,139.45,144.95,132.0,132.0,133.7,133.8,136.0,135.85,132.6,131.15,130.95,130.05,131.95,130.8,129.0,128.9,127.0,127.8,126.9,132.3
2023-03-03,135.65,139.45,135.6,134.3,139.0,138.05,202.55,52.2,9016,1239906.7,3.8499999999999943,1.3499999999999943,2.4000000000000057,1.3999999999999773,0.05000000000001137,134.3,138.0,132.0,13002.0,132.1,134.0,126.1,16187.0,127.5,129.3,124.85,10018.0,126.8,131.95,126.0,22688.0,134.8166666666667,2.8226760352494775,12735.0,131.35,4.2070773703364415,14183.6,130.53500000000003,2.945717230151445,18951.7,133.6625,5.649652993535998,20678.15,57.894736815443224,0.02792256142963523,0.010507246376811441,-0.30656822027380404,0.9899605593331665,0.9822528069468869,0.007271514864787805,4,3,144.95,132.0,132.0,133.7,133.8,136.0,135.85,132.6,131.15,130.95,130.05,131.95,130.8,129.0,128.9,127.0,127.8,126.9,132.3,134.95
2023-03-06,144.8,144.95,129.4,138.05,133.2,133.35,202.55,52.2,34648,4633021.05,15.549999999999983,6.75,11.450000000000017,0.14999999999997726,3.9499999999999886,138.05,139.45,135.6,9016.0,134.3,138.0,132.0,13002.0,132.1,134.0,126.1,16187.0,124.8,131.9,124.1,22695.0,135.23333333333335,3.666401505559678,18888.666666666668,133.06,5.882112715682719,16574.2,130.82999999999998,4.576825683084785,20453.3,133.3325,5.691995187149067,21737.4,47.76119400989084,-0.03404563563926122,0.03944065973467192,2.842945874001775,0.9199724042709903,0.9703787026548905,0.007478489656333419,0,3,132.0,132.0,133.7,133.8,136.0,135.85,132.6,131.15,130.95,130.05,131.95,130.8,129.0,128.9,127.0,127.8,126.9,132.3,134.95,139.0
2023-03-08,129.7,132.0,127.05,133.35,132.0,130.95,202.55,52.2,27118,3489190.85,4.950000000000003,-3.6500000000000057,1.25,1.0500000000000114,2.6499999999999915,133.35,144.95,129.4,34648.0,138.05,139.45,135.6,9016.0,134.3,138.0,132.0,13002.0,127.5,129.3,124.85,10018.0,134.11666666666667,6.499423051315481,23594.0,133.75,5.047103129518583,19994.2,130.7,4.665225968090345,21790.5,132.85750000000002,5.585813798317627,22665.95,48.48484846427915,-0.017997750281214864,-0.08934115212142113,-0.21732856153313318,0.992045454537939,0.9702176403133241,0.007772002497369839,2,3,132.0,133.7,133.8,136.0,135.85,132.6,131.15,130.95,130.05,131.95,130.8,129.0,128.9,127.0,127.8,126.9,132.3,134.95,139.0,137.0
2023-03-09,132.0,132.0,127.5,130.95,128.0,128.05,202.55,52.2,19463,2501715.75,4.5,1.0500000000000114,3.9499999999999886,0.0,0.5500000000000114,130.95,132.0,127.05,27118.0,133.35,144.95,129.4,34648.0,138.05,139.45,135.6,9016.0,132.1,134.0,126.1,16187.0,130.78333333333333,7.476685986003782,27076.333333333332,132.94,5.472956239546995,20649.4,130.42000000000002,4.73862673496705,18978.6,132.02749999999997,5.185166088798221,22754.3,46.920821095105836,-0.022145857197403362,0.0,-0.282284829264695,0.9700757575684087,0.9957048028036258,0.007779860681614206,3,3,133.7,133.8,136.0,135.85,132.6,131.15,130.95,130.05,131.95,130.8,129.0,128.9,127.0,127.8,126.9,132.3,134.95,139.0,137.0,135.0
2023-03-10,129.75,133.7,126.5,128.05,130.0,132.65,202.55,52.2,14919,1924986.0,7.199999999999989,1.6999999999999886,2.9000000000000057,1.049999999999983,3.25,128.05,132.0,127.5,19463.0,130.95,132.0,127.05,27118.0,133.35,144.95,129.4,34648.0,134.3,138.0,132.0,13002.0,130.54999999999998,0.9814954576089965,20500.0,132.61,5.665972996758511,21032.8,130.855,4.7039138550325,18975.4,131.32,4.073757479281515,22708.45,54.1392903874389,0.035923467395548636,0.012878787878787712,-0.23346863279042285,0.9921465968512183,0.9536373916249254,0.007750186235120667,4,3,133.8,136.0,135.85,132.6,131.15,130.95,130.05,131.95,130.8,129.0,128.9,127.0,127.8,126.9,132.3,134.95,139.0,137.0,135.0,136.8
2023-03-13,128.25,133.8,128.25,132.65,129.0,129.1,202.55,52.2,9676,1257953.9,5.550000000000011,-4.400000000000006,0.8499999999999943,4.700000000000017,0.0,132.65,133.7,126.5,14919.0,128.05,132.0,127.5,19463.0,130.95,132.0,127.05,27118.0,138.05,139.45,135.6,9016.0,129.93333333333337,1.0115993936864853,14686.0,130.82,5.470648956019471,21164.8,131.08499999999998,4.618248826366265,17674.2,130.9575,3.881951320229776,17754.2,48.402948386298725,-0.02676215604975507,0.0007479431563202077,-0.351431061063074,0.9648729446863611,0.9934159566150782,0.007691855798531245,0,3,136.0,135.85,132.6,131.15,130.95,130.05,131.95,130.8,129.0,128.9,127.0,127.8,126.9,132.3,134.95,139.0,137.0,135.0,136.8,133.0
2023-03-14,129.0,136.0,129.0,129.1,133.05,131.4,202.55,52.2,11787,1540622.3,7.0,-0.09999999999999432,2.4000000000000057,4.599999999999994,0.0,129.1,133.8,128.25,9676.0,132.65,133.7,126.5,14919.0,128.05,132.0,127.5,19463.0,133.35,144.95,129.4,34648.0,131.04999999999998,1.2999999999896115,12127.333333333334,130.43,1.6492422502463002,16592.6,131.745,4.501863811555051,16583.4,130.865,3.6346025265932367,17623.45,48.967193178966205,0.01781564678543779,0.01644245142002987,0.21816866473749474,0.9661764705811312,0.9817351598098802,0.007650804483357142,1,3,135.85,132.6,131.15,130.95,130.05,131.95,130.8,129.0,128.9,127.0,127.8,126.9,132.3,134.95,139.0,137.0,135.0,136.8,133.0,136.25
2023-03-15,135.85,135.85,128.3,131.4,128.75,129.05,202.55,52.2,12588,1628078.35,7.549999999999983,4.449999999999989,6.799999999999983,0.0,0.75,131.4,136.0,129.0,11787.0,129.1,133.8,128.25,9676.0,132.65,133.7,126.5,14919.0,130.95,132.0,127.05,27118.0,129.85000000000002,1.2291596044883704,11350.333333333334,130.05,1.67242339136872,13686.6,131.9,3.9742399692701738,16840.4,130.575,3.476636305396665,17800.6,47.862232763181225,-0.017884322678843212,-0.0011029411764705843,0.06795622295749548,0.9499447920430628,0.9941882991011687,0.007731814626734636,2,3,132.6,131.15,130.95,130.05,131.95,130.8,129.0,128.9,127.0,127.8,126.9,132.3,134.95,139.0,137.0,135.0,136.8,133.0,136.25,158.1
2023-03-16,132.6,132.6,124.0,129.05,129.95,128.8,202.55,52.2,19568,2481231.75,8.599999999999994,3.549999999999983,3.799999999999983,0.0,4.800000000000011,129.05,135.85,128.3,12588.0,131.4,136.0,129.0,11787.0,129.1,133.8,128.25,9676.0,128.05,132.0,127.5,19463.0,129.75,1.9211541669804126,14647.666666666666,130.20000000000002,1.479188966967109,13707.6,131.57,4.074926720542226,17178.5,130.4175,3.3626039408708386,18058.8,50.62814068570869,-0.0019372336303757898,-0.02392344497607657,0.5544963457260883,0.9713423830997638,0.9627329192471837,0.007886405612857401,3,3,131.15,130.95,130.05,131.95,130.8,129.0,128.9,127.0,127.8,126.9,132.3,134.95,139.0,137.0,135.0,136.8,133.0,136.25,158.1,149.2
2023-03-17,129.3,131.15,125.2,128.8,127.75,126.75,202.55,52.2,43572,5537845.7,5.950000000000003,0.5,2.5500000000000114,1.8499999999999943,1.5499999999999972,128.8,132.6,124.0,19568.0,129.05,135.85,128.3,12588.0,131.4,136.0,129.0,11787.0,132.65,133.7,126.5,14919.0,128.20000000000002,2.406761309306241,25242.666666666668,129.02,2.090035884858771,19438.2,130.815,4.242837101124414,20235.5,130.2475,3.437567224223381,19601.1,49.93804211402397,-0.01591614906832306,-0.010935143288084426,1.2266966475878984,0.9664506290433363,0.9877712031480255,0.00786804153824654,4,3,130.95,130.05,131.95,130.8,129.0,128.9,127.0,127.8,126.9,132.3,134.95,139.0,137.0,135.0,136.8,133.0,136.25,158.1,149.2,145.45
2023-03-20,126.5,130.95,125.15,126.75,129.0,129.15,202.55,52.2,16209,2086855.25,5.799999999999983,-0.25,2.6500000000000057,1.799999999999983,1.3499999999999943,126.75,131.15,125.2,43572.0,128.8,132.6,124.0,19568.0,129.05,135.85,128.3,12588.0,129.1,133.8,128.25,9676.0,128.23333333333335,0.9004628439349962,26449.666666666668,129.03,2.471183926784408,20744.8,129.925,4.135751980529723,20954.8,130.23,3.501100390930063,19953.25,55.33742329387181,0.018934911242603603,-0.001524971406786202,-0.6279950426879648,0.9862542955251147,0.9690282617036855,0.007767189410956985,0,3,130.05,131.95,130.8,129.0,128.9,127.0,127.8,126.9,132.3,134.95,139.0,137.0,135.0,136.8,133.0,136.25,158.1,149.2,145.45,144.0
2023-03-21,130.05,130.05,127.0,129.15,129.95,129.95,202.55,52.2,12697,1633549.85,3.0500000000000114,0.9000000000000057,0.10000000000002274,0.0,2.9499999999999886,129.15,130.95,125.15,16209.0,126.75,131.15,125.2,43572.0,128.8,132.6,124.0,19568.0,131.4,136.0,129.0,11787.0,128.61666666666667,0.5859465276864921,24159.333333333332,128.74,2.2769497139809722,20926.8,129.585,2.010500214156184,18759.7,130.20749999999998,3.616115246184286,19606.5,53.15315313399885,0.006194347657762167,-0.0068728522336768405,-0.21666975137269417,0.999231064967326,0.9772989611313792,0.007772643118298467,1,3,131.95,130.8,129.0,128.9,127.0,127.8,126.9,132.3,134.95,139.0,137.0,135.0,136.8,133.0,136.25,158.1,149.2,145.45,144.0,143.25
2023-03-22,131.95,131.95,127.5,129.95,130.0,130.15,202.55,52.2,9953,1294066.0,4.449999999999989,2.0,1.799999999999983,0.0,2.6500000000000057,129.95,130.05,127.0,12697.0,129.15,130.95,125.15,16209.0,126.75,131.15,125.2,43572.0,129.05,135.85,128.3,12588.0,129.75,0.9504384952787385,12953.0,128.96,0.9762171889484001,20399.8,129.505,2.0127993221188407,17043.2,130.1025,3.6421680573385102,19416.85,47.16981130158558,0.0015390534821086987,0.014609765474817182,-0.216114042687249,0.9863584691096148,0.9796388782099145,0.007691261496708818,2,3,130.8,129.0,128.9,127.0,127.8,126.9,132.3,134.95,139.0,137.0,135.0,136.8,133.0,136.25,158.1,149.2,145.45,144.0,143.25,143.25
2023-03-23,129.0,130.8,126.6,130.15,127.0,127.0,202.55,52.2,13619,1739984.65,4.200000000000017,-1.1500000000000057,2.0,1.8000000000000114,0.4000000000000057,130.15,131.95,127.5,9953.0,129.95,130.05,127.0,12697.0,129.15,130.95,125.15,16209.0,128.8,132.6,124.0,19568.0,129.03333333333333,0.9569918146503302,12089.666666666666,128.6,0.6833739825296594,19210.0,129.4,2.100006613748802,16458.8,129.91,3.7034798714043244,17718.7,39.68926552102683,-0.02420284287360741,-0.00871542250852575,0.3683311564352456,0.9709480122249927,0.9968503936929382,0.007827080543497894,3,3,129.0,128.9,127.0,127.8,126.9,132.3,134.95,139.0,137.0,135.0,136.8,133.0,136.25,158.1,149.2,145.45,144.0,143.25,143.25,144.85
2023-03-24,127.0,129.0,126.0,127.0,128.5,128.05,202.55,52.2,6011,766000.6,3.0,0.0,1.0500000000000114,0.9499999999999886,1.0,127.0,130.8,126.6,13619.0,130.15,131.95,127.5,9953.0,129.95,130.05,127.0,12697.0,126.75,131.15,125.2,43572.0,128.4,1.4868871286375127,9861.0,128.85999999999999,1.0994316713641588,11697.8,128.94,2.3577354954866223,15568.0,129.8975,3.84346335045855,17271.7,34.70948010746385,0.008267716535433234,-0.013761467889908396,-0.5586313238857479,0.992635658907034,0.983990628652995,0.007847252338966826,4,3,128.9,127.0,127.8,126.9,132.3,134.95,139.0,137.0,135.0,136.8,133.0,136.25,158.1,149.2,145.45,144.0,143.25,143.25,144.85,141.85
2023-03-27,128.05,128.9,125.0,128.05,125.1,125.35,202.55,52.2,25882,3287743.0,3.9000000000000057,0.0,2.700000000000017,0.8499999999999943,0.3499999999999943,128.05,129.0,126.0,6011.0,127.0,130.8,126.6,13619.0,130.15,131.95,127.5,9953.0,129.15,130.95,125.15,16209.0,126.80000000000001,1.0692676621447026,15170.666666666666,128.1,1.2803319881963102,13632.4,128.565,2.4968035120506786,17188.6,129.825,3.9655183174861364,17431.4,36.97068402222837,-0.021085513471300388,-0.0007751937984495916,3.3057727499584093,0.9724592707449771,0.9972078181013386,0.007872269821576685,0,3,127.0,127.8,126.9,132.3,134.95,139.0,137.0,135.0,136.8,133.0,136.25,158.1,149.2,145.45,144.0,143.25,143.25,144.85,141.85,141.65
2023-03-28,125.65,127.0,121.15,125.35,121.15,122.1,202.55,52.2,11512,1435627.65,5.849999999999994,0.30000000000001137,3.5500000000000114,1.3499999999999943,0.9499999999999886,125.35,128.9,125.0,25882.0,128.05,129.0,126.0,6011.0,127.0,130.8,126.6,13619.0,129.95,130.05,127.0,12697.0,125.16666666666667,1.1269427669476657,14468.333333333334,126.53,1.9070920271447123,13395.4,127.63499999999999,2.4050005775027485,17161.1,129.69,4.202019408006759,16872.25,35.97464340717451,-0.025927403270841642,-0.014740108611326685,-0.5552121165288617,0.9614173228270754,0.992219492211366,0.008018792337971474,1,3,127.8,126.9,132.3,134.95,139.0,137.0,135.0,136.8,133.0,136.25,158.1,149.2,145.45,144.0,143.25,143.25,144.85,141.85,141.65,140.85
2023-03-29,122.0,127.8,120.8,122.1,127.5,125.0,202.55,52.2,21102,2618122.0,7.0,-0.09999999999999432,3.0,2.799999999999997,1.2000000000000028,122.1,127.0,121.15,11512.0,125.35,128.9,125.0,25882.0,128.05,129.0,126.0,6011.0,130.15,131.95,127.5,9953.0,124.15000000000002,0.9539392014042848,19498.666666666668,125.5,1.4352700094404707,15625.2,127.22999999999999,1.8097268056593157,18012.5,129.565,4.285455051683815,17426.45,45.16640251561553,0.023751023751023892,0.006299212598425141,0.8330437804030577,0.9780907668155079,0.9663999999922688,0.008059975814725208,2,3,126.9,132.3,134.95,139.0,137.0,135.0,136.8,133.0,136.25,158.1,149.2,145.45,144.0,143.25,143.25,144.85,141.85,141.65,140.85,139.5
2023-03-31,125.0,126.9,122.05,125.0,122.05,123.75,202.55,52.2,13176,1643227.55,4.8500000000000085,0.0,1.25,1.9000000000000057,1.7000000000000028,125.0,127.8,120.8,21102.0,122.1,127.0,121.15,11512.0,125.35,128.9,125.0,25882.0,127.0,130.8,126.6,13619.0,123.61666666666667,0.49328828620742765,15263.333333333334,124.85,1.003493896343931,15536.6,126.725,1.8044697589934429,17373.3,129.14749999999998,4.487358706176398,17275.9,34.219858139039815,-0.010000000000000009,-0.00704225352112664,-0.37560420813193063,0.9751773049568543,0.9862626262546564,0.008018366050398797,4,3,132.3,134.95,139.0,137.0,135.0,136.8,133.0,136.25,158.1,149.2,145.45,144.0,143.25,143.25,144.85,141.85,141.65,140.85,139.5,144.7
2023-04-03,124.0,132.3,124.0,123.75,132.0,131.55,202.55,52.2,13397,1718074.1,8.300000000000011,0.25,7.550000000000011,0.75,0.0,123.75,126.9,122.05,13176.0,125.0,127.8,120.8,21102.0,122.1,127.0,121.15,11512.0,128.05,129.0,126.0,6011.0,126.7666666666667,2.8930952282936357,15891.666666666666,125.55,2.2286767374384513,17013.8,127.20500000000001,1.9551996203882365,14355.8,129.01000000000002,4.306551771185058,17295.65,53.775038497600924,0.06303030303030321,0.042553191489361764,0.016772920461445073,0.9943310657521215,0.9426073736150314,0.007797684628387095,0,4,134.95,139.0,137.0,135.0,136.8,133.0,136.25,158.1,149.2,145.45,144.0,143.25,143.25,144.85,141.85,141.65,140.85,139.5,144.7,154.0
2023-04-05,133.95,134.95,131.8,131.55,134.5,134.55,202.55,52.2,10505,1403825.95,3.1499999999999773,2.3999999999999773,0.6000000000000227,0.39999999999997726,2.1499999999999773,131.55,132.3,124.0,13397.0,123.75,126.9,122.05,13176.0,125.0,127.8,120.8,21102.0,125.35,128.9,125.0,25882.0,129.95000000000002,4.102539863707319,12359.333333333334,127.39000000000001,3.640810349358887,13938.4,127.745,2.5795186889568034,13785.4,128.835,4.0248332753965474,17370.1,54.75113119859681,0.022805017103762815,0.020030234315948414,-0.21586922445323575,0.9970359392293664,0.9795615012933515,0.007483121394073099,2,4,139.0,137.0,135.0,136.8,133.0,136.25,158.1,149.2,145.45,144.0,143.25,143.25,144.85,141.85,141.65,140.85,139.5,144.7,154.0,141.0
2023-04-06,139.0,139.0,134.1,134.55,135.2,135.75,202.55,52.2,9296,1262248.75,4.900000000000006,4.449999999999989,3.25,0.0,1.6500000000000057,134.55,134.95,131.8,10505.0,131.55,132.3,124.0,13397.0,123.75,126.9,122.05,13176.0,122.1,127.0,121.15,11512.0,133.95000000000002,3.3742900487815337,11066.0,130.12,5.031451082937981,13495.2,128.325,3.851392244660761,13445.3,128.955,3.1530311230878167,16102.5,60.46874997354488,0.008918617614269708,0.03001111522786215,-0.11508805330794858,0.9766187050289452,0.9878453038601264,0.007364633951905275,3,4,137.0,135.0,136.8,133.0,136.25,158.1,149.2,145.45,144.0,143.25,143.25,144.85,141.85,141.65,140.85,139.5,144.7,154.0,141.0,138.85
2023-04-10,137.0,137.0,131.55,135.75,132.6,132.1,202.55,52.2,7151,945954.55,5.449999999999989,1.25,4.900000000000006,0.0,0.549999999999983,135.75,139.0,134.1,9296.0,134.55,134.95,131.8,10505.0,131.55,132.3,124.0,13397.0,125.0,127.8,120.8,21102.0,134.13333333333335,2.025051439669007,8984.0,131.54000000000002,4.6956895127336695,10705.0,128.52,4.313547779317545,13165.1,129.0125,3.358339972132593,15104.15,54.66101692753515,-0.026887661141804853,-0.014388489208633115,-0.2307444061962134,0.9642335766352976,0.9958364875019242,0.007559559811832388,0,4,135.0,136.8,133.0,136.25,158.1,149.2,145.45,144.0,143.25,143.25,144.85,141.85,141.65,140.85,139.5,144.7,154.0,141.0,138.85,134.85
2023-04-11,135.0,135.0,130.6,132.1,131.0,131.15,202.55,52.2,18722,2481909.15,4.400000000000006,2.9000000000000057,3.8499999999999943,0.0,0.5500000000000114,132.1,137.0,131.55,7151.0,135.75,139.0,134.1,9296.0,134.55,134.95,131.8,10505.0,123.75,126.9,122.05,13176.0,133.0,1.999999999993042,11723.0,133.02,2.5089838580581336,11814.2,128.935,4.454588770147256,13675.4,129.16750000000002,3.4207609187372867,15067.1,56.41399414607009,-0.007191521574564597,-0.014598540145985384,1.6180953712767443,0.9714814814742855,0.9958063286237453,0.007543386509534402,1,4,136.8,133.0,136.25,158.1,149.2,145.45,144.0,143.25,143.25,144.85,141.85,141.65,140.85,139.5,144.7,154.0,141.0,138.85,134.85,133.3
2023-04-12,134.5,136.8,126.0,131.15,130.5,132.3,202.55,52.2,24393,3203669.65,10.800000000000011,3.3499999999999943,2.1999999999999886,2.3000000000000114,6.300000000000011,131.15,135.0,130.6,18722.0,132.1,137.0,131.55,7151.0,135.75,139.0,134.1,9296.0,131.55,132.3,124.0,13397.0,131.85000000000002,1.1015141094447347,16755.333333333332,133.17000000000002,1.6755596080103838,14013.4,129.35999999999999,4.59347665475605,15513.6,129.15,3.5581115629978917,15540.8,54.76550678466817,0.008768585589020272,0.01333333333333342,0.30290567247088984,0.9671052631508253,0.9523809523737538,0.0076140809337192404,2,4,133.0,136.25,158.1,149.2,145.45,144.0,143.25,143.25,144.85,141.85,141.65,140.85,139.5,144.7,154.0,141.0,138.85,134.85,133.3,135.05
2023-04-13,132.0,133.0,130.6,132.3,130.6,130.65,202.55,52.2,7488,981969.55,2.4000000000000057,-0.30000000000001137,1.3499999999999943,1.0,0.05000000000001137,132.3,136.8,126.0,24393.0,131.15,135.0,130.6,18722.0,132.1,137.0,131.55,7151.0,134.55,134.95,131.8,10505.0,131.36666666666667,1.9008769905773584,16867.666666666668,132.39000000000001,2.2645087767540355,13410.0,129.89000000000001,4.40928628641492,13674.2,129.22750000000002,3.545902008323699,15431.4,51.032448356505796,-0.012471655328798237,-0.0277777777777779,-0.6930266879842577,0.9823308270602833,0.9996172981171096,0.007625491034828923,3,4,136.25,158.1,149.2,145.45,144.0,143.25,143.25,144.85,141.85,141.65,140.85,139.5,144.7,154.0,141.0,138.85,134.85,133.3,135.05,138.0
2023-04-17,130.65,136.25,129.8,130.65,132.6,131.75,202.55,52.2,11290,1490188.8,6.449999999999989,0.0,1.0999999999999943,4.5,0.8499999999999943,130.65,133.0,130.6,7488.0,132.3,136.8,126.0,24393.0,131.15,135.0,130.6,18722.0,135.75,139.0,134.1,9296.0,131.5666666666667,2.053655277784695,14390.333333333334,131.59,1.65393470245844,13808.8,130.85500000000002,3.964355068749814,13652.0,129.245,3.5598593629823334,15406.55,52.298850553672864,0.008419441255262061,0.02443609022556381,0.5077457264957266,0.9669724770571232,0.9851992409792396,0.007576221214385716,0,4,158.1,149.2,145.45,144.0,143.25,143.25,144.85,141.85,141.65,140.85,139.5,144.7,154.0,141.0,138.85,134.85,133.3,135.05,138.0,135.9
2023-04-18,131.8,158.1,131.7,131.75,143.65,145.15,202.55,52.2,254342,38137806.2,26.400000000000006,0.05000000000001137,13.349999999999994,12.949999999999989,0.10000000000002274,131.75,136.25,129.8,11290.0,130.65,133.0,130.6,7488.0,132.3,136.8,126.0,24393.0,132.1,137.0,131.55,7151.0,135.85000000000002,13.650366295450462,91040.0,134.20000000000002,10.317073228391585,63247.0,132.87,8.151795984799257,36976.0,130.05,6.752319289657147,27494.25,70.14428410694738,0.1017077798861481,0.16036697247706422,21.528077945084146,0.9180898165659831,0.907337237334431,0.006669025445936635,1,4,149.2,145.45,144.0,143.25,143.25,144.85,141.85,141.65,140.85,139.5,144.7,154.0,141.0,138.85,134.85,133.3,135.05,138.0,135.9,135.25
2023-04-19,145.5,149.2,141.2,145.15,142.25,141.9,202.55,52.2,41598,6021637.65,8.0,0.3499999999999943,3.5999999999999943,3.6999999999999886,0.700000000000017,145.15,158.1,131.7,254342.0,131.75,136.25,129.8,11290.0,130.65,133.0,130.6,7488.0,131.15,135.0,130.6,18722.0,139.60000000000002,10.987379123338194,102410.0,136.35,10.605517431978178,67822.2,134.685,8.153315617315895,39818.2,130.705,7.605449915754808,28595.75,64.65608463692728,-0.022390630382363108,-0.05629348513598986,-0.8364485613858506,0.9510723860526069,0.9950669485483081,0.006908087536618878,2,4,145.45,144.0,143.25,143.25,144.85,141.85,141.65,140.85,139.5,144.7,154.0,141.0,138.85,134.85,133.3,135.05,138.0,135.9,135.25,134.5
2023-04-20,143.5,145.45,141.0,141.9,142.5,141.95,202.55,52.2,16169,2315926.6,4.449999999999989,1.5999999999999943,1.5500000000000114,1.9499999999999886,0.9499999999999886,141.9,149.2,141.2,41598.0,145.15,158.1,131.7,254342.0,131.75,136.25,129.8,11290.0,132.3,136.8,126.0,24393.0,143.00000000000003,6.497371263311065,104036.33333333333,138.28000000000003,10.102165609412285,66177.4,135.725,7.982628709336475,40095.4,131.465,7.957277370928879,27225.6,68.6098654493153,0.0003523608174769155,-0.025134048257372643,-0.6113034280494254,0.9759367480166661,0.9933075026347779,0.006981654772651255,3,4,144.0,143.25,143.25,144.85,141.85,141.65,140.85,139.5,144.7,154.0,141.0,138.85,134.85,133.3,135.05,138.0,135.9,135.25,134.5,133.0
2023-04-21,144.0,144.0,137.05,141.95,138.1,138.35,202.55,52.2,12734,1789187.4,6.949999999999989,2.0500000000000114,5.650000000000006,0.0,1.299999999999983,141.95,145.45,141.0,16169.0,141.9,149.2,141.2,41598.0,145.15,158.1,131.7,254342.0,130.65,133.0,130.6,7488.0,140.73333333333335,2.683436850999473,23500.333333333332,139.82,7.972060586823917,67226.6,136.105,7.797513848800404,40318.3,131.925,8.138949159507916,27051.85,68.07563957835242,-0.025361042620640983,-0.009969061533172785,-0.21244356484631088,0.960763888882217,0.9906035417347989,0.00711719744952373,4,4,143.25,143.25,144.85,141.85,141.65,140.85,139.5,144.7,154.0,141.0,138.85,134.85,133.3,135.05,138.0,135.9,135.25,134.5,133.0,134.35
2023-04-24,142.0,143.25,138.05,138.35,141.45,140.35,202.55,52.2,14154,1990417.55,5.199999999999989,3.6500000000000057,1.6500000000000057,1.25,2.299999999999983,138.35,144.0,137.05,12734.0,141.95,145.45,141.0,16169.0,141.9,149.2,141.2,41598.0,131.75,136.25,129.8,11290.0,140.21666666666667,1.1184066046401675,14352.333333333334,141.54,6.093336524433114,67799.4,136.565,7.769150175177226,40804.1,132.445,8.194033050432543,27124.7,67.42338249843525,0.014456089627755686,-0.00520833333333337,0.11151248625726407,0.9797556718954293,0.9836123975704768,0.007111070739905801,0,4,143.25,144.85,141.85,141.65,140.85,139.5,144.7,154.0,141.0,138.85,134.85,133.3,135.05,138.0,135.9,135.25,134.5,133.0,134.35,131.95
2023-04-25,142.0,143.25,138.6,140.35,141.45,141.0,202.55,52.2,18932,2675951.65,4.650000000000006,1.6500000000000057,1.0,1.25,2.4000000000000057,140.35,143.25,138.05,14154.0,138.35,144.0,137.05,12734.0,141.95,145.45,141.0,16169.0,145.15,158.1,131.7,254342.0,139.9,0.43301270185725704,15273.333333333334,140.70999999999998,2.498149314991388,20717.4,137.455,7.588961281581639,41982.2,132.9875,8.265216827798781,27573.65,69.85040273928871,0.004631278945493422,0.0,0.3375724176911121,0.9842931937104064,0.9829787233972839,0.007074866244313493,1,4,144.85,141.85,141.65,140.85,139.5,144.7,154.0,141.0,138.85,134.85,133.3,135.05,138.0,135.9,135.25,134.5,133.0,134.35,131.95,131.95
2023-04-26,144.85,144.85,138.15,141.0,140.0,139.2,202.55,52.2,14222,1996462.55,6.699999999999989,3.8499999999999943,5.650000000000006,0.0,1.049999999999983,141.0,143.25,138.6,18932.0,140.35,143.25,138.05,14154.0,138.35,144.0,137.05,12734.0,141.9,149.2,141.2,41598.0,140.18333333333334,0.9237604306869418,15769.333333333334,140.17,0.9774968030599056,15242.2,138.26,7.143608254159857,41532.2,133.59750000000003,8.316613050490007,27603.8,60.2136181350336,-0.01276595744680864,0.011169284467713814,-0.24878512571307843,0.960994131853911,0.9924568965445946,0.007123599688859675,2,4,141.85,141.65,140.85,139.5,144.7,154.0,141.0,138.85,134.85,133.3,135.05,138.0,135.9,135.25,134.5,133.0,134.35,131.95,131.95,132.9
2023-04-27,139.2,141.85,138.8,139.2,138.8,138.9,202.55,52.2,6165,859289.2,3.049999999999983,0.0,0.29999999999998295,2.6500000000000057,0.09999999999999432,139.2,144.85,138.15,14222.0,141.0,143.25,138.6,18932.0,140.35,143.25,138.05,14154.0,141.95,145.45,141.0,16169.0,139.70000000000002,1.5011106998829662,13106.333333333334,139.56,1.1070230349873698,13241.4,138.92000000000002,6.793959735596091,39709.4,134.14000000000001,8.111075517626084,27611.5,56.2589927830899,-0.0021551724137929273,-0.02071108042802905,-0.5665166643228801,0.9792033838492832,0.9992800575881983,0.007174534487341389,3,4,141.65,140.85,139.5,144.7,154.0,141.0,138.85,134.85,133.3,135.05,138.0,135.9,135.25,134.5,133.0,134.35,131.95,131.95,132.9,153.0
2023-04-28,139.3,141.65,138.15,138.9,139.8,138.7,202.55,52.2,8056,1121808.7,3.5,0.4000000000000057,0.6000000000000227,2.3499999999999943,0.549999999999983,138.9,141.85,138.8,6165.0,139.2,144.85,138.15,14222.0,141.0,143.25,138.6,18932.0,138.35,144.0,137.05,12734.0,138.93333333333337,1.7925772879581332,9481.0,139.63,1.293058390016801,12305.8,139.725,5.713971667958664,39766.2,134.8075,7.834478453067603,26720.2,54.37037034781672,-0.0014398848092154193,-0.0014099400775465787,0.3067315490673155,0.9791740204660841,0.9960346070584282,0.007181260049061835,4,4,140.85,139.5,144.7,154.0,141.0,138.85,134.85,133.3,135.05,138.0,135.9,135.25,134.5,133.0,134.35,131.95,131.95,132.9,153.0,150.8
2023-05-02,138.65,140.85,136.1,138.7,137.0,137.05,202.55,52.2,9640,1332412.1,4.75,-0.04999999999998295,1.5999999999999943,2.1999999999999886,0.950000000000017,138.7,141.65,138.15,8056.0,138.9,141.85,138.8,6165.0,139.2,144.85,138.15,14222.0,140.35,143.25,138.05,14154.0,138.21666666666667,0.5291502621851507,7953.666666666667,138.97,1.577339532248221,11403.0,140.255,5.103019258788632,39601.2,135.555,7.324642527652543,26626.6,57.79527556506669,-0.011896178803172175,-0.005647723261560267,0.1966236345580934,0.9730209442600426,0.9930682232689305,0.00723499884157461,1,5,139.5,144.7,154.0,141.0,138.85,134.85,133.3,135.05,138.0,135.9,135.25,134.5,133.0,134.35,131.95,131.95,132.9,153.0,150.8,149.5
2023-05-03,139.5,139.5,135.8,137.05,138.0,138.4,202.55,52.2,9091,1257061.75,3.6999999999999886,2.4499999999999886,1.0999999999999943,0.0,2.5999999999999943,137.05,140.85,136.1,9640.0,138.7,141.65,138.15,8056.0,138.9,141.85,138.8,6165.0,141.0,143.25,138.6,18932.0,138.05,1.0866615541668512,8929.0,138.45,1.9686289645317412,9434.8,139.58,2.739124961656088,15076.1,136.225,6.782044308318949,26026.05,61.27527213505899,0.009850419554906953,-0.009584664536741228,-0.05695020746887969,0.99211469533339,0.9812138728252804,0.007231943856377774,2,5,144.7,154.0,141.0,138.85,134.85,133.3,135.05,138.0,135.9,135.25,134.5,133.0,134.35,131.95,131.95,132.9,153.0,150.8,149.5,143.2
2023-05-04,139.35,144.7,136.15,138.4,144.0,143.6,202.55,52.2,32619,4616733.4,8.549999999999983,0.9499999999999886,4.25,1.0999999999999943,3.1999999999999886,138.4,139.5,135.8,9091.0,137.05,140.85,136.1,9640.0,138.7,141.65,138.15,8056.0,139.2,144.85,138.15,14222.0,139.68333333333337,2.698301935162893,17116.666666666668,139.32999999999998,1.9096465641561318,13114.2,139.75,1.926864176730527,14178.2,137.21750000000003,6.082578119428366,26998.2,65.60773478125668,0.037572254335260125,0.037275985663082434,2.5880541194588056,0.9923980649551322,0.948119777152172,0.007065385235370098,3,5,154.0,141.0,138.85,134.85,133.3,135.05,138.0,135.9,135.25,134.5,133.0,134.35,131.95,131.95,132.9,153.0,150.8,149.5,143.2,141.0
2023-05-05,154.0,154.0,136.6,143.6,138.8,137.85,202.55,52.2,36511,5144687.15,17.400000000000006,10.400000000000006,16.150000000000006,0.0,1.25,143.6,144.7,136.15,32619.0,138.4,139.5,135.8,9091.0,137.05,140.85,136.1,9640.0,138.9,141.85,138.8,6165.0,139.95000000000002,7.345973954031005,26073.666666666668,139.11999999999998,5.832816643783036,19183.4,139.33999999999997,3.9751170492914407,16212.4,137.5325,6.368761653571373,28153.9,58.933002460916576,-0.040041782729804964,0.0642709053213546,0.11931696250651469,0.8951298701240576,0.9909321726442443,0.007096835810511819,4,5,141.0,138.85,134.85,133.3,135.05,138.0,135.9,135.25,134.5,133.0,134.35,131.95,131.95,132.9,153.0,150.8,149.5,143.2,141.0,147.5
2023-05-08,141.0,141.0,135.5,137.85,135.7,136.0,202.55,52.2,12188,1676904.95,5.5,3.1500000000000057,5.0,0.0,0.5,137.85,154.0,136.6,36511.0,143.6,144.7,136.15,32619.0,138.4,139.5,135.8,9091.0,138.7,141.65,138.15,8056.0,139.15,6.698009654613952,27106.0,138.58,5.908933913997724,20009.8,139.105,4.069589113850127,16157.8,137.605,6.149563527515468,28238.05,55.17661386668764,-0.013420384475879565,-0.08441558441558439,-0.6661827942263976,0.964539007085358,0.9963235294044389,0.007268151960550891,0,5,138.85,134.85,133.3,135.05,138.0,135.9,135.25,134.5,133.0,134.35,131.95,131.95,132.9,153.0,150.8,149.5,143.2,141.0,147.5,148.0
2023-05-09,136.05,138.85,131.25,136.0,131.7,131.6,202.55,52.2,23002,3076070.55,7.599999999999994,0.05000000000001137,4.450000000000017,2.799999999999983,0.3499999999999943,136.0,141.0,135.5,12188.0,137.85,154.0,136.6,36511.0,143.6,144.7,136.15,32619.0,137.05,140.85,136.1,9640.0,135.15,8.197001484280861,23900.333333333332,137.48999999999998,6.235022052887434,22682.2,138.23,4.328073731145773,17042.6,137.39749999999998,6.154063163557371,28923.35,28.861154433570746,-0.032352941176470584,-0.01524822695035466,0.8872661634394485,0.9477853798995479,0.9973404255243364,0.007477721861743384,1,5,134.85,133.3,135.05,138.0,135.9,135.25,134.5,133.0,134.35,131.95,131.95,132.9,153.0,150.8,149.5,143.2,141.0,147.5,148.0,147.1
2023-05-10,134.85,134.85,131.6,131.6,131.6,132.3,202.55,52.2,5034,667982.5,3.25,3.25,2.549999999999983,0.0,0.700000000000017,131.6,138.85,131.25,23002.0,136.0,141.0,135.5,12188.0,137.85,154.0,136.6,36511.0,138.4,139.5,135.8,9091.0,133.29999999999998,3.1210308126171453,13408.0,136.27,7.263315358704521,21870.8,137.36,5.041318169774714,15652.8,137.4075,6.271518744962993,28817.5,33.72881354331513,0.005319148936170359,-0.028808066258552367,-0.7811494652638901,0.9810901001039595,0.9947089947014761,0.007536125572151953,2,5,133.3,135.05,138.0,135.9,135.25,134.5,133.0,134.35,131.95,131.95,132.9,153.0,150.8,149.5,143.2,141.0,147.5,148.0,147.1,147.3
2023-05-11,132.7,133.3,130.85,132.3,132.4,132.5,202.55,52.2,8842,1167070.65,2.450000000000017,0.39999999999997726,0.19999999999998863,0.6000000000000227,1.6500000000000057,132.3,134.85,131.6,5034.0,131.6,138.85,131.25,23002.0,136.0,141.0,135.5,12188.0,143.6,144.7,136.15,32619.0,132.13333333333333,2.863709715265648,12292.666666666666,134.05,8.19961889358242,17115.4,136.69,5.655010069743511,15114.8,137.475,6.386418566400443,28323.5,34.06408092826655,0.0015117157974300355,-0.011494252873563093,0.756456098529996,0.9939984996174493,0.9875471698038676,0.007576233709587327,3,5,135.05,138.0,135.9,135.25,134.5,133.0,134.35,131.95,131.95,132.9,153.0,150.8,149.5,143.2,141.0,147.5,148.0,147.1,147.3,149.95
2023-05-12,131.1,135.05,131.1,132.5,132.0,132.5,202.55,52.2,12828,1714328.2,3.950000000000017,-1.4000000000000057,1.4000000000000057,2.5500000000000114,0.0,132.5,133.3,130.85,8842.0,132.3,134.85,131.6,5034.0,131.6,138.85,131.25,23002.0,137.85,154.0,136.6,36511.0,132.43333333333337,0.9578622030199164,8901.333333333334,132.98000000000002,3.1928435602132343,12378.8,136.05,5.949941643038786,15781.1,137.485,6.476160229317261,27745.25,38.771593069374184,0.0,0.013128282070517638,0.45080298574983035,0.9811181043985108,0.9894339622566836,0.0074828145509127095,4,5,138.0,135.9,135.25,134.5,133.0,134.35,131.95,131.95,132.9,153.0,150.8,149.5,143.2,141.0,147.5,148.0,147.1,147.3,149.95,165.5
2023-05-15,132.4,138.0,130.05,132.5,134.0,135.35,202.55,52.2,39024,5220653.55,7.949999999999989,-0.09999999999999432,2.9499999999999886,2.6500000000000057,2.3499999999999943,132.5,135.05,131.1,12828.0,132.5,133.3,130.85,8842.0,132.3,134.85,131.6,5034.0,136.0,141.0,135.5,12188.0,133.45000000000002,2.375394704038382,20231.333333333332,132.85,2.3257794392408124,17746.0,135.71499999999997,5.974938400427267,18877.9,137.72,6.194850896638277,29322.05,40.70631968141677,0.021509433962264124,0.021843761569788844,2.0420954162768945,0.9807971014421681,0.9608422607982208,0.007474926199613456,0,5,135.9,135.25,134.5,133.0,134.35,131.95,131.95,132.9,153.0,150.8,149.5,143.2,141.0,147.5,148.0,147.1,147.3,149.95,165.5,186.6
2023-05-16,134.5,135.9,133.05,135.35,133.85,134.85,202.55,52.2,6855,919852.1,2.8499999999999943,-0.8499999999999943,0.3499999999999943,1.0500000000000114,1.4499999999999886,135.35,138.0,130.05,39024.0,132.5,135.05,131.1,12828.0,132.5,133.3,130.85,8842.0,131.6,138.85,131.25,23002.0,134.23333333333335,1.518497063976903,19569.0,133.5,1.7206830039247556,14516.6,135.495,6.10132271633785,18599.4,137.875,6.213597144463529,29100.3,38.50467287704426,-0.003694126339120807,-0.015217391304347738,-0.8243388683886839,0.9922737306770252,0.9866518353653198,0.007452284992337347,1,5,135.25,134.5,133.0,134.35,131.95,131.95,132.9,153.0,150.8,149.5,143.2,141.0,147.5,148.0,147.1,147.3,149.95,165.5,186.6,179.4
2023-05-17,134.85,135.25,130.0,134.85,132.1,132.3,202.55,52.2,20581,2738131.05,5.25,0.0,2.549999999999983,0.4000000000000057,2.3000000000000114,134.85,135.9,133.05,6855.0,135.35,138.0,130.05,39024.0,132.5,135.05,131.1,12828.0,132.3,134.85,131.6,5034.0,134.16666666666666,1.4373007108140095,22153.333333333332,133.5,1.6966879500943854,17626.0,134.88500000000002,6.248724314255422,19748.4,137.23250000000002,5.186923715612195,17412.25,37.4545454354777,-0.018909899888765125,-0.004782928623988214,2.002334062727936,0.9781885397339877,0.9826152683221269,0.007516440821924865,2,5,134.5,133.0,134.35,131.95,131.95,132.9,153.0,150.8,149.5,143.2,141.0,147.5,148.0,147.1,147.3,149.95,165.5,186.6,179.4,176.7
2023-05-18,134.5,134.5,129.15,132.3,130.0,130.15,202.55,52.2,16686,2188666.7,5.349999999999994,2.1999999999999886,4.349999999999994,0.0,1.0,132.3,135.25,130.0,20581.0,134.85,135.9,133.05,6855.0,135.35,138.0,130.05,39024.0,132.5,133.3,130.85,8842.0,132.43333333333334,0.7005949852140199,14707.333333333334,133.03,1.3589518019397906,19194.8,133.54000000000002,6.060903856321001,18155.1,136.64499999999998,5.038626457572416,16166.65,35.09369674646295,-0.016250944822373437,-0.00554528650646946,-0.1892522229240562,0.9676579925578614,0.992316557810278,0.007623819561014014,3,5,133.0,134.35,131.95,131.95,132.9,153.0,150.8,149.5,143.2,141.0,147.5,148.0,147.1,147.3,149.95,165.5,186.6,179.4,176.7,136.9
2023-05-19,131.05,133.0,128.0,130.15,132.0,131.35,202.55,52.2,5490,717482.55,5.0,0.9000000000000057,0.29999999999998295,1.6500000000000057,3.0500000000000114,130.15,134.5,129.15,16686.0,132.3,135.25,130.0,20581.0,134.85,135.9,133.05,6855.0,132.5,135.05,131.1,12828.0,131.26666666666668,1.1456439237276956,14252.333333333334,132.8,1.842416890933101,17727.2,132.89000000000001,2.548441789715136,15053.0,136.115,5.1627563017811,15632.7,37.89126851629396,0.009220130618516897,-0.01115241635687736,-0.6709816612729234,0.9875939849549805,0.9744956223755273,0.007651754039174878,4,5,134.35,131.95,131.95,132.9,153.0,150.8,149.5,143.2,141.0,147.5,148.0,147.1,147.3,149.95,165.5,186.6,179.4,176.7,136.9,135.0
2023-05-22,130.2,134.35,130.1,131.35,130.65,131.0,202.55,52.2,6037,796596.2,4.25,-1.1500000000000057,0.8000000000000114,3.3499999999999943,0.09999999999999432,131.35,133.0,128.0,5490.0,130.15,134.5,129.15,16686.0,132.3,135.25,130.0,20581.0,135.35,138.0,130.05,39024.0,130.83333333333334,0.8261355820773876,9404.333333333334,131.93,1.089151045537726,11129.8,132.39000000000001,1.8664359976554714,14437.9,135.7475,5.208178664370261,15297.85,39.58691908591332,-0.0026646364674532963,0.010150375939849576,0.09963570127504551,0.9750651283887232,0.9931297709847853,0.007578494599898911,0,5,131.95,131.95,132.9,153.0,150.8,149.5,143.2,141.0,147.5,148.0,147.1,147.3,149.95,165.5,186.6,179.4,176.7,136.9,135.0,158.8
2023-05-23,131.35,131.95,129.0,131.0,130.05,130.25,202.55,52.2,26873,3501877.3,2.9499999999999886,0.3499999999999943,1.0999999999999943,0.5999999999999943,1.25,131.0,134.35,130.1,6037.0,131.35,133.0,128.0,5490.0,130.15,134.5,129.15,16686.0,134.85,135.9,133.05,6855.0,130.86666666666667,1.2031209415411117,12800.0,131.01000000000002,1.3188062784185774,15133.4,132.255,1.6759822990346447,14825.0,135.2425,5.378399169974339,15933.8,35.67662564149478,-0.005725190839694694,-0.017863788611834797,3.451383137319861,0.9871163319364373,0.9904030710096707,0.0076738839479041695,1,5,131.95,132.9,153.0,150.8,149.5,143.2,141.0,147.5,148.0,147.1,147.3,149.95,165.5,186.6,179.4,176.7,136.9,135.0,158.8,153.0
2023-05-24,130.1,131.95,129.0,130.25,130.65,130.4,202.55,52.2,7141,930312.25,2.9499999999999886,-0.15000000000000568,0.30000000000001137,1.549999999999983,1.0999999999999943,130.25,131.95,129.0,26873.0,131.0,134.35,130.1,6037.0,131.35,133.0,128.0,5490.0,132.3,135.25,130.0,20581.0,130.55,1.3856406460460677,13350.333333333334,130.63,1.2414709017921253,12445.4,132.065,1.870420333035596,15035.7,134.7125,5.482442670159059,15344.25,21.794871781832114,0.0011516314779271841,0.0,-0.7342685967327801,0.9882531261766713,0.9892638036733953,0.007675917413750052,2,5,132.9,153.0,150.8,149.5,143.2,141.0,147.5,148.0,147.1,147.3,149.95,165.5,186.6,179.4,176.7,136.9,135.0,158.8,153.0,150.0
2023-05-25,132.0,132.9,128.55,130.4,129.05,129.2,202.55,52.2,13005,1694450.1,4.349999999999994,1.5999999999999943,2.8000000000000114,0.9000000000000057,0.6499999999999773,130.4,131.95,129.0,7141.0,130.25,131.95,129.0,26873.0,131.0,134.35,130.1,6037.0,130.15,134.5,129.15,16686.0,129.95000000000002,0.5484827557075632,15673.0,130.44,0.9865343379714139,11709.2,131.73499999999999,1.8988373635843854,15452.0,134.2125,5.377472503538977,15283.4,27.055702897677435,-0.00920245398773023,0.00719969685486932,0.8211735051113289,0.9721595184275984,0.9949690402399772,0.007675056350139784,3,5,153.0,150.8,149.5,143.2,141.0,147.5,148.0,147.1,147.3,149.95,165.5,186.6,179.4,176.7,136.9,135.0,158.8,153.0,150.0,147.15
2023-05-26,129.2,153.0,129.2,129.2,146.05,145.4,202.55,52.2,309149,45566866.4,23.80000000000001,0.0,16.200000000000017,7.599999999999994,0.0,129.2,132.9,128.55,13005.0,130.4,131.95,129.0,7141.0,130.25,131.95,129.0,26873.0,131.35,133.0,128.0,5490.0,135.0,11.88847481106405,109765.0,133.25,9.092483159181263,72441.0,133.025,6.235169070149121,45084.1,134.5375,6.3276643025936234,30432.6,64.15662647897011,0.12538699690402488,0.1512415349887133,22.771549404075355,0.9503267973794097,0.8885832187009037,0.006784513055740871,4,5,150.8,149.5,143.2,141.0,147.5,148.0,147.1,147.3,149.95,165.5,186.6,179.4,176.7,136.9,135.0,158.8,153.0,150.0,147.15,149.0
2023-05-29,147.9,150.8,142.1,145.4,143.0,143.75,202.55,52.2,66064,9681339.5,8.700000000000017,2.5,4.150000000000006,2.9000000000000057,1.6500000000000057,145.4,153.0,129.2,309149.0,129.2,132.9,128.55,13005.0,130.4,131.95,129.0,7141.0,131.0,134.35,130.1,6037.0,139.45000000000002,11.024669307208296,129406.0,135.8,10.788686203611332,84446.4,133.865,7.792475002634127,47788.1,134.79000000000002,6.8936106954958225,33333.0,69.9507388840949,-0.011348005502063274,-0.01437908496732021,-0.7863036917473452,0.9532493368637053,0.9885217391235581,0.006823849117159871,0,5,149.5,143.2,141.0,147.5,148.0,147.1,147.3,149.95,165.5,186.6,179.4,176.7,136.9,135.0,158.8,153.0,150.0,147.15,149.0,145.0
2023-05-30,143.75,149.5,141.85,143.75,145.7,145.75,202.55,52.2,43874,6421132.1,7.650000000000006,0.0,2.0,3.75,1.9000000000000057,143.75,150.8,142.1,66064.0,145.4,153.0,129.2,309149.0,129.2,132.9,128.55,13005.0,130.25,131.95,129.0,26873.0,144.96666666666667,1.769180601285285,139695.66666666666,138.9,10.310407363435838,87846.6,134.95499999999998,8.6490590368105,51490.0,135.225,7.296182761878878,35044.7,71.18110233081777,0.013913043478260834,-0.008620689655172487,-0.3358864131751029,0.9749163879533451,0.973241852480458,0.00683275150187301,1,5,143.2,141.0,147.5,148.0,147.1,147.3,149.95,165.5,186.6,179.4,176.7,136.9,135.0,158.8,153.0,150.0,147.15,149.0,145.0,147.8
2023-05-31,143.2,143.2,134.45,145.75,138.6,138.85,202.55,52.2,192213,26422542.25,8.75,-2.5500000000000114,4.349999999999994,0.0,4.400000000000006,145.75,149.5,141.85,43874.0,143.75,150.8,142.1,66064.0,145.4,153.0,129.2,309149.0,130.4,131.95,129.0,7141.0,142.78333333333333,4.064890322419464,100717.0,140.59,8.118928500731542,124861.0,135.60999999999999,8.660031113621942,68653.2,135.2475,7.353078034330179,44200.8,58.257477221960855,-0.04734133790737571,-0.04214046822742479,3.381022929297534,0.969622905021162,0.9683111271086186,0.00727458388300997,2,5,141.0,147.5,148.0,147.1,147.3,149.95,165.5,186.6,179.4,176.7,136.9,135.0,158.8,153.0,150.0,147.15,149.0,145.0,147.8,141.9
2023-06-01,139.6,141.0,134.5,138.85,139.4,136.55,202.55,52.2,145403,19888487.05,6.5,0.75,3.049999999999983,1.4000000000000057,2.0500000000000114,138.85,143.2,134.45,192213.0,145.75,149.5,141.85,43874.0,143.75,150.8,142.1,66064.0,129.2,132.9,128.55,13005.0,140.38333333333335,4.411726797219092,127163.33333333333,142.06,5.144900387761684,151340.6,136.25,8.483940711721838,81524.9,134.89499999999998,7.256036960243705,49840.0,54.969325134489075,-0.016564638098667483,-0.015363128491620026,-0.2435319151150026,0.9684397163051885,0.9849871841744051,0.0073109130742049075,3,6,147.5,148.0,147.1,147.3,149.95,165.5,186.6,179.4,176.7,136.9,135.0,158.8,153.0,150.0,147.15,149.0,145.0,147.8,141.9,134.2
2023-06-02,138.0,147.5,137.8,136.55,142.55,141.55,202.55,52.2,61720,8781838.3,9.699999999999989,1.4499999999999886,3.5500000000000114,5.949999999999989,0.19999999999998863,136.55,141.0,134.5,145403.0,138.85,143.2,134.45,192213.0,145.75,149.5,141.85,43874.0,145.4,153.0,129.2,309149.0,138.98333333333335,3.3060550509584687,133112.0,141.29000000000002,4.170731350733443,101854.8,137.27,8.36152066180483,87147.9,135.07999999999998,6.676811305595512,51100.45,57.22610720743206,0.03661662394727205,0.046099290780141855,-0.5755245765218049,0.9596610169426465,0.9735075944827023,0.00702814124919608,4,6,148.0,147.1,147.3,149.95,165.5,186.6,179.4,176.7,136.9,135.0,158.8,153.0,150.0,147.15,149.0,145.0,147.8,141.9,134.2,136.85
2023-06-05,144.5,148.0,139.8,141.55,141.3,142.05,202.55,52.2,98006,14115761.65,8.199999999999989,2.9499999999999886,2.4499999999999886,3.5,2.25,141.55,147.5,137.8,61720.0,136.55,141.0,134.5,145403.0,138.85,143.2,134.45,192213.0,143.75,150.8,142.1,66064.0,140.05,3.9051248379491112,101709.66666666667,140.95,3.5781280021808923,108243.2,138.375,8.155373143585921,96344.8,135.3825,6.975413117364188,55391.35,58.39160837255287,0.0035323207347226493,0.003389830508474523,0.5879131561892417,0.9597972972908123,0.9841605068568522,0.006943018905395019,0,6,147.1,147.3,149.95,165.5,186.6,179.4,176.7,136.9,135.0,158.8,153.0,150.0,147.15,149.0,145.0,147.8,141.9,134.2,136.85,135.45
2023-06-06,145.5,147.1,142.15,142.05,147.1,145.75,202.55,52.2,50294,7328556.05,4.949999999999989,3.4499999999999886,0.25,1.3499999999999943,3.3499999999999943,142.05,148.0,139.8,98006.0,141.55,147.5,137.8,61720.0,136.55,141.0,134.5,145403.0,145.75,149.5,141.85,43874.0,143.11666666666667,0.45092497524446656,70006.66666666667,140.95,3.0924100633634004,109527.2,139.925,7.233811428133115,98686.9,136.09,7.197603767921759,56755.95,65.26674231750884,0.02604716649067229,-0.0060810810810810745,-0.48682733710181014,0.9908225696737538,0.9753001715198951,0.00686274344589341,1,6,147.3,149.95,165.5,186.6,179.4,176.7,136.9,135.0,158.8,153.0,150.0,147.15,149.0,145.0,147.8,141.9,134.2,136.85,135.45,136.45
2023-06-07,146.0,147.3,144.6,145.75,145.0,145.3,202.55,52.2,17732,2594973.15,2.700000000000017,0.25,0.6999999999999886,1.3000000000000114,0.700000000000017,145.75,147.1,142.15,50294.0,142.05,148.0,139.8,98006.0,141.55,147.5,137.8,61720.0,138.85,143.2,134.45,192213.0,144.3666666666667,0.4725815625892109,55344.0,142.24,2.9149614062609626,74631.0,141.415,5.753076471671521,99746.0,136.73999999999998,7.306818643172408,57390.85,67.88665877330784,-0.0030874785591765708,0.0013596193065943396,-0.6474330934107448,0.986422267474634,0.9951823812732609,0.006833211357119434,2,6,149.95,165.5,186.6,179.4,176.7,136.9,135.0,158.8,153.0,150.0,147.15,149.0,145.0,147.8,141.9,134.2,136.85,135.45,136.45,136.5
2023-06-08,146.0,149.95,142.25,145.3,145.0,144.4,202.55,52.2,42502,6223028.25,7.699999999999989,0.6999999999999886,1.5999999999999943,3.9499999999999886,2.1500000000000057,145.3,147.3,144.6,17732.0,145.75,147.1,142.15,50294.0,142.05,148.0,139.8,98006.0,136.55,141.0,134.5,145403.0,145.15,1.590859306569514,36842.666666666664,143.81,1.1562871615606944,54050.8,142.935,3.5242059783431285,102695.7,137.33499999999998,7.429468352446298,59073.85,65.51724135749723,-0.006194081211287061,0.017990495587236754,1.3969095420708322,0.9629876625477628,0.9851108033172776,0.006829793838715097,3,6,165.5,186.6,179.4,176.7,136.9,135.0,158.8,153.0,150.0,147.15,149.0,145.0,147.8,141.9,134.2,136.85,135.45,136.45,136.5,134.9
2023-06-09,144.0,165.5,144.0,144.4,158.05,158.8,202.55,52.2,384145,61099322.35,21.5,-0.4000000000000057,14.800000000000011,6.699999999999989,0.0,144.4,149.95,142.25,42502.0,145.3,147.3,144.6,17732.0,145.75,147.1,142.15,50294.0,141.55,147.5,137.8,61720.0,149.50000000000003,9.832471713661919,148126.33333333334,147.26,7.868100151878382,118535.8,144.275,6.532229923830726,110195.3,138.65,9.080405088923513,77639.7,74.77718358205203,0.09972299168975063,0.10370123374458151,8.038280551503458,0.9595166163084018,0.9068010075509647,0.006287221940031876,4,6,186.6,179.4,176.7,136.9,135.0,158.8,153.0,150.0,147.15,149.0,145.0,147.8,141.9,134.2,136.85,135.45,136.45,136.5,134.9,130.65
2023-06-12,161.8,186.6,161.8,158.8,177.0,178.45,202.55,52.2,718274,126443124.25,24.799999999999983,3.0,16.649999999999977,8.150000000000006,0.0,158.8,165.5,144.0,384145.0,144.4,149.95,142.25,42502.0,145.3,147.3,144.6,17732.0,142.05,148.0,139.8,98006.0,160.54999999999998,18.3949041856693,381640.3333333333,154.54000000000002,17.05866348809265,242589.4,147.745,13.61151575362286,175416.3,140.805,13.31782417624867,111602.2,82.13333331800177,0.12374055415617113,0.12749244712990926,0.8697991643780343,0.9563236870259576,0.9066965536514057,0.005680609398577084,0,6,179.4,176.7,136.9,135.0,158.8,153.0,150.0,147.15,149.0,145.0,147.8,141.9,134.2,136.85,135.45,136.45,136.5,134.9,130.65,131.3
2023-06-13,177.8,179.4,172.0,178.45,173.0,174.25,202.55,52.2,158817,27810618.75,7.400000000000006,-0.6499999999999773,3.5500000000000114,1.5999999999999943,2.25,178.45,186.6,161.8,718274.0,158.8,165.5,144.0,384145.0,144.4,149.95,142.25,42502.0,145.75,147.1,142.15,50294.0,170.5,10.725825531551465,420412.0,160.24,17.40079021194103,264294.0,150.595,15.947073050842327,186910.6,142.775,15.18157535511902,119200.3,77.73561035941432,-0.02353600448304838,-0.03858520900321538,-0.7788907854105815,0.971293199548655,0.9870875179283382,0.005710660428941373,1,6,176.7,136.9,135.0,158.8,153.0,150.0,147.15,149.0,145.0,147.8,141.9,134.2,136.85,135.45,136.45,136.5,134.9,130.65,131.3,128.7
2023-06-14,175.8,176.7,167.05,174.25,170.0,169.45,202.55,52.2,90830,15468951.5,9.649999999999977,1.5500000000000114,6.350000000000023,0.8999999999999773,2.3999999999999773,174.25,179.4,172.0,158817.0,178.45,186.6,161.8,718274.0,158.8,165.5,144.0,384145.0,145.3,147.3,144.6,17732.0,174.04999999999998,5.117616632764301,322640.3333333333,165.07,14.298409002402343,278913.6,153.65500000000003,16.569792629293556,176772.3,144.6325,16.264019054018362,122712.75,74.34966725903334,-0.027546628407460583,-0.015050167224080369,-0.42808389530088087,0.9589700056538825,0.98583652994402,0.005871761896725837,2,6,136.9,135.0,158.8,153.0,150.0,147.15,149.0,145.0,147.8,141.9,134.2,136.85,135.45,136.45,136.5,134.9,130.65,131.3,128.7,128.7
2023-09-18,121.7,136.9,121.7,121.05,128.5,128.2,202.55,52.2,86687,11350823.7,15.200000000000003,0.6500000000000057,6.499999999999986,8.700000000000017,0.0,169.45,176.7,167.05,90830.0,174.25,179.4,172.0,158817.0,178.45,186.6,161.8,718274.0,144.4,149.95,142.25,42502.0,157.29999999999998,23.796288225966837,112111.33333333333,161.82999999999998,19.492742239099695,287750.6,152.82,17.10416534713797,170900.7,144.53500000000003,16.15828286864531,126212.8,42.01485607624689,-0.24343464148716443,-0.22524052065647981,-0.04561268303423982,0.9364499634701501,0.9492979719114721,0.00763706690290679,0,9,135.0,158.8,153.0,150.0,147.15,149.0,145.0,147.8,141.9,134.2,136.85,135.45,136.45,136.5,134.9,130.65,131.3,128.7,128.7,127.8
2023-09-20,129.1,135.0,127.5,128.2,132.0,132.8,202.55,56.7,29157,3887819.25,7.5,0.9000000000000057,3.700000000000017,2.1999999999999886,1.5999999999999943,128.2,136.9,121.7,86687.0,169.45,176.7,167.05,90830.0,174.25,179.4,172.0,158817.0,158.8,165.5,144.0,384145.0,143.48333333333335,23.546195729529128,68891.33333333333,156.63,24.893714066004378,216753.0,151.945,18.40432391827806,167644.4,144.6075,16.05777725983003,127396.15,45.05196565177834,0.03588143525741039,-0.01387874360847341,-0.6636519893409623,0.9837037036964171,0.9600903614385535,0.007499577044380341,2,9,158.8,153.0,150.0,147.15,149.0,145.0,147.8,141.9,134.2,136.85,135.45,136.45,136.5,134.9,130.65,131.3,128.7,128.7,127.8,127.7
2023-09-21,133.05,158.8,133.0,132.8,146.4,148.35,202.55,61.0,401242,60428703.0,25.80000000000001,0.25,15.299999999999983,10.450000000000017,0.05000000000001137,132.8,135.0,127.5,29157.0,128.2,136.9,121.7,86687.0,169.45,176.7,167.05,90830.0,178.45,186.6,161.8,718274.0,136.45000000000002,13.226614583229495,172362.0,150.60999999999999,21.097701296586482,153346.6,152.575,18.116156846552805,197968.0,145.475,15.7775529671612,147156.4,51.04669886703178,0.11709337349397586,0.1762962962962964,12.76142950234935,0.9341939546540667,0.8965284799400303,0.006639924077139302,3,9,153.0,150.0,147.15,149.0,145.0,147.8,141.9,134.2,136.85,135.45,136.45,136.5,134.9,130.65,131.3,128.7,128.7,127.8,127.7,126.05
2023-09-22,148.95,153.0,143.0,148.35,149.1,148.7,202.55,61.0,95927,14151152.85,10.0,0.5999999999999943,0.25,4.050000000000011,5.699999999999989,148.35,158.8,133.0,401242.0,132.8,135.0,127.5,29157.0,128.2,136.9,121.7,86687.0,174.25,179.4,172.0,158817.0,143.28333333333333,12.41021084967117,175442.0,145.5,17.134088828997857,140768.6,152.87,17.8033400424381,202531.3,146.39749999999998,15.154058862232189,150609.1,54.18614533991835,0.0023592854735423607,-0.03652392947103278,-0.7609248284077939,0.971895424830249,0.9616677874851268,0.006778740998476317,4,9,150.0,147.15,149.0,145.0,147.8,141.9,134.2,136.85,135.45,136.45,136.5,134.9,130.65,131.3,128.7,128.7,127.8,127.7,126.05,122.85
2023-09-25,148.9,150.0,143.35,148.7,143.55,144.35,202.55,68.2,42893,6276022.7,6.650000000000006,0.20000000000001705,4.550000000000011,1.0999999999999943,1.0,148.7,153.0,143.0,95927.0,148.35,158.8,133.0,401242.0,132.8,135.0,127.5,29157.0,169.45,176.7,167.05,90830.0,147.13333333333333,4.473626418610848,180020.66666666666,140.48,10.367159688168783,131181.2,152.775,17.627220900263325,205047.4,147.095,14.43610491095149,152396.7,53.258145357179494,-0.029253530598520427,-0.019607843137254943,-0.5528579023632554,0.9623333333269178,0.9930723934811704,0.006834423973641777,0,9,147.15,149.0,145.0,147.8,141.9,134.2,136.85,135.45,136.45,136.5,134.9,130.65,131.3,128.7,128.7,127.8,127.7,126.05,122.85,125.0
2023-09-26,144.0,147.15,141.0,144.35,144.75,144.7,202.55,75.6,46430,6704801.25,6.150000000000006,-0.3499999999999943,0.6999999999999886,2.450000000000017,3.0,144.35,150.0,143.35,42893.0,148.7,153.0,143.0,95927.0,148.35,158.8,133.0,401242.0,128.2,136.9,121.7,86687.0,145.91666666666666,2.925320495255474,61750.0,143.78,8.835185340443683,123129.8,152.805,17.81148895766163,205440.2,147.87,13.747472494971488,154067.95,51.3689700067869,0.002424662279182588,-0.019000000000000017,0.08246100762362163,0.9833503227931814,0.9744298548654153,0.00692488834027705,1,9,149.0,145.0,147.8,141.9,134.2,136.85,135.45,136.45,136.5,134.9,130.65,131.3,128.7,128.7,127.8,127.7,126.05,122.85,125.0,118.45
2023-09-27,149.0,149.0,142.5,144.7,144.0,144.25,202.55,75.6,15399,2227552.75,6.5,4.300000000000011,4.75,0.0,1.75,144.7,147.15,141.0,46430.0,144.35,150.0,143.35,42893.0,148.7,153.0,143.0,95927.0,132.8,135.0,127.5,29157.0,144.43333333333337,1.4459714151032843,34907.333333333336,146.07,4.553075883399026,120378.2,151.35,17.896716800079147,168565.6,147.8125,13.781427242564643,139380.45,50.95652173292703,-0.0031098825155493337,0.012572205232755707,-0.6683394357096705,0.9681208053626301,0.9878682842219213,0.006912967605368714,2,9,145.0,147.8,141.9,134.2,136.85,135.45,136.45,136.5,134.9,130.65,131.3,128.7,128.7,127.8,127.7,126.05,122.85,125.0,118.45,136.6
2023-09-28,144.1,145.0,140.2,144.25,141.75,142.05,202.55,75.6,14172,2028209.35,4.800000000000011,-0.15000000000000568,2.049999999999983,0.9000000000000057,1.8500000000000227,144.25,149.0,142.5,15399.0,144.7,147.15,141.0,46430.0,144.35,150.0,143.35,42893.0,148.35,158.8,133.0,401242.0,143.66666666666666,2.0018741219076093,25333.666666666668,144.81,3.0115610569920377,42964.2,147.70999999999998,14.902021674927608,98155.4,147.7275,13.893385400784595,136785.85,48.37004404689709,-0.015251299826689713,-0.02684563758389258,-0.07968049873368399,0.979655172407037,0.9869764167477156,0.006987444368107263,3,9,147.8,141.9,134.2,136.85,135.45,136.45,136.5,134.9,130.65,131.3,128.7,128.7,127.8,127.7,126.05,122.85,125.0,118.45,136.6,127.25
2023-09-29,147.8,147.8,137.0,142.05,137.25,138.85,202.55,75.6,20730,2926883.95,10.800000000000011,5.75,8.950000000000017,0.0,1.8499999999999943,142.05,145.0,140.2,14172.0,144.25,149.0,142.5,15399.0,144.7,147.15,141.0,46430.0,148.7,153.0,143.0,95927.0,141.71666666666667,2.052640575769801,16767.0,142.83999999999997,1.906698717677092,27924.8,144.17,11.71352613197478,84346.7,147.3825,13.920005482454979,135628.65,47.22580644592548,-0.02252727912706809,0.0193103448275862,0.46274343776460625,0.9394451962047399,0.9866762693483135,0.007082617676044174,4,9,141.9,134.2,136.85,135.45,136.45,136.5,134.9,130.65,131.3,128.7,128.7,127.8,127.7,126.05,122.85,125.0,118.45,136.6,127.25,122.0
2023-10-03,139.0,141.9,133.25,138.85,134.7,133.9,202.55,75.6,21902,2966433.55,8.650000000000006,0.15000000000000568,5.099999999999994,2.9000000000000057,0.6500000000000057,138.85,147.8,137.0,20730.0,142.05,145.0,140.2,14172.0,144.25,149.0,142.5,15399.0,144.35,150.0,143.35,42893.0,138.26666666666668,2.9512709126687233,18934.666666666668,140.75,2.7941009287411616,23726.6,140.61499999999998,7.164358155326187,77453.9,147.135,13.969867949494494,127113.1,45.635910219127986,-0.0356499819949585,-0.03991880920162383,0.05653642064640607,0.9436222691970148,0.9951456310605292,0.007383276797149221,1,10,134.2,136.85,135.45,136.45,136.5,134.9,130.65,131.3,128.7,128.7,127.8,127.7,126.05,122.85,125.0,118.45,136.6,127.25,122.0,132.0
2023-10-04,130.4,134.2,130.4,133.9,132.0,131.95,202.55,103.0,18767,2483124.15,3.799999999999983,-3.5,1.549999999999983,2.25,0.0,133.9,141.9,133.25,21902.0,138.85,147.8,137.0,20730.0,142.05,145.0,140.2,14172.0,144.7,147.15,141.0,46430.0,134.9,6.819824044648535,20466.333333333332,138.2,5.916248811535354,18194.0,140.99,7.601975255010298,70661.9,146.90500000000003,14.34676380160157,120781.3,37.552155767030776,-0.01456310679611661,-0.054263565891472965,-0.14313761300337868,0.9832339791282919,0.9882531261766713,0.007557817840078594,2,10,136.85,135.45,136.45,136.5,134.9,130.65,131.3,128.7,128.7,127.8,127.7,126.05,122.85,125.0,118.45,136.6,127.25,122.0,132.0,131.45
2023-10-05,129.15,136.85,129.15,131.95,132.35,134.0,202.55,103.0,14134,1896712.75,7.699999999999989,-2.799999999999983,4.849999999999994,2.8499999999999943,0.0,131.95,134.2,130.4,18767.0,133.9,141.9,133.25,21902.0,138.85,147.8,137.0,20730.0,144.25,149.0,142.5,15399.0,133.28333333333333,3.911840998809631,18267.666666666668,136.15,5.621387729021597,17941.0,141.10999999999999,7.3166932421696576,69159.6,146.5275,14.72843003567547,118402.0,25.373961214900447,0.015536187949981128,0.01974664679582716,-0.24686950498214955,0.97917427839986,0.9638059701420613,0.007451840032181991,3,10,135.45,136.45,136.5,134.9,130.65,131.3,128.7,128.7,127.8,127.7,126.05,122.85,125.0,118.45,136.6,127.25,122.0,132.0,131.45,131.0
2023-10-06,134.95,135.45,130.95,134.0,134.0,133.75,202.55,120.8,12658,1684443.15,4.5,0.9499999999999886,1.1999999999999886,0.5,2.8000000000000114,134.0,136.85,129.15,14134.0,131.95,134.2,130.4,18767.0,133.9,141.9,133.25,21902.0,142.05,145.0,140.2,14172.0,133.23333333333335,1.3257073583445256,15186.333333333334,134.49,5.608631740451094,17638.2,139.65,6.599875840583817,30301.2,146.1125,15.160200665245968,114134.6,26.53534182651802,-0.001865671641791078,-0.010230179028133057,-0.10442903636620915,0.9874492432559068,0.9790654205534275,0.007514649574252473,4,10,136.45,136.5,134.9,130.65,131.3,128.7,128.7,127.8,127.7,126.05,122.85,125.0,118.45,136.6,127.25,122.0,132.0,131.45,131.0,131.75
2023-10-09,115.35,136.45,115.35,133.75,133.3,131.6,202.55,115.35,14829,1934987.2,21.099999999999994,-18.400000000000006,16.25,4.849999999999994,0.0,133.75,135.45,130.95,12658.0,134.0,136.85,129.15,14134.0,131.95,134.2,130.4,18767.0,138.85,147.8,137.0,20730.0,133.11666666666667,0.7211102550709466,13873.666666666666,133.04000000000002,2.9399404755872913,16458.0,137.94,6.1625752192848715,22191.4,145.405,15.494408796316382,112361.35,27.37597130444395,-0.01607476635514027,0.007382798080472597,0.17151208721756994,0.9644558446246652,0.8765197568322454,0.0076636165861975695,0,10,136.5,134.9,130.65,131.3,128.7,128.7,127.8,127.7,126.05,122.85,125.0,118.45,136.6,127.25,122.0,132.0,131.45,131.0,131.75,129.85
2023-10-10,136.5,136.5,130.0,131.6,131.0,130.7,202.55,115.35,14887,1962989.15,6.5,4.900000000000006,5.800000000000011,0.0,0.6999999999999886,131.6,136.45,115.35,14829.0,133.75,135.45,130.95,12658.0,134.0,136.85,129.15,14134.0,133.9,141.9,133.25,21902.0,132.01666666666668,0.5923118547706735,14124.666666666666,132.4,1.0790041705187567,15055.0,136.575,5.774282062156629,19390.8,144.675,15.802350549672505,112219.1,52.88683601061395,-0.006838905775076065,0.00036643459142560175,0.0039112549733630875,0.9575091575021428,0.9946442234047849,0.00758384222347841,1,10,134.9,130.65,131.3,128.7,128.7,127.8,127.7,126.05,122.85,125.0,118.45,136.6,127.25,122.0,132.0,131.45,131.0,131.75,129.85,129.35
2023-10-11,134.9,134.9,130.05,130.7,130.95,130.35,202.55,115.35,17063,2232818.3,4.849999999999994,4.200000000000017,4.550000000000011,0.0,0.29999999999998295,130.7,136.5,130.0,14887.0,131.6,136.45,115.35,14829.0,133.75,135.45,130.95,12658.0,131.95,134.2,130.4,18767.0,130.88333333333333,0.9096702699157505,15593.0,132.07999999999998,0.8189932844638016,14714.2,135.14,5.629261348822209,16454.1,143.9725,16.164433830253063,110947.15,46.8629961419697,-0.002677888293802555,-0.01172161172161168,0.14616779740713381,0.9662713120758616,0.9976985040199642,0.007641911569786039,2,10,130.65,131.3,128.7,128.7,127.8,127.7,126.05,122.85,125.0,118.45,136.6,127.25,122.0,132.0,131.45,131.0,131.75,129.85,129.35,127.9
2023-10-12,130.4,130.65,127.35,130.35,129.95,128.8,202.55,115.35,12458,1608997.1,3.3000000000000114,0.05000000000001137,1.5999999999999943,0.25,1.450000000000017,130.35,134.9,130.05,17063.0,130.7,136.5,130.0,14887.0,131.6,136.45,115.35,14829.0,134.0,136.85,129.15,14134.0,129.95000000000002,3.023381109503526,14802.666666666666,131.04,2.4117939381293163,14379.0,133.595,5.278794054201844,16160.0,142.4725,16.210749154739673,92362.8,10.978043906040213,-0.011891062523973761,-0.03150481838398811,-0.2698822012541757,0.9858400306086045,0.9887422360171682,0.007742711282699013,3,10,131.3,128.7,128.7,127.8,127.7,126.05,122.85,125.0,118.45,136.6,127.25,122.0,132.0,131.45,131.0,131.75,129.85,129.35,127.9,127.95
2023-10-13,131.25,131.3,123.75,128.8,125.5,125.45,202.55,115.35,41363,5208208.7,7.550000000000011,2.4499999999999886,5.799999999999997,0.05000000000001137,1.7000000000000028,128.8,130.65,127.35,12458.0,130.35,134.9,130.05,17063.0,130.7,136.5,130.0,14887.0,133.75,135.45,130.95,12658.0,128.20000000000002,2.2892866428875993,23628.0,129.38,2.809225872014856,20120.0,131.935,5.023168544079732,18879.1,139.8225,13.73843508861941,58517.25,8.556149728349894,-0.026009316770186364,0.004975124378109541,2.320195858083159,0.9554455445471787,0.9864487843683822,0.00794188604615633,4,10,128.7,128.7,127.8,127.7,126.05,122.85,125.0,118.45,136.6,127.25,122.0,132.0,131.45,131.0,131.75,129.85,129.35,127.9,127.95,129.7
2023-10-16,127.0,128.7,123.5,125.45,128.0,127.3,202.55,115.35,19349,2439948.1,5.199999999999989,1.5499999999999972,0.29999999999999716,1.3999999999999915,3.5,125.45,131.3,123.75,41363.0,128.8,130.65,127.35,12458.0,130.35,134.9,130.05,17063.0,131.6,136.45,115.35,14829.0,127.18333333333335,1.3530828996423765,24390.0,128.51999999999998,3.2024209592116857,21024.0,130.78000000000003,3.7650291425769944,18741.0,137.475,11.52683225531212,51543.85,16.634050871511675,0.014746911119968065,-0.01980198019801993,-0.5322147813263061,0.9891219891143038,0.9701492537237223,0.007930086709631239,0,10,128.7,127.8,127.7,126.05,122.85,125.0,118.45,136.6,127.25,122.0,132.0,131.45,131.0,131.75,129.85,129.35,127.9,127.95,129.7,129.7
2023-10-17,128.1,128.7,124.2,127.3,125.1,125.2,202.55,115.35,20387,2566736.95,4.499999999999986,0.7999999999999972,2.8999999999999915,0.5999999999999943,1.0,127.3,128.7,123.5,19349.0,125.45,131.3,123.75,41363.0,128.8,130.65,127.35,12458.0,130.7,136.5,130.0,14887.0,125.98333333333335,1.5011106998835766,27033.0,127.42,2.544110846641508,22124.0,129.91,3.2326631607887273,18589.5,135.2625,8.620933442560117,48021.7,14.285714278388298,-0.01649646504320501,0.0,0.05364618326528503,0.9728049727974143,0.9920127795447922,0.007942769515200999,1,10,127.8,127.7,126.05,122.85,125.0,118.45,136.6,127.25,122.0,132.0,131.45,131.0,131.75,129.85,129.35,127.9,127.95,129.7,129.7,128.2
2023-10-18,127.75,127.8,123.5,125.2,126.0,125.0,202.55,115.35,12417,1559111.55,4.299999999999997,2.549999999999997,2.75,0.04999999999999716,1.5,125.2,128.7,124.2,20387.0,127.3,128.7,123.5,19349.0,125.45,131.3,123.75,41363.0,130.35,134.9,130.05,17063.0,125.83333333333336,0.5196152422438877,17384.333333333332,126.35,1.475466028073689,21194.8,129.21499999999997,3.6559084598326637,17954.5,135.1025,9.019237845615798,44308.2,14.417744909358674,-0.0015974440894569453,-0.006993006993006978,-0.3909354000098102,0.9780907668155079,0.987999999992096,0.007964151121836018,2,10,127.7,126.05,122.85,125.0,118.45,136.6,127.25,122.0,132.0,131.45,131.0,131.75,129.85,129.35,127.9,127.95,129.7,129.7,128.2,136.0
2023-10-19,126.95,127.7,123.1,125.0,124.0,124.55,202.55,115.35,19941,2504821.4,4.6000000000000085,1.9500000000000028,2.4000000000000057,0.75,1.4500000000000028,125.0,127.8,123.5,12417.0,125.2,128.7,124.2,20387.0,127.3,128.7,123.5,19349.0,128.8,130.65,127.35,12458.0,124.91666666666667,0.550757054703492,17581.666666666668,125.5,1.455335012978045,22691.4,128.27,3.6552131720793772,18535.2,134.69,9.35074265274655,43847.4,15.415019754315807,-0.0036000000000000476,-0.0007824726134584292,0.6059434646049771,0.9753328112687913,0.9883580891128996,0.007961046643884468,3,10,126.05,122.85,125.0,118.45,136.6,127.25,122.0,132.0,131.45,131.0,131.75,129.85,129.35,127.9,127.95,129.7,129.7,128.2,136.0,139.45
2023-10-20,124.65,126.05,121.95,124.55,123.15,123.1,202.55,115.35,11515,1419815.65,4.099999999999994,0.10000000000000853,1.5500000000000114,1.3999999999999915,1.1499999999999915,124.55,127.7,123.1,19941.0,125.0,127.8,123.5,12417.0,125.2,128.7,124.2,20387.0,125.45,131.3,123.75,41363.0,124.21666666666668,0.9827681991731985,14624.333333333334,125.03,1.0830512453251027,16721.8,127.205,3.821448968942456,18420.9,133.42749999999998,8.551344923460807,24361.05,16.560509544295257,-0.011641910879164996,-0.012920908379013385,-0.42254651221102246,0.9765965886475477,0.9906580016166479,0.008110207828741705,4,10,122.85,125.0,118.45,136.6,127.25,122.0,132.0,131.45,131.0,131.75,129.85,129.35,127.9,127.95,129.7,129.7,128.2,136.0,139.45,135.95
2023-10-23,122.05,122.85,114.15,123.1,117.7,117.95,201.3,114.15,14860,1788569.75,8.699999999999989,-1.0499999999999972,4.099999999999994,0.7999999999999972,3.799999999999997,123.1,126.05,121.95,11515.0,124.55,127.7,123.1,19941.0,125.0,127.8,123.5,12417.0,127.3,128.7,123.5,19349.0,121.86666666666667,2.465934576039477,15438.666666666666,123.16000000000001,2.314249338338632,15824.0,125.84,4.031201227096255,18424.0,131.89000000000001,8.321160012123753,20307.7,16.42105262189918,-0.04183590576766849,-0.025386751289171006,0.2904906643508467,0.9601139601061448,0.9677829588726767,0.008308314506605064,0,10,125.0,118.45,136.6,127.25,122.0,132.0,131.45,131.0,131.75,129.85,129.35,127.9,127.95,129.7,129.7,128.2,136.0,139.45,135.95,133.9
2023-10-25,115.0,125.0,114.35,117.95,115.0,115.0,201.3,114.15,17222,2030865.3,10.650000000000006,-2.950000000000003,0.0,10.0,0.6500000000000057,117.95,122.85,114.15,14860.0,123.1,126.05,121.95,11515.0,124.55,127.7,123.1,19941.0,125.2,128.7,124.2,20387.0,118.68333333333334,1.6312060977410048,14532.333333333334,121.12,2.0605217785796723,15191.0,124.27000000000001,3.4095494977763106,18657.5,130.4225,7.969406551900381,19024.15,15.757575748662404,-0.025010597710894422,0.017501017501017513,0.15895020188425302,0.9199999999926399,0.99434782607831,0.008480129135103147,2,10,118.45,136.6,127.25,122.0,132.0,131.45,131.0,131.75,129.85,129.35,127.9,127.95,129.7,129.7,128.2,136.0,139.45,135.95,133.9,130.85
2023-10-26,117.35,118.45,110.1,115.0,114.5,113.85,201.3,110.1,30646,3493213.05,8.350000000000009,2.3499999999999943,3.5,1.1000000000000085,3.75,115.0,125.0,114.35,17222.0,117.95,122.85,114.15,14860.0,123.1,126.05,121.95,11515.0,125.0,127.8,123.5,12417.0,115.60000000000001,3.338787204955614,20909.333333333332,118.88999999999999,3.5713092837224285,18836.8,122.62,3.8465857877123875,20015.8,128.88,8.190011165727181,18234.95,7.756813412637484,-0.010000000000000009,-0.0524,0.7794681221693183,0.9611650485355747,0.9670619235751685,0.00877301199822324,3,10,136.6,127.25,122.0,132.0,131.45,131.0,131.75,129.85,129.35,127.9,127.95,129.7,129.7,128.2,136.0,139.45,135.95,133.9,130.85,130.5
2023-10-27,115.0,136.6,115.0,113.85,125.1,124.7,201.3,110.1,378958,49831896.8,21.599999999999994,1.1500000000000057,9.700000000000003,11.899999999999991,0.0,113.85,118.45,110.1,30646.0,115.0,125.0,114.35,17222.0,117.95,122.85,114.15,14860.0,124.55,127.7,123.1,19941.0,117.85000000000002,9.19134556707049,142275.33333333334,118.92,6.709452287631318,90640.2,122.21,4.851062312067771,56665.8,127.90249999999999,7.363606721394585,36412.9,36.86502175570072,0.09530083443126935,0.15322921063739958,11.36565946616198,0.9128843338146935,0.9222133119412813,0.007604727580829314,4,10,127.25,122.0,132.0,131.45,131.0,131.75,129.85,129.35,127.9,127.95,129.7,129.7,128.2,136.0,139.45,135.95,133.9,130.85,130.5,129.7
2023-10-30,124.65,127.25,119.05,124.7,120.7,120.25,201.3,110.1,29994,3658123.75,8.200000000000003,-0.04999999999999716,4.400000000000006,2.5999999999999943,1.2000000000000028,124.7,136.6,115.0,378958.0,113.85,118.45,110.1,30646.0,115.0,125.0,114.35,17222.0,123.1,126.05,121.95,11515.0,119.60000000000002,9.076388782621974,146532.66666666666,118.35,6.742458750337374,94336.0,121.69000000000001,4.646133398382385,55528.9,126.8125,6.8473948177005814,37204.0,34.55782311608681,-0.03568564554931841,-0.06844802342606149,-0.9208513872249695,0.9449901768098625,0.9900207900125569,0.008199285221009812,0,10,122.0,132.0,131.45,131.0,131.75,129.85,129.35,127.9,127.95,129.7,129.7,128.2,136.0,139.45,135.95,133.9,130.85,130.5,129.7,128.45
2023-10-31,120.0,122.0,119.85,120.25,121.9,120.75,201.3,110.1,13111,1585228.35,2.1500000000000057,-0.25,0.75,1.25,0.15000000000000568,120.25,127.25,119.05,29994.0,124.7,136.6,115.0,378958.0,113.85,118.45,110.1,30646.0,117.95,122.85,114.15,14860.0,121.90000000000002,7.395325099906388,140687.66666666666,118.91,6.8524995439621215,93986.2,121.035,4.83843409012183,54905.1,125.9075,6.049295304761506,36823.05,36.3136175926165,0.004158004158004047,-0.04125736738703345,-0.5628792425151696,0.989754098352543,0.9925465838427118,0.008270732730713522,1,10,132.0,131.45,131.0,131.75,129.85,129.35,127.9,127.95,129.7,129.7,128.2,136.0,139.45,135.95,133.9,130.85,130.5,129.7,128.45,128.7
2023-11-01,123.2,132.0,121.25,120.75,128.4,128.45,201.3,110.1,125211,15965555.75,10.75,2.450000000000003,5.249999999999986,3.5500000000000114,1.9500000000000028,120.75,122.0,119.85,13111.0,120.25,127.25,119.05,29994.0,124.7,136.6,115.0,378958.0,115.0,125.0,114.35,17222.0,123.15000000000002,5.00208289948359,56105.333333333336,121.6,7.331217497796694,115584.0,121.36000000000001,5.1286883746678456,65387.5,125.63499999999999,5.438565987463888,41988.5,47.82608694119987,0.06376811594202891,0.08196721311475419,8.550072458241171,0.9731060605986885,0.9439470611059251,0.007842570716650435,2,11,131.45,131.0,131.75,129.85,129.35,127.9,127.95,129.7,129.7,128.2,136.0,139.45,135.95,133.9,130.85,130.5,129.7,128.45,128.7,126.35
2023-11-02,130.4,131.45,125.7,128.45,128.85,127.7,201.3,110.1,26030,3353505.35,5.749999999999986,1.950000000000017,2.700000000000003,1.049999999999983,2.0,128.45,132.0,121.25,125211.0,120.75,122.0,119.85,13111.0,120.25,127.25,119.05,29994.0,113.85,118.45,110.1,30646.0,125.63333333333334,5.621461850204577,54784.0,124.37,5.502885606661219,114660.8,121.63000000000002,5.35101496083872,66748.8,125.42249999999999,5.360191350669166,42351.65,48.71794870205007,-0.005838847800700542,-0.004166666666666763,-0.792110916772488,0.9714720425943595,0.984338292866215,0.007762027276920847,3,11,131.0,131.75,129.85,129.35,127.9,127.95,129.7,129.7,128.2,136.0,139.45,135.95,133.9,130.85,130.5,129.7,128.45,128.7,126.35,126.0
2023-11-03,130.7,131.0,127.85,127.7,128.0,128.3,201.3,110.1,17613,2272754.0,3.1500000000000057,2.999999999999986,2.3999999999999773,0.30000000000001137,0.45000000000001705,127.7,131.45,125.7,26030.0,128.45,132.0,121.25,125211.0,120.75,122.0,119.85,13111.0,124.7,136.6,115.0,378958.0,128.15,0.5008326400146142,56284.666666666664,125.09,4.204967300705174,42391.8,122.005,5.50303199255827,66516.0,125.1375,5.110917107937635,42525.6,53.54919051681972,0.00469851213782313,-0.0034233548877899977,-0.3233576642335766,0.9793893129696232,0.9964925954715783,0.007749628864364552,4,11,131.75,129.85,129.35,127.9,127.95,129.7,129.7,128.2,136.0,139.45,135.95,133.9,130.85,130.5,129.7,128.45,128.7,126.35,126.0,125.65
2023-11-06,128.4,131.75,127.5,128.3,127.5,128.5,197.0,110.1,11267,1454645.95,4.25,0.09999999999999432,0.09999999999999432,3.25,0.9000000000000057,128.3,131.0,127.85,17613.0,127.7,131.45,125.7,26030.0,128.45,132.0,121.25,125211.0,120.25,127.25,119.05,29994.0,128.16666666666669,0.3774917217247424,18303.333333333332,126.74000000000001,4.2871027512761275,38646.4,122.545,5.656267418635713,66491.2,124.875,4.950170119352001,42456.05,51.558441539693035,0.001558846453624252,0.005725190839694694,-0.36030204962243795,0.9753320683037926,0.9922178988249634,0.0077455273566739685,0,11,129.85,129.35,127.9,127.95,129.7,129.7,128.2,136.0,139.45,135.95,133.9,130.85,130.5,129.7,128.45,128.7,126.35,126.0,125.65,126.75
2023-11-07,128.8,129.85,126.25,128.5,127.0,127.2,197.0,110.1,9107,1162686.65,3.5999999999999943,0.30000000000001137,1.6000000000000085,1.049999999999983,0.9500000000000028,128.5,131.75,127.5,11267.0,128.3,131.0,127.85,17613.0,127.7,131.45,125.7,26030.0,120.75,122.0,119.85,13111.0,128.00000000000003,0.9569918146485609,12662.333333333334,128.03,0.8466108905504346,37845.6,123.47,5.398047486515431,65915.9,124.655,4.664013970368076,42169.95,52.652519874346545,-0.010116731517509692,-0.014421252371916604,-0.19171030442886305,0.97959183672715,0.9925314465330776,0.00783272087969703,1,11,129.35,127.9,127.95,129.7,129.7,128.2,136.0,139.45,135.95,133.9,130.85,130.5,129.7,128.45,128.7,126.35,126.0,125.65,126.75,128.95
2023-11-08,128.1,129.35,124.0,127.2,124.0,124.65,197.0,110.1,15599,1970084.3,5.349999999999994,0.8999999999999915,3.4499999999999886,1.25,0.6500000000000057,127.2,129.85,126.25,9107.0,128.5,131.75,127.5,11267.0,128.3,131.0,127.85,17613.0,128.45,132.0,121.25,125211.0,126.78333333333336,1.2662279942035077,11991.0,127.27000000000001,1.036580918210844,15923.2,124.43499999999999,5.254902472930296,65753.6,124.3525,4.322410237721197,42205.55,49.56304617493427,-0.02004716981132071,-0.0038505968425105452,0.7128582409135829,0.9636644762198404,0.9947853991095483,0.007917935288352886,2,11,127.9,127.95,129.7,129.7,128.2,136.0,139.45,135.95,133.9,130.85,130.5,129.7,128.45,128.7,126.35,126.0,125.65,126.75,128.95,127.0
2023-11-09,127.9,127.9,124.0,124.65,124.0,124.1,197.0,110.1,3826,478045.95,3.9000000000000057,3.25,3.8000000000000114,0.0,0.09999999999999432,124.65,129.35,124.0,15599.0,127.2,129.85,126.25,9107.0,128.5,131.75,127.5,11267.0,127.7,131.45,125.7,26030.0,125.31666666666668,1.0128343069353811,9510.666666666666,126.55,1.4927323939672426,11482.4,125.46000000000001,3.8016115004046727,63071.6,124.04,4.067045837226867,41543.7,49.4396014771568,-0.004412354592860046,-0.01120989563200614,-0.7547278671709725,0.9702892884990594,0.9991941982191845,0.008003414734504062,3,11,127.95,129.7,129.7,128.2,136.0,139.45,135.95,133.9,130.85,130.5,129.7,128.45,128.7,126.35,126.0,125.65,126.75,128.95,127.0,127.45
2023-11-10,124.85,127.95,123.6,124.1,124.25,124.4,197.0,110.1,4619,578982.0,4.3500000000000085,0.75,0.44999999999998863,3.1000000000000085,0.8000000000000114,124.1,127.9,124.0,3826.0,124.65,129.35,124.0,15599.0,127.2,129.85,126.25,9107.0,128.3,131.0,127.85,17613.0,124.38333333333337,0.8231038816408712,8014.666666666667,125.77000000000001,1.58682072081237,8883.6,125.42999999999999,3.0140412147901046,25637.7,123.82000000000001,4.030191160413214,41151.75,51.66666664811967,0.00241740531829171,0.0003909304143863146,0.20726607422895982,0.9722547870185834,0.9935691318248104,0.007977795510050385,4,11,129.7,129.7,128.2,136.0,139.45,135.95,133.9,130.85,130.5,129.7,128.45,128.7,126.35,126.0,125.65,126.75,128.95,127.0,127.45,126.4
2023-11-12,127.4,129.7,124.4,124.4,129.7,127.9,197.0,110.1,10983,1403267.15,5.299999999999983,3.0,0.5,1.799999999999983,3.0,124.4,127.95,123.6,4619.0,124.1,127.9,124.0,3826.0,124.65,129.35,124.0,15599.0,128.5,131.75,127.5,11267.0,125.46666666666668,1.025101620965221,6476.0,125.65,0.9532837982467262,8826.8,126.19500000000001,2.950371916293509,23736.6,123.94250000000002,3.9806266036760913,39632.75,63.31994642874219,0.02813504823151125,0.013677217663149666,1.3777873998701016,0.9861218195760517,0.9726348709853586,0.007826734916441244,6,11,129.7,128.2,136.0,139.45,135.95,133.9,130.85,130.5,129.7,128.45,128.7,126.35,126.0,125.65,126.75,128.95,127.0,127.45,126.4,130.0
2023-11-13,128.05,129.7,123.3,127.9,124.0,124.15,187.0,110.1,29293,3691322.2,6.3999999999999915,0.15000000000000568,3.9000000000000057,1.6499999999999773,0.8500000000000085,127.9,129.7,124.4,10983.0,124.4,127.95,123.6,4619.0,124.1,127.9,124.0,3826.0,127.2,129.85,126.25,9107.0,125.48333333333336,1.0103629710679194,14965.0,125.04,0.9196466712818132,12864.0,126.535,1.466676136336157,25354.8,123.785,3.994781958347158,40129.95,61.992136281313506,-0.029319781078967933,0.0,1.6671219156878814,0.9572089437088883,0.9931534434072238,0.007935638888417812,0,11,128.2,136.0,139.45,135.95,133.9,130.85,130.5,129.7,128.45,128.7,126.35,126.0,125.65,126.75,128.95,127.0,127.45,126.4,130.0,126.9
2023-11-15,128.2,128.2,120.65,124.15,127.95,126.2,187.0,110.1,27812,3459790.3,7.549999999999983,4.049999999999983,1.9999999999999858,0.0,5.549999999999997,124.15,129.7,123.3,29293.0,127.9,129.7,124.4,10983.0,124.4,127.95,123.6,4619.0,124.65,129.35,124.0,15599.0,126.08333333333336,0.8660254037681807,22696.0,125.35,0.928977932999408,15306.6,126.30999999999999,1.4004066869655805,15614.9,123.83500000000001,3.9927392984343815,40501.2,65.81306015566243,0.01651228352799028,-0.01156515034695449,-0.050558153825145946,0.9843993759673606,0.9560221869971789,0.008038637486208339,2,11,136.0,139.45,135.95,133.9,130.85,130.5,129.7,128.45,128.7,126.35,126.0,125.65,126.75,128.95,127.0,127.45,126.4,130.0,126.9,127.45
2023-11-16,127.75,136.0,126.5,126.2,132.15,132.15,187.0,110.1,103681,13813333.25,9.5,1.5499999999999972,4.400000000000006,3.8499999999999943,1.25,126.2,128.2,120.65,27812.0,124.15,129.7,123.3,29293.0,127.9,129.7,124.4,10983.0,124.1,127.9,124.0,3826.0,127.50000000000004,4.138840417311436,53595.333333333336,126.96000000000001,3.2841284993128617,35277.6,126.755,2.411638447199144,23380.0,124.19250000000002,4.361339575719365,45064.4,60.90775985790019,0.047147385103011086,0.0608424336973481,2.727923198619301,0.9716911764634436,0.9572455542871189,0.007505863944895413,3,11,139.45,135.95,133.9,130.85,130.5,129.7,128.45,128.7,126.35,126.0,125.65,126.75,128.95,127.0,127.45,126.4,130.0,126.9,127.45,126.2
2023-11-17,139.45,139.45,132.35,132.15,133.9,133.6,187.0,110.1,26829,3604372.6,7.099999999999994,7.299999999999983,5.849999999999994,0.0,1.25,132.15,136.0,126.5,103681.0,126.2,128.2,120.65,27812.0,124.15,129.7,123.3,29293.0,124.4,127.95,123.6,4619.0,130.65,5.763462500959716,52774.0,128.8,4.864719930273227,39719.6,127.285,3.817216117656701,24301.6,124.64500000000001,4.988842814879825,45408.8,71.42857139646871,0.010972379871358129,0.02536764705882355,-0.7412351346919879,0.9580494800935243,0.9906437125674353,0.007443459091881897,4,11,135.95,133.9,130.85,130.5,129.7,128.45,128.7,126.35,126.0,125.65,126.75,128.95,127.0,127.45,126.4,130.0,126.9,127.45,126.2,125.0
2023-11-20,133.9,135.95,129.0,133.6,129.15,129.8,186.6,110.1,12237,1606304.4,6.949999999999989,0.30000000000001137,4.099999999999994,2.049999999999983,0.8000000000000114,133.6,139.45,132.35,26829.0,132.15,136.0,126.5,103681.0,126.2,128.2,120.65,27812.0,127.9,129.7,124.4,10983.0,131.85000000000002,2.0064479393447185,47582.333333333336,129.18,4.73119963645551,39970.4,127.415,4.129060291264607,24398.6,124.97999999999999,5.156023559621069,45444.9,63.1349782036607,-0.02844311377245501,-0.025098601649336638,-0.5438890752543889,0.9547627804269604,0.9938366717951168,0.007618107750934377,0,11,133.9,130.85,130.5,129.7,128.45,128.7,126.35,126.0,125.65,126.75,128.95,127.0,127.45,126.4,130.0,126.9,127.45,126.2,125.0,124.7
2023-11-21,133.9,133.9,125.35,129.8,127.85,126.75,186.6,110.1,42840,5534477.3,8.550000000000011,4.099999999999994,7.150000000000006,0.0,1.4000000000000057,129.8,135.95,129.0,12237.0,133.6,139.45,132.35,26829.0,132.15,136.0,126.5,103681.0,124.15,129.7,123.3,29293.0,130.05000000000004,2.806391514614632,27302.0,129.7,4.14442396479851,42679.8,127.36999999999998,4.158111216513843,27771.9,125.41999999999999,4.981478194271163,46843.9,47.147650984561515,-0.02349768875192615,-0.015079073188672187,2.5008580534444715,0.9466019417405034,0.9889546351006788,0.007740568382130684,1,11,130.85,130.5,129.7,128.45,128.7,126.35,126.0,125.65,126.75,128.95,127.0,127.45,126.4,130.0,126.9,127.45,126.2,125.0,124.7,124.0
2023-11-22,130.85,130.85,125.55,126.75,127.0,126.25,186.6,110.1,10770,1367054.05,5.299999999999997,4.099999999999994,4.599999999999994,0.0,0.7000000000000028,126.75,133.9,125.35,42840.0,129.8,135.95,129.0,12237.0,133.6,139.45,132.35,26829.0,126.2,128.2,120.65,27812.0,127.60000000000002,2.56628785082706,21949.0,129.70999999999998,3.157253553326982,39271.4,127.53000000000002,4.085937944817354,27289.0,125.98249999999999,4.831260596093684,46521.3,47.546531280350194,-0.0039447731755424265,-0.02277819268110537,-0.7485994397759104,0.9648452426368755,0.9944554455366775,0.007878254703974574,2,11,130.5,129.7,128.45,128.7,126.35,126.0,125.65,126.75,128.95,127.0,127.45,126.4,130.0,126.9,127.45,126.2,125.0,124.7,124.0,122.8
2023-11-23,130.5,130.5,126.5,126.25,127.55,127.45,186.6,110.1,18705,2405124.6,4.0,4.25,3.049999999999997,0.0,0.9500000000000028,126.25,130.85,125.55,10770.0,126.75,133.9,125.35,42840.0,129.8,135.95,129.0,12237.0,132.15,136.0,126.5,103681.0,126.81666666666668,1.8701604209185354,24105.0,128.77,3.7283709579381363,22276.2,127.86499999999998,3.876223821081614,28776.9,126.6625,3.9193271106146614,45924.25,48.590381403639604,0.009504950495049513,-0.0026748184944592746,0.7367688022284122,0.9766283524829378,0.9925460965006468,0.007777143853586626,3,11,129.7,128.45,128.7,126.35,126.0,125.65,126.75,128.95,127.0,127.45,126.4,130.0,126.9,127.45,126.2,125.0,124.7,124.0,122.8,121.0
2023-11-24,129.7,129.7,125.5,127.45,125.85,126.25,186.6,110.1,12720,1612694.55,4.199999999999989,2.249999999999986,3.4499999999999886,0.0,0.75,127.45,130.5,126.5,18705.0,126.25,130.85,125.55,10770.0,126.75,133.9,125.35,42840.0,133.6,139.45,132.35,26829.0,126.65000000000002,0.589491306102878,14065.0,127.3,2.6416377495784387,19454.4,128.05,3.697405246326813,29587.0,126.74000000000001,3.7044949581199207,27612.35,46.38844299680776,-0.009415457041977215,-0.00613026819923379,-0.3199679230152366,0.9734001541944998,0.9940594059327202,0.00788742046657254,4,11,128.45,128.7,126.35,126.0,125.65,126.75,128.95,127.0,127.45,126.4,130.0,126.9,127.45,126.2,125.0,124.7,124.0,122.8,121.0,123.65
2023-11-28,126.25,128.45,122.0,126.25,124.0,124.45,186.6,110.1,31090,3876101.2,6.449999999999989,0.0,1.7999999999999972,2.1999999999999886,2.450000000000003,126.25,129.7,125.5,12720.0,127.45,130.5,126.5,18705.0,126.25,130.85,125.55,10770.0,129.8,135.95,129.0,12237.0,126.05000000000003,1.0331989159746948,20838.333333333332,126.22999999999999,2.0225602586817666,23225.0,127.705,3.8178091448730274,31597.7,126.95,3.6546752681720642,27667.15,45.655608194654704,-0.01425742574257427,-0.009637625289128815,1.4441823899371071,0.9688594783887207,0.9803133788591376,0.008020946408726375,1,11,128.7,126.35,126.0,125.65,126.75,128.95,127.0,127.45,126.4,130.0,126.9,127.45,126.2,125.0,124.7,124.0,122.8,121.0,123.65,122.85
2023-11-29,128.7,128.7,124.65,124.45,124.65,124.95,186.6,110.1,17552,2201372.55,4.049999999999983,4.249999999999986,3.749999999999986,0.0,0.29999999999999716,124.45,128.45,122.0,31090.0,126.25,129.7,125.5,12720.0,127.45,130.5,126.5,18705.0,126.75,133.9,125.35,42840.0,125.2166666666667,0.6614378277446427,20454.0,125.87,1.0614848091233093,18167.4,127.78500000000001,3.9047122528794858,30423.6,127.16000000000001,3.0671122626304417,27889.2,50.50675673286842,0.004017677782241824,0.001946282600233662,-0.4354454808620135,0.9708624708549275,0.9975990396078623,0.00797320744278382,2,11,126.35,126.0,125.65,126.75,128.95,127.0,127.45,126.4,130.0,126.9,127.45,126.2,125.0,124.7,124.0,122.8,121.0,123.65,122.85,128.8
2023-11-30,125.6,126.35,121.45,124.95,126.0,125.65,186.6,110.1,32799,4068121.6,4.8999999999999915,0.6499999999999915,0.05000000000001137,0.6999999999999886,4.1499999999999915,124.95,128.7,124.65,17552.0,124.45,128.45,122.0,31090.0,126.25,129.7,125.5,12720.0,126.25,130.85,125.55,10770.0,125.0166666666667,1.2906716597591246,27147.0,125.75,1.5666046087000294,22573.2,127.73000000000002,4.149836007470444,30922.3,127.01999999999998,3.237042997616826,23268.6,52.605041992051426,0.0056022408963585235,-0.018259518259518215,0.8686759343664541,0.9944598337871432,0.9665738161482962,0.008062443364524795,3,11,126.0,125.65,126.75,128.95,127.0,127.45,126.4,130.0,126.9,127.45,126.2,125.0,124.7,124.0,122.8,121.0,123.65,122.85,128.8,131.0
2023-12-01,124.65,126.0,123.7,125.65,124.2,124.35,186.6,110.1,15957,1992539.9,2.299999999999997,-1.0,0.30000000000001137,1.3499999999999943,0.6499999999999915,125.65,126.35,121.45,32799.0,124.95,128.7,124.65,17552.0,124.45,128.45,122.0,31090.0,127.45,130.5,126.5,18705.0,124.98333333333335,1.4682756326063988,22102.666666666668,125.13,1.59507053135614,22023.6,126.95,4.27772330412752,22149.9,126.8525,3.407456027441356,22764.95,49.91869916426464,-0.010346199761241626,-0.0027700831024930483,-0.5134912649775908,0.9869047618969292,0.9947728186490168,0.008008371626585744,4,12,125.65,126.75,128.95,127.0,127.45,126.4,130.0,126.9,127.45,126.2,125.0,124.7,124.0,122.8,121.0,123.65,122.85,128.8,131.0,135.0
2023-12-04,125.1,125.65,123.5,124.35,123.5,124.15,186.6,110.1,14078,1752474.2,2.1500000000000057,0.75,0.9499999999999886,0.5500000000000114,0.6500000000000057,124.35,126.0,123.7,15957.0,125.65,126.35,121.45,32799.0,124.95,128.7,124.65,17552.0,126.25,129.7,125.5,12720.0,124.7166666666667,0.34999999996119713,20944.666666666668,124.71000000000001,1.4346602385238436,22295.2,126.00500000000002,3.3739566288471887,20874.8,126.64499999999998,3.5770798145972416,22588.2,43.16939888508664,-0.001608363490148701,-0.002777777777777768,-0.11775396377765246,0.9880620771907038,0.9947643978977465,0.008033213841322167,0,12,126.75,128.95,127.0,127.45,126.4,130.0,126.9,127.45,126.2,125.0,124.7,124.0,122.8,121.0,123.65,122.85,128.8,131.0,135.0,135.1
2023-12-05,124.15,126.75,124.1,124.15,126.5,126.3,186.6,110.1,17710,2224615.6,2.6500000000000057,0.0,2.1499999999999915,0.45000000000000284,0.05000000000001137,124.15,125.65,123.5,14078.0,124.35,126.0,123.7,15957.0,125.65,126.35,121.45,32799.0,124.45,128.45,122.0,31090.0,124.93333333333335,0.5619905099786948,15915.0,125.08,1.1955124424285681,19619.2,125.655,2.6221333553695545,21422.1,126.535,3.6441337141102275,22910.35,54.15860732076516,0.017317760773258195,0.008754476721050564,0.2579911919306719,0.9964497041341502,0.9825811559700508,0.007960925923561802,1,12,128.95,127.0,127.45,126.4,130.0,126.9,127.45,126.2,125.0,124.7,124.0,122.8,121.0,123.65,122.85,128.8,131.0,135.0,135.1,132.7
2023-12-06,128.95,128.95,124.6,126.3,126.0,125.55,186.6,110.1,24782,3126869.8,4.349999999999994,2.6499999999999915,3.3999999999999915,0.0,0.9500000000000028,126.3,126.75,124.1,17710.0,124.15,125.65,123.5,14078.0,124.35,126.0,123.7,15957.0,124.95,128.7,124.65,17552.0,125.33333333333336,1.6802777548089107,18856.666666666668,125.2,1.3011533345465052,21065.2,125.53500000000001,1.894553597378929,19616.3,126.45250000000001,3.652216342240055,23694.1,48.67617105167142,-0.005938242280285055,0.017357001972386543,0.39932241671372104,0.9736331911518138,0.9924332935006576,0.007925497889294909,2,12,127.0,127.45,126.4,130.0,126.9,127.45,126.2,125.0,124.7,124.0,122.8,121.0,123.65,122.85,128.8,131.0,135.0,135.1,132.7,132.0
2023-12-07,126.85,127.0,123.9,125.55,125.1,125.7,186.6,110.1,27752,3472979.45,3.0999999999999943,1.2999999999999972,1.1499999999999915,0.15000000000000568,1.7999999999999972,125.55,128.95,124.6,24782.0,126.3,126.75,124.1,17710.0,124.15,125.65,123.5,14078.0,125.65,126.35,121.45,32799.0,125.85000000000002,1.2045054309987568,23414.666666666668,125.21,1.2848151618039871,20055.8,125.47999999999999,1.6720662533415265,21314.5,126.505,3.7115493643772983,24301.75,32.79999997550932,0.0011947431302270495,-0.015122140364482228,0.11984504882576053,0.9897637795197657,0.985680190922946,0.007990833346278507,3,12,127.45,126.4,130.0,126.9,127.45,126.2,125.0,124.7,124.0,122.8,121.0,123.65,122.85,128.8,131.0,135.0,135.1,132.7,132.0,134.0
2023-12-08,127.45,127.45,124.0,125.7,125.0,124.6,186.6,110.1,19580,2444995.8,3.450000000000003,1.75,2.8500000000000085,0.0,0.5999999999999943,125.7,127.0,123.9,27752.0,125.55,128.95,124.6,24782.0,126.3,126.75,124.1,17710.0,124.35,126.0,123.7,15957.0,125.28333333333335,1.0210288928194335,24038.0,125.25999999999999,1.20020831525249,20780.4,125.19500000000001,1.378203339298082,21402.0,126.53,3.7255377570152697,25089.45,25.543478241434315,-0.008750994431185433,0.0035433070866142113,-0.29446526376477367,0.9776382895176332,0.9951845906822216,0.008008193715506585,4,12,126.4,130.0,126.9,127.45,126.2,125.0,124.7,124.0,122.8,121.0,123.65,122.85,128.8,131.0,135.0,135.1,132.7,132.0,134.0,133.0
2023-12-11,126.4,126.4,124.8,124.6,125.9,125.7,186.6,110.1,13222,1656320.4,1.6000000000000085,1.8000000000000114,0.7000000000000028,0.0,0.9000000000000057,124.6,127.45,124.0,19580.0,125.7,127.0,123.9,27752.0,125.55,128.95,124.6,24782.0,124.15,125.65,123.5,14078.0,125.33333333333336,0.5267826876164562,20184.666666666668,125.57000000000001,0.9933529080851008,20609.2,125.14000000000001,1.1726513169390864,21452.2,126.595,3.7830395395625627,25519.6,36.94267512629316,0.00882825040128421,-0.00823852491173005,-0.3247191011235955,0.9944620253085881,0.9928400954574952,0.007982755027348569,0,12,130.0,126.9,127.45,126.2,125.0,124.7,124.0,122.8,121.0,123.65,122.85,128.8,131.0,135.0,135.1,132.7,132.0,134.0,133.0,132.3
2023-12-12,128.95,130.0,124.8,125.7,125.8,124.95,186.6,110.1,10072,1270591.95,5.200000000000003,3.249999999999986,3.999999999999986,1.0500000000000114,0.15000000000000568,125.7,126.4,124.8,13222.0,124.6,127.45,124.0,19580.0,125.7,127.0,123.9,27752.0,126.3,126.75,124.1,17710.0,125.08333333333336,1.8513508581498064,14291.333333333334,125.3,1.4796114354791727,19081.6,125.19000000000001,1.4339630399727545,19350.4,126.44749999999999,3.783289956471197,25474.05,43.28358204433061,-0.005966587112171795,0.028481012658227778,-0.23823929813946454,0.9611538461464527,0.9987995197999295,0.007927013861531228,1,12,126.9,127.45,126.2,125.0,124.7,124.0,122.8,121.0,123.65,122.85,128.8,131.0,135.0,135.1,132.7,132.0,134.0,133.0,132.3,134.0
2023-12-13,126.75,126.9,124.35,124.95,125.05,125.0,186.6,110.1,15731,1967738.7,2.5500000000000114,1.7999999999999972,1.75,0.15000000000000568,0.6500000000000057,124.95,130.0,124.8,10072.0,125.7,126.4,124.8,13222.0,124.6,127.45,124.0,19580.0,125.55,128.95,124.6,24782.0,125.2166666666667,1.9502136635008538,13008.333333333334,125.19000000000001,1.419506956658185,17271.4,125.19500000000001,1.3528673253530308,19168.3,126.49000000000001,3.8384918570763022,24795.95,45.173745124908706,0.0004001600640255454,-0.02384615384615385,0.5618546465448768,0.9850275807644994,0.9947999999920415,0.007994455767933005,2,12,127.45,126.2,125.0,124.7,124.0,122.8,121.0,123.65,122.85,128.8,131.0,135.0,135.1,132.7,132.0,134.0,133.0,132.3,134.0,134.0
2023-12-14,127.45,127.45,124.0,125.0,124.65,124.45,186.6,110.1,20766,2596126.05,3.450000000000003,2.450000000000003,3.0,0.0,0.45000000000000284,125.0,126.9,124.35,15731.0,124.95,130.0,124.8,10072.0,125.7,126.4,124.8,13222.0,125.7,127.0,123.9,27752.0,124.80000000000003,1.654035469179937,15523.0,124.94000000000001,1.389874095017577,15874.2,125.075,1.3254873317669067,17965.0,126.40249999999999,3.8570987187670935,24443.65,37.80487800575056,-0.0043999999999999595,0.004334121355398013,0.320068654249571,0.9764613573873954,0.996384089987976,0.007998841196481964,3,12,126.2,125.0,124.7,124.0,122.8,121.0,123.65,122.85,128.8,131.0,135.0,135.1,132.7,132.0,134.0,133.0,132.3,134.0,134.0,137.7
2023-12-15,126.2,126.2,121.4,124.45,123.0,122.35,186.6,110.1,58372,7191622.45,4.799999999999997,1.75,3.8500000000000085,0.0,0.9499999999999886,124.45,127.45,124.0,20766.0,125.0,126.9,124.35,15731.0,124.95,130.0,124.8,10072.0,124.6,127.45,124.0,19580.0,123.93333333333335,0.6264982042850721,31623.0,124.48999999999998,1.5372052563015381,23632.6,124.875,1.305809667944291,22206.5,125.9125,3.6190795573051697,22178.2,35.227272689910464,-0.016874246685415928,-0.009807767752059604,1.8109409611865548,0.9694928684550752,0.992235390265695,0.00811666635809003,4,12,125.0,124.7,124.0,122.8,121.0,123.65,122.85,128.8,131.0,135.0,135.1,132.7,132.0,134.0,133.0,132.3,134.0,134.0,137.7,137.5
2023-12-18,122.35,125.0,119.9,122.35,120.5,120.5,186.6,110.1,44885,5462140.65,5.099999999999994,0.0,1.8499999999999943,2.6500000000000057,0.5999999999999943,122.35,126.2,121.4,58372.0,124.45,127.45,124.0,20766.0,125.0,126.9,124.35,15731.0,125.7,126.4,124.8,13222.0,122.43333333333335,1.2250850310513124,41341.0,123.45,1.856879102149962,29965.2,124.50999999999999,1.4078746787690264,25287.2,125.25750000000001,2.8001069058536685,23081.0,35.09433958556072,-0.015120555782590861,-0.009508716323296418,-0.23105255944630987,0.963999999992288,0.9950207468797094,0.008217474224139576,0,12,124.7,124.0,122.8,121.0,123.65,122.85,128.8,131.0,135.0,135.1,132.7,132.0,134.0,133.0,132.3,134.0,134.0,137.7,137.5,149.8
2023-12-19,123.45,124.7,120.25,120.5,124.05,123.95,186.6,110.1,56684,6981537.9,4.450000000000003,2.950000000000003,0.5,0.75,3.200000000000003,120.5,125.0,119.9,44885.0,122.35,126.2,121.4,58372.0,124.45,127.45,124.0,20766.0,124.95,130.0,124.8,10072.0,122.2666666666667,0.7937253933023742,53313.666666666664,123.25,1.1863810517712614,39287.6,124.275,1.6161425267204916,29184.6,124.965,2.2884090083445594,25303.35,46.91358020637099,0.02863070539419099,-0.0023999999999999577,0.2628717834465857,0.9939855653488854,0.9701492537235163,0.008119128021921931,1,12,124.0,122.8,121.0,123.65,122.85,128.8,131.0,135.0,135.1,132.7,132.0,134.0,133.0,132.3,134.0,134.0,137.7,137.5,149.8,137.7
2023-12-20,124.0,124.0,118.8,123.95,122.5,119.55,186.6,110.1,40166,4844685.0,5.200000000000003,0.04999999999999716,4.450000000000003,0.0,0.75,123.95,124.7,120.25,56684.0,120.5,125.0,119.9,44885.0,122.35,126.2,121.4,58372.0,125.0,126.9,124.35,15731.0,121.33333333333336,0.5131601439186578,47245.0,122.16,1.3627178724894662,44174.6,123.675,1.709580845316884,30723.0,124.60500000000002,1.956366126534456,25169.65,34.67336680977752,-0.03549818475191613,-0.005613472333600655,-0.29140498200550424,0.9641129032180313,0.9937264742702323,0.00829073510455272,2,12,122.8,121.0,123.65,122.85,128.8,131.0,135.0,135.1,132.7,132.0,134.0,133.0,132.3,134.0,134.0,137.7,137.5,149.8,137.7,142.1
2023-12-21,122.8,122.8,118.8,119.55,119.05,119.45,186.6,110.1,13204,1586686.9,4.0,3.25,3.3499999999999943,0.0,0.6500000000000057,119.55,124.0,118.8,40166.0,123.95,124.7,120.25,56684.0,120.5,125.0,119.9,44885.0,124.45,127.45,124.0,20766.0,120.98333333333335,0.9609023536795499,36684.666666666664,121.16,1.256184699796465,42662.2,123.05,2.0565343015230675,29268.2,124.26500000000001,2.0252663892355476,25291.35,36.898395694300696,-0.0008364700961940308,-0.009677419354838679,-0.6712642533486033,0.9727198696989192,0.9945583926245746,0.008321742619794738,3,12,121.0,123.65,122.85,128.8,131.0,135.0,135.1,132.7,132.0,134.0,133.0,132.3,134.0,134.0,137.7,137.5,149.8,137.7,142.1,143.0
2023-12-22,121.0,121.0,119.05,119.45,120.4,119.95,186.6,110.1,19700,2366116.75,1.9500000000000028,1.5499999999999972,1.0499999999999972,0.0,0.9000000000000057,119.45,122.8,118.8,13204.0,119.55,124.0,118.8,40166.0,123.95,124.7,120.25,56684.0,122.35,126.2,121.4,58372.0,119.65000000000002,1.5099668870455425,24356.666666666668,120.67999999999999,1.634013463837827,34927.8,122.58500000000001,2.5377647645137444,29280.2,123.88999999999999,2.2498230924601956,25341.1,38.94736839235457,0.004185851820845521,-0.014657980456026065,0.49197212965767956,0.991322314041394,0.9924968736890996,0.00832587825600744,4,12,123.65,122.85,128.8,131.0,135.0,135.1,132.7,132.0,134.0,133.0,132.3,134.0,134.0,137.7,137.5,149.8,137.7,142.1,143.0,138.0
2023-12-26,120.0,123.65,118.55,119.95,123.4,122.85,186.6,110.1,41475,5031644.45,5.1000000000000085,0.04999999999999716,2.8499999999999943,0.8000000000000114,1.4500000000000028,119.95,121.0,119.05,19700.0,119.45,122.8,118.8,13204.0,119.55,124.0,118.8,40166.0,120.5,125.0,119.9,44885.0,120.75000000000001,1.353082899643402,24793.0,121.15,1.4219704638294843,34245.8,122.3,2.5715537888398003,32105.5,123.72,2.1991864524478824,26778.85,41.2658227555584,0.02417674030846184,0.021900826446280997,1.1053299492385786,0.9935301253457861,0.9649979649901099,0.008242832022838972,1,12,122.85,128.8,131.0,135.0,135.1,132.7,132.0,134.0,133.0,132.3,134.0,134.0,137.7,137.5,149.8,137.7,142.1,143.0,138.0,135.75
2023-12-27,122.75,122.85,119.85,122.85,120.3,120.4,186.6,110.1,11414,1380749.15,3.0,-0.09999999999999432,2.3499999999999943,0.09999999999999432,0.5500000000000114,122.85,123.65,118.55,41475.0,119.95,121.0,119.05,19700.0,119.45,122.8,118.8,13204.0,123.95,124.7,120.25,56684.0,121.06666666666668,1.359227721897275,24196.333333333332,120.44000000000001,1.1604955837932498,25191.8,121.845,2.012661311687306,32239.7,123.5175,2.2495379642562803,25795.05,37.99533797053919,-0.019943019943019835,-0.006469874646178875,-0.7247980711271851,0.9800569800490024,0.9954318936794398,0.008266526906788241,2,12,128.8,131.0,135.0,135.1,132.7,132.0,134.0,133.0,132.3,134.0,134.0,137.7,137.5,149.8,137.7,142.1,143.0,138.0,135.75,132.4
2023-12-28,120.4,128.8,120.0,120.4,125.0,125.05,186.6,110.1,52835,6558848.6,8.800000000000011,0.0,4.6499999999999915,3.750000000000014,0.4000000000000057,120.4,122.85,119.85,11414.0,122.85,123.65,118.55,41475.0,119.95,121.0,119.05,19700.0,119.55,124.0,118.8,40166.0,122.7666666666667,3.2291639784893547,35241.333333333336,121.54,2.9480078018898013,27725.6,121.85,2.3332678562257367,35950.1,123.5225,2.2562136423660584,27559.2,48.7475914958587,0.03862126245847164,0.04843304843304863,3.6289644296478007,0.9708850931601639,0.9596161535309107,0.008055529746486295,3,12,131.0,135.0,135.1,132.7,132.0,134.0,133.0,132.3,134.0,134.0,137.7,137.5,149.8,137.7,142.1,143.0,138.0,135.75,132.4,132.65
2023-12-29,126.4,131.0,121.6,125.05,129.9,129.65,186.6,110.1,97733,12562755.4,9.400000000000006,1.3500000000000085,3.25,1.3499999999999943,4.800000000000011,125.05,128.8,120.0,52835.0,120.4,122.85,119.85,11414.0,122.85,123.65,118.55,41475.0,119.45,122.8,118.8,13204.0,125.03333333333335,4.216337273033585,53994.0,123.58,4.237540560278124,44631.4,122.36999999999998,2.9861718340091645,43646.8,123.72250000000001,2.528702340394083,30805.9,58.57385396196831,0.03678528588564589,0.017080745341614856,0.8497776095391312,0.9896946564809949,0.9379097570309456,0.0077795831318979575,4,12,135.0,135.1,132.7,132.0,134.0,133.0,132.3,134.0,134.0,137.7,137.5,149.8,137.7,142.1,143.0,138.0,135.75,132.4,132.65,131.7
2024-01-01,129.65,135.0,128.05,129.65,133.0,133.1,186.6,110.1,131809,17517822.25,6.949999999999989,0.0,3.4499999999999886,1.9000000000000057,1.5999999999999943,129.65,131.0,121.6,97733.0,125.05,128.8,120.0,52835.0,120.4,122.85,119.85,11414.0,119.95,121.0,119.05,19700.0,129.26666666666668,3.1432467290956723,94125.66666666667,126.21,5.092813564229571,67053.2,123.44500000000001,4.359803767246469,50990.5,124.16,3.213027552423153,36598.5,61.63522009865116,0.02661010412649434,0.03053435114503822,0.34866421781793244,0.9859259259186228,0.9620586025472424,0.007524280022877844,0,1,135.1,132.7,132.0,134.0,133.0,132.3,134.0,134.0,137.7,137.5,149.8,137.7,142.1,143.0,138.0,135.75,132.4,132.65,131.7,129.9
2024-01-02,133.5,135.1,128.65,133.1,130.0,130.8,186.6,110.1,22876,3014466.3,6.449999999999989,0.4000000000000057,2.6999999999999886,1.5999999999999943,2.1500000000000057,133.1,135.0,128.05,131809.0,129.65,131.0,121.6,97733.0,125.05,128.8,120.0,52835.0,122.85,123.65,118.55,41475.0,131.18333333333337,2.33880311269885,84139.33333333333,127.8,5.075923561284139,63333.4,124.475,5.218599216052675,48789.6,124.49250000000002,3.7237148966559857,37038.4,58.77061466798238,-0.01728024042073617,0.0007407407407407085,-0.8264458420896904,0.9681717246412425,0.9835626911239789,0.007588739671762127,1,1,132.7,132.0,134.0,133.0,132.3,134.0,134.0,137.7,137.5,149.8,137.7,142.1,143.0,138.0,135.75,132.4,132.65,131.7,129.9,127.45
2024-01-03,130.1,132.7,127.1,130.8,128.9,128.8,186.6,110.1,15014,1941273.0,5.599999999999994,-0.700000000000017,1.299999999999983,2.5999999999999943,1.700000000000017,130.8,135.1,128.65,22876.0,133.1,135.0,128.05,131809.0,129.65,131.0,121.6,97733.0,120.4,122.85,119.85,11414.0,130.90000000000003,1.3576941236165705,56566.333333333336,129.48000000000002,2.6920252599109133,64053.4,124.96,5.453480030627455,44622.6,124.61749999999999,3.930430370167572,36903.6,55.38243623865855,-0.015290519877675823,-0.01776461880088831,-0.3436789648539954,0.9706103993898223,0.9868012422283633,0.007734100252772275,2,1,132.0,134.0,133.0,132.3,134.0,134.0,137.7,137.5,149.8,137.7,142.1,143.0,138.0,135.75,132.4,132.65,131.7,129.9,127.45,128.7
2024-01-04,132.0,132.0,126.35,128.8,130.0,130.1,186.6,110.1,31004,4000059.05,5.650000000000006,3.1999999999999886,1.9000000000000057,0.0,3.75,128.8,132.7,127.1,15014.0,130.8,135.1,128.65,22876.0,133.1,135.0,128.05,131809.0,125.05,128.8,120.0,52835.0,129.9,1.6258331197584095,22964.666666666668,130.49,1.8283872675114832,59687.2,126.01500000000001,5.438790715264986,43706.4,124.84499999999998,4.053133940155552,37214.7,57.83633839640198,0.010093167701863193,-0.005275056518462606,1.065005994405222,0.9856060605985939,0.9711760184398834,0.00775088557755166,3,1,134.0,133.0,132.3,134.0,134.0,137.7,137.5,149.8,137.7,142.1,143.0,138.0,135.75,132.4,132.65,131.7,129.9,127.45,128.7,127.7
2024-01-05,134.0,134.0,127.55,130.1,128.75,128.25,186.6,110.1,26935,3482400.55,6.450000000000003,3.9000000000000057,5.75,0.0,0.7000000000000028,130.1,132.0,126.35,31004.0,128.8,132.7,127.1,15014.0,130.8,135.1,128.65,22876.0,129.65,131.0,121.6,97733.0,129.05000000000004,1.0148891564945353,24317.666666666668,130.20999999999998,1.379492660363866,45527.6,126.89500000000001,5.287973777041176,45079.5,124.9725,4.302263785986314,37173.85,58.24022344091166,-0.014219830899308228,0.015151515151515138,-0.13124113017675143,0.9570895522316636,0.9945419103236294,0.007734607094522769,4,1,133.0,132.3,134.0,134.0,137.7,137.5,149.8,137.7,142.1,143.0,138.0,135.75,132.4,132.65,131.7,129.9,127.45,128.7,127.7,128.65
2024-01-08,128.3,133.0,126.5,128.25,128.8,127.7,186.6,110.1,10691,1375729.05,6.5,0.05000000000001137,0.6000000000000085,4.699999999999989,1.2000000000000028,128.25,134.0,127.55,26935.0,130.1,132.0,126.35,31004.0,128.8,132.7,127.1,15014.0,133.1,135.0,128.05,131809.0,128.68333333333337,0.9999999999850757,22876.666666666668,129.13000000000002,1.209545369135856,21304.0,127.66999999999999,4.404845816447549,44178.6,125.12750000000001,4.451506989063701,36729.4,60.43478258417142,-0.004288499025341119,-0.007462686567164201,-0.6030814924819008,0.9601503759326305,0.9906029757165966,0.007771152321018439,0,1,132.3,134.0,134.0,137.7,137.5,149.8,137.7,142.1,143.0,138.0,135.75,132.4,132.65,131.7,129.9,127.45,128.7,127.7,128.65,126.4
2024-01-09,132.3,132.3,124.35,127.7,129.2,127.15,186.6,110.1,25225,3239071.2,7.950000000000017,4.6000000000000085,5.150000000000006,0.0,2.8000000000000114,127.7,133.0,126.5,10691.0,128.25,134.0,127.55,26935.0,130.1,132.0,126.35,31004.0,130.8,135.1,128.65,22876.0,127.70000000000003,0.854400374514257,20950.333333333332,128.4,0.7713624310259702,21773.8,128.1,3.622403284501137,42553.6,125.2,4.525875169802008,37329.55,55.0632911148454,-0.004306969459671128,-0.0052631578947367474,1.3594612290711812,0.9610733182089111,0.9779787652302163,0.007787726308702319,1,1,134.0,134.0,137.7,137.5,149.8,137.7,142.1,143.0,138.0,135.75,132.4,132.65,131.7,129.9,127.45,128.7,127.7,128.65,126.4,125.85
2024-01-10,130.9,134.0,127.0,127.15,132.25,132.25,186.6,110.1,71313,9379003.4,7.0,3.75,1.3499999999999943,1.75,3.9000000000000057,127.15,132.3,124.35,25225.0,127.7,133.0,126.5,10691.0,128.25,134.0,127.55,26935.0,128.8,132.7,127.1,15014.0,129.03333333333336,0.854400374514257,35743.0,129.09,0.931665175907176,33033.6,129.285,1.920329832782909,48543.5,125.56500000000001,4.684843282218322,40391.6,69.65944269426532,0.0401101061738105,0.012849584278155524,1.8270763131813679,0.9869402985000976,0.9603024574596575,0.007603473093953669,2,1,134.0,137.7,137.5,149.8,137.7,142.1,143.0,138.0,135.75,132.4,132.65,131.7,129.9,127.45,128.7,127.7,128.65,126.4,125.85,123.95
2024-01-11,132.95,134.0,129.75,132.25,132.0,132.5,186.6,110.1,21595,2862039.15,4.25,0.6999999999999886,0.44999999999998863,1.0500000000000114,2.75,132.25,134.0,127.0,71313.0,127.15,132.3,124.35,25225.0,127.7,133.0,126.5,10691.0,130.1,132.0,126.35,31004.0,130.63333333333335,0.9814954576070848,39377.666666666664,129.57,0.779743547583389,31151.8,130.03,1.334541119639824,45419.5,125.94000000000001,4.8146562155239065,40684.8,70.10785821320466,0.001890359168241984,0.0,-0.697180037300352,0.9888059701418747,0.9792452830114775,0.00754531956699474,3,1,137.7,137.5,149.8,137.7,142.1,143.0,138.0,135.75,132.4,132.65,131.7,129.9,127.45,128.7,127.7,128.65,126.4,125.85,123.95,124.45
2024-01-12,134.6,137.7,129.4,132.5,134.0,133.4,186.6,110.1,56567,7576221.6,8.299999999999983,2.0999999999999943,1.1999999999999886,3.0999999999999943,4.0,132.5,134.0,129.75,21595.0,132.25,134.0,127.0,71313.0,127.15,132.3,124.35,25225.0,128.25,134.0,127.55,26935.0,132.7166666666667,2.1361959959944943,49825.0,130.6,2.084466358566984,37078.2,130.40500000000003,1.6824585185603613,41302.9,126.3875,5.1755142129473315,42474.85,70.47184167468481,0.006792452830188811,0.02761194029850733,1.619448946515397,0.9687726942558551,0.9700149924964767,0.007466386674856501,4,1,137.5,149.8,137.7,142.1,143.0,138.0,135.75,132.4,132.65,131.7,129.9,127.45,128.7,127.7,128.65,126.4,125.85,123.95,124.45,121.4
2024-01-15,137.5,137.5,130.0,133.4,131.8,130.9,186.6,110.1,22962,3027122.0,7.5,4.099999999999994,6.599999999999994,0.0,0.9000000000000057,133.4,137.7,129.4,56567.0,132.5,134.0,129.75,21595.0,132.25,134.0,127.0,71313.0,127.7,133.0,126.5,10691.0,132.26666666666668,2.080865204661112,33708.0,131.24,2.386419912755716,39532.4,130.185,2.0055755616139335,30418.2,126.81499999999998,5.4089813225197245,40704.35,62.40369796999536,-0.01874062968515744,-0.001452432824981753,-0.5940742835929076,0.9519999999930765,0.9931245225287004,0.00758542272164782,0,1,149.8,137.7,142.1,143.0,138.0,135.75,132.4,132.65,131.7,129.9,127.45,128.7,127.7,128.65,126.4,125.85,123.95,124.45,121.4,119.35
2024-01-16,134.0,149.8,131.3,130.9,137.5,138.15,186.6,110.1,443270,63161620.9,18.5,3.0999999999999943,4.150000000000006,11.650000000000006,2.6999999999999886,130.9,137.5,130.0,22962.0,133.4,137.7,129.4,56567.0,132.5,134.0,129.75,21595.0,127.15,132.3,124.35,25225.0,134.15,7.044383105233699,174266.33333333334,133.44,6.514982732133308,123141.4,130.92000000000002,5.336040979353825,72457.6,127.69749999999999,6.84199301527351,60623.6,73.82550332795823,0.05538579067990823,0.08945454545454545,18.30450309206515,0.9222296395132028,0.950416214252983,0.0070180276199973204,1,1,137.7,142.1,143.0,138.0,135.75,132.4,132.65,131.7,129.9,127.45,128.7,127.7,128.65,126.4,125.85,123.95,124.45,121.4,119.35,119.0
2024-01-17,137.5,137.7,133.0,138.15,133.1,133.95,186.6,110.1,39437,5363362.1,4.699999999999989,-0.6500000000000057,3.5500000000000114,0.19999999999998863,0.9499999999999886,138.15,149.8,131.3,443270.0,130.9,137.5,130.0,22962.0,133.4,137.7,129.4,56567.0,132.25,134.0,127.0,71313.0,134.33333333333337,7.044383105233699,168556.33333333334,133.78,6.05582364340267,116766.2,131.435,5.257375771238923,74899.9,128.1975,6.7998626147111425,59761.25,62.09239128072572,-0.030401737242128246,-0.08077436582109498,-0.9110316511381326,0.9727668845245261,0.9929078014110273,0.00735303700639567,2,1,142.1,143.0,138.0,135.75,132.4,132.65,131.7,129.9,127.45,128.7,127.7,128.65,126.4,125.85,123.95,124.45,121.4,119.35,119.0,119.0
2024-01-18,138.0,142.1,135.0,133.95,137.9,137.45,186.6,110.1,68945,9548975.15,7.099999999999994,4.050000000000011,0.5500000000000114,4.099999999999994,2.4499999999999886,133.95,137.7,133.0,39437.0,138.15,149.8,131.3,443270.0,130.9,137.5,130.0,22962.0,132.5,134.0,129.75,21595.0,136.51666666666668,6.124540799110448,183884.0,134.77,5.307353389401712,126236.2,132.17,5.330509669191448,78694.0,129.0925,6.890668747623308,61200.2,60.924369724007235,0.026129152668906253,0.031953522149600566,0.7482313563404925,0.9672765657919263,0.9821753364788494,0.0072201465515385685,3,1,143.0,138.0,135.75,132.4,132.65,131.7,129.9,127.45,128.7,127.7,128.65,126.4,125.85,123.95,124.45,121.4,119.35,119.0,119.0,119.7
2024-01-19,143.0,143.0,130.55,137.45,132.0,131.8,186.6,110.1,79215,10631854.7,12.449999999999989,5.550000000000011,11.199999999999989,0.0,1.25,137.45,142.1,135.0,68945.0,133.95,137.7,133.0,39437.0,138.15,149.8,131.3,443270.0,133.4,137.7,129.4,56567.0,134.4,2.836077102848581,62532.333333333336,134.45,5.014678454297264,130765.8,132.525,5.485830231910538,83922.0,129.70999999999998,6.82010572537274,64500.75,48.28496040432748,-0.04110585667515443,0.006333567909922566,0.14895931539633045,0.9216783216718766,0.9905159332246547,0.007450722591233305,4,1,138.0,135.75,132.4,132.65,131.7,129.9,127.45,128.7,127.7,128.65,126.4,125.85,123.95,124.45,121.4,119.35,119.0,119.0,119.7,119.0
2024-01-20,135.0,138.0,131.1,131.8,132.0,131.9,186.6,110.1,27439,3662332.5,6.900000000000006,3.1999999999999886,3.0999999999999943,3.0,0.8000000000000114,131.8,143.0,130.55,79215.0,137.45,142.1,135.0,68945.0,133.95,137.7,133.0,39437.0,130.9,137.5,130.0,22962.0,133.71666666666667,2.6652079343462107,58533.0,134.65,4.9058128786158495,131661.2,132.945,5.188116763871637,85596.8,130.3075,6.1604553830309206,64887.7,51.540616226286595,0.0007587253414262918,-0.034965034965035,-0.6536135832859938,0.9557971014423494,0.9939347990826843,0.007492219780699866,5,1,135.75,132.4,132.65,131.7,129.9,127.45,128.7,127.7,128.65,126.4,125.85,123.95,124.45,121.4,119.35,119.0,119.0,119.7,119.0,119.6
2024-01-23,133.0,135.75,124.25,131.9,127.3,126.85,186.6,110.1,25683,3319821.3,11.5,1.0999999999999943,6.150000000000006,2.75,2.5999999999999943,131.9,138.0,131.1,27439.0,131.8,143.0,130.55,79215.0,137.45,142.1,135.0,68945.0,138.15,149.8,131.3,443270.0,130.18333333333337,3.710907346364544,44112.333333333336,132.39,3.0976604074679748,48143.8,132.91500000000002,4.823809582570531,85642.6,130.5075,5.584331934788044,64098.1,47.48387095058645,-0.038286580742987186,-0.016304347826086918,-0.06399650133022339,0.9344383057021405,0.9795033504061529,0.007736259780006831,1,1,132.4,132.65,131.7,129.9,127.45,128.7,127.7,128.65,126.4,125.85,123.95,124.45,121.4,119.35,119.0,119.0,119.7,119.0,119.6,117.7
2024-01-24,131.9,132.4,126.9,126.85,128.0,128.6,186.6,110.1,19312,2494644.35,5.5,5.050000000000011,3.3000000000000114,0.5,1.6999999999999886,126.85,135.75,124.25,25683.0,131.9,138.0,131.1,27439.0,131.8,143.0,130.55,79215.0,133.95,137.7,133.0,39437.0,129.1166666666667,2.817948426302862,24144.666666666668,131.32,4.4136152981422425,44118.8,132.55,5.028609814519023,80442.5,130.91750000000002,4.818120265698614,64493.0,48.08673467670372,0.013795821836815048,-0.024677716390423488,-0.24806292099832572,0.9712990936482531,0.9867807153889054,0.007741384057410826,2,1,132.65,131.7,129.9,127.45,128.7,127.7,128.65,126.4,125.85,123.95,124.45,121.4,119.35,119.0,119.0,119.7,119.0,119.6,117.7,118.0
2024-01-25,131.0,132.65,127.15,128.6,128.75,127.95,186.6,110.1,15817,2039268.7,5.5,2.4000000000000057,3.049999999999997,1.6500000000000057,0.7999999999999972,128.6,132.4,126.9,19312.0,126.85,135.75,124.25,25683.0,131.9,138.0,131.1,27439.0,137.45,142.1,135.0,68945.0,127.80000000000001,1.8661457606440337,20270.666666666668,129.42000000000002,4.375985603266569,33493.2,132.095,5.187260034611436,79864.7,131.0625,4.595824764191597,62642.1,49.60526313961912,-0.0050544323483669995,0.001888217522658664,-0.18097555923777964,0.9645684131099543,0.9937475576319363,0.007756211822404764,3,1,131.7,129.9,127.45,128.7,127.7,128.65,126.4,125.85,123.95,124.45,121.4,119.35,119.0,119.0,119.7,119.0,119.6,117.7,118.0,117.8
2024-01-29,127.95,131.7,124.85,127.95,125.1,125.65,186.6,110.1,22611,2869531.55,6.849999999999994,0.0,2.299999999999997,3.749999999999986,0.8000000000000114,127.95,132.65,127.15,15817.0,128.6,132.4,126.9,19312.0,126.85,135.75,124.25,25683.0,131.8,143.0,130.55,79215.0,127.40000000000003,0.4924428900592793,19246.666666666668,128.19,2.677918968153727,22172.4,131.32,5.638055220257867,76469.1,130.8625,4.5583757495058554,58886.0,47.42138363109687,-0.017975771785853856,-0.0071617037316247245,0.4295378390339508,0.9540622627110552,0.9936331078313279,0.007879683358072851,0,1,129.9,127.45,128.7,127.7,128.65,126.4,125.85,123.95,124.45,121.4,119.35,119.0,119.0,119.7,119.0,119.6,117.7,118.0,117.8,134.4
2024-01-30,129.9,129.9,124.0,125.65,125.4,126.85,186.6,110.1,16378,2070565.95,5.900000000000006,4.25,3.0500000000000114,0.0,2.8499999999999943,125.65,131.7,124.85,22611.0,127.95,132.65,127.15,15817.0,128.6,132.4,126.9,19312.0,131.9,138.0,131.1,27439.0,126.81666666666668,1.3967223536921625,18268.666666666668,127.17999999999999,2.1209078244936577,19960.2,130.91500000000002,6.205597831349904,75810.7,130.55,4.756770797615907,53114.45,49.628712854089045,0.009550338241145928,-0.013667425968109215,-0.27566228826677286,0.9765204003004117,0.9775325187151949,0.0079099146781584,1,1,127.45,128.7,127.7,128.65,126.4,125.85,123.95,124.45,121.4,119.35,119.0,119.0,119.7,119.0,119.6,117.7,118.0,117.8,134.4,123.0
2024-01-31,126.35,127.45,124.3,126.85,124.35,125.45,186.6,110.1,16021,2011626.25,3.1500000000000057,-0.5,0.8999999999999915,1.1000000000000085,1.1500000000000057,126.85,129.9,124.0,16378.0,125.65,131.7,124.85,22611.0,127.95,132.65,127.15,15817.0,126.85,135.75,124.25,25683.0,125.98333333333335,2.1332682281662616,18336.666666666668,126.9,2.1692740721262793,18027.8,129.645,5.135986868277695,33085.8,130.28249999999997,5.107689636327903,52771.7,40.73569480734878,-0.011036657469452038,-0.01886066204772907,-0.02179753327634637,0.9843075715889815,0.9908330011877972,0.007964203091901387,2,1,128.7,127.7,128.65,126.4,125.85,123.95,124.45,121.4,119.35,119.0,119.0,119.7,119.0,119.6,117.7,118.0,117.8,134.4,123.0,119.45
2024-02-01,127.9,128.7,124.0,125.45,124.4,124.7,186.6,110.1,17815,2241975.75,4.699999999999989,2.450000000000003,3.200000000000003,0.799999999999983,0.7000000000000028,125.45,127.45,124.3,16021.0,126.85,129.9,124.0,16378.0,125.65,131.7,124.85,22611.0,128.6,132.4,126.9,19312.0,125.66666666666669,1.2250850310504318,16738.0,126.12,2.1262055403934332,17728.4,128.71999999999997,5.404476025584795,30923.6,130.07750000000001,5.293200081733355,52911.75,39.5161290173864,-0.005978477481068167,0.009807767752059604,0.11197802883715124,0.9689199689124406,0.9943865276584251,0.007946116277127437,3,2,127.7,128.65,126.4,125.85,123.95,124.45,121.4,119.35,119.0,119.0,119.7,119.0,119.6,117.7,118.0,117.8,134.4,123.0,119.45,118.05
2024-02-02,126.95,127.7,124.0,124.7,124.5,124.5,186.6,110.1,13867,1736150.05,3.700000000000003,2.25,2.450000000000003,0.75,0.5,124.7,128.7,124.0,17815.0,125.45,127.45,124.3,16021.0,126.85,129.9,124.0,16378.0,127.95,132.65,127.15,15817.0,124.88333333333337,0.6614378277439525,15901.0,125.42999999999999,1.7494284781037013,17338.4,127.425,4.955033916243222,25415.8,129.7975,5.512074664340278,52054.9,37.8082191635804,-0.001603849238171584,-0.007770007770007692,-0.22161100196463657,0.9749412685906426,0.995983935734972,0.007987212856400281,4,2,128.65,126.4,125.85,123.95,124.45,121.4,119.35,119.0,119.0,119.7,119.0,119.6,117.7,118.0,117.8,134.4,123.0,119.45,118.05,116.1
2024-02-05,127.0,128.65,122.3,124.5,123.85,123.15,186.6,110.1,19089,2375401.35,6.3500000000000085,2.5,3.8499999999999943,1.6500000000000057,0.8500000000000085,124.5,127.7,124.0,13867.0,124.7,128.7,124.0,17815.0,125.45,127.45,124.3,16021.0,125.65,131.7,124.85,22611.0,124.11666666666669,0.5634713834531049,16923.666666666668,124.92999999999999,0.9699226773308063,16634.0,126.55999999999999,3.5183487288481072,19403.2,129.54250000000002,5.688492539189963,51662.6,39.038189517778356,-0.010843373493975905,0.007439310884886474,0.37657748611812214,0.9572483482241956,0.9930978481445951,0.008036115665253786,0,2,126.4,125.85,123.95,124.45,121.4,119.35,119.0,119.0,119.7,119.0,119.6,117.7,118.0,117.8,134.4,123.0,119.45,118.05,116.1,118.0
2024-02-06,126.4,126.4,120.45,123.15,122.0,121.45,186.6,110.1,27045,3309937.05,5.950000000000003,3.25,4.950000000000003,0.0,1.0,123.15,128.65,122.3,19089.0,124.5,127.7,124.0,13867.0,124.7,128.7,124.0,17815.0,126.85,129.9,124.0,16378.0,123.03333333333336,1.129527924977543,20000.333333333332,123.85,0.9517089891353051,18767.4,125.51500000000001,2.921966613241504,19363.8,129.23,5.976453798030971,52480.3,21.979865761485925,-0.01380430369468133,-0.01748931208705795,0.4167845355964168,0.9608386075873351,0.9917661589049669,0.008170850258315333,1,2,125.85,123.95,124.45,121.4,119.35,119.0,119.0,119.7,119.0,119.6,117.7,118.0,117.8,134.4,123.0,119.45,118.05,116.1,118.0,115.8
2024-02-07,124.95,125.85,120.0,121.45,122.25,121.5,186.6,110.1,39710,4864518.8,5.849999999999994,3.5,3.450000000000003,0.8999999999999915,1.5,121.45,126.4,120.45,27045.0,123.15,128.65,122.3,19089.0,124.5,127.7,124.0,13867.0,125.45,127.45,124.3,16021.0,122.03333333333336,1.4835205874217665,28614.666666666668,123.05999999999999,1.2968230411282518,23505.2,124.97999999999999,2.4443585843525244,20766.5,128.9475,6.2612735168358835,53204.55,25.730994138002558,0.0004116920543433267,-0.004351265822784889,0.4682935847661305,0.9654350417086577,0.9876543209795254,0.008163191804295216,2,2,123.95,124.45,121.4,119.35,119.0,119.0,119.7,119.0,119.6,117.7,118.0,117.8,134.4,123.0,119.45,118.05,116.1,118.0,115.8,124.7
2024-02-08,123.95,123.95,120.7,121.5,121.7,121.55,186.6,110.1,11870,1442307.25,3.25,2.450000000000003,2.4000000000000057,0.0,0.8499999999999943,121.5,125.85,120.0,39710.0,121.45,126.4,120.45,27045.0,123.15,128.65,122.3,19089.0,124.7,128.7,124.0,17815.0,121.50000000000001,1.2854960132070523,26208.333333333332,122.42999999999999,1.8025676131567585,22316.2,124.275,2.6445383970254945,20022.3,128.4125,6.656119068393411,50232.4,14.189189180240973,0.0004115226337448874,-0.015097338100913738,-0.7010828506673382,0.9806373537637705,0.9930069929988234,0.008229869190493212,3,2,124.45,121.4,119.35,119.0,119.0,119.7,119.0,119.6,117.7,118.0,117.8,134.4,123.0,119.45,118.05,116.1,118.0,115.8,124.7,115.9
2024-02-09,124.45,124.45,118.0,121.55,119.2,118.8,186.6,110.1,47019,5632470.35,6.450000000000003,2.9000000000000057,5.650000000000006,0.0,0.7999999999999972,121.55,123.95,120.7,11870.0,121.5,125.85,120.0,39710.0,121.45,126.4,120.45,27045.0,124.5,127.7,124.0,13867.0,120.61666666666667,0.984885780165077,32866.333333333336,121.29,1.8514858897658415,28946.6,123.35999999999999,2.4045385327676194,23142.5,127.72749999999999,6.957488865660386,51503.6,16.321243511476723,-0.022624434389140302,0.004033884630899598,2.961162594776748,0.9546002410529963,0.9932659932576324,0.008347846873264054,4,2,121.4,119.35,119.0,119.0,119.7,119.0,119.6,117.7,118.0,117.8,134.4,123.0,119.45,118.05,116.1,118.0,115.8,124.7,115.9,118.95
2024-02-12,119.2,121.4,113.15,118.8,115.8,114.25,186.6,110.1,38351,4462399.6,8.25,0.4000000000000057,4.950000000000003,2.200000000000003,1.0999999999999943,118.8,124.45,118.0,47019.0,121.55,123.95,120.7,11870.0,121.5,125.85,120.0,39710.0,123.15,128.65,122.3,19089.0,118.2,1.6357974609666939,32413.333333333332,119.50999999999999,1.9562080666439354,32799.0,122.22,2.5923444987131887,24716.5,126.77000000000001,7.330945135447823,50592.8,12.842105255587754,-0.03829966329966328,-0.02450783447167537,-0.1843510070397073,0.9411037891191012,0.9903719912385963,0.008594254983350213,0,2,119.35,119.0,119.0,119.7,119.0,119.6,117.7,118.0,117.8,134.4,123.0,119.45,118.05,116.1,118.0,115.8,124.7,115.9,118.95,116.9
2024-02-13,118.0,119.35,113.2,114.25,119.3,117.65,186.6,110.1,11242,1297384.05,6.1499999999999915,3.75,0.3499999999999943,1.3499999999999943,4.450000000000003,114.25,121.4,113.15,38351.0,118.8,124.45,118.0,47019.0,121.55,123.95,120.7,11870.0,121.45,126.4,120.45,27045.0,116.90000000000002,2.566287850827628,32204.0,118.75,2.5985572920379494,29638.4,121.3,3.122570166457879,24202.9,126.1075,7.758117989360614,50006.8,29.185520343502375,0.029759299781181747,-0.016886326194398782,-0.7068655315376392,0.9857561792963071,0.9621759455931816,0.00866512887991801,1,2,119.0,119.0,119.7,119.0,119.6,117.7,118.0,117.8,134.4,123.0,119.45,118.05,116.1,118.0,115.8,124.7,115.9,118.95,116.9,111.5
2024-02-14,119.0,119.0,113.45,117.65,117.8,117.05,186.6,110.1,8191,955156.15,5.549999999999997,1.3499999999999943,1.9500000000000028,0.0,3.5999999999999943,117.65,119.35,113.2,11242.0,114.25,121.4,113.15,38351.0,118.8,124.45,118.0,47019.0,121.5,125.85,120.0,39710.0,116.31666666666668,1.2964695651290647,19261.333333333332,117.85999999999999,2.525024752354792,23334.6,120.46,3.608666266396825,23419.9,125.05250000000001,6.912838932396855,28252.85,22.43436752677414,-0.0050998725031874415,-0.0029325513196480912,-0.2713929905710728,0.9836134453698856,0.9692439128494725,0.008575561179185195,2,2,119.0,119.7,119.0,119.6,117.7,118.0,117.8,134.4,123.0,119.45,118.05,116.1,118.0,115.8,124.7,115.9,118.95,116.9,111.5,108.0
2024-02-15,119.0,119.0,115.05,117.05,118.5,116.5,186.6,110.1,16183,1887767.35,3.950000000000003,1.9500000000000028,2.5,0.0,1.4500000000000028,117.05,119.0,113.45,8191.0,117.65,119.35,113.2,11242.0,114.25,121.4,113.15,38351.0,121.55,123.95,120.7,11870.0,117.06666666666668,0.2020725941490897,11872.0,116.85,2.352498671626603,24197.2,119.64000000000001,3.6708498864563914,23256.7,124.18000000000002,7.052032181912905,27090.15,22.541966411722385,-0.004698846646732147,0.0,0.9757050421193993,0.9789915966304286,0.9875536480601926,0.008572560596516298,3,2,119.7,119.0,119.6,117.7,118.0,117.8,134.4,123.0,119.45,118.05,116.1,118.0,115.8,124.7,115.9,118.95,116.9,111.5,108.0,104.7
2024-02-16,119.7,119.7,116.25,116.5,117.0,117.25,186.6,110.1,11514,1351269.1,3.450000000000003,3.200000000000003,2.450000000000003,0.0,1.0,116.5,119.0,115.05,16183.0,117.05,119.0,113.45,8191.0,117.65,119.35,113.2,11242.0,118.8,124.45,118.0,47019.0,116.93333333333335,0.4041451883990719,11962.666666666666,116.54,0.99899949950211,17096.2,118.915,3.5414411692930066,23021.4,123.17,6.6048626425016685,24218.6,28.238341948428115,0.006437768240343367,0.00588235294117645,-0.2885126367175431,0.9795321637345068,0.9914712153433562,0.008520878631798796,4,2,119.0,119.6,117.7,118.0,117.8,134.4,123.0,119.45,118.05,116.1,118.0,115.8,124.7,115.9,118.95,116.9,111.5,108.0,104.7,109.0
2024-02-19,115.2,119.0,115.2,117.25,116.45,117.0,186.6,110.1,10991,1291143.4,3.799999999999997,-2.049999999999997,1.7999999999999972,2.0,0.0,117.25,119.7,116.25,11514.0,116.5,119.0,115.05,16183.0,117.05,119.0,113.45,8191.0,114.25,121.4,113.15,38351.0,116.91666666666669,0.4041451883990719,12896.0,117.09,0.3130495168591171,11624.2,118.3,3.04227619463653,22211.6,122.43000000000002,5.822189857505532,20807.4,23.160762925108955,-0.002132196162046962,-0.005847953216374324,-0.04542296334896645,0.9831932773026623,0.9846153846069691,0.008512609830945187,0,2,119.6,117.7,118.0,117.8,134.4,123.0,119.45,118.05,116.1,118.0,115.8,124.7,115.9,118.95,116.9,111.5,108.0,104.7,109.0,107.1
2024-02-20,116.55,119.6,114.8,117.0,116.0,116.15,186.6,110.1,21321,2499540.0,4.799999999999997,-0.45000000000000284,0.3999999999999915,3.049999999999997,1.3500000000000085,117.0,119.0,115.2,10991.0,117.25,119.7,116.25,11514.0,116.5,119.0,115.05,16183.0,117.65,119.35,113.2,11242.0,116.80000000000001,0.3785938896840209,14608.666666666666,116.79,0.3577708764079301,13640.0,117.77000000000001,2.6350416399844616,21639.2,121.6425,5.352480979095304,20501.5,23.876404475602826,-0.007264957264957239,0.005042016806722671,0.9398598853607496,0.9711538461457262,0.9883770985709136,0.008529969514390645,1,2,117.7,118.0,117.8,134.4,123.0,119.45,118.05,116.1,118.0,115.8,124.7,115.9,118.95,116.9,111.5,108.0,104.7,109.0,107.1,106.0
2024-02-21,116.55,117.7,114.3,116.15,116.6,116.3,186.6,110.1,13373,1552994.7,3.4000000000000057,0.3999999999999915,0.25,1.1500000000000057,2.0,116.15,119.6,114.8,21321.0,117.0,119.0,115.2,10991.0,117.25,119.7,116.25,11514.0,117.05,119.0,113.45,8191.0,116.48333333333335,0.9712534856082715,15228.333333333334,116.64000000000001,0.7968688725291232,14676.4,117.25,2.2443818748170785,19005.5,121.11500000000001,5.070619058022097,19886.0,25.58139532801512,0.001291433491175109,-0.015886287625417994,-0.37277801228835417,0.9881053525829387,0.9828030954343697,0.008611104725598865,2,2,118.0,117.8,134.4,123.0,119.45,118.05,116.1,118.0,115.8,124.7,115.9,118.95,116.9,111.5,108.0,104.7,109.0,107.1,106.0,102.0
2024-02-22,118.0,118.0,114.4,116.3,115.25,115.3,186.6,110.1,17228,1995127.0,3.5999999999999943,1.7000000000000028,2.700000000000003,0.0,0.8999999999999915,116.3,117.7,114.3,13373.0,116.15,119.6,114.8,21321.0,117.0,119.0,115.2,10991.0,116.5,119.0,115.05,16183.0,115.91666666666669,1.0214368963897322,17307.333333333332,116.4,0.9137833441281049,14885.4,116.625,1.9419634966264285,19541.3,120.45,4.944621612897664,19781.8,24.44444442543208,-0.008598452278589908,0.002548853016142605,0.28826740447169663,0.9771186440595159,0.9921942757936497,0.008635039273189121,3,2,117.8,134.4,123.0,119.45,118.05,116.1,118.0,115.8,124.7,115.9,118.95,116.9,111.5,108.0,104.7,109.0,107.1,106.0,102.0,112.9
2024-02-23,115.65,117.8,113.6,115.3,115.2,115.4,186.6,110.1,22016,2550606.4,4.200000000000003,0.3500000000000085,0.25,2.1499999999999915,1.8000000000000114,115.3,118.0,114.4,17228.0,116.3,117.7,114.3,13373.0,116.15,119.6,114.8,21321.0,117.25,119.7,116.25,11514.0,115.66666666666669,0.15275252307712905,17539.0,116.03,0.8378544026297996,16985.8,116.28500000000001,1.0970794562567208,17041.0,119.82249999999999,4.686770294080075,20091.75,26.865671619336155,0.0008673026886383273,-0.0016949152542372614,0.2779196656605525,0.9796264855604446,0.9844020797141732,0.008631672844543945,4,2,134.4,123.0,119.45,118.05,116.1,118.0,115.8,124.7,115.9,118.95,116.9,111.5,108.0,104.7,109.0,107.1,106.0,102.0,112.9,105.0
2024-02-26,117.75,134.4,115.1,115.4,120.45,120.1,186.6,110.1,324404,40376011.75,19.30000000000001,2.3499999999999943,2.3499999999999943,14.300000000000011,2.6500000000000057,115.4,117.8,113.6,22016.0,115.3,118.0,114.4,17228.0,116.3,117.7,114.3,13373.0,117.0,119.0,115.2,10991.0,116.93333333333335,9.526804291050182,121216.0,116.65,7.252585745787819,79668.4,116.87,4.987787864152328,45646.3,119.545,4.972688566454283,35181.4,46.58227844799229,0.04072790294627371,0.14091680814940588,13.734920058139535,0.8936011904695417,0.9583680266364831,0.008034572656869706,0,2,123.0,119.45,118.05,116.1,118.0,115.8,124.7,115.9,118.95,116.9,111.5,108.0,104.7,109.0,107.1,106.0,102.0,112.9,105.0,104.75
2024-02-27,121.6,123.0,116.5,120.1,118.95,117.1,186.6,110.1,51459,6153351.05,6.5,1.5,4.5,1.4000000000000057,0.5999999999999943,120.1,134.4,115.1,324404.0,115.4,117.8,113.6,22016.0,115.3,118.0,114.4,17228.0,116.15,119.6,114.8,21321.0,117.53333333333335,8.490779312483935,132626.33333333334,116.83999999999999,7.1890194046200975,85696.0,116.81499999999998,5.039356219907324,49668.0,119.0575,4.731498594247509,36935.45,40.30837001919306,-0.02497918401332222,-0.0848214285714286,-0.8413737191896524,0.9520325203174631,0.9948761742015809,0.008362760320654873,1,2,119.45,118.05,116.1,118.0,115.8,124.7,115.9,118.95,116.9,111.5,108.0,104.7,109.0,107.1,106.0,102.0,112.9,105.0,104.75,101.45
2024-02-28,118.0,119.45,113.5,117.1,114.0,114.1,186.6,110.1,26566,3074786.65,5.950000000000003,0.9000000000000057,3.9000000000000057,1.4500000000000028,0.5999999999999943,117.1,123.0,116.5,51459.0,120.1,134.4,115.1,324404.0,115.4,117.8,113.6,22016.0,116.3,117.7,114.3,13373.0,117.10000000000002,7.8109431782151,134143.0,116.4,6.95517792727146,88334.6,116.52000000000001,5.024277172998982,51505.5,118.49000000000001,4.6782503477034165,37462.7,35.4775828266399,-0.02561912894961571,-0.02886178861788613,-0.48374434015429757,0.9552113855089559,0.9947414548554361,0.008639949051424428,2,2,118.05,116.1,118.0,115.8,124.7,115.9,118.95,116.9,111.5,108.0,104.7,109.0,107.1,106.0,102.0,112.9,105.0,104.75,101.45,99.9
2024-02-29,113.6,118.05,113.5,114.1,114.0,114.0,186.6,110.1,26871,3090518.35,4.549999999999997,-0.5,0.4000000000000057,4.049999999999997,0.09999999999999432,114.1,119.45,113.5,26566.0,117.1,123.0,116.5,51459.0,120.1,134.4,115.1,324404.0,115.3,118.0,114.4,17228.0,115.06666666666668,2.5516334637455254,34965.333333333336,116.14000000000001,6.947067726746597,90263.2,116.27000000000001,5.070130394992789,52574.3,117.955,4.558551102915524,37915.5,39.56521736722117,-0.0008764241893075564,-0.011720385098367592,0.011480840171647966,0.9656925031684397,0.9956140350789858,0.008694657968945562,3,2,116.1,118.0,115.8,124.7,115.9,118.95,116.9,111.5,108.0,104.7,109.0,107.1,106.0,102.0,112.9,105.0,104.75,101.45,99.9,101.0
2024-03-01,116.0,116.1,113.5,114.0,114.4,114.85,186.6,110.1,19411,2226006.75,2.5999999999999943,2.0,1.1500000000000057,0.09999999999999432,1.3499999999999943,114.0,118.05,113.5,26871.0,114.1,119.45,113.5,26566.0,117.1,123.0,116.5,51459.0,115.4,117.8,113.6,22016.0,114.31666666666668,1.6825080485116242,24282.666666666668,116.03,7.271090014571701,89742.2,116.03,5.27050493048149,53364.0,117.4725,4.549501852429635,38192.7,51.55440410768072,0.00745614035087705,-0.016518424396442244,-0.27762271593911647,0.989233419457457,0.9882455376492099,0.008720099343813755,4,3,118.0,115.8,124.7,115.9,118.95,116.9,111.5,108.0,104.7,109.0,107.1,106.0,102.0,112.9,105.0,104.75,101.45,99.9,101.0,103.75
2024-03-02,116.7,118.0,114.5,114.85,117.25,115.65,186.6,110.1,14017,1630193.35,3.5,1.8500000000000085,1.0499999999999972,1.2999999999999972,1.1500000000000057,114.85,116.1,113.5,19411.0,114.0,118.05,113.5,26871.0,114.1,119.45,113.5,26566.0,120.1,134.4,115.1,324404.0,114.83333333333336,1.1116804096980666,20099.666666666668,115.14000000000001,2.5730818098159842,27664.8,115.89500000000001,5.307478999802146,53666.6,117.0975,4.289663218285699,37939.1,44.01197601100792,0.006965607313887734,0.01636520241171402,-0.27788367420534743,0.9800847457544061,0.9900562040554253,0.008598366567990227,5,3,115.8,124.7,115.9,118.95,116.9,111.5,108.0,104.7,109.0,107.1,106.0,102.0,112.9,105.0,104.75,101.45,99.9,101.0,103.75,107.85
2024-03-04,113.5,115.8,113.5,115.65,113.75,114.05,186.6,110.1,13879,1586899.8,2.299999999999997,-2.1500000000000057,0.5499999999999972,1.75,0.0,115.65,118.0,114.5,14017.0,114.85,116.1,113.5,19411.0,114.0,118.05,113.5,26871.0,117.1,123.0,116.5,51459.0,114.85000000000002,1.19303534453367,15769.0,114.53,1.5168223363356113,20148.8,115.68499999999999,5.48893837134758,52922.4,116.7275,4.243242305496498,37280.8,41.525423695968584,-0.013834846519671484,-0.01864406779661021,-0.009845187986016968,0.984887737469906,0.9951775536957898,0.008745983835904442,0,3,124.7,115.9,118.95,116.9,111.5,108.0,104.7,109.0,107.1,106.0,102.0,112.9,105.0,104.75,101.45,99.9,101.0,103.75,107.85,107.95
2024-03-05,114.6,124.7,111.9,114.05,113.9,114.45,186.6,110.1,231318,27400499.2,12.799999999999997,0.5499999999999972,0.14999999999999147,10.100000000000009,2.549999999999997,114.05,115.8,113.5,13879.0,115.65,118.0,114.5,14017.0,114.85,116.1,113.5,19411.0,114.1,119.45,113.5,26566.0,114.7166666666667,4.635730794596769,86404.66666666667,114.6,3.6034011711168246,61099.2,115.5,5.63161709557021,74716.9,116.375,4.173868425283227,46861.2,44.15954412431718,0.003507233669443277,0.07685664939550962,15.666762735067369,0.9178027265363448,0.977719528169701,0.00844210896712422,1,3,115.9,118.95,116.9,111.5,108.0,104.7,109.0,107.1,106.0,102.0,112.9,105.0,104.75,101.45,99.9,101.0,103.75,107.85,107.95,110.6
2024-03-06,114.3,115.9,112.55,114.45,113.5,113.85,186.6,110.1,32259,3666814.7,3.3500000000000085,-0.15000000000000568,0.45000000000000284,1.6000000000000085,1.2999999999999972,114.45,124.7,111.9,231318.0,114.05,115.8,113.5,13879.0,115.65,118.0,114.5,14017.0,114.0,118.05,113.5,26871.0,114.11666666666667,5.109794516413833,92485.33333333333,114.57000000000001,3.7980258029674188,62176.8,115.35499999999999,5.773800981830364,76220.0,115.98999999999998,4.203832837579659,47880.65,40.229885025102384,-0.005242463958060384,-0.07056936647955092,-0.8605426296267475,0.98231233821413,0.9885814668336532,0.008797553909664427,2,3,118.95,116.9,111.5,108.0,104.7,109.0,107.1,106.0,102.0,112.9,105.0,104.75,101.45,99.9,101.0,103.75,107.85,107.95,110.6,109.85
2024-03-07,118.95,118.95,114.0,113.85,114.0,114.25,186.6,110.1,18221,2092481.35,4.950000000000003,5.1000000000000085,4.700000000000003,0.0,0.25,113.85,115.9,112.55,32259.0,114.45,124.7,111.9,231318.0,114.05,115.8,113.5,13879.0,114.85,116.1,113.5,19411.0,114.18333333333335,4.468500867178242,93932.66666666667,114.45,3.6331116140308737,61938.8,115.23999999999998,5.7293130284341505,75840.5,115.7625,4.076760194591746,46440.75,42.16524213160608,0.003513394817742599,0.026315789473684292,-0.4351653802039741,0.9604875998237874,0.9978118161838265,0.008707843441472006,3,3,116.9,111.5,108.0,104.7,109.0,107.1,106.0,102.0,112.9,105.0,104.75,101.45,99.9,101.0,103.75,107.85,107.95,110.6,109.85,108.0
2024-03-11,114.55,116.9,106.15,114.25,108.0,109.45,186.6,106.15,24640,2761102.45,10.75,0.29999999999999716,5.099999999999994,2.3500000000000085,3.299999999999997,114.25,118.95,114.0,18221.0,113.85,115.9,112.55,32259.0,114.45,124.7,111.9,231318.0,115.65,118.0,114.5,14017.0,112.5166666666667,1.5548311805379562,25040.0,113.21,3.7161808352132333,64063.4,114.175,3.023523514783962,45864.1,115.52250000000001,4.104695642284168,45755.2,34.418604628750685,-0.042013129102844604,-0.017234131988230317,0.35228582404917397,0.9362703165018282,0.9698492462222946,0.008923971654872853,0,3,111.5,108.0,104.7,109.0,107.1,106.0,102.0,112.9,105.0,104.75,101.45,99.9,101.0,103.75,107.85,107.95,110.6,109.85,108.0,107.7
2024-03-12,108.05,111.5,100.85,109.45,104.85,103.85,186.6,100.85,31424,3265858.05,10.650000000000006,-1.4000000000000057,4.200000000000003,3.450000000000003,3.0,109.45,116.9,106.15,24640.0,114.25,118.95,114.0,18221.0,113.85,115.9,112.55,32259.0,114.05,115.8,113.5,13879.0,109.18333333333335,3.8484845502231892,24761.666666666668,111.17,4.817208735357703,67572.4,112.85,3.367413283550016,43860.6,114.83250000000001,4.479969307930255,46764.3,26.901669744837747,-0.05116491548652358,-0.04619332763045347,0.2753246753246754,0.9313901345207947,0.9711121810209811,0.009621973618847271,1,3,108.0,104.7,109.0,107.1,106.0,102.0,112.9,105.0,104.75,101.45,99.9,101.0,103.75,107.85,107.95,110.6,109.85,108.0,107.7,105.0
2024-03-13,106.0,108.0,95.0,103.85,96.7,97.7,186.6,95.0,289670,28139489.9,13.0,2.1500000000000057,8.299999999999997,2.0,2.700000000000003,103.85,111.5,100.85,31424.0,109.45,116.9,106.15,24640.0,114.25,118.95,114.0,18221.0,114.45,124.7,111.9,231318.0,103.66666666666669,4.483674088658429,115244.66666666667,107.82000000000001,4.428882477556639,79242.8,111.21,4.424602932593812,70171.0,113.86499999999998,5.125207954702361,60838.25,22.585669772081047,-0.059220028887818854,-0.03139013452914796,8.218113543788187,0.9046296296212534,0.972364380747468,0.010294074307295812,2,3,104.7,109.0,107.1,106.0,102.0,112.9,105.0,104.75,101.45,99.9,101.0,103.75,107.85,107.95,110.6,109.85,108.0,107.7,105.0,102.85
2024-03-14,96.8,104.7,96.3,97.7,103.65,103.2,186.6,95.0,42611,4264131.65,8.400000000000006,-0.9000000000000057,6.400000000000006,1.5,0.5,97.7,108.0,95.0,289670.0,103.85,111.5,100.85,31424.0,109.45,116.9,106.15,24640.0,113.85,115.9,112.55,32259.0,101.58333333333336,3.400490160742625,121235.0,105.69000000000001,5.955081863417945,81313.2,110.13,5.698657249251867,71745.0,113.2,5.988011597745423,62159.65,33.73333332073956,0.05629477993858756,-0.030555555555555558,-0.8528981254531018,0.9856733524261158,0.9331395348746788,0.009992890346150543,3,3,109.0,107.1,106.0,102.0,112.9,105.0,104.75,101.45,99.9,101.0,103.75,107.85,107.95,110.6,109.85,108.0,107.7,105.0,102.85,104.8
2024-03-15,107.95,109.0,98.8,103.2,100.5,99.65,186.6,95.0,52070,5297849.8,10.200000000000003,4.75,8.299999999999997,1.0499999999999972,0.8500000000000085,103.2,104.7,96.3,42611.0,97.7,108.0,95.0,289670.0,103.85,111.5,100.85,31424.0,114.25,118.95,114.0,18221.0,100.18333333333335,2.250185177559284,128117.0,102.77000000000001,4.55378963062748,88083.0,108.61000000000001,5.988899453712088,75010.9,112.31999999999998,6.285791726709985,64187.45,21.870701504644046,-0.0343992248062015,0.04106972301814715,0.22198493346788384,0.9142201834778512,0.9914701454993329,0.009828515712166848,4,3,107.1,106.0,102.0,112.9,105.0,104.75,101.45,99.9,101.0,103.75,107.85,107.95,110.6,109.85,108.0,107.7,105.0,102.85,104.8,103.9
2024-03-18,107.1,107.1,99.4,99.65,100.25,101.25,186.6,95.0,35160,3584548.0,7.699999999999989,7.449999999999989,5.849999999999994,0.0,1.8499999999999943,99.65,109.0,98.8,52070.0,103.2,104.7,96.3,42611.0,97.7,108.0,95.0,289670.0,109.45,116.9,106.15,24640.0,101.36666666666669,2.1548395145132115,43280.333333333336,101.13,2.4965976848526044,90187.0,107.17,6.236561107248972,77125.2,111.53249999999998,6.670581032847599,65395.9,27.324749631400692,0.016056196688409408,-0.017431192660550487,-0.3247551373151527,0.9453781512516771,0.9817283950520324,0.00980876807898792,0,3,106.0,102.0,112.9,105.0,104.75,101.45,99.9,101.0,103.75,107.85,107.95,110.6,109.85,108.0,107.7,105.0,102.85,104.8,103.9,102.5
2024-03-19,106.0,106.0,98.5,101.25,100.2,99.45,186.6,95.0,57804,5779808.15,7.5,4.75,6.549999999999997,0.0,0.9500000000000028,101.25,107.1,99.4,35160.0,99.65,109.0,98.8,52070.0,103.2,104.7,96.3,42611.0,103.85,111.5,100.85,31424.0,100.11666666666669,1.517673658369115,48344.666666666664,100.25,1.6801785619427423,95463.0,105.71,6.55410176912183,81517.7,110.69750000000002,7.045537501440685,67220.05,28.296296284558593,-0.01777777777777778,-0.010270774976657293,0.6440273037542663,0.9382075471609603,0.990447461025737,0.01000102399592623,1,3,102.0,112.9,105.0,104.75,101.45,99.9,101.0,103.75,107.85,107.95,110.6,109.85,108.0,107.7,105.0,102.85,104.8,103.9,102.5,103.9
2024-03-20,99.95,102.0,96.7,99.45,97.05,97.1,186.6,95.0,70620,6934829.3,5.299999999999997,0.5,2.8500000000000085,2.049999999999997,0.3999999999999915,99.45,106.0,98.5,57804.0,101.25,107.1,99.4,35160.0,99.65,109.0,98.8,52070.0,97.7,108.0,95.0,289670.0,99.2666666666667,2.683902631115308,54528.0,100.13,2.627356085499763,51653.0,103.975,5.639860616875499,65447.9,109.7375,7.6968427395842705,70082.4,26.52777776746143,-0.023629964806435533,-0.037735849056603765,0.221714760224206,0.9519607843043925,0.9958805355201249,0.010183379712028384,2,3,112.9,105.0,104.75,101.45,99.9,101.0,103.75,107.85,107.95,110.6,109.85,108.0,107.7,105.0,102.85,104.8,103.9,102.5,103.9,103.3
2024-03-21,97.15,112.9,97.15,97.1,101.55,101.85,186.6,95.0,119427,12606002.45,15.75,0.05000000000001137,4.699999999999989,11.050000000000011,0.0,97.1,102.0,96.7,70620.0,99.45,106.0,98.5,57804.0,101.25,107.1,99.4,35160.0,103.2,104.7,96.3,42611.0,99.46666666666668,5.5139217743188516,82617.0,99.86,4.000624951180972,67016.2,102.775,5.364515614459822,74164.7,109.06499999999998,7.686024141600095,75192.35,33.709273171129595,0.048918640576725014,0.10686274509803928,0.6911214953271028,0.9021257750141529,0.9538537064216608,0.009473820148273887,3,3,105.0,104.75,101.45,99.9,101.0,103.75,107.85,107.95,110.6,109.85,108.0,107.7,105.0,102.85,104.8,103.9,102.5,103.9,103.3,104.4
2024-03-22,103.0,105.0,101.55,101.85,103.0,102.3,186.6,95.0,31098,3218426.95,3.450000000000003,1.1500000000000057,0.7000000000000028,2.0,0.75,101.85,112.9,97.15,119427.0,97.1,102.0,96.7,70620.0,99.45,106.0,98.5,57804.0,99.65,109.0,98.8,52070.0,100.41666666666669,5.6305713150006005,73715.0,100.38999999999999,4.000624951181027,62821.8,101.58000000000001,4.424791269402768,75452.4,108.41000000000001,7.969390041375509,75646.45,33.122629571081745,0.004418262150220897,-0.06997342781222327,-0.7396066216182271,0.9742857142764353,0.9926686216911762,0.00966248433881651,4,3,104.75,101.45,99.9,101.0,103.75,107.85,107.95,110.6,109.85,108.0,107.7,105.0,102.85,104.8,103.9,102.5,103.9,103.3,104.4,102.5
2024-03-26,104.75,104.75,99.0,102.3,99.0,99.45,186.6,95.0,30615,3084500.05,5.75,2.450000000000003,5.299999999999997,0.0,0.45000000000000284,102.3,105.0,101.55,31098.0,101.85,112.9,97.15,119427.0,97.1,102.0,96.7,70620.0,101.25,107.1,99.4,35160.0,101.2,4.634921790060124,60380.0,100.03,4.064726313051403,61912.8,100.58,3.3388662413733696,76049.9,107.37749999999998,6.705253242989966,60957.0,32.10784312623751,-0.027859237536656867,-0.0023809523809523725,-0.015531545437005634,0.9494033412797193,0.9954751131121621,0.009925433458819362,1,3,101.45,99.9,101.0,103.75,107.85,107.95,110.6,109.85,108.0,107.7,105.0,102.85,104.8,103.9,102.5,103.9,103.3,104.4,102.5,104.55
2024-03-27,101.45,101.45,97.0,99.45,97.15,97.35,186.6,95.0,64212,6284044.5,4.450000000000003,2.0,4.1000000000000085,0.0,0.3499999999999943,99.45,104.75,99.0,30615.0,102.3,105.0,101.55,31098.0,101.85,112.9,97.15,119427.0,99.45,106.0,98.5,57804.0,99.70000000000003,1.9813715788078896,41975.0,99.60999999999999,4.57801813015337,63194.4,99.92999999999999,3.3779349378650294,79328.7,106.38999999999999,6.72657484984163,61594.65,29.882352931332875,-0.021116138763197623,-0.03150357995226727,1.0974032337089663,0.9595860029476629,0.9964047252080492,0.010218259912067776,2,3,99.9,101.0,103.75,107.85,107.95,110.6,109.85,108.0,107.7,105.0,102.85,104.8,103.9,102.5,103.9,103.3,104.4,102.5,104.55,106.0
2024-03-28,97.35,99.9,91.95,97.35,93.65,93.9,186.6,91.95,48654,4688005.05,7.950000000000003,0.0,3.4499999999999886,2.5500000000000114,1.9500000000000028,97.35,101.45,97.0,64212.0,99.45,104.75,99.0,30615.0,102.3,105.0,101.55,31098.0,97.1,102.0,96.7,70620.0,96.90000000000002,2.4770614310726584,47827.0,98.97,5.022076263858724,58801.2,99.55,3.8122754943011476,55227.1,105.38,6.974221329861145,62699.05,28.004410134684434,-0.03543913713405222,-0.015278462296697826,-0.24229116053074196,0.9399399399305312,0.9792332268266322,0.010378401789477593,3,3,101.0,103.75,107.85,107.95,110.6,109.85,108.0,107.7,105.0,102.85,104.8,103.9,102.5,103.9,103.3,104.4,102.5,104.55,106.0,109.0
2024-04-01,94.15,101.0,94.15,93.9,100.85,100.25,186.6,91.95,29908,2947214.25,6.849999999999994,0.25,6.099999999999994,0.75,0.0,93.9,99.9,91.95,48654.0,97.35,101.45,97.0,64212.0,99.45,104.75,99.0,30615.0,101.85,112.9,97.15,119427.0,97.16666666666669,0.7973915809110125,47591.333333333336,98.65,2.3126283748182654,40897.4,99.255,4.047138907096947,53956.8,104.6925,7.087020660482125,62850.9,36.35477581853865,0.0676251331203408,0.011011011011010874,-0.3852920623175895,0.9925742574159151,0.93915211969138,0.010147887958942921,0,4,103.75,107.85,107.95,110.6,109.85,108.0,107.7,105.0,102.85,104.8,103.9,102.5,103.9,103.3,104.4,102.5,104.55,106.0,109.0,106.75
2024-04-02,100.5,103.75,100.0,100.25,102.55,102.9,186.6,91.95,24638,2510055.85,3.75,0.25,2.4000000000000057,0.8499999999999943,0.5,100.25,101.0,94.15,29908.0,93.9,99.9,91.95,48654.0,97.35,101.45,97.0,64212.0,102.3,105.0,101.55,31098.0,99.0166666666667,1.98305320149874,34400.0,98.77000000000001,2.0120263417795297,39605.4,99.58000000000001,3.789975813467826,51213.6,104.095,7.063939187316121,63112.25,43.33672430098242,0.026433915211970138,0.027227722772277252,-0.17620703490704825,0.9918072289061031,0.9718172983384662,0.009815717845481402,1,4,107.85,107.95,110.6,109.85,108.0,107.7,105.0,102.85,104.8,103.9,102.5,103.9,103.3,104.4,102.5,104.55,106.0,109.0,106.75,104.85
2024-04-03,102.9,107.85,102.9,102.9,105.5,105.25,186.6,91.95,46512,4926467.85,4.949999999999989,0.0,2.3499999999999943,2.5999999999999943,0.0,102.9,103.75,100.0,24638.0,100.25,101.0,94.15,29908.0,93.9,99.9,91.95,48654.0,99.45,104.75,99.0,30615.0,102.80000000000003,3.4471002306249128,33686.0,99.92999999999999,3.1574119148464512,42784.8,99.98,3.8565096482014822,52348.8,103.575,6.769382989063814,64737.0,51.52505445051523,0.02283770651117578,0.0395180722891566,0.8878155694455718,0.9758924431991108,0.9776722090168393,0.00944124703868716,2,4,107.95,110.6,109.85,108.0,107.7,105.0,102.85,104.8,103.9,102.5,103.9,103.3,104.4,102.5,104.55,106.0,109.0,106.75,104.85,103.0
2024-04-04,107.95,107.95,103.0,105.25,104.85,104.3,186.6,91.95,13249,1394360.9,4.950000000000003,2.700000000000003,3.6500000000000057,0.0,1.2999999999999972,105.25,107.85,102.9,46512.0,102.9,103.75,100.0,24638.0,100.25,101.0,94.15,29908.0,97.35,101.45,97.0,64212.0,104.15000000000002,2.396525262397127,28133.0,101.32000000000001,3.7502333260763385,32592.2,100.465,3.990018796948767,47893.3,103.0875,6.570310014314804,64705.5,58.10810808812005,-0.009026128266033329,0.0009272137227631649,-0.7151487788097695,0.9661880500142085,0.9875359539694387,0.00950184417821813,3,4,110.6,109.85,108.0,107.7,105.0,102.85,104.8,103.9,102.5,103.9,103.3,104.4,102.5,104.55,106.0,109.0,106.75,104.85,103.0,103.0
2024-04-05,104.0,110.6,103.9,104.3,108.0,107.75,186.6,91.95,40434,4371864.55,6.699999999999989,-0.29999999999999716,3.75,2.8499999999999943,0.09999999999999432,104.3,107.95,103.0,13249.0,105.25,107.85,102.9,46512.0,102.9,103.75,100.0,24638.0,93.9,99.9,91.95,48654.0,105.7666666666667,1.5596473960399462,33398.333333333336,104.09,3.8138890912049823,30948.2,101.53,4.271094707449674,44874.7,102.75250000000001,5.386401005260226,55161.3,55.88615780640604,0.03307766059443917,0.024548402037980477,2.0518529700354744,0.9742314647289853,0.9642691415223734,0.009248685437887136,4,4,109.85,108.0,107.7,105.0,102.85,104.8,103.9,102.5,103.9,103.3,104.4,102.5,104.55,106.0,109.0,106.75,104.85,103.0,103.0,101.55
2024-04-08,106.3,109.85,105.9,107.75,106.75,106.6,186.6,91.95,11757,1264276.85,3.9499999999999886,-1.4500000000000028,0.29999999999999716,3.25,0.3999999999999915,107.75,110.6,103.9,40434.0,104.3,107.95,103.0,13249.0,105.25,107.85,102.9,46512.0,100.25,101.0,94.15,29908.0,106.21666666666668,1.3659550993013945,21813.333333333332,105.35999999999999,2.65847700761382,27318.0,102.00500000000001,3.7639223040753196,34107.7,102.39000000000001,5.065525249431316,54136.2,59.5862068735391,-0.010672853828306295,-0.006781193490054238,-0.7092298560617303,0.970414201174598,0.9934333958631011,0.009299387234686762,0,4,108.0,107.7,105.0,102.85,104.8,103.9,102.5,103.9,103.3,104.4,102.5,104.55,106.0,109.0,106.75,104.85,103.0,103.0,101.55,101.6
2024-04-09,104.75,108.0,104.75,106.6,107.6,107.15,186.6,91.95,8003,855351.25,3.25,-1.8499999999999943,2.4000000000000057,0.8499999999999943,0.0,106.6,109.85,105.9,11757.0,107.75,110.6,103.9,40434.0,104.3,107.95,103.0,13249.0,102.9,103.75,100.0,24638.0,107.16666666666669,1.338220211066731,20064.666666666668,106.21,1.2840366038438498,23991.0,102.49000000000001,3.863561971952269,31798.2,102.035,4.290460654938281,53625.3,58.38068179496223,0.005159474671669884,-0.016841147018661795,-0.31929914093731393,0.9921296296204433,0.9776014932246606,0.009356390137969624,1,4,107.7,105.0,102.85,104.8,103.9,102.5,103.9,103.3,104.4,102.5,104.55,106.0,109.0,106.75,104.85,103.0,103.0,101.55,101.6,101.0
2024-04-10,107.15,107.7,102.85,107.15,104.55,104.4,186.6,91.95,12146,1268490.25,4.8500000000000085,0.0,2.75,0.5499999999999972,1.5500000000000114,107.15,108.0,104.75,8003.0,106.6,109.85,105.9,11757.0,107.75,110.6,103.9,40434.0,105.25,107.85,102.9,46512.0,106.05000000000003,1.164402564969494,10635.333333333334,106.04,1.314629225299232,17117.8,102.98500000000001,3.911411367894398,29951.3,101.7825,3.6007674620535877,53000.6,56.846473007030404,-0.025664955669622014,-0.002777777777777768,0.5176808696738724,0.9693593314673226,0.9851532566955443,0.009575162284455865,2,4,105.0,102.85,104.8,103.9,102.5,103.9,103.3,104.4,102.5,104.55,106.0,109.0,106.75,104.85,103.0,103.0,101.55,101.6,101.0,106.0
2024-04-12,104.4,105.0,102.05,104.4,104.0,103.5,186.6,91.95,8654,896926.7,2.950000000000003,0.0,0.9000000000000057,0.5999999999999943,1.4500000000000028,104.4,107.7,102.85,12146.0,107.15,108.0,104.75,8003.0,106.6,109.85,105.9,11757.0,104.3,107.95,103.0,13249.0,105.0166666666667,1.6522711641780508,9601.0,105.88,2.179908254952759,16198.8,103.6,3.622675499928536,24395.5,101.765,3.409217382023185,51862.1,59.2219019933975,-0.008620689655172487,-0.025069637883008422,-0.28750205829079534,0.9857142857048979,0.9859903381547247,0.009648503049357311,4,4,102.85,104.8,103.9,102.5,103.9,103.3,104.4,102.5,104.55,106.0,109.0,106.75,104.85,103.0,103.0,101.55,101.6,101.0,106.0,105.0
2024-04-15,101.15,102.85,100.25,103.5,101.05,101.25,186.6,91.95,6835,692039.0,2.5999999999999943,-2.3499999999999943,0.09999999999999432,1.5999999999999943,0.9000000000000057,103.5,105.0,102.05,8654.0,104.4,107.7,102.85,12146.0,107.15,108.0,104.75,8003.0,107.75,110.6,103.9,40434.0,103.05000000000003,2.430192036302425,9211.666666666666,104.58,2.753316182353936,9479.0,104.33500000000001,3.144876786140395,20213.6,101.94250000000001,3.454336519430021,37720.35,49.06832296003241,-0.021739130434782594,-0.020476190476190537,-0.21019181881211002,0.9844433641129369,0.9901234567803444,0.00987661100024708,0,4,104.8,103.9,102.5,103.9,103.3,104.4,102.5,104.55,106.0,109.0,106.75,104.85,103.0,103.0,101.55,101.6,101.0,106.0,105.0,103.8
2024-04-16,101.8,104.8,100.5,101.25,101.1,100.75,186.6,91.95,12518,1267214.35,4.299999999999997,0.5499999999999972,1.0499999999999972,3.0,0.25,101.25,102.85,100.25,6835.0,103.5,105.0,102.05,8654.0,104.4,107.7,102.85,12146.0,106.6,109.85,105.9,11757.0,101.83333333333336,1.1877850534956937,9335.666666666666,103.41,2.162637278882572,9631.2,104.38500000000002,2.5938013716474813,18474.6,101.82000000000001,3.452629623313758,36215.7,47.59689920414399,-0.004938271604938316,0.01895964997569277,0.8314557425018287,0.9613549618228878,0.9975186104119352,0.009878360357898401,1,4,103.9,102.5,103.9,103.3,104.4,102.5,104.55,106.0,109.0,106.75,104.85,103.0,103.0,101.55,101.6,101.0,106.0,105.0,103.8,102.55
2024-04-18,101.3,103.9,100.0,100.75,100.2,101.0,186.6,91.95,8135,823483.0,3.9000000000000057,0.5499999999999972,0.29999999999999716,2.6000000000000085,1.0,100.75,104.8,100.5,12518.0,101.25,102.85,100.25,6835.0,103.5,105.0,102.05,8654.0,107.15,108.0,104.75,8003.0,101.00000000000001,0.9759610647840674,9162.666666666666,102.17999999999999,1.8062391868224552,9657.6,104.19500000000001,2.5743391816594454,16824.3,101.8875,3.3973780524947643,34018.95,52.61382796841168,0.002481389578163684,-0.00858778625954193,-0.3501358044416041,0.9720885466701434,0.9900990098911872,0.009878771025024184,3,4,102.5,103.9,103.3,104.4,102.5,104.55,106.0,109.0,106.75,104.85,103.0,103.0,101.55,101.6,101.0,106.0,105.0,103.8,102.55,102.0
2024-04-19,100.25,102.5,99.65,101.0,100.5,100.05,186.6,91.95,8923,899260.55,2.8499999999999943,-0.75,0.20000000000000284,2.25,0.3999999999999915,101.0,103.9,100.0,8135.0,100.75,104.8,100.5,12518.0,101.25,102.85,100.25,6835.0,104.4,107.7,102.85,12146.0,100.60000000000002,1.1590225767032267,9858.666666666666,101.31,1.1227199116491948,9013.0,103.675,2.8810732953776177,13065.4,101.8275,3.447076373727439,32707.1,54.73684207837489,-0.009405940594059414,-0.01347449470644857,0.09686539643515668,0.9760975609660868,0.9960019989905448,0.00992259696035814,4,4,103.9,103.3,104.4,102.5,104.55,106.0,109.0,106.75,104.85,103.0,103.0,101.55,101.6,101.0,106.0,105.0,103.8,102.55,102.0,106.0
2024-04-22,100.6,103.9,97.25,100.05,99.0,99.3,186.6,91.95,15542,1564054.75,6.650000000000006,0.5499999999999972,1.2999999999999972,3.3000000000000114,2.049999999999997,100.05,102.5,99.65,8923.0,101.0,103.9,100.0,8135.0,100.75,104.8,100.5,12518.0,103.5,105.0,102.05,8654.0,100.11666666666667,0.8082903768496845,10866.666666666666,100.47,0.920869154665138,10390.6,103.175,2.910211905229236,13294.7,101.82,3.459398905802536,30594.0,60.46511624625922,-0.007496251874062998,0.013658536585365866,0.7417908775075648,0.955726660241042,0.9793554884090699,0.00993699229518659,0,4,103.3,104.4,102.5,104.55,106.0,109.0,106.75,104.85,103.0,103.0,101.55,101.6,101.0,106.0,105.0,103.8,102.55,102.0,106.0,105.0
2024-04-23,100.1,103.3,100.1,99.3,101.55,102.35,186.6,91.95,5858,596001.7,3.200000000000003,0.7999999999999972,2.25,0.9500000000000028,0.0,99.3,103.9,97.25,15542.0,100.05,102.5,99.65,8923.0,101.0,103.9,100.0,8135.0,101.25,102.85,100.25,6835.0,100.56666666666668,0.7023769168386803,10107.666666666666,100.69000000000001,0.8497058314579453,10195.2,102.63499999999999,2.487993390488736,9837.1,102.08250000000001,3.4062819288692885,27355.9,54.66666663265183,0.030715005035246712,-0.005774783445620879,-0.6230858319392614,0.9908034849855681,0.9780166096631361,0.009828831025146388,1,4,104.4,102.5,104.55,106.0,109.0,106.75,104.85,103.0,103.0,101.55,101.6,101.0,106.0,105.0,103.8,102.55,102.0,106.0,105.0,103.8
2024-04-24,102.9,104.4,101.05,102.35,101.8,101.35,186.6,91.95,10087,1032196.15,3.3500000000000085,0.5500000000000114,1.5500000000000114,1.5,0.29999999999999716,102.35,103.3,100.1,5858.0,99.3,103.9,97.25,15542.0,100.05,102.5,99.65,8923.0,100.75,104.8,100.5,12518.0,101.0,0.5507570547054144,10495.666666666666,100.81,0.7280109889374498,9709.0,102.10999999999999,1.8720235634806148,9670.1,102.0575,2.9082222368556008,21888.9,46.2829735900258,-0.009770395701025891,0.010648596321394033,0.7219187435984977,0.970785440603728,0.9970399605229695,0.00977236739354239,2,4,102.5,104.55,106.0,109.0,106.75,104.85,103.0,103.0,101.55,101.6,101.0,106.0,105.0,103.8,102.55,102.0,106.0,105.0,103.8,102.95
2024-04-25,101.45,102.5,101.15,101.35,102.0,101.65,186.6,91.95,6153,628096.2,1.3499999999999943,0.10000000000000853,0.20000000000000284,0.8499999999999943,0.29999999999999716,101.35,104.4,101.05,10087.0,102.35,103.3,100.1,5858.0,99.3,103.9,97.25,15542.0,101.0,103.9,100.0,8135.0,101.78333333333335,0.9539392014035664,7366.0,100.93999999999998,0.8438009243973534,9312.6,101.56,1.5545721097616487,9485.1,102.025,2.958016538510099,20641.65,40.425531884789535,0.002960039467192921,-0.01819923371647514,-0.39000693962526023,0.9917073170634956,0.995081160836251,0.009796270061815356,3,4,104.55,106.0,109.0,106.75,104.85,103.0,103.0,101.55,101.6,101.0,106.0,105.0,103.8,102.55,102.0,106.0,105.0,103.8,102.95,100.95
2024-04-26,101.65,104.55,101.65,101.65,102.95,102.65,186.6,91.95,11877,1226323.05,2.8999999999999915,0.0,1.0,1.8999999999999915,0.0,101.65,102.5,101.15,6153.0,101.35,104.4,101.05,10087.0,102.35,103.3,100.1,5858.0,100.05,102.5,99.65,8923.0,101.88333333333337,1.1427306477502808,9372.333333333334,101.46000000000001,0.843800924397227,9903.4,101.385,0.9372536713444913,9458.2,102.185,2.95852359160769,19704.75,45.62334214118164,0.009837678307919262,0.020000000000000018,0.9302779132130667,0.9818268770829094,0.9902581587823647,0.009685049954822255,4,4,106.0,109.0,106.75,104.85,103.0,103.0,101.55,101.6,101.0,106.0,105.0,103.8,102.55,102.0,106.0,105.0,103.8,102.95,100.95,101.6
2024-04-29,104.5,106.0,101.65,102.65,106.0,104.85,186.6,91.95,10940,1136382.25,4.349999999999994,1.8499999999999943,0.3499999999999943,1.1500000000000057,2.8499999999999943,102.65,104.55,101.65,11877.0,101.65,102.5,101.15,6153.0,101.35,104.4,101.05,10087.0,99.3,103.9,97.25,15542.0,103.05000000000003,1.7585505394996195,9656.666666666666,102.57000000000001,1.331352695574467,8983.0,101.52000000000001,1.1188287526614942,9686.8,102.55999999999999,2.8617302458467404,17041.15,41.76136360314436,0.021432050657574253,0.013868962219033998,-0.07889197608823773,0.9891509433868947,0.9694802098143112,0.00962704230904697,0,4,109.0,106.75,104.85,103.0,103.0,101.55,101.6,101.0,106.0,105.0,103.8,102.55,102.0,106.0,105.0,103.8,102.95,100.95,101.6,99.3
2024-04-30,106.65,109.0,103.0,104.85,103.2,104.8,186.6,91.95,23596,2515522.5,6.0,1.8000000000000114,1.8500000000000085,2.3499999999999943,1.7999999999999972,104.85,106.0,101.65,10940.0,102.65,104.55,101.65,11877.0,101.65,102.5,101.15,6153.0,102.35,103.3,100.1,5858.0,104.10000000000002,2.269544741420089,15471.0,103.05999999999999,2.4182638400333447,12530.6,101.875,1.907885682576961,11362.9,103.10499999999999,2.7258702135367265,15788.25,44.54545450765841,-0.0004768717215068996,0.028301886792452935,1.1568555758683727,0.961467889899436,0.982824427471538,0.009380158595281891,1,4,106.75,104.85,103.0,103.0,101.55,101.6,101.0,106.0,105.0,103.8,102.55,102.0,106.0,105.0,103.8,102.95,100.95,101.6,99.3,100.1
2024-05-02,106.75,106.75,98.45,104.8,103.2,102.15,186.6,91.95,24949,2547025.65,8.299999999999997,1.9500000000000028,4.599999999999994,0.0,3.700000000000003,104.8,109.0,103.0,23596.0,104.85,106.0,101.65,10940.0,102.65,104.55,101.65,11877.0,101.35,104.4,101.05,10087.0,103.93333333333335,1.56124949959133,19828.333333333332,103.22,2.4303806286284826,15503.0,102.015,2.038817740206855,12606.0,103.2,2.525463740634052,15540.3,36.55913975742861,-0.0252862595419846,-0.020642201834862428,0.05734022715714526,0.9569086650964225,0.9637787567208635,0.009795346976580308,3,5,104.85,103.0,103.0,101.55,101.6,101.0,106.0,105.0,103.8,102.55,102.0,106.0,105.0,103.8,102.95,100.95,101.6,99.3,100.1,101.1
2024-05-03,104.85,104.85,100.35,102.15,101.15,102.05,186.6,91.95,14187,1449134.2,4.5,2.6999999999999886,2.799999999999997,0.0,1.7000000000000028,102.15,106.75,98.45,24949.0,104.8,109.0,103.0,23596.0,104.85,106.0,101.65,10940.0,101.65,102.5,101.15,6153.0,103.00000000000001,2.0774583830506805,20910.666666666668,103.3,1.7834657271762584,17109.8,102.12,2.020485365231714,13211.2,103.1575,2.4911884185738127,15017.75,42.63322880270435,-0.0009789525208028227,-0.01779859484777524,-0.43135997434766926,0.97329518358633,0.9833414992554302,0.009789983563979093,4,5,103.0,103.0,101.55,101.6,101.0,106.0,105.0,103.8,102.55,102.0,106.0,105.0,103.8,102.95,100.95,101.6,99.3,100.1,101.1,100.5
2024-05-06,100.65,103.0,100.4,102.05,102.0,100.8,186.6,91.95,10340,1044409.45,2.5999999999999943,-1.3999999999999915,0.14999999999999147,2.200000000000003,0.25,102.05,104.85,100.35,14187.0,102.15,106.75,98.45,24949.0,104.8,109.0,103.0,23596.0,102.65,104.55,101.65,11877.0,101.66666666666669,1.8750555547256975,16492.0,102.92999999999999,2.2278352721896897,16802.4,102.195,1.9633092811214847,13352.9,102.93499999999999,2.518322332112234,13209.15,41.717791375211704,-0.012248897599216102,-0.01764425369575584,-0.27116374145344324,0.9786407766895276,0.9960317460218648,0.009900331713773742,0,5,103.0,101.55,101.6,101.0,106.0,105.0,103.8,102.55,102.0,106.0,105.0,103.8,102.95,100.95,101.6,99.3,100.1,101.1,100.5,100.9
2024-05-07,102.95,103.0,100.0,100.8,100.0,100.45,186.6,91.95,4813,484938.75,3.0,2.1500000000000057,2.5,0.04999999999999716,0.45000000000000284,100.8,103.0,100.4,10340.0,102.05,104.85,100.35,14187.0,102.15,106.75,98.45,24949.0,104.85,106.0,101.65,10940.0,101.10000000000002,1.0680979979888474,9780.0,102.05,2.5774502905027714,15577.0,102.31,2.0299220017867063,12280.0,102.74249999999999,2.5153463191491676,12787.35,47.22222217631173,-0.00347222222222221,0.0,-0.5345261121856866,0.9752427184371335,0.9955201592733148,0.009924964750703032,1,5,101.55,101.6,101.0,106.0,105.0,103.8,102.55,102.0,106.0,105.0,103.8,102.95,100.95,101.6,99.3,100.1,101.1,100.5,100.9,98.9
2024-05-08,99.5,101.55,99.2,100.45,100.1,101.05,186.6,91.95,7801,784095.4,2.3499999999999943,-0.9500000000000028,1.5499999999999972,0.5,0.29999999999999716,100.45,103.0,100.0,4813.0,100.8,103.0,100.4,10340.0,102.05,104.85,100.35,14187.0,104.8,109.0,103.0,23596.0,100.7666666666667,0.8371578903097415,7651.333333333333,101.3,2.008917619021149,12418.0,102.17999999999999,2.232686473487326,12474.3,102.4075,2.322623290024121,11155.7,51.034482709346,0.00597312095569924,-0.014077669902912704,0.6208186162476625,0.9950763170753808,0.9816922315588156,0.009949044465762698,2,5,101.6,101.0,106.0,105.0,103.8,102.55,102.0,106.0,105.0,103.8,102.95,100.95,101.6,99.3,100.1,101.1,100.5,100.9,98.9,96.9
2024-05-09,101.1,101.6,98.0,101.05,99.85,98.25,186.6,91.95,10052,995949.1,3.5999999999999943,0.04999999999999716,2.8499999999999943,0.5,0.25,101.05,101.55,99.2,7801.0,100.45,103.0,100.0,4813.0,100.8,103.0,100.4,10340.0,102.15,106.75,98.45,24949.0,99.91666666666669,0.8231038816422536,7555.333333333333,100.52,1.3495369576318204,9438.6,101.87,2.4224872434026934,12470.8,101.99,2.1149390310969154,11070.45,41.93548383653391,-0.02770905492330522,0.000492368291481915,0.2885527496474811,0.9670275590456001,0.9974554707277612,0.010092885268935922,3,5,101.0,106.0,105.0,103.8,102.55,102.0,106.0,105.0,103.8,102.95,100.95,101.6,99.3,100.1,101.1,100.5,100.9,98.9,96.9,94.7
2024-05-10,100.05,101.0,96.6,98.25,97.6,97.65,186.6,91.95,8540,842173.6,4.400000000000006,1.7999999999999972,2.3999999999999915,0.9500000000000028,1.0500000000000114,98.25,101.6,98.0,10052.0,101.05,101.55,99.2,7801.0,100.45,103.0,100.0,4813.0,102.05,104.85,100.35,14187.0,98.98333333333335,0.3329164058857715,8797.666666666666,99.64,0.9162423260331098,8309.2,101.47,2.5858804647125684,12709.5,101.515,2.0767050699033747,11097.3,42.81437122159276,-0.006106870229007577,-0.0059055118110236116,-0.1504178272980501,0.9668316831587442,0.9892473118178263,0.01014042710434047,4,5,106.0,105.0,103.8,102.55,102.0,106.0,105.0,103.8,102.95,100.95,101.6,99.3,100.1,101.1,100.5,100.9,98.9,96.9,94.7,94.7
2024-05-13,106.0,106.0,99.9,97.65,101.0,100.55,186.6,91.95,35597,3654734.1,6.099999999999994,8.349999999999994,5.450000000000003,0.0,0.6499999999999915,97.65,101.0,96.6,8540.0,98.25,101.6,98.0,10052.0,101.05,101.55,99.2,7801.0,100.8,103.0,100.4,10340.0,98.81666666666668,2.730079363921105,18063.0,99.59,2.0234870891642105,13360.6,101.26,2.651859934294315,15081.5,101.3225,1.9530323925398003,12269.85,53.315649827776184,0.029697900665642596,0.04950495049504955,3.1682669789227162,0.9485849056514284,0.9935355544406411,0.009739969865386373,0,5,105.0,103.8,102.55,102.0,106.0,105.0,103.8,102.95,100.95,101.6,99.3,100.1,101.1,100.5,100.9,98.9,96.9,94.7,94.7,97.26
2024-05-14,105.0,105.0,100.6,100.55,100.8,101.05,186.6,91.95,5683,576668.45,4.400000000000006,4.450000000000003,3.950000000000003,0.0,0.45000000000000284,100.55,106.0,99.9,35597.0,97.65,101.0,96.6,8540.0,98.25,101.6,98.0,10052.0,100.45,103.0,100.0,4813.0,99.75000000000001,2.6457513110597697,16606.666666666668,99.71,2.294449825124541,13534.6,100.88,2.597889100362465,14555.8,101.2,1.9530323925398003,12121.3,46.012269899130565,0.004972650422675251,-0.009433962264150941,-0.8403517150321657,0.9623809523717868,0.995546759020331,0.009854882818714966,1,5,103.8,102.55,102.0,106.0,105.0,103.8,102.95,100.95,101.6,99.3,100.1,101.1,100.5,100.9,98.9,96.9,94.7,94.7,97.26,101.68
2024-05-15,100.9,103.8,99.15,101.05,100.55,101.15,186.6,91.95,6212,628512.05,4.6499999999999915,-0.14999999999999147,0.25,2.6499999999999915,1.75,101.05,105.0,100.6,5683.0,100.55,106.0,99.9,35597.0,97.65,101.0,96.6,8540.0,101.05,101.55,99.2,7801.0,100.91666666666669,1.1015141094456231,15830.666666666666,99.73,2.147556751290591,13216.8,100.515,1.9691298134522401,12817.4,101.195,1.9344793941290102,12090.15,49.35064930578516,0.0009896091044039323,-0.011428571428571455,0.09308463839521375,0.9744701348653713,0.9802273850619848,0.009883660941743264,2,5,102.55,102.0,106.0,105.0,103.8,102.95,100.95,101.6,99.3,100.1,101.1,100.5,100.9,98.9,96.9,94.7,94.7,97.26,101.68,103.0
2024-05-16,102.55,102.55,99.95,101.15,101.5,100.6,186.6,91.95,4145,417546.3,2.5999999999999943,1.3999999999999915,1.9500000000000028,0.0,0.6499999999999915,101.15,103.8,99.15,6212.0,101.05,105.0,100.6,5683.0,100.55,106.0,99.9,35597.0,98.25,101.6,98.0,10052.0,100.93333333333335,1.2250850310520762,5346.666666666667,100.2,1.9747151693380225,12035.4,100.36,1.6591580863678146,10737.0,101.1875,1.9551063371253299,11671.5,46.645367370413055,-0.005437469105289305,-0.012042389210019322,-0.3327430779137154,0.9809848854121795,0.9935387673857502,0.00992704282135895,3,5,102.0,106.0,105.0,103.8,102.95,100.95,101.6,99.3,100.1,101.1,100.5,100.9,98.9,96.9,94.7,94.7,97.26,101.68,103.0,105.74
2024-05-17,101.85,102.0,99.9,100.6,101.8,101.35,186.6,91.95,8696,875956.4,2.0999999999999943,1.25,0.5,0.15000000000000568,1.4499999999999886,100.6,102.55,99.95,4145.0,101.15,103.8,99.15,6212.0,101.05,105.0,100.6,5683.0,97.65,101.0,96.6,8540.0,101.03333333333335,0.9224062734543529,6351.0,100.94,1.6626785618433877,12066.6,100.28999999999999,1.594434765748139,10187.9,101.205,2.003606944854108,11699.55,45.77922073760327,0.00745526838966204,-0.005363237445148661,1.09794933655006,0.9936274509706506,0.9856931425655088,0.009927434744469004,4,5,106.0,105.0,103.8,102.95,100.95,101.6,99.3,100.1,101.1,100.5,100.9,98.9,96.9,94.7,94.7,97.26,101.68,103.0,105.74,113.0
2024-05-18,101.0,106.0,99.9,101.35,102.0,102.15,186.6,91.95,4941,507649.45,6.099999999999994,-0.3499999999999943,1.1500000000000057,3.8499999999999943,1.0999999999999943,101.35,102.0,99.9,8696.0,100.6,102.55,99.95,4145.0,101.15,103.8,99.15,6212.0,100.55,106.0,99.9,35597.0,101.36666666666669,2.1681405243452034,5927.333333333333,101.25999999999999,1.6626785618433877,5935.4,100.425,1.8642841938823895,9648.0,101.31,2.0310015030169497,11500.45,40.35714281678576,0.007893438579181122,0.03921568627450989,-0.4318077276908924,0.9636792452739276,0.9779735682723644,0.009733094362655155,5,5,105.0,103.8,102.95,100.95,101.6,99.3,100.1,101.1,100.5,100.9,98.9,96.9,94.7,94.7,97.26,101.68,103.0,105.74,113.0,113.9
2024-05-21,105.0,105.0,100.85,102.15,101.0,101.05,186.6,91.95,6484,656942.7,4.150000000000006,2.8499999999999943,3.950000000000003,0.0,0.20000000000000284,102.15,106.0,99.9,4941.0,101.35,102.0,99.9,8696.0,100.6,102.55,99.95,4145.0,101.05,105.0,100.6,5683.0,101.5166666666667,2.0816659994600055,6707.0,101.26,1.6626785618433877,6095.6,100.48499999999999,1.9402176281151133,9815.1,101.39750000000001,2.0419466331482656,11047.55,37.54152820428032,-0.010768477728830272,-0.009433962264150941,0.3122849625581865,0.9623809523717868,0.9980207817813159,0.009869962783664374,1,5,103.8,102.95,100.95,101.6,99.3,100.1,101.1,100.5,100.9,98.9,96.9,94.7,94.7,97.26,101.68,103.0,105.74,113.0,113.9,132.0
2024-05-22,103.8,103.8,100.15,101.05,100.8,100.55,186.6,91.95,13049,1315434.05,3.6499999999999915,2.75,3.25,0.0,0.3999999999999915,101.05,105.0,100.85,6484.0,102.15,106.0,99.9,4941.0,101.35,102.0,99.9,8696.0,101.15,103.8,99.15,6212.0,101.25000000000001,1.1015141094456238,8158.0,101.14,1.6626785618433877,7463.0,100.435,1.8222772688174198,10339.9,101.30749999999999,2.0347814443595045,11407.1,43.79844956486988,-0.004948045522018774,-0.011428571428571455,1.0124922887106722,0.9686897880446176,0.9960218796519541,0.009919919588519083,2,5,102.95,100.95,101.6,99.3,100.1,101.1,100.5,100.9,98.9,96.9,94.7,94.7,97.26,101.68,103.0,105.74,113.0,113.9,132.0,131.9
2024-05-23,102.95,102.95,98.85,100.55,99.9,99.7,186.6,91.95,11423,1145864.8,4.1000000000000085,2.4000000000000057,3.25,0.0,0.8500000000000085,100.55,103.8,100.15,13049.0,101.05,105.0,100.85,6484.0,102.15,106.0,99.9,4941.0,100.6,102.55,99.95,4145.0,100.43333333333335,1.0299676370196518,10318.666666666666,100.96000000000001,1.5913830462882124,8918.6,100.58,1.6971872154976577,10477.0,101.225,2.049961488725363,11473.9,41.39194134948814,-0.008453505718547971,-0.00818882466281301,-0.12460724959767033,0.96843127730968,0.9914744232598647,0.009968889872522474,3,5,100.95,101.6,99.3,100.1,101.1,100.5,100.9,98.9,96.9,94.7,94.7,97.26,101.68,103.0,105.74,113.0,113.9,132.0,131.9,125.28
2024-05-24,100.95,100.95,98.15,99.7,99.95,98.9,186.6,91.95,9424,935536.15,2.799999999999997,1.25,2.049999999999997,0.0,0.75,99.7,102.95,98.85,11423.0,100.55,103.8,100.15,13049.0,101.05,105.0,100.85,6484.0,101.35,102.0,99.9,8696.0,99.7166666666667,1.4631586835705563,11298.666666666666,100.47,1.9433862199814165,9064.2,100.70500000000001,1.7064339033994003,10565.4,101.0875,2.1388188452100176,11637.45,42.80303025763319,-0.008024072216649913,-0.01942690626517729,-0.17499781143307358,0.9796929172760803,0.9924165823964366,0.010073368089517427,4,5,101.6,99.3,100.1,101.1,100.5,100.9,98.9,96.9,94.7,94.7,97.26,101.68,103.0,105.74,113.0,113.9,132.0,131.9,125.28,124.0
2024-05-27,100.0,101.6,98.55,98.9,98.8,99.25,186.6,91.95,10602,1054276.25,3.049999999999997,1.0999999999999943,0.75,1.5999999999999943,0.7000000000000028,98.9,100.95,98.15,9424.0,99.7,102.95,98.85,11423.0,100.55,103.8,100.15,13049.0,102.15,106.0,99.9,4941.0,99.28333333333335,1.0202123961744385,10483.0,99.89000000000001,1.6360776265245265,10196.4,100.575,1.6436831946724508,8065.9,100.9175,2.1974506760512553,11573.7,45.454545406336074,0.003538928210313319,0.006438831104507159,0.125,0.9768700787305427,0.9929471032645546,0.010056187835019513,0,5,99.3,100.1,101.1,100.5,100.9,98.9,96.9,94.7,94.7,97.26,101.68,103.0,105.74,113.0,113.9,132.0,131.9,125.28,124.0,121.9
2024-05-28,99.25,99.3,98.2,99.25,99.3,99.15,186.6,91.95,8698,861511.45,1.0999999999999943,0.0,0.09999999999999432,0.04999999999999716,0.9500000000000028,99.25,101.6,98.55,10602.0,98.9,100.95,98.15,9424.0,99.7,102.95,98.85,11423.0,101.05,105.0,100.85,6484.0,99.10000000000002,1.1856784274448418,9574.666666666666,99.51,1.7537816283718866,10639.2,100.385,1.9696939976678007,8367.4,100.6325,2.3528314409382425,11461.6,42.51968499249802,-0.001007556675062915,-0.02263779527559051,-0.17958875683833242,0.9984894259718179,0.9904185577308077,0.010096209400350964,1,5,100.1,101.1,100.5,100.9,98.9,96.9,94.7,94.7,97.26,101.68,103.0,105.74,113.0,113.9,132.0,131.9,125.28,124.0,121.9,129.4
2024-05-29,99.1,100.1,96.5,99.15,98.55,99.55,186.6,91.95,5778,571261.8,3.5999999999999943,-0.05000000000001137,0.45000000000000284,0.5499999999999972,2.5999999999999943,99.15,99.3,98.2,8698.0,99.25,101.6,98.55,10602.0,98.9,100.95,98.15,9424.0,100.55,103.8,100.15,13049.0,99.31666666666668,1.167618659198324,8359.333333333334,99.31,1.4020520675121704,9185.0,100.225,2.102941062206733,8324.0,100.36999999999999,2.080776676854371,10570.7,56.31067953511169,0.004034291477559071,0.00805639476334341,-0.33570935847321226,0.9945054944955594,0.9693621295733866,0.01011445190278781,2,5,101.1,100.5,100.9,98.9,96.9,94.7,94.7,97.26,101.68,103.0,105.74,113.0,113.9,132.0,131.9,125.28,124.0,121.9,129.4,86.95
2024-05-30,99.55,101.1,96.5,99.55,96.5,97.3,186.6,91.95,9131,895894.6,4.599999999999994,0.0,2.25,1.5499999999999972,0.7999999999999972,99.55,100.1,96.5,5778.0,99.15,99.3,98.2,8698.0,99.25,101.6,98.55,10602.0,99.7,102.95,98.85,11423.0,98.66666666666669,0.9018499505505898,7869.0,98.83,0.9099450532946187,8726.6,99.89500000000001,2.142973012741268,8822.6,100.12750000000001,1.9285442423575712,9779.8,48.5355647966947,-0.022601707684580585,0.009990009990010096,0.5803046036690898,0.962413452018176,0.9917780061563024,0.010192047144831535,3,5,100.5,100.9,98.9,96.9,94.7,94.7,97.26,101.68,103.0,105.74,113.0,113.9,132.0,131.9,125.28,124.0,121.9,129.4,86.95,87.5
2024-05-31,99.85,100.5,97.3,97.3,97.3,97.7,186.6,91.95,14883,1465022.4,3.200000000000003,2.549999999999997,2.1499999999999915,0.6500000000000057,0.4000000000000057,97.3,101.1,96.5,9131.0,99.55,100.1,96.5,5778.0,99.15,99.3,98.2,8698.0,98.9,100.95,98.15,9424.0,98.18333333333335,0.5033222956596082,9930.666666666666,98.59,0.889943818460128,9818.4,99.53,2.216002406738471,9441.3,99.91,1.925425448540761,9814.6,34.920634868900706,0.004110996916752319,-0.005934718100890191,0.6299419559741539,0.972139303472914,0.9959058341760909,0.010158889038147123,4,5,100.9,98.9,96.9,94.7,94.7,97.26,101.68,103.0,105.74,113.0,113.9,132.0,131.9,125.28,124.0,121.9,129.4,86.95,87.5,90.44
2024-06-03,97.1,100.9,97.0,97.7,97.5,97.15,186.6,91.95,15337,1497030.45,3.9000000000000057,-0.6000000000000085,0.05000000000001137,3.75,0.09999999999999432,97.7,100.5,97.3,14883.0,97.3,101.1,96.5,9131.0,99.55,100.1,96.5,5778.0,99.25,101.6,98.55,10602.0,97.38333333333334,0.305505046288962,13117.0,98.17,0.7155417528107434,10765.4,99.03,1.767955504720243,10480.9,99.72749999999999,1.956036540395412,10064.45,29.47368416709149,-0.005629477993858711,0.003980099502487677,0.030504602566686856,0.9628344895841146,0.9984559958723781,0.01024494859139304,0,6,98.9,96.9,94.7,94.7,97.26,101.68,103.0,105.74,113.0,113.9,132.0,131.9,125.28,124.0,121.9,129.4,86.95,87.5,90.44,89.5
2024-06-04,98.9,98.9,88.15,97.15,90.0,89.4,186.6,88.15,25888,2387683.45,10.75,1.75,9.5,0.0,1.25,97.15,100.9,97.0,15337.0,97.7,100.5,97.3,14883.0,97.3,101.1,96.5,9131.0,99.15,99.3,98.2,8698.0,94.75000000000001,1.0583005244139263,18702.666666666668,96.22,0.8717797887170288,14203.4,97.865,1.5049547796836684,12421.3,99.175,2.1030303949536373,11118.2,15.743440220384372,-0.07977354606278952,-0.019821605550049526,0.6879441872595684,0.903943377139495,0.9860178970806933,0.010842308263266636,1,6,96.9,94.7,94.7,97.26,101.68,103.0,105.74,113.0,113.9,132.0,131.9,125.28,124.0,121.9,129.4,86.95,87.5,90.44,89.5,88.6
2024-06-05,96.9,96.9,89.1,89.4,90.15,90.85,186.6,88.15,16781,1539336.85,7.800000000000011,7.5,6.050000000000011,0.0,1.75,89.4,98.9,88.15,25888.0,97.15,100.9,97.0,15337.0,97.7,100.5,97.3,14883.0,99.55,100.1,96.5,5778.0,92.4666666666667,1.9999999999937392,19335.333333333332,94.47999999999999,1.768615277559208,16404.0,96.89500000000001,1.65767574902108,12794.5,98.66499999999999,2.4159271403256266,11567.2,22.991689732859598,0.01621923937360159,-0.020222446916076886,-0.3517846106304079,0.9375644994743284,0.9807374793507898,0.010901447594137689,2,6,94.7,94.7,97.26,101.68,103.0,105.74,113.0,113.9,132.0,131.9,125.28,124.0,121.9,129.4,86.95,87.5,90.44,89.5,88.6,87.18
2024-06-06,94.7,94.7,91.0,90.85,91.1,91.4,186.6,88.15,15486,1434293.55,3.700000000000003,3.8500000000000085,3.299999999999997,0.0,0.4000000000000057,90.85,96.9,89.1,16781.0,89.4,98.9,88.15,25888.0,97.15,100.9,97.0,15337.0,97.3,101.1,96.5,9131.0,90.55000000000001,2.1007935008725944,19385.0,93.30000000000001,2.5907527863569904,17675.0,96.065,2.1754246073412378,13200.8,98.3225,2.916490094904778,11838.9,22.12885152326031,0.006053935057787729,-0.02270381836945312,-0.07717060961802036,0.9651531150901251,0.9956236323742272,0.010796952966845587,3,6,94.7,97.26,101.68,103.0,105.74,113.0,113.9,132.0,131.9,125.28,124.0,121.9,129.4,86.95,87.5,90.44,89.5,88.6,87.18,88.95
2024-06-07,91.55,94.7,91.4,91.4,93.5,93.55,186.6,88.15,25765,2403711.25,3.299999999999997,0.14999999999999147,2.0,1.1500000000000057,0.14999999999999147,91.4,94.7,91.0,15486.0,90.85,96.9,89.1,16781.0,89.4,98.9,88.15,25888.0,97.7,100.5,97.3,14883.0,91.93333333333335,1.2701705922074662,19344.0,92.47,2.700370344974392,19851.4,95.53,2.572525780024824,14834.9,98.1175,3.305015128557417,12700.15,27.604166646538573,0.023522975929977985,0.0,0.6637608162211028,0.9878563885851334,0.9770176376164937,0.0107188415413873,4,6,97.26,101.68,103.0,105.74,113.0,113.9,132.0,131.9,125.28,124.0,121.9,129.4,86.95,87.5,90.44,89.5,88.6,87.18,88.95,88.36
2024-06-10,94.75,97.26,94.61,93.55,96.8,96.68,186.6,88.15,18629,1793075.72,2.6500000000000057,1.2000000000000028,1.9300000000000068,0.5799999999999983,0.14000000000000057,93.55,94.7,91.4,25765.0,91.4,94.7,91.0,15486.0,90.85,96.9,89.1,16781.0,97.15,100.9,97.0,15337.0,93.87666666666668,1.4780166891170914,19960.0,92.376,1.8011996002713007,20509.8,95.273,2.422501920651235,15637.6,97.924,3.2331107311679435,11851.75,39.70796040716386,0.0334580438268306,0.027032734952481485,-0.27696487483019605,0.9940366029097878,0.978589160105724,0.010389410660248073,0,6,101.68,103.0,105.74,113.0,113.9,132.0,131.9,125.28,124.0,121.9,129.4,86.95,87.5,90.44,89.5,88.6,87.18,88.95,88.36,88.44
2024-06-11,97.45,101.68,95.35,96.68,100.0,100.58,186.6,88.15,76777,7581558.56,6.3300000000000125,0.769999999999996,3.1299999999999955,1.1000000000000085,2.1000000000000085,96.68,97.26,94.61,18629.0,93.55,94.7,91.4,25765.0,91.4,94.7,91.0,15486.0,89.4,98.9,88.15,25888.0,96.93666666666668,3.5310621631422903,40390.333333333336,94.612,2.852563759150215,30687.6,95.416,2.625245808597543,22445.5,97.9005,3.093777243366469,15406.45,50.06090131137424,0.040339263549855175,0.04544519843717865,3.1213699071340386,0.9891817466464478,0.9480015907640882,0.010126809598895982,1,6,103.0,105.74,113.0,113.9,132.0,131.9,125.28,124.0,121.9,129.4,86.95,87.5,90.44,89.5,88.6,87.18,88.95,88.36,88.44,86.33
2024-06-12,102.75,103.0,99.85,100.58,99.95,101.67,186.6,88.15,31363,3187769.85,3.1500000000000057,2.1700000000000017,1.0799999999999983,0.25,1.8200000000000074,100.58,101.68,95.35,76777.0,96.68,97.26,94.61,18629.0,93.55,94.7,91.4,25765.0,90.85,96.9,89.1,16781.0,99.64333333333336,3.0062823109794836,42256.333333333336,96.776,3.8894369772521777,33604.0,95.62800000000001,2.941410092682896,25004.0,97.9265,3.0570100201260657,16664.0,53.96059506411547,0.010837144561543166,0.012981904012588474,-0.5915052685048907,0.9870873786311933,0.9820989475658295,0.009838539629829297,2,6,105.74,113.0,113.9,132.0,131.9,125.28,124.0,121.9,129.4,86.95,87.5,90.44,89.5,88.6,87.18,88.95,88.36,88.44,86.33,84.99
2024-06-13,103.6,105.74,102.05,101.67,104.7,105.2,186.6,88.15,68890,7181704.23,3.6899999999999977,1.9299999999999926,1.6000000000000085,0.539999999999992,1.5499999999999972,101.67,103.0,99.85,31363.0,100.58,101.68,95.35,76777.0,96.68,97.26,94.61,18629.0,91.4,94.7,91.0,15486.0,102.48333333333335,2.0709740059469173,59010.0,99.536,4.4506943278566515,44284.8,96.41799999999999,3.60656438548797,30979.9,98.1565,3.2368460932784933,19901.25,61.41304344710933,0.03472017310907849,0.026601941747572688,1.1965373210470935,0.9948931340931068,0.9700570342113112,0.009592430681317543,3,6,113.0,113.9,132.0,131.9,125.28,124.0,121.9,129.4,86.95,87.5,90.44,89.5,88.6,87.18,88.95,88.36,88.44,86.33,84.99,81.99
2024-06-14,105.8,113.0,105.25,105.2,108.19,108.38,186.6,88.15,118765,13076915.16,7.75,0.5999999999999943,2.5799999999999983,4.6200000000000045,0.5499999999999972,105.2,105.74,102.05,68890.0,101.67,103.0,99.85,31363.0,100.58,101.68,95.35,76777.0,93.55,94.7,91.4,25765.0,105.08333333333336,5.167449403071824,73006.0,102.502,5.825485387503206,62884.8,97.486,5.6222846285516574,41368.1,98.50800000000001,4.225413589223353,25404.7,65.00164308544124,0.03022813688212911,0.068658974843957,0.7239802583829293,0.9591150442392998,0.971120132856882,0.009082034910135487,4,6,113.9,132.0,131.9,125.28,124.0,121.9,129.4,86.95,87.5,90.44,89.5,88.6,87.18,88.95,88.36,88.44,86.33,84.99,81.99,84.3
2024-06-18,112.8,113.9,109.32,108.38,112.6,112.2,158.8,88.15,55256,6176373.47,4.5800000000000125,4.420000000000002,0.5999999999999943,1.1000000000000085,2.8800000000000097,108.38,113.0,105.25,118765.0,105.2,105.74,102.05,68890.0,101.67,103.0,99.85,31363.0,96.68,97.26,94.61,18629.0,108.59333333333336,4.474058560185997,80970.33333333333,105.606,5.666205079240565,70210.2,98.991,7.010807212994938,45360.0,99.01050000000001,4.979614125823277,27920.45,69.1068813772329,0.035246355416128416,0.007964601769911539,-0.5347450848313897,0.985074626857023,0.974331550793455,0.008946350195367962,1,6,132.0,131.9,125.28,124.0,121.9,129.4,86.95,87.5,90.44,89.5,88.6,87.18,88.95,88.36,88.44,86.33,84.99,81.99,84.3,84.42
2024-06-19,112.07,132.0,108.0,112.2,123.06,123.11,158.8,88.15,338836,41103205.22,24.0,-0.13000000000000966,11.040000000000006,8.89,4.069999999999993,112.2,113.9,109.32,55256.0,108.38,113.0,105.25,118765.0,105.2,105.74,102.05,68890.0,100.58,101.68,95.35,76777.0,114.56333333333335,10.719297240645298,170952.33333333334,110.112,11.326116721984116,122622.0,102.362,11.664991117775555,76654.8,100.1135,8.387141097505593,44538.05,76.37707118071476,0.09723707664884129,0.15891132572431954,5.132112349790068,0.9326515151444497,0.8772642352296542,0.008243542034895352,2,6,131.9,125.28,124.0,121.9,129.4,86.95,87.5,90.44,89.5,88.6,87.18,88.95,88.36,88.44,86.33,84.99,81.99,84.3,84.42,83.8
2024-06-20,122.0,131.9,118.0,123.11,124.82,125.03,158.8,88.15,135865,17153884.12,13.900000000000006,-1.1099999999999994,3.030000000000001,6.8700000000000045,4.0,123.11,132.0,108.0,338836.0,112.2,113.9,109.32,55256.0,108.38,113.0,105.25,118765.0,101.67,103.0,99.85,31363.0,120.11333333333336,10.421292306297973,176652.33333333334,114.78400000000002,11.966341128348509,143522.4,105.78,13.90438843595012,88563.2,101.3375,10.571197910509092,50678.85,81.27678770273235,0.015595808626431618,-0.0007575757575757347,-0.5990243067442657,0.9479150871800766,0.9437734943538049,0.007920363635987998,3,6,125.28,124.0,121.9,129.4,86.95,87.5,90.44,89.5,88.6,87.18,88.95,88.36,88.44,86.33,84.99,81.99,84.3,84.42,83.8,85.49
2024-06-21,124.02,125.28,120.02,125.03,120.02,120.64,158.8,88.15,36166,4415218.1,5.260000000000005,-1.0100000000000051,3.3799999999999955,1.2600000000000051,0.6200000000000045,125.03,131.9,118.0,135865.0,123.11,132.0,108.0,338836.0,112.2,113.9,109.32,55256.0,105.2,105.74,102.05,68890.0,122.92666666666669,3.8512508790398243,170289.0,117.872,9.327179638025788,136977.6,108.704,13.824249386896833,90631.2,102.3845,11.528721787458732,51916.0,73.7375827600926,-0.03511157322242664,-0.050189537528430694,-0.7338092959923453,0.9629629629552764,0.9948607426973237,0.008191214834891167,4,6,124.0,121.9,129.4,86.95,87.5,90.44,89.5,88.6,87.18,88.95,88.36,88.44,86.33,84.99,81.99,84.3,84.42,83.8,85.49,83.59
2024-06-24,121.3,124.0,118.03,120.64,118.2,118.24,158.8,88.15,43428,5268095.32,5.969999999999999,0.6599999999999966,3.0600000000000023,2.700000000000003,0.20999999999999375,120.64,125.28,120.02,36166.0,125.03,131.9,118.0,135865.0,123.11,132.0,108.0,338836.0,108.38,113.0,105.25,118765.0,121.30333333333334,4.240141507069292,71819.66666666667,119.84400000000001,7.416756703573446,121910.2,111.173,12.857657640488293,92397.5,103.35149999999999,12.166475552452127,53616.2,71.0185369544696,-0.019893899204244114,-0.010217113665389577,0.20079632804291325,0.9535483870890842,0.9982239512770786,0.008243586602377572,0,6,121.9,129.4,86.95,87.5,90.44,89.5,88.6,87.18,88.95,88.36,88.44,86.33,84.99,81.99,84.3,84.42,83.8,85.49,83.59,83.75
2024-06-25,118.9,121.9,117.76,118.24,119.5,119.42,158.8,88.15,25329,3027580.48,4.140000000000001,0.6600000000000108,0.519999999999996,2.480000000000004,1.1400000000000006,118.24,124.0,118.03,43428.0,120.64,125.28,120.02,36166.0,125.03,131.9,118.0,135865.0,112.2,113.9,109.32,55256.0,119.43333333333335,1.7064973874299514,34974.333333333336,121.28800000000001,4.663076237849943,115924.8,113.447,11.407124479416208,93067.5,104.35999999999999,12.548581635094301,54352.55,84.42660547747768,0.009979702300406013,-0.01693548387096766,-0.4167587731417519,0.9796554552831856,0.9860994808157252,0.008366086440086967,1,6,129.4,86.95,87.5,90.44,89.5,88.6,87.18,88.95,88.36,88.44,86.33,84.99,81.99,84.3,84.42,83.8,85.49,83.59,83.75,84.96
2024-06-26,120.0,129.4,119.97,119.42,126.52,127.1,158.8,88.15,98048,12376872.44,9.430000000000007,0.5799999999999983,7.099999999999994,2.3000000000000114,0.030000000000001137,119.42,121.9,117.76,25329.0,118.24,124.0,118.03,43428.0,120.64,125.28,120.02,36166.0,123.11,132.0,108.0,338836.0,121.58666666666669,3.8691084244269893,55601.666666666664,122.08599999999998,4.076405279164607,67767.2,116.099,10.541002271553554,95194.6,105.75750000000001,13.255769389411457,58820.05,86.3736704553636,0.0643108357059119,0.061525840853158265,2.870977930435469,0.9822256568703074,0.9439024390169638,0.007921872062212187,2,6,86.95,87.5,90.44,89.5,88.6,87.18,88.95,88.36,88.44,86.33,84.99,81.99,84.3,84.42,83.8,85.49,83.59,83.75,84.96,81.67
2024-10-08,79.73,86.95,79.73,83.93,82.92,83.38,149.8,79.73,19423,1587574.75,7.219999999999999,-4.200000000000003,3.6499999999999915,3.5700000000000074,0.0,127.1,129.4,119.97,98048.0,119.42,121.9,117.76,25329.0,118.24,124.0,118.03,43428.0,125.03,131.9,118.0,135865.0,109.96666666666668,22.655959480895348,47600.0,113.756,17.29921038660452,44478.8,114.27000000000001,14.055216548393343,94000.6,104.949,14.041218073941966,59502.3,45.68817203613296,-0.34398111723052716,-0.3280525502318392,-0.8019031494778068,0.9589419206330195,0.9562245142605394,0.012234384554176104,1,10,87.5,90.44,89.5,88.6,87.18,88.95,88.36,88.44,86.33,84.99,81.99,84.3,84.42,83.8,85.49,83.59,83.75,84.96,81.67,83.15
2024-10-09,83.98,87.5,83.18,83.38,87.5,87.48,149.8,79.73,5635,485666.71,4.319999999999993,0.6000000000000085,3.5,0.01999999999999602,0.7999999999999972,83.38,86.95,79.73,19423.0,127.1,129.4,119.97,98048.0,119.42,121.9,117.76,25329.0,120.64,125.28,120.02,36166.0,99.32000000000001,24.35130044439732,41035.333333333336,107.124,20.92552269359143,38372.6,112.498,16.797691673428314,87675.1,104.458,14.739845559070744,59327.5,46.80358082511586,0.04917246342048465,0.006325474410580734,-0.7098800391288678,0.9997714285600026,0.9508459076251617,0.01160260706359715,2,10,90.44,89.5,88.6,87.18,88.95,88.36,88.44,86.33,84.99,81.99,84.3,84.42,83.8,85.49,83.59,83.75,84.96,81.67,83.15,81.5
2024-10-10,87.9,90.44,87.9,87.48,89.48,89.01,149.8,79.73,5463,484276.75,2.539999999999992,0.4200000000000017,1.1099999999999994,1.4299999999999926,0.0,87.48,87.5,83.18,5635.0,83.38,86.95,79.73,19423.0,127.1,129.4,119.97,98048.0,118.24,124.0,118.03,43428.0,86.62333333333335,1.876441667972853,10173.666666666666,101.27799999999999,20.67300703816485,30779.6,110.561,18.73554319705985,76344.9,104.02350000000001,15.174688022458374,58856.5,45.89180502793267,0.017489711934156382,0.033600000000000074,-0.030523513753327403,0.9841884121961059,0.9875294910573247,0.011280739783605116,3,10,89.5,88.6,87.18,88.95,88.36,88.44,86.33,84.99,81.99,84.3,84.42,83.8,85.49,83.59,83.75,84.96,81.67,83.15,81.5,82.52
2024-10-11,89.5,89.5,86.0,89.01,86.0,88.18,149.8,79.73,2592,229482.34,3.5,0.4899999999999949,1.3199999999999932,0.0,2.180000000000007,89.01,90.44,87.9,5463.0,87.48,87.5,83.18,5635.0,83.38,86.95,79.73,19423.0,119.42,121.9,117.76,25329.0,88.22333333333336,1.5015103507151557,4563.333333333333,95.03,18.303027618402833,26232.2,108.15899999999999,20.3192487011155,71078.5,103.575,15.642639054166711,58219.25,43.13247673234544,-0.009324794966857675,-0.010393631136665138,-0.5255354200988468,0.9852513966370363,0.9752778407691621,0.011294986795062264,4,10,88.6,87.18,88.95,88.36,88.44,86.33,84.99,81.99,84.3,84.42,83.8,85.49,83.59,83.75,84.96,81.67,83.15,81.5,82.52,81.9
2024-10-14,88.6,88.6,86.0,88.18,86.0,86.21,149.8,79.73,6739,586235.2,2.5999999999999943,0.4199999999999875,2.3900000000000006,0.0,0.20999999999999375,88.18,89.5,86.0,2592.0,89.01,90.44,87.9,5463.0,87.48,87.5,83.18,5635.0,127.1,129.4,119.97,98048.0,87.80000000000001,0.9200724608990126,4931.333333333333,86.852,1.4254893896556855,7970.4,104.46900000000001,20.18041517577554,37868.8,103.4155,16.08432708047101,57261.8,41.520403679450574,-0.022340666817872723,-0.010055865921787754,1.5999228395061729,0.973024830688792,0.9975640876812718,0.011495386152179174,0,10,87.18,88.95,88.36,88.44,86.33,84.99,81.99,84.3,84.42,83.8,85.49,83.59,83.75,84.96,81.67,83.15,81.5,82.52,81.9,80.99
2024-10-15,86.21,87.18,84.01,86.21,86.5,85.51,149.8,79.73,9422,811718.77,3.1700000000000017,0.0,0.6999999999999886,0.9700000000000131,1.5,86.21,88.6,86.0,6739.0,88.18,89.5,86.0,2592.0,89.01,90.44,87.9,5463.0,83.38,86.95,79.73,19423.0,86.63333333333337,1.1696723187734162,6251.0,87.27799999999999,1.3612788105384275,5970.2,100.51700000000001,19.110790000532376,25224.5,103.14850000000001,16.52777670755298,56893.85,38.854296382384696,-0.00811970769052306,-0.016027088036117187,0.3981302863926399,0.980844230316806,0.9824581920128352,0.01160746843392569,1,10,88.95,88.36,88.44,86.33,84.99,81.99,84.3,84.42,83.8,85.49,83.59,83.75,84.96,81.67,83.15,81.5,82.52,81.9,80.99,83.75
2024-10-16,86.0,88.95,84.0,85.51,84.49,84.16,149.8,79.73,20522,1752455.14,4.950000000000003,0.4899999999999949,1.8400000000000034,2.950000000000003,0.1599999999999966,85.51,87.18,84.01,9422.0,86.21,88.6,86.0,6739.0,88.18,89.5,86.0,2592.0,87.48,87.5,83.18,5635.0,85.29333333333335,0.9373544331280406,12227.666666666666,86.614,1.2017404045885973,8947.6,96.869,17.83089503580178,23660.1,102.7865,16.781494005380615,57145.65,35.99999999417341,-0.015787627178107888,0.02030282174810738,1.1780938229675226,0.9461495221928481,0.9980988593037298,0.0117104281482492,2,10,88.36,88.44,86.33,84.99,81.99,84.3,84.42,83.8,85.49,83.59,83.75,84.96,81.67,83.15,81.5,82.52,81.9,80.99,83.75,81.01
2024-10-17,84.6,88.36,84.51,84.16,86.3,84.82,149.8,79.73,59258,5143650.78,3.8499999999999943,0.4399999999999977,0.21999999999999886,3.5400000000000063,0.0899999999999892,84.16,88.95,84.0,20522.0,85.51,87.18,84.01,9422.0,86.21,88.6,86.0,6739.0,89.01,90.44,87.9,5463.0,84.83000000000003,0.9012398866588152,29734.0,85.776,0.8621020821347003,19706.6,93.527,15.826004479267015,25243.1,102.35,17.056728908340705,58820.3,33.573314129229345,0.007842205323193907,-0.006632939853850495,1.8875353279407463,0.9599366228954284,0.996345201591649,0.01152061104739307,3,10,88.44,86.33,84.99,81.99,84.3,84.42,83.8,85.49,83.59,83.75,84.96,81.67,83.15,81.5,82.52,81.9,80.99,83.75,81.01,76.19
2024-10-18,85.3,88.44,83.2,84.82,83.27,83.88,149.8,79.73,24537,2102880.48,5.239999999999995,0.480000000000004,1.4200000000000017,3.1400000000000006,0.6799999999999926,84.82,88.36,84.51,59258.0,84.16,88.95,84.0,20522.0,85.51,87.18,84.01,9422.0,88.18,89.5,86.0,2592.0,84.28666666666668,0.3200520790508883,34772.333333333336,84.91599999999998,0.6689394591598691,24095.6,89.97299999999998,12.99736708380247,25163.9,101.71,17.38709848376676,59115.7,23.26563990287967,-0.011082291912284825,0.0009053870529651675,-0.5859293259981775,0.9484396200706869,0.9918931807225574,0.011668280833535527,4,10,86.33,84.99,81.99,84.3,84.42,83.8,85.49,83.59,83.75,84.96,81.67,83.15,81.5,82.52,81.9,80.99,83.75,81.01,76.19,75.0
2024-10-21,84.3,86.33,81.45,83.88,82.25,83.09,149.8,79.73,8415,708297.19,4.8799999999999955,0.4200000000000017,1.2099999999999937,2.030000000000001,1.6400000000000006,83.88,88.44,83.2,24537.0,84.82,88.36,84.51,59258.0,84.16,88.95,84.0,20522.0,86.21,88.6,86.0,6739.0,83.93000000000002,1.195784261466695,30736.666666666668,84.292,1.06975230778968,24430.8,85.572,1.2515257355189229,16200.6,100.8355,17.868199118457234,55697.6,20.97176079327791,-0.00941821649976149,-0.023857982813206724,-0.6570485389411909,0.9624695934094467,0.9802623660972407,0.011880606218415166,0,10,84.99,81.99,84.3,84.42,83.8,85.49,83.59,83.75,84.96,81.67,83.15,81.5,82.52,81.9,80.99,83.75,81.01,76.19,75.0,78.15
2024-10-22,83.41,84.99,78.93,83.09,80.0,79.94,149.8,78.93,15678,1278569.83,6.059999999999988,0.3199999999999932,3.469999999999999,1.5799999999999983,1.009999999999991,83.09,86.33,81.45,8415.0,83.88,88.44,83.2,24537.0,84.82,88.36,84.51,59258.0,85.51,87.18,84.01,9422.0,82.30333333333336,1.7392622957175752,16210.0,83.178,1.6850608297689402,25682.0,85.228,1.5829750471815598,15826.1,99.749,18.374193458847422,54913.35,21.338028164806587,-0.03791069924178603,-0.015521834819877234,0.8631016042780748,0.9405812448412686,0.9873655241307561,0.012262138236125897,1,10,81.99,84.3,84.42,83.8,85.49,83.59,83.75,84.96,81.67,83.15,81.5,82.52,81.9,80.99,83.75,81.01,76.19,75.0,78.15,73.88
2024-10-23,81.91,81.99,77.02,79.94,80.8,80.56,149.8,77.02,12463,997623.39,4.969999999999999,1.9699999999999989,1.3499999999999943,0.0799999999999983,3.5400000000000063,79.94,84.99,78.93,15678.0,83.09,86.33,81.45,8415.0,83.88,88.44,83.2,24537.0,84.16,88.95,84.0,20522.0,81.19666666666669,2.2222811103244284,12185.333333333334,82.458,2.6800130596738434,24070.2,84.536,2.4878808474503793,16508.9,98.51700000000001,18.960725467743877,52092.0,22.782432818275737,0.007755816862647036,-0.035298270384751196,-0.20506442148233195,0.9825588486280942,0.9560575968103765,0.012492690252581174,2,10,84.3,84.42,83.8,85.49,83.59,83.75,84.96,81.67,83.15,81.5,82.52,81.9,80.99,83.75,81.01,76.19,75.0,78.15,73.88,71.5
2024-10-24,82.58,84.3,80.63,80.56,81.79,81.8,149.8,77.02,9870,815836.83,3.6700000000000017,2.019999999999996,0.7800000000000011,1.7199999999999989,1.1700000000000017,80.56,81.99,77.02,12463.0,79.94,84.99,78.93,15678.0,83.09,86.33,81.45,8415.0,84.82,88.36,84.51,59258.0,80.7666666666667,1.5712097250117338,12670.333333333334,81.85400000000001,2.3943788338570817,14192.6,83.815,2.4326994608183288,16949.6,97.188,19.17170241321948,46647.25,22.849307154735982,0.015392254220456758,0.028174167581412446,-0.2080558453020942,0.9703440094784063,0.9856968215038423,0.012098007391992818,3,10,84.42,83.8,85.49,83.59,83.75,84.96,81.67,83.15,81.5,82.52,81.9,80.99,83.75,81.01,76.19,75.0,78.15,73.88,71.5,71.24
2024-10-25,84.37,84.42,80.0,81.8,82.35,82.02,149.8,77.02,5582,454738.72,4.420000000000002,2.5700000000000074,2.3500000000000085,0.04999999999999716,2.019999999999996,81.8,84.3,80.63,9870.0,80.56,81.99,77.02,12463.0,79.94,84.99,78.93,15678.0,83.88,88.44,83.2,24537.0,81.46000000000002,1.3696349878604372,9305.0,81.482,1.572523449753054,10401.6,83.199,2.3500884144122143,17248.6,95.679,19.228149396406277,44163.55,13.539307664355377,0.0026894865525672884,0.00142348754448407,-0.43444782168186424,0.9715707178278656,0.9753718605099321,0.012275180789531158,4,10,83.8,85.49,83.59,83.75,84.96,81.67,83.15,81.5,82.52,81.9,80.99,83.75,81.01,76.19,75.0,78.15,73.88,71.5,71.24,71.96
2024-10-28,83.8,83.8,81.61,82.02,83.0,83.35,149.8,77.02,4452,368543.16,2.1899999999999977,1.7800000000000011,0.45000000000000284,0.0,1.7399999999999949,82.02,84.42,80.0,5582.0,81.8,84.3,80.63,9870.0,80.56,81.99,77.02,12463.0,83.09,86.33,81.45,8415.0,82.39000000000001,0.32883633209359797,6634.666666666667,81.53399999999999,1.1485425547290449,9609.0,82.913,2.330947351519197,17019.9,93.691,17.86249150859782,27444.35,49.922799758161645,0.01621555718117529,-0.0073442312248283015,-0.2024364027230383,0.9946300715871762,0.9791241751532199,0.012079996275063112,0,10,85.49,83.59,83.75,84.96,81.67,83.15,81.5,82.52,81.9,80.99,83.75,81.01,76.19,75.0,78.15,73.88,71.5,71.24,71.96,71.54
2024-10-29,84.45,85.49,81.65,83.35,82.96,82.28,149.8,77.02,10342,861540.61,3.839999999999989,1.1000000000000085,2.1700000000000017,1.039999999999992,0.6299999999999955,83.35,83.8,81.61,4452.0,82.02,84.42,80.0,5582.0,81.8,84.3,80.63,9870.0,79.94,84.99,78.93,15678.0,82.55000000000003,0.8549268974429468,6792.0,82.002,1.2812689023087467,8541.8,82.58999999999999,2.2867446536747074,17111.9,91.55350000000001,15.964270270298917,21168.2,34.146341434265295,-0.012837432513497227,0.020167064439140736,1.3230008984725967,0.9624517487312849,0.9923432182669866,0.012004077207689591,1,10,83.59,83.75,84.96,81.67,83.15,81.5,82.52,81.9,80.99,83.75,81.01,76.19,75.0,78.15,73.88,71.5,71.24,71.96,71.54,71.68
2024-10-30,83.59,83.59,79.34,82.28,80.5,80.57,149.8,77.02,12851,1042006.3,4.25,1.3100000000000023,3.0200000000000102,0.0,1.2299999999999898,82.28,85.49,81.65,10342.0,83.35,83.8,81.61,4452.0,82.02,84.42,80.0,5582.0,80.56,81.99,77.02,12463.0,82.06666666666668,1.0416493331754009,9215.0,82.00399999999999,0.7386812573927071,8619.4,82.231,2.0589773621330436,16344.8,89.55,14.359902240907235,20002.45,24.54764774766781,-0.020782693242586414,-0.02222482161656325,0.2426029781473602,0.963871276456946,0.9847337718631659,0.012332938869947319,2,10,83.75,84.96,81.67,83.15,81.5,82.52,81.9,80.99,83.75,81.01,76.19,75.0,78.15,73.88,71.5,71.24,71.96,71.54,71.68,72.58
2024-10-31,83.5,83.75,80.28,80.57,81.03,81.41,149.8,77.02,6308,513703.68,3.469999999999999,2.930000000000007,2.0900000000000034,0.25,1.1299999999999955,80.57,83.59,79.34,12851.0,82.28,85.49,81.65,10342.0,83.35,83.8,81.61,4452.0,81.8,84.3,80.63,9870.0,81.42000000000002,1.0538184536744248,9833.666666666666,81.926,0.7820805585253549,7907.0,81.89,1.760012626216887,11049.8,87.70849999999999,12.366469265932553,18146.45,29.59614222939443,0.010425716768027948,0.0019141045579613714,-0.5091432573340596,0.9720597014809306,0.986119641309592,0.012279452621402261,3,10,84.96,81.67,83.15,81.5,82.52,81.9,80.99,83.75,81.01,76.19,75.0,78.15,73.88,71.5,71.24,71.96,71.54,71.68,72.58,75.0
2024-11-01,81.42,84.96,80.05,81.41,82.0,81.67,149.8,77.02,2821,229312.79,4.909999999999997,0.010000000000005116,0.25,3.289999999999992,1.3700000000000045,81.41,83.75,80.28,6308.0,80.57,83.59,79.34,12851.0,82.28,85.49,81.65,10342.0,82.02,84.42,80.0,5582.0,81.21666666666668,0.7490660851830263,7326.666666666667,81.856,0.8524494120024175,7354.8,81.66900000000001,1.1933780252331692,8878.2,85.821,9.912633672025834,17021.05,34.74462362322416,0.003193710846333353,0.014447761194029685,-0.5527901077996196,0.961275894527292,0.9801640749237153,0.012301974085265753,4,11,81.67,83.15,81.5,82.52,81.9,80.99,83.75,81.01,76.19,75.0,78.15,73.88,71.5,71.24,71.96,71.54,71.68,72.58,75.0,78.04
2024-11-04,81.67,81.67,80.0,81.67,80.03,80.33,149.8,77.02,3702,297195.75,1.6700000000000017,0.0,1.3400000000000034,0.0,0.3299999999999983,81.67,84.96,80.05,2821.0,81.41,83.75,80.28,6308.0,80.57,83.59,79.34,12851.0,83.35,83.8,81.61,4452.0,81.13666666666668,1.6640612969393411,4277.0,81.252,1.478418073490547,7204.8,81.393,1.2480936574536128,8406.9,83.48249999999999,2.532085628798797,12303.75,33.31185564005372,-0.016407493571691023,-0.03872410546139349,0.3123006026231834,0.9835925064162655,0.9958919457114914,0.01245643654056287,0,11,83.15,81.5,82.52,81.9,80.99,83.75,81.01,76.19,75.0,78.15,73.88,71.5,71.24,71.96,71.54,71.68,72.58,75.0,78.04,81.39
2024-11-05,80.57,83.15,79.05,80.33,80.27,81.25,149.8,77.02,8488,687544.04,4.1000000000000085,0.23999999999999488,0.6800000000000068,1.9000000000000057,1.519999999999996,80.33,81.67,80.0,3702.0,81.67,84.96,80.05,2821.0,81.41,83.75,80.28,6308.0,82.28,85.49,81.65,10342.0,81.08333333333336,1.6477560498967818,5003.666666666667,81.046,1.1879309744357052,6834.0,81.524,1.2037330822617756,7687.9,83.376,2.6033934838148007,11757.0,40.35785284526112,0.01145275737582474,0.018121709317987067,1.2928146947595893,0.9771497293929385,0.9729230769111024,0.012345390994880832,1,11,81.5,82.52,81.9,80.99,83.75,81.01,76.19,75.0,78.15,73.88,71.5,71.24,71.96,71.54,71.68,72.58,75.0,78.04,81.39,78.0
2024-11-06,81.39,81.5,79.22,81.25,81.43,81.1,149.8,77.02,10818,873066.27,2.280000000000001,0.14000000000000057,0.29000000000000625,0.10999999999999943,1.8799999999999955,81.25,83.15,79.05,8488.0,80.33,81.67,80.0,3702.0,81.67,84.96,80.05,2821.0,80.57,83.59,79.34,12851.0,80.89333333333335,0.907542469146658,7669.333333333333,81.152,1.4530416374020387,6427.4,81.578,1.2886000155199773,7523.4,83.057,2.747453318408244,12016.15,37.24279831814822,-0.0018461538461539417,-0.0198436560432953,0.27450518378887834,0.9950920245276674,0.9768187422814203,0.012390811982691746,2,11,82.52,81.9,80.99,83.75,81.01,76.19,75.0,78.15,73.88,71.5,71.24,71.96,71.54,71.68,72.58,75.0,78.04,81.39,78.0,78.2
2024-11-07,82.52,82.52,79.12,81.1,79.6,79.65,149.8,77.02,18855,1502004.92,3.3999999999999915,1.4200000000000017,2.8699999999999903,0.0,0.5300000000000011,81.1,81.5,79.22,10818.0,81.25,83.15,79.05,8488.0,80.33,81.67,80.0,3702.0,81.41,83.75,80.28,6308.0,80.66666666666669,0.8326463835095171,12720.333333333334,80.8,1.3986958211219964,8936.8,81.363,1.3135300191122952,8421.9,82.589,2.573945312875645,12685.75,35.984095394050584,-0.017879161528976395,0.0125153374233129,0.742928452579035,0.965220552581614,0.9933458882486711,0.01255322119717157,3,11,81.9,80.99,83.75,81.01,76.19,75.0,78.15,73.88,71.5,71.24,71.96,71.54,71.68,72.58,75.0,78.04,81.39,78.0,78.2,77.94
2024-11-08,81.9,81.9,79.03,79.65,79.03,79.41,149.8,77.02,6132,489173.01,2.8700000000000045,2.25,2.490000000000009,0.0,0.37999999999999545,79.65,82.52,79.12,18855.0,81.1,81.5,79.22,10818.0,81.25,83.15,79.05,8488.0,81.67,84.96,80.05,2821.0,80.05333333333336,0.5139390365644564,11935.0,80.348,0.680492468749273,9599.0,81.102,1.355286357604574,8476.9,82.1505,2.4602427672232725,12862.75,37.34525443446812,-0.003013182674199699,-0.007513330101793336,-0.6747812251392203,0.9695970695852306,0.9952147084624705,0.012535442215015067,4,11,80.99,83.75,81.01,76.19,75.0,78.15,73.88,71.5,71.24,71.96,71.54,71.68,72.58,75.0,78.04,81.39,78.0,78.2,77.94,77.0
2024-11-11,80.99,80.99,78.9,79.41,79.76,79.77,149.8,77.02,5769,459227.86,2.089999999999989,1.5799999999999983,1.2199999999999989,0.0,0.8699999999999903,79.41,81.9,79.03,6132.0,79.65,82.52,79.12,18855.0,81.1,81.5,79.22,10818.0,80.33,81.67,80.0,3702.0,79.61000000000001,0.7695669777899802,10252.0,80.23599999999999,0.8473901108843326,10012.4,80.744,1.5074319590313177,8608.6,81.82849999999999,2.4289902602111564,12814.25,49.2765956859683,0.004533434076312792,-0.011111111111111294,-0.05919765166340507,0.9849364118905428,0.9890936442147539,0.012562391140642006,0,11,83.75,81.01,76.19,75.0,78.15,73.88,71.5,71.24,71.96,71.54,71.68,72.58,75.0,78.04,81.39,78.0,78.2,77.94,77.0,78.64
2024-11-12,82.0,83.75,77.4,79.77,79.0,79.42,149.8,77.02,58405,4739914.44,6.349999999999994,2.230000000000004,2.5799999999999983,1.75,2.019999999999996,79.77,80.99,78.9,5769.0,79.41,81.9,79.03,6132.0,79.65,82.52,79.12,18855.0,81.25,83.15,79.05,8488.0,79.53333333333335,1.4064257297507101,23435.333333333332,79.86999999999999,1.063705786401717,19995.8,80.458,1.2624385573599015,13414.9,81.524,2.3429825234630437,15263.4,45.034843150654375,-0.004387614391375139,0.034078281269292576,9.123938290864968,0.9482985074513636,0.9745656005921107,0.012321952376845009,1,11,81.01,76.19,75.0,78.15,73.88,71.5,71.24,71.96,71.54,71.68,72.58,75.0,78.04,81.39,78.0,78.2,77.94,77.0,78.64,83.0
2024-11-13,81.01,81.01,75.44,79.42,75.44,75.44,149.8,75.44,24513,1871745.17,5.570000000000007,1.5900000000000034,5.570000000000007,0.0,0.0,79.42,83.75,77.4,58405.0,79.77,80.99,78.9,5769.0,79.41,81.9,79.03,6132.0,81.1,81.5,79.22,10818.0,78.21000000000002,1.5877447317830415,29562.333333333332,78.738,1.1551320270967065,22734.8,79.94500000000001,1.3393447817654012,14581.1,81.088,2.169623966931768,15462.95,27.637130774478237,-0.05011332158146564,-0.03271641791044766,-0.5802927831521274,0.931243056401293,0.9999999999867444,0.01309633404850725,2,11,76.19,75.0,78.15,73.88,71.5,71.24,71.96,71.54,71.68,72.58,75.0,78.04,81.39,78.0,78.2,77.94,77.0,78.64,83.0,78.84
2024-11-14,73.33,76.19,71.73,75.44,72.49,72.17,149.8,71.73,21500,1571701.1,4.459999999999994,-2.1099999999999994,1.1599999999999966,2.8599999999999994,0.4399999999999977,75.44,81.01,75.44,24513.0,79.42,83.75,77.4,58405.0,79.77,80.99,78.9,5769.0,79.65,82.52,79.12,18855.0,75.67666666666669,3.8273924979422738,34806.0,77.24199999999999,2.7946234093389517,23263.8,79.021,2.332981878292674,16100.3,80.4555,2.5158300921607277,13575.05,21.482339299319506,-0.043345705196182305,-0.05949882730527101,-0.12291437196589561,0.9472371702198814,0.9939032838992116,0.0136794457928419,3,11,75.0,78.15,73.88,71.5,71.24,71.96,71.54,71.68,72.58,75.0,78.04,81.39,78.0,78.2,77.94,77.0,78.64,83.0,78.84,79.99
2024-11-18,74.52,75.0,70.0,72.17,75.0,74.65,149.8,70.0,29338,2140475.13,5.0,2.3499999999999943,0.13000000000000966,0.3499999999999943,4.519999999999996,72.17,76.19,71.73,21500.0,75.44,81.01,75.44,24513.0,79.42,83.75,77.4,58405.0,79.41,81.9,79.03,6132.0,74.08666666666669,3.1824675960599227,25117.0,76.28999999999999,3.6642216090223108,27905.0,78.31899999999999,2.8790885903543177,18752.0,79.994,2.8284634102543436,13815.1,26.384364800793705,0.03436330885409444,-0.015618847617797527,0.3645581395348838,0.9953333333200622,0.9377093101013032,0.013706302674957961,0,11,78.15,73.88,71.5,71.24,71.96,71.54,71.68,72.58,75.0,78.04,81.39,78.0,78.2,77.94,77.0,78.64,83.0,78.84,79.99,80.7
2024-11-19,78.15,78.15,71.2,74.65,71.22,72.2,149.8,70.0,35712,2644392.9,6.950000000000003,3.5,5.950000000000003,0.0,1.0,74.65,75.0,70.0,29338.0,72.17,76.19,71.73,21500.0,75.44,81.01,75.44,24513.0,79.77,80.99,78.9,5769.0,73.00666666666669,1.5906078502587357,28850.0,74.776,3.57278602774171,33893.6,77.506,2.9702906703997605,21953.0,79.4495,2.8467458799922416,15179.95,24.5454545280992,-0.03281982585398535,0.04200000000000004,0.21726089031290474,0.923864363391889,0.986149584473876,0.013504801045260705,1,11,73.88,71.5,71.24,71.96,71.54,71.68,72.58,75.0,78.04,81.39,78.0,78.2,77.94,77.0,78.64,83.0,78.84,79.99,80.7,80.99
2024-11-21,72.0,73.88,69.03,72.2,69.03,69.48,149.8,69.03,18812,1334303.2,4.849999999999994,-0.20000000000000284,2.519999999999996,1.8799999999999955,0.45000000000000284,72.2,78.15,71.2,35712.0,74.65,75.0,70.0,29338.0,72.17,76.19,71.73,21500.0,79.42,83.75,77.4,58405.0,72.11000000000003,2.2139632637658453,27954.0,72.788,2.8140060412208685,25975.0,76.32900000000001,3.432765163343334,22985.4,78.9265,3.3107821861608553,15336.65,23.354156639742556,-0.037673130193905835,-0.05463851567498412,-0.4732302867383512,0.9404439631708116,0.9935233160478767,0.014098744573197446,3,11,71.5,71.24,71.96,71.54,71.68,72.58,75.0,78.04,81.39,78.0,78.2,77.94,77.0,78.64,83.0,78.84,79.99,80.7,80.99,79.8
2024-11-22,71.5,71.5,67.05,69.48,67.32,67.95,149.8,67.05,18582,1290195.96,4.450000000000003,2.019999999999996,3.549999999999997,0.0,0.9000000000000057,69.48,73.88,69.03,18812.0,72.2,78.15,71.2,35712.0,74.65,75.0,70.0,29338.0,75.44,81.01,75.44,24513.0,69.87666666666668,3.3694658330321956,24368.666666666668,71.29,2.4913510391008,24788.8,75.014,4.161128185693682,23761.8,78.29599999999999,4.004147060760874,15642.6,18.697674406429456,-0.022020725388601003,-0.0322144017325392,-0.012226238571124814,0.9503496503363588,0.9867549668728953,0.014402463328128843,4,11,71.24,71.96,71.54,71.68,72.58,75.0,78.04,81.39,78.0,78.2,77.94,77.0,78.64,83.0,78.84,79.99,80.7,80.99,79.8,79.95
2024-11-25,68.06,71.24,68.06,67.95,69.0,69.28,149.8,67.05,21149,1472795.31,3.1799999999999926,0.10999999999999943,1.2199999999999989,1.9599999999999937,0.0,67.95,71.5,67.05,18582.0,69.48,73.88,69.03,18812.0,72.2,78.15,71.2,35712.0,72.17,76.19,71.73,21500.0,68.90333333333335,1.4549684990763838,19514.333333333332,70.712,2.8325748004296765,24718.6,73.977,4.464801725098297,23991.2,77.67,4.48656016400677,16206.55,22.552060242989427,0.019573215599705707,-0.0036363636363636598,0.13814444085674316,0.9724873666342998,0.9823903002167669,0.01435976870404346,0,11,71.96,71.54,71.68,72.58,75.0,78.04,81.39,78.0,78.2,77.94,77.0,78.64,83.0,78.84,79.99,80.7,80.99,79.8,79.95,79.99
2024-11-26,70.67,71.96,67.99,69.28,68.74,69.03,149.8,67.05,11931,828797.55,3.969999999999999,1.3900000000000006,1.6400000000000006,1.289999999999992,1.0400000000000063,69.28,71.24,68.06,21149.0,67.95,71.5,67.05,18582.0,69.48,73.88,69.03,18812.0,74.65,75.0,70.0,29338.0,68.75333333333336,0.3646002376638823,17220.666666666668,69.58800000000001,2.87782556803389,21237.2,72.939,4.448445546230027,24571.1,77.0205,4.759140789325396,16524.0,23.696461809508833,-0.00360854503464203,0.010106681639528325,-0.43585985152962314,0.9592829349505381,0.9849340866147336,0.014395554137436801,1,11,71.54,71.68,72.58,75.0,78.04,81.39,78.0,78.2,77.94,77.0,78.64,83.0,78.84,79.99,80.7,80.99,79.8,79.95,79.99,78.59
2024-11-27,71.54,71.54,68.8,69.03,70.0,70.02,149.8,67.05,9468,662248.66,2.740000000000009,2.510000000000005,1.5200000000000102,0.0,1.2199999999999989,69.03,71.96,67.99,11931.0,69.28,71.24,68.06,21149.0,67.95,71.5,67.05,18582.0,72.2,78.15,71.2,35712.0,69.44333333333334,0.3616628263607232,14182.666666666666,69.152,1.0691491944674216,15988.4,71.964,4.360116716072344,24941.0,76.35400000000001,5.000269571679383,16774.8,23.94431552968814,0.014341590612777066,-0.0058365758754862496,-0.2064370128237365,0.9787531450799725,0.9825764067268983,0.014296744669894817,2,11,71.68,72.58,75.0,78.04,81.39,78.0,78.2,77.94,77.0,78.64,83.0,78.84,79.99,80.7,80.99,79.8,79.95,79.99,78.59,77.38
2024-11-28,70.91,71.68,69.05,70.02,69.86,69.79,149.8,67.05,9297,655788.67,2.6300000000000097,0.8900000000000006,1.1199999999999903,0.7700000000000102,0.7400000000000091,70.02,71.54,68.8,9468.0,69.03,71.96,67.99,11931.0,69.28,71.24,68.06,21149.0,69.48,73.88,69.03,18812.0,69.61333333333336,0.21385353236401053,10232.0,69.21400000000001,0.2635905916959244,14085.4,71.001,3.352843734966852,20030.2,75.7295,5.037452650945237,16722.55,23.855755879150237,-0.0032847757783488474,0.001956947162426559,-0.018060836501901156,0.9736328124864169,0.9893967616995356,0.014176823152495124,3,11,72.58,75.0,78.04,81.39,78.0,78.2,77.94,77.0,78.64,83.0,78.84,79.99,80.7,80.99,79.8,79.95,79.99,78.59,77.38,77.0
2024-11-29,70.0,72.58,70.0,69.79,72.49,72.12,149.8,67.05,16049,1144722.7,2.5799999999999983,0.20999999999999375,2.1200000000000045,0.45999999999999375,0.0,69.79,71.68,69.05,9297.0,70.02,71.54,68.8,9468.0,69.03,71.96,67.99,11931.0,67.95,71.5,67.05,18582.0,70.64333333333336,0.564387573662443,11604.666666666666,70.048,0.5073460357886684,13578.8,70.669,2.3703904975987036,19183.8,75.30699999999999,5.053101600943964,16882.45,33.2741003791276,0.03338587190141862,0.012555803571428381,0.7262557814348716,0.9936621658722284,0.9706045479621379,0.014019989295224064,4,11,75.0,78.04,81.39,78.0,78.2,77.94,77.0,78.64,83.0,78.84,79.99,80.7,80.99,79.8,79.95,79.99,78.59,77.38,77.0,77.0
2024-12-02,74.4,75.0,71.41,72.12,75.0,74.33,149.8,67.05,12167,893957.01,3.5900000000000034,2.280000000000001,0.07000000000000739,0.5999999999999943,2.9200000000000017,72.12,72.58,70.0,16049.0,69.79,71.68,69.05,9297.0,70.02,71.54,68.8,9468.0,69.28,71.24,68.06,21149.0,72.08000000000003,1.7170129100576557,12504.333333333334,71.058,1.4255244649005614,11782.4,70.885,2.2394545466835787,18250.5,74.953,4.900629685640219,17175.4,39.62418298387505,0.030643372157515225,0.03334251860016546,-0.24188422954701227,0.9910666666534523,0.960715727149728,0.0136102741674345,0,12,78.04,81.39,78.0,78.2,77.94,77.0,78.64,83.0,78.84,79.99,80.7,80.99,79.8,79.95,79.99,78.59,77.38,77.0,77.0,76.79
2024-12-03,75.0,78.04,75.0,74.33,78.04,78.04,149.8,67.05,25859,1998359.32,3.0400000000000063,0.6700000000000017,3.0400000000000063,0.0,0.0,74.33,75.0,71.41,12167.0,72.12,72.58,70.0,16049.0,69.79,71.68,69.05,9297.0,69.03,71.96,67.99,11931.0,74.83000000000003,2.7358606202262625,18025.0,72.85999999999999,2.761470622698947,14568.0,71.224,2.6682414100334704,17902.6,74.7715,4.580683556205762,18327.3,46.89184331094196,0.04991255213238266,0.04053333333333331,1.1253390318073477,0.999999999987186,0.9610456176196687,0.012940115294180422,1,12,81.39,78.0,78.2,77.94,77.0,78.64,83.0,78.84,79.99,80.7,80.99,79.8,79.95,79.99,78.59,77.38,77.0,77.0,76.79,75.31
2024-12-04,79.99,81.39,76.21,78.04,76.44,76.76,149.8,67.05,27644,2162937.71,5.180000000000007,1.9499999999999886,3.2299999999999898,1.4000000000000057,0.5500000000000114,78.04,78.04,75.0,25859.0,74.33,75.0,71.41,12167.0,72.12,72.58,70.0,16049.0,70.02,71.54,68.8,9468.0,76.37666666666668,3.1962530145945824,21890.0,74.208,4.007158594319438,18203.2,71.67999999999999,3.387658811364788,17095.8,74.593,4.566588355710959,19524.4,45.37552153563083,-0.01640184520758592,0.04292670425422851,0.06902819134537297,0.9431134045835715,0.9928348097838346,0.01278076565598368,2,12,78.0,78.2,77.94,77.0,78.64,83.0,78.84,79.99,80.7,80.99,79.8,79.95,79.99,78.59,77.38,77.0,77.0,76.79,75.31,75.48
2024-12-05,78.0,78.0,75.3,76.76,76.89,76.23,149.8,67.05,15404,1179113.52,2.700000000000003,1.2399999999999949,1.769999999999996,0.0,0.9300000000000068,76.76,81.39,76.21,27644.0,78.04,78.04,75.0,25859.0,74.33,75.0,71.41,12167.0,69.79,71.68,69.05,9297.0,77.01000000000003,1.9457731967793694,22969.0,75.49600000000001,3.350002985077386,19424.6,72.35499999999999,3.62942924805844,16755.0,74.34200000000001,4.350449341582172,19870.2,51.560647936710836,-0.006904637832204297,-0.04165130851455956,-0.4427723918390971,0.9773076922951627,0.9878000786962113,0.01306405171234063,3,12,78.2,77.94,77.0,78.64,83.0,78.84,79.99,80.7,80.99,79.8,79.95,79.99,78.59,77.38,77.0,77.0,76.79,75.31,75.48,74.2
2024-12-06,77.0,78.2,76.0,76.23,76.9,76.59,149.8,67.05,10528,808668.85,2.200000000000003,0.769999999999996,0.4099999999999966,1.2000000000000028,0.5900000000000034,76.23,78.0,75.3,15404.0,76.76,81.39,76.21,27644.0,78.04,78.04,75.0,25859.0,72.12,72.58,70.0,16049.0,76.52666666666669,1.9021128602964155,17858.666666666668,76.39,2.2613226218358853,18320.4,73.21900000000001,3.67468229919208,15949.6,74.1165,4.22727908009882,19855.7,59.866071391155145,0.0047225501770955525,0.002564102564102555,-0.3165411581407427,0.9794117646933579,0.9922966444576015,0.013018926103064297,4,12,77.94,77.0,78.64,83.0,78.84,79.99,80.7,80.99,79.8,79.95,79.99,78.59,77.38,77.0,77.0,76.79,75.31,75.48,74.2,74.0
2024-12-09,76.59,77.94,75.6,76.59,76.84,76.06,149.8,67.05,9016,692977.68,2.3400000000000034,0.0,0.5300000000000011,1.3499999999999943,0.46000000000000796,76.59,78.2,76.0,10528.0,76.23,78.0,75.3,15404.0,76.76,81.39,76.21,27644.0,74.33,75.0,71.41,12167.0,76.29333333333335,0.1361371856067648,11649.333333333334,76.736,1.499026350677786,17690.2,73.897,3.5283362462586307,14736.3,73.93700000000001,4.015643226969277,19363.75,53.44743272624625,-0.006919963441702537,-0.0033248081841432686,-0.1436170212765957,0.9758788811781386,0.9939521430318964,0.013010520050227282,0,12,77.0,78.64,83.0,78.84,79.99,80.7,80.99,79.8,79.95,79.99,78.59,77.38,77.0,77.0,76.79,75.31,75.48,74.2,74.0,74.0
2024-12-10,76.06,77.0,71.96,76.06,73.97,73.71,149.8,67.05,34413,2566827.78,5.040000000000006,0.0,2.3500000000000085,0.9399999999999977,1.75,76.06,77.94,75.6,9016.0,76.59,78.2,76.0,10528.0,76.23,78.0,75.3,15404.0,78.04,78.04,75.0,25859.0,75.45333333333336,0.6312949653726911,17985.666666666668,75.86999999999999,1.677462369183433,19401.0,74.365,3.297810890069743,16984.5,73.652,3.813014555438828,20777.8,53.71007367312327,-0.030896660531159692,-0.012060559404670212,2.8168811002661935,0.957272727260295,0.9762583095783983,0.013406820772369852,1,12,78.64,83.0,78.84,79.99,80.7,80.99,79.8,79.95,79.99,78.59,77.38,77.0,77.0,76.79,75.31,75.48,74.2,74.0,74.0,74.5
2024-12-11,74.0,78.64,74.0,73.71,77.6,78.09,149.8,67.05,33845,2597953.79,4.640000000000001,0.29000000000000625,4.090000000000003,0.5499999999999972,0.0,73.71,77.0,71.96,34413.0,76.06,77.94,75.6,9016.0,76.59,78.2,76.0,10528.0,76.76,81.39,76.21,27644.0,75.95333333333336,0.82292162444037,25758.0,76.136,0.600732885754433,20641.2,75.172,2.94338448426609,19422.2,73.56800000000001,3.6936666634986124,22181.6,69.55929118701361,0.05942205942205958,0.021298701298701372,-0.016505390404788933,0.9930061037513606,0.9476245357798997,0.013027560432474047,2,12,83.0,78.84,79.99,80.7,80.99,79.8,79.95,79.99,78.59,77.38,77.0,77.0,76.79,75.31,75.48,74.2,74.0,74.0,74.5,76.0
2024-12-12,83.0,83.0,76.54,78.09,78.84,78.08,149.8,67.05,40928,3249756.35,6.459999999999994,4.909999999999997,4.920000000000002,0.0,1.539999999999992,78.09,78.64,74.0,33845.0,73.71,77.0,71.96,34413.0,76.06,77.94,75.6,9016.0,76.23,78.0,75.3,15404.0,76.62666666666668,3.1010535843975644,36395.333333333336,76.506,2.338991235559938,25746.0,76.001,2.912022779214329,22585.3,73.501,3.615255832832642,21307.75,74.71937525397405,-0.00012805736970167292,0.05544252288911489,0.20927758900871618,0.9407228915549309,0.9802766393317076,0.012594174944838553,3,12,78.84,79.99,80.7,80.99,79.8,79.95,79.99,78.59,77.38,77.0,77.0,76.79,75.31,75.48,74.2,74.0,74.0,74.5,76.0,73.56
2024-12-13,78.84,78.84,75.52,78.08,75.53,75.67,149.8,67.05,10345,789991.73,3.3200000000000074,0.7600000000000051,3.1700000000000017,0.0,0.15000000000000568,78.08,83.0,76.54,40928.0,78.09,78.64,74.0,33845.0,73.71,77.0,71.96,34413.0,76.59,78.2,76.0,10528.0,77.28000000000003,2.4615442307567146,28372.666666666668,76.322,2.304534660191971,25709.4,76.35600000000001,2.2108884589174633,22014.9,73.5125,3.49045657547139,20599.35,64.81223917907411,-0.03086577868852458,-0.05012048192771079,-0.7472390539483972,0.9597919837524125,0.9980177084578032,0.013095073792734497,4,12,79.99,80.7,80.99,79.8,79.95,79.99,78.59,77.38,77.0,77.0,76.79,75.31,75.48,74.2,74.0,74.0,74.5,76.0,73.56,69.02
2024-12-16,79.97,79.99,77.55,75.67,78.96,78.52,149.8,67.05,21004,1654025.98,2.4399999999999977,4.299999999999997,1.4500000000000028,0.01999999999999602,0.9699999999999989,75.67,78.84,75.52,10345.0,78.08,83.0,76.54,40928.0,78.09,78.64,74.0,33845.0,76.06,77.94,75.6,9016.0,77.42333333333335,2.148185280643105,24092.333333333332,76.814,2.2313179961686003,28107.0,76.775,1.8386117951677956,22898.6,73.83000000000001,3.6035936376416684,20574.55,69.63177488726333,0.03766353905114306,0.0145865043125315,1.0303528274528757,0.9816227028255828,0.9876464594881859,0.012698712265692459,0,12,80.7,80.99,79.8,79.95,79.99,78.59,77.38,77.0,77.0,76.79,75.31,75.48,74.2,74.0,74.0,74.5,76.0,73.56,69.02,67.9
2024-12-17,75.25,80.7,75.25,78.52,77.26,77.31,149.8,67.05,20430,1611230.46,5.450000000000003,-3.269999999999996,2.0600000000000023,3.3900000000000006,0.0,78.52,79.99,77.55,21004.0,75.67,78.84,75.52,10345.0,78.08,83.0,76.54,40928.0,73.71,77.0,71.96,34413.0,77.16666666666669,0.9386337588777628,17259.666666666668,77.534,1.7614993613468575,25310.4,76.702,1.8598685736115903,22355.7,73.963,3.7287111855507917,20129.15,64.94464940921587,-0.015410086602139494,0.008876109513689334,-0.027328127975623673,0.957992565043891,0.9733540292203678,0.012679750356755289,1,12,80.99,79.8,79.95,79.99,78.59,77.38,77.0,77.0,76.79,75.31,75.48,74.2,74.0,74.0,74.5,76.0,73.56,69.02,67.9,69.02
2024-12-18,78.67,80.99,77.21,77.31,78.3,77.99,149.8,67.05,18899,1495497.25,3.780000000000001,1.3599999999999994,0.6800000000000068,2.319999999999993,0.7800000000000011,77.31,80.7,75.25,20430.0,78.52,79.99,77.55,21004.0,75.67,78.84,75.52,10345.0,78.09,78.64,74.0,33845.0,77.94000000000001,0.5144900387487656,20111.0,77.514,1.527884157920716,22321.2,76.825,1.8153665072244884,21481.2,74.2525,3.8484726635502735,19288.5,66.5056360333704,0.008795757340576804,0.0035935563816604787,-0.07493881546744985,0.9629583899127921,0.9899987177716374,0.012637268306578289,2,12,79.8,79.95,79.99,78.59,77.38,77.0,77.0,76.79,75.31,75.48,74.2,74.0,74.0,74.5,76.0,73.56,69.02,67.9,69.02,69.2
2024-12-19,79.8,79.8,76.06,77.99,77.0,76.94,149.8,67.05,5627,435148.46,3.739999999999995,1.8100000000000023,2.8599999999999994,0.0,0.8799999999999955,77.99,80.99,77.21,18899.0,77.31,80.7,75.25,20430.0,78.52,79.99,77.55,21004.0,78.08,83.0,76.54,40928.0,77.41333333333336,0.6205105424608308,14985.333333333334,77.286,0.8419204238082675,15261.0,76.896,1.757144147630608,20503.5,74.6255,3.855469491513135,18629.25,60.229202001561575,-0.013463264521092366,-0.014693171996542742,-0.7022593788031113,0.964160400990424,0.9885625162335773,0.012931218922387975,3,12,79.95,79.99,78.59,77.38,77.0,77.0,76.79,75.31,75.48,74.2,74.0,74.0,74.5,76.0,73.56,69.02,67.9,69.02,69.2,72.88
2024-12-20,79.48,79.95,76.56,76.94,77.05,77.29,149.8,67.05,4968,387917.13,3.3900000000000006,2.5400000000000063,2.1899999999999977,0.46999999999999886,0.730000000000004,76.94,79.8,76.06,5627.0,77.99,80.99,77.21,18899.0,77.31,80.7,75.25,20430.0,75.67,78.84,75.52,10345.0,77.40666666666668,0.6480997865336877,9831.333333333334,77.60999999999999,0.5252903959005494,14185.6,76.966,1.6983406934735186,19947.5,75.0925,3.691920624109559,17948.55,56.82027646103762,0.004548999220171712,0.001879699248120481,-0.11711391505242585,0.9667292057415043,0.9905550523872356,0.012806859031979298,4,12,79.99,78.59,77.38,77.0,77.0,76.79,75.31,75.48,74.2,74.0,74.0,74.5,76.0,73.56,69.02,67.9,69.02,69.2,72.88,76.7
2024-12-23,79.99,79.99,75.4,77.29,78.65,78.5,149.8,67.05,8263,641027.69,4.589999999999989,2.6999999999999886,1.4899999999999949,0.0,3.0999999999999943,77.29,79.95,76.56,4968.0,76.94,79.8,76.06,5627.0,77.99,80.99,77.21,18899.0,78.52,79.99,77.55,21004.0,77.5766666666667,0.10016652786731428,6286.0,77.606,0.5252903959005494,11637.4,77.21,1.584192749214481,19872.2,75.55350000000001,3.4430682078923898,17304.25,51.19791662933484,0.015655324104023816,0.0005003126954346016,0.663244766505636,0.9813726715716793,0.9605095541278916,0.012890238797640688,0,12,78.59,77.38,77.0,77.0,76.79,75.31,75.48,74.2,74.0,74.0,74.5,76.0,73.56,69.02,67.9,69.02,69.2,72.88,76.7,76.99
2024-12-24,75.21,78.59,75.21,78.5,77.0,76.79,149.8,67.05,7562,581087.06,3.3800000000000097,-3.2900000000000063,1.5800000000000125,1.7999999999999972,0.0,78.5,79.99,75.4,8263.0,77.29,79.95,76.56,4968.0,76.94,79.8,76.06,5627.0,77.31,80.7,75.25,20430.0,77.5266666666667,0.7969943537890526,6931.0,77.502,0.8541545527746274,9063.8,77.518,1.319599686772643,17187.1,75.94149999999999,3.1628669539533156,17085.8,50.076413616858396,-0.02178343949044581,-0.017502187773471567,-0.0848360159748276,0.977096322674932,0.9794244042065446,0.013013540518351907,1,12,77.38,77.0,77.0,76.79,75.31,75.48,74.2,74.0,74.0,74.5,76.0,73.56,69.02,67.9,69.02,69.2,72.88,76.7,76.99,72.96
2024-12-26,77.0,77.38,76.0,76.79,76.77,76.73,149.8,67.05,3168,243141.12,1.3799999999999955,0.20999999999999375,0.269999999999996,0.37999999999999545,0.730000000000004,76.79,78.59,75.21,7562.0,78.5,79.99,75.4,8263.0,77.29,79.95,76.56,4968.0,77.99,80.99,77.21,18899.0,77.34000000000002,1.3061521095588007,6331.0,77.25,1.1417399003389934,5917.6,77.38199999999999,1.51480141712715,14119.4,76.277,2.771396190026648,16770.8,51.3048016326583,-0.0007813517385076851,-0.015396360860160385,-0.581063210790796,0.9915998966012975,0.9904861201486969,0.01302947029280768,3,12,77.0,77.0,76.79,75.31,75.48,74.2,74.0,74.0,74.5,76.0,73.56,69.02,67.9,69.02,69.2,72.88,76.7,76.99,72.96,71.0
2024-12-27,76.08,77.0,76.08,76.73,76.58,76.67,149.8,67.05,1292,98882.04,0.9200000000000017,-0.6500000000000057,0.5900000000000034,0.3299999999999983,0.0,76.73,77.38,76.0,3168.0,76.79,78.59,75.21,7562.0,78.5,79.99,75.4,8263.0,76.94,79.8,76.06,5627.0,76.73000000000002,0.8303212229642397,4007.3333333333335,77.196,1.39655647935429,5050.6,77.24100000000001,1.3386398569680984,10155.8,76.62100000000001,2.311051025419883,16370.55,50.21208904013949,-0.0007819627264433748,-0.004910829671749717,-0.5921717171717171,0.9957142857013543,0.9923046823921702,0.013066073475021216,4,12,77.0,76.79,75.31,75.48,74.2,74.0,74.0,74.5,76.0,73.56,69.02,67.9,69.02,69.2,72.88,76.7,76.99,72.96,71.0,71.57
2024-12-30,74.3,77.0,74.3,76.67,75.99,75.37,149.8,67.05,3972,299168.16,2.700000000000003,-2.3700000000000045,1.0700000000000074,1.6299999999999955,0.0,76.67,77.0,76.08,1292.0,76.73,77.38,76.0,3168.0,76.79,78.59,75.21,7562.0,77.29,79.95,76.56,4968.0,76.25666666666667,0.21939310222698422,2810.6666666666665,76.81200000000001,1.2934720716068095,4851.4,77.211,1.525781766831958,9518.5,76.7835,1.869000858885677,15766.7,48.24248595642412,-0.016955784531107354,0.0,2.0743034055727554,0.9788311688184568,0.9858033700280507,0.01327681394971974,0,12,76.79,75.31,75.48,74.2,74.0,74.0,74.5,76.0,73.56,69.02,67.9,69.02,69.2,72.88,76.7,76.99,72.96,71.0,71.57,69.01
2024-12-31,73.8,76.79,72.4,75.37,73.53,73.69,149.8,67.05,6911,509480.79,4.390000000000001,-1.5700000000000074,0.10999999999999943,2.990000000000009,1.289999999999992,75.37,77.0,74.3,3972.0,76.67,77.0,76.08,1292.0,76.73,77.38,76.0,3168.0,78.5,79.99,75.4,8263.0,75.24333333333335,0.12124355641200327,4058.3333333333335,75.85000000000001,0.7240649142357384,4581.0,76.728,1.6573637031265036,8109.2,76.7515,1.7099131249060415,15503.9,49.94725734708537,-0.022290035823271936,-0.0027272727272726893,0.7399295065458207,0.9596301601646094,0.9824942325826775,0.01356479014645476,1,12,75.31,75.48,74.2,74.0,74.0,74.5,76.0,73.56,69.02,67.9,69.02,69.2,72.88,76.7,76.99,72.96,71.0,71.57,69.01,69.98
2025-01-01,75.14,75.31,72.51,73.69,72.67,73.08,149.8,67.05,7385,544036.56,2.799999999999997,1.4500000000000028,2.0600000000000023,0.1700000000000017,0.5699999999999932,73.69,76.79,72.4,6911.0,75.37,77.0,74.3,3972.0,76.67,77.0,76.08,1292.0,76.79,78.59,75.21,7562.0,74.04666666666668,0.921104409556661,6089.333333333333,75.108,0.8035110453675172,4545.6,76.305,1.8436497618693812,6804.7,76.5035,1.887129538406389,14580.2,33.508887395054316,-0.008277921020491186,-0.01927334288318794,0.06858631167703666,0.9703890585450751,0.9922003283936481,0.013574455363808611,2,1,75.48,74.2,74.0,74.0,74.5,76.0,73.56,69.02,67.9,69.02,69.2,72.88,76.7,76.99,72.96,71.0,71.57,69.01,69.98,67.5
2025-01-02,75.48,75.48,72.22,73.08,73.68,73.06,149.8,67.05,11420,839974.86,3.260000000000005,2.4000000000000057,2.4200000000000017,0.0,0.8400000000000034,73.08,75.31,72.51,7385.0,73.69,76.79,72.4,6911.0,75.37,77.0,74.3,3972.0,76.73,77.38,76.0,3168.0,73.27666666666669,0.8098765337823783,8572.0,74.374,0.8472484877695744,6196.0,75.81200000000001,1.7654489513991645,6056.8,76.3185,1.9266455031286478,13769.0,33.48684207442,-0.00027367268746569806,0.0022573363431150906,0.5463777928232905,0.9679385267492323,0.9885026005887146,0.013595644993470383,3,1,74.2,74.0,74.0,74.5,76.0,73.56,69.02,67.9,69.02,69.2,72.88,76.7,76.99,72.96,71.0,71.57,69.01,69.98,67.5,69.79
2025-01-03,74.14,74.2,72.51,73.06,73.56,72.6,149.8,67.05,9220,672697.25,1.6899999999999977,1.0799999999999983,1.5400000000000063,0.060000000000002274,0.0899999999999892,73.06,75.48,72.22,11420.0,73.08,75.31,72.51,7385.0,73.69,76.79,72.4,6911.0,76.67,77.0,76.08,1292.0,72.91333333333334,0.6951498639175947,9341.666666666666,73.55999999999999,1.1524886116696211,7781.6,75.378,1.9171764539425642,6416.1,76.137,2.1554031861175753,13459.8,38.41509429903307,-0.006296194908294694,-0.016958134605193464,-0.19264448336252193,0.9784366576687541,0.9987603305647554,0.013706017082721813,4,1,74.0,74.0,74.5,76.0,73.56,69.02,67.9,69.02,69.2,72.88,76.7,76.99,72.96,71.0,71.57,69.01,69.98,67.5,69.79,71.19
2025-01-06,74.0,74.0,68.35,72.6,69.51,69.64,149.8,67.05,14898,1050893.56,5.650000000000006,1.4000000000000057,4.359999999999999,0.0,1.2900000000000063,72.6,74.2,72.51,9220.0,73.06,75.48,72.22,11420.0,73.08,75.31,72.51,7385.0,75.37,77.0,74.3,3972.0,71.7666666666667,0.8029943959775172,11846.0,72.414,1.1234900978773859,9966.8,74.613,1.8811474039935292,7409.1,75.7895,2.3641989296453607,13678.3,16.766467048298594,-0.04077134986225883,-0.0026954177897574594,0.6158351409978309,0.9410810810683637,0.9814761631105473,0.014176507086026854,0,1,74.0,74.5,76.0,73.56,69.02,67.9,69.02,69.2,72.88,76.7,76.99,72.96,71.0,71.57,69.01,69.98,67.5,69.79,71.19,71.75
2025-01-07,71.73,74.0,69.99,69.64,73.55,73.43,149.8,67.05,7701,559138.62,4.010000000000005,2.0900000000000034,1.7000000000000028,0.5699999999999932,1.740000000000009,69.64,74.0,68.35,14898.0,72.6,74.2,72.51,9220.0,73.06,75.48,72.22,11420.0,73.69,76.79,72.4,6911.0,71.89000000000003,0.1154700537135383,10606.333333333334,72.362,0.7345883201010494,10124.8,74.10600000000001,1.606128886483227,7352.9,75.658,2.538544703272953,13612.55,37.829360067151136,0.05442274554853532,0.0,-0.48308497784937576,0.9922972972838879,0.9531526623865836,0.013772971003147637,1,1,74.5,76.0,73.56,69.02,67.9,69.02,69.2,72.88,76.7,76.99,72.96,71.0,71.57,69.01,69.98,67.5,69.79,71.19,71.75,73.99
2025-01-08,73.43,74.5,71.01,73.43,72.81,72.13,149.8,67.05,4202,305503.87,3.489999999999995,0.0,1.3000000000000114,1.0699999999999932,1.1199999999999903,73.43,74.0,69.99,7701.0,69.64,74.0,68.35,14898.0,72.6,74.2,72.51,9220.0,73.08,75.31,72.51,7385.0,71.73333333333335,0.2886751345450694,8933.666666666666,72.172,0.6184496746130469,9488.2,73.64,1.3695676527836336,7016.9,75.57900000000001,2.646148889869434,12102.0,32.306763257711694,-0.017703935721095077,0.006756756756756799,-0.4543565770679132,0.9681879194500913,0.9844724802303554,0.013754326581853075,2,1,76.0,73.56,69.02,67.9,69.02,69.2,72.88,76.7,76.99,72.96,71.0,71.57,69.01,69.98,67.5,69.79,71.19,71.75,73.99,74.57
2025-01-09,76.0,76.0,68.15,72.13,69.02,69.61,149.8,67.05,7282,524284.88,7.849999999999994,3.8700000000000045,6.390000000000001,0.0,1.4599999999999937,72.13,74.5,71.01,4202.0,73.43,74.0,69.99,7701.0,69.64,74.0,68.35,14898.0,73.06,75.48,72.22,11420.0,71.72333333333336,1.0408329997192884,6395.0,71.482,0.8414273587356885,8660.6,72.92800000000001,1.2287645104811162,7428.3,75.155,2.668189756920626,10773.85,29.672767586499262,-0.0349369194509912,0.020134228187919545,0.7329842931937174,0.9159210526195273,0.9790260019971408,0.013889395398928892,3,1,73.56,69.02,67.9,69.02,69.2,72.88,76.7,76.99,72.96,71.0,71.57,69.01,69.98,67.5,69.79,71.19,71.75,73.99,74.57,71.41
2025-01-10,72.4,73.56,67.11,69.61,68.02,68.69,149.8,67.05,33599,2378734.11,6.450000000000003,2.7900000000000063,3.710000000000008,1.1599999999999966,1.5799999999999983,69.61,76.0,68.15,7282.0,72.13,74.5,71.01,4202.0,73.43,74.0,69.99,7701.0,72.6,74.2,72.51,9220.0,70.14333333333336,1.2306637775219702,15027.666666666666,70.7,0.9480084387962989,13536.4,72.13,1.2212761995351915,10659.0,74.6855,2.506799752670455,10407.4,26.881720409873964,-0.013216491883350168,-0.03210526315789475,3.6139796759132103,0.9337955410422267,0.9769981074249964,0.014124739649863594,4,1,69.02,67.9,69.02,69.2,72.88,76.7,76.99,72.96,71.0,71.57,69.01,69.98,67.5,69.79,71.19,71.75,73.99,74.57,71.41,72.49
2025-01-13,69.0,69.02,64.05,68.69,66.5,65.46,149.8,64.05,9878,660226.82,4.969999999999999,0.3100000000000023,3.5400000000000063,0.01999999999999602,1.4099999999999966,68.69,73.56,67.11,33599.0,69.61,76.0,68.15,7282.0,72.13,74.5,71.01,4202.0,69.64,74.0,68.35,14898.0,67.92000000000002,3.5422591661214233,16919.666666666668,69.864,2.623867374702775,12532.4,71.139,2.112308899968046,11249.6,74.175,3.0682308892034533,10384.05,18.380213372583768,-0.04702285631096237,-0.061718325176726596,-0.7060031548557992,0.9484207475956472,0.9784601283076924,0.014961524889279695,0,1,67.9,69.02,69.2,72.88,76.7,76.99,72.96,71.0,71.57,69.01,69.98,67.5,69.79,71.19,71.75,73.99,74.57,71.41,72.49,72.7
2025-01-14,67.02,67.9,66.1,65.46,66.5,66.6,149.8,64.05,7658,510999.27,1.8000000000000114,1.5600000000000023,0.4200000000000017,0.8800000000000097,0.5,65.46,69.02,64.05,9878.0,68.69,73.56,67.11,33599.0,69.61,76.0,68.15,7282.0,73.43,74.0,69.99,7701.0,66.91666666666669,2.9972654203408644,17045.0,68.49799999999999,3.541959909432968,12523.8,70.43,2.723649716423317,11324.3,73.579,3.5427949121367535,9716.75,24.588528661135186,0.01741521539871682,-0.016227180527383256,-0.22474185057703988,0.9808541973345969,0.9924924924775902,0.014986322778895526,1,1,69.02,69.2,72.88,76.7,76.99,72.96,71.0,71.57,69.01,69.98,67.5,69.79,71.19,71.75,73.99,74.57,71.41,72.49,72.7,70.9
2025-01-15,68.58,69.02,66.42,66.6,66.5,66.71,149.8,64.05,5976,402712.47,2.5999999999999943,1.980000000000004,1.8700000000000045,0.4399999999999977,0.28999999999999204,66.6,67.9,66.1,7658.0,65.46,69.02,64.05,9878.0,68.69,73.56,67.11,33599.0,72.13,74.5,71.01,4202.0,66.25666666666667,0.6466323014699712,7837.333333333333,67.41399999999999,3.4983710495073415,12878.6,69.79299999999999,2.9496997964002603,11183.4,73.049,3.704965942025271,8994.05,25.074626848206734,0.0016516516516515978,0.016494845360824684,-0.21963959258291987,0.9665314401482681,0.9956528256483939,0.014839371624126727,2,1,69.2,72.88,76.7,76.99,72.96,71.0,71.57,69.01,69.98,67.5,69.79,71.19,71.75,73.99,74.57,71.41,72.49,72.7,70.9,69.25
2025-01-16,68.38,69.2,66.0,66.71,66.0,67.84,149.8,64.05,2795,191329.47,3.200000000000003,1.6700000000000017,0.539999999999992,0.8200000000000074,1.8400000000000034,66.71,69.02,66.42,5976.0,66.6,67.9,66.1,7658.0,65.46,69.02,64.05,9878.0,69.61,76.0,68.15,7282.0,67.05000000000003,0.7043673283907746,5476.333333333333,67.05999999999999,2.1969524346311973,11981.2,69.27099999999999,2.9765453502704893,10320.9,72.5415,3.7273829890898726,8188.85,29.145016513555518,0.016938989656723358,0.002607939727615305,-0.5322958500669344,0.9803468207950816,0.9728773584762251,0.01460830890296192,3,1,72.88,76.7,76.99,72.96,71.0,71.57,69.01,69.98,67.5,69.79,71.19,71.75,73.99,74.57,71.41,72.49,72.7,70.9,69.25,65.73
2025-01-17,69.56,72.88,67.34,67.84,70.8,70.79,149.8,64.05,9286,656865.11,5.539999999999992,1.7199999999999989,1.230000000000004,2.089999999999989,2.219999999999999,67.84,69.2,66.0,2795.0,66.71,69.02,66.42,5976.0,66.6,67.9,66.1,7658.0,68.69,73.56,67.11,33599.0,68.4466666666667,2.178470411390627,6019.0,67.48,1.9027033399960245,7118.6,69.09,2.903411020773697,10327.5,72.234,3.5698139049224316,8371.8,39.96494300790934,0.04348466981132071,0.05317919075144495,2.322361359570662,0.9713227222698777,0.9512643028541987,0.014136844625527433,4,1,76.7,76.99,72.96,71.0,71.57,69.01,69.98,67.5,69.79,71.19,71.75,73.99,74.57,71.41,72.49,72.7,70.9,69.25,65.73,67.8
2025-01-20,73.07,76.7,72.5,70.79,74.55,74.76,135.75,64.05,23723,1764796.27,4.200000000000003,2.279999999999987,1.690000000000012,1.9399999999999977,0.5699999999999932,70.79,72.88,67.34,9286.0,67.84,69.2,66.0,2795.0,66.71,69.02,66.42,5976.0,65.46,69.02,64.05,9878.0,71.13000000000002,3.7502177714506955,11934.666666666666,69.34,3.6296280801248924,9887.6,69.602,3.2177625076363627,11210.0,72.1075,3.3819371589898664,9309.55,52.130625219839565,0.05608136742477754,0.052414928649835435,1.5547060090458755,0.9747066492702124,0.9697699304311158,0.01344234482091238,0,1,76.99,72.96,71.0,71.57,69.01,69.98,67.5,69.79,71.19,71.75,73.99,74.57,71.41,72.49,72.7,70.9,69.25,65.73,67.8,69.0
2025-01-21,76.99,76.99,71.99,74.76,72.15,72.09,135.75,64.05,15860,1164926.16,5.0,2.2299999999999898,4.8999999999999915,0.0,0.10000000000000853,74.76,76.7,72.5,23723.0,70.79,72.88,67.34,9286.0,67.84,69.2,66.0,2795.0,66.6,67.9,66.1,7658.0,72.5466666666667,2.2937814484612074,16289.666666666666,70.43800000000002,3.8696278890908897,11528.0,69.46799999999999,3.520252674011296,12025.9,71.787,3.1828362062439637,9689.4,48.178137626996914,-0.0357142857142857,0.0037809647979138994,-0.33145049108460145,0.9363553708152182,0.9986128450409402,0.0136145968256048,1,1,72.96,71.0,71.57,69.01,69.98,67.5,69.79,71.19,71.75,73.99,74.57,71.41,72.49,72.7,70.9,69.25,65.73,67.8,69.0,68.31
2025-01-22,72.09,72.96,68.52,72.09,69.9,69.68,135.75,64.05,8101,570041.74,4.439999999999998,0.0,2.4099999999999966,0.8699999999999903,1.1600000000000108,72.09,76.99,71.99,15860.0,74.76,76.7,72.5,23723.0,70.79,72.88,67.34,9286.0,66.71,69.02,66.42,5976.0,72.17666666666669,2.247687700720782,15894.666666666666,71.032,3.212612643944105,11953.0,69.223,3.4599487793246726,12415.8,71.4315,3.0263308946971508,9716.35,44.2828145933708,-0.03343043417949776,-0.052344460319522,-0.4892181588902901,0.955043859636033,0.9833524684129826,0.014211240040071425,2,1,71.0,71.57,69.01,69.98,67.5,69.79,71.19,71.75,73.99,74.57,71.41,72.49,72.7,70.9,69.25,65.73,67.8,69.0,68.31,75.56
2025-01-23,70.82,71.0,69.0,69.68,69.02,69.16,135.75,64.05,8410,584792.57,2.0,1.1399999999999864,1.6599999999999966,0.18000000000000682,0.1599999999999966,69.68,72.96,68.52,8101.0,72.09,76.99,71.99,15860.0,74.76,76.7,72.5,23723.0,67.84,69.2,66.0,2795.0,70.31000000000002,3.054030124273719,10790.333333333334,71.296,2.6224949952343697,13076.0,69.178,3.239876712331149,12528.6,71.053,2.986681797226245,9978.45,44.19311274075952,-0.007462686567164312,-0.026864035087719174,0.0381434390815949,0.9740845070285339,0.9976865239878877,0.014381167667708203,3,1,71.57,69.01,69.98,67.5,69.79,71.19,71.75,73.99,74.57,71.41,72.49,72.7,70.9,69.25,65.73,67.8,69.0,68.31,75.56,82.0
2025-01-24,71.57,71.57,66.17,69.16,67.22,68.02,135.75,64.05,5226,357943.86,5.3999999999999915,2.4099999999999966,3.549999999999997,0.0,1.8499999999999943,69.16,71.0,69.0,8410.0,69.68,72.96,68.52,8101.0,72.09,76.99,71.99,15860.0,70.79,72.88,67.34,9286.0,68.95333333333336,1.0081831843988336,7245.666666666667,70.74199999999999,2.8326189295472632,12264.0,69.111,3.1888702283611123,9691.3,70.62049999999999,2.9144980609628504,10175.15,47.08633091153926,-0.016483516483516536,0.00802816901408443,-0.3785969084423305,0.9503982115278692,0.9728021170101029,0.014600054880114401,4,1,69.01,69.98,67.5,69.79,71.19,71.75,73.99,74.57,71.41,72.49,72.7,70.9,69.25,65.73,67.8,69.0,68.31,75.56,82.0,79.0
2025-01-27,68.96,69.01,66.15,68.02,67.62,67.23,134.4,64.05,2728,183469.78,2.8599999999999994,0.9399999999999977,1.7299999999999898,0.05000000000001137,1.0799999999999983,68.02,71.57,66.17,5226.0,69.16,71.0,69.0,8410.0,69.68,72.96,68.52,8101.0,74.76,76.7,72.5,23723.0,68.13666666666668,1.3440362098189462,5454.666666666667,69.236,2.978192404803697,8065.0,69.288,3.1898138225007324,8976.3,70.2135,2.94310697804178,10112.95,37.49999997883065,-0.011614231108497353,-0.03576917702948146,-0.47799464217374665,0.9742066367051991,0.9839357429572522,0.014868933728486432,0,1,69.98,67.5,69.79,71.19,71.75,73.99,74.57,71.41,72.49,72.7,70.9,69.25,65.73,67.8,69.0,68.31,75.56,82.0,79.0,78.8
2025-01-28,69.4,69.98,64.1,67.23,66.0,66.12,134.4,64.05,8981,594858.0,5.88000000000001,2.1700000000000017,3.280000000000001,0.5799999999999983,2.0200000000000102,67.23,69.01,66.15,2728.0,68.02,71.57,66.17,5226.0,69.16,71.0,69.0,8410.0,72.09,76.99,71.99,15860.0,67.12333333333335,1.292452449146371,5645.0,68.042,1.510043045754434,6689.2,69.24,2.973293908556846,9108.6,69.83500000000001,2.875252666240733,10216.45,37.78951643522744,-0.01651048639000441,0.014055933922619834,2.292155425219941,0.9448413832388561,0.9694494857687619,0.015097720800594402,1,1,67.5,69.79,71.19,71.75,73.99,74.57,71.41,72.49,72.7,70.9,69.25,65.73,67.8,69.0,68.31,75.56,82.0,79.0,78.8,86.39
2025-01-29,65.0,67.5,64.97,66.12,65.32,65.48,134.4,64.05,9389,622941.09,2.530000000000001,-1.1200000000000045,0.480000000000004,2.019999999999996,0.030000000000001137,66.12,69.98,64.1,8981.0,67.23,69.01,66.15,2728.0,68.02,71.57,66.17,5226.0,69.68,72.96,68.52,8101.0,66.2766666666667,1.249759976943981,7032.666666666667,67.202,1.621625727482153,6946.8,69.117,3.1709285355826466,9449.9,69.45500000000001,3.023506634424433,10316.65,40.91509016397665,-0.009679370840895318,-0.03543869677050593,0.045429239505623054,0.9700740740597026,0.9922113622328617,0.015072051195081681,2,1,69.79,71.19,71.75,73.99,74.57,71.41,72.49,72.7,70.9,69.25,65.73,67.8,69.0,68.31,75.56,82.0,79.0,78.8,86.39,78.78
2025-01-30,66.0,69.79,66.0,65.48,67.98,67.27,134.4,64.05,4624,313429.78,3.7900000000000063,0.519999999999996,1.269999999999996,2.5200000000000102,0.0,65.48,67.5,64.97,9389.0,66.12,69.98,64.1,8981.0,67.23,69.01,66.15,2728.0,69.16,71.0,69.0,8410.0,66.29000000000002,1.380253599876141,7664.666666666667,66.824,1.4845032839411896,6189.6,69.06,3.1227331333651884,9632.8,69.1655,2.97319233006652,9976.85,46.99152539585248,0.027336591325595405,0.033925925925925915,-0.5075087868782617,0.9638916750112637,0.9811208562363443,0.014752905738567615,3,1,71.19,71.75,73.99,74.57,71.41,72.49,72.7,70.9,69.25,65.73,67.8,69.0,68.31,75.56,82.0,79.0,78.8,86.39,78.78,79.43
2025-01-31,69.95,71.19,65.36,67.27,66.48,66.73,134.4,64.05,14786,1010814.94,5.829999999999998,2.680000000000007,3.219999999999999,1.2399999999999949,1.3700000000000045,67.27,69.79,66.0,4624.0,65.48,67.5,64.97,9389.0,66.12,69.98,64.1,8981.0,68.02,71.57,66.17,5226.0,66.49333333333335,1.8628025481259196,9599.666666666666,66.566,1.3611135147489473,8101.6,68.65400000000001,3.1057597030884128,10182.8,68.872,2.9312693047261122,10255.15,53.03682445038187,-0.008027352460234782,0.020060180541624728,2.1976643598615917,0.9373507514968767,0.9794695039565491,0.01462780120760778,4,1,71.75,73.99,74.57,71.41,72.49,72.7,70.9,69.25,65.73,67.8,69.0,68.31,75.56,82.0,79.0,78.8,86.39,78.78,79.43,72.99
2025-02-01,65.41,71.75,65.41,66.73,69.45,69.43,134.4,64.05,8805,608168.34,6.340000000000003,-1.3200000000000074,4.02000000000001,2.319999999999993,0.0,66.73,71.19,65.36,14786.0,67.27,69.79,66.0,4624.0,65.48,67.5,64.97,9389.0,67.23,69.01,66.15,2728.0,67.81000000000002,1.009554357115667,9405.0,67.006,1.6404481095212717,9317.0,68.121,2.561619279543247,8691.0,68.8615,2.8867855005703422,9950.5,56.297285234171724,0.04046156151655933,0.007866273352999054,-0.4045042607872311,0.9676655052129942,0.9420999567774433,0.014477899326360831,5,2,73.99,74.57,71.41,72.49,72.7,70.9,69.25,65.73,67.8,69.0,68.31,75.56,82.0,79.0,78.8,86.39,78.78,79.43,72.99,72.0
2025-02-03,73.99,73.99,67.49,69.43,68.7,68.36,134.4,64.05,2681,183655.49,6.5,4.559999999999988,5.6299999999999955,0.0,0.8700000000000045,69.43,71.75,65.41,8805.0,66.73,71.19,65.36,14786.0,67.27,69.79,66.0,4624.0,66.12,69.98,64.1,8981.0,68.17333333333336,1.481620734186514,8757.333333333334,67.454,2.40474115031773,8057.0,67.748,1.893293426807964,7373.1,68.608,2.886371743572306,9699.5,53.521126728583205,-0.015411205530750482,0.03121951219512198,-0.6955139125496876,0.9239086362897161,0.9872732592014734,0.014597984519820157,0,2,74.57,71.41,72.49,72.7,70.9,69.25,65.73,67.8,69.0,68.31,75.56,82.0,79.0,78.8,86.39,78.78,79.43,72.99,72.0,71.99
2025-02-04,71.96,74.57,68.33,68.36,69.21,70.01,134.4,64.05,14107,1001517.51,6.239999999999995,3.5999999999999943,1.9499999999999886,2.6099999999999994,1.6800000000000068,68.36,73.99,67.49,2681.0,69.43,71.75,65.41,8805.0,66.73,71.19,65.36,14786.0,65.48,67.5,64.97,9389.0,69.2666666666667,1.4892056047788813,8531.0,68.36,1.989653236126989,9000.6,67.78099999999999,2.1424505698939083,7973.7,68.502,2.8899533778770823,10194.75,54.53027136687166,0.024136922176711595,0.007838897148263246,4.261842596046251,0.9388494032326828,0.9760034280677615,0.014085624923322593,1,2,71.41,72.49,72.7,70.9,69.25,65.73,67.8,69.0,68.31,75.56,82.0,79.0,78.8,86.39,78.78,79.43,72.99,72.0,71.99,73.45
2025-02-05,71.41,71.41,69.34,70.01,70.7,70.5,134.4,64.05,10547,742553.21,2.069999999999993,1.3999999999999915,0.9099999999999966,0.0,1.1599999999999966,70.01,74.57,68.33,14107.0,68.36,73.99,67.49,2681.0,69.43,71.75,65.41,8805.0,67.27,69.79,66.0,4624.0,69.62333333333335,1.6821811238106417,9111.666666666666,69.006,1.5762360229453003,10185.2,67.91499999999999,2.1456270774647335,8187.4,68.54650000000001,2.7095512834936435,10358.0,49.32526753417618,0.006999000142836609,-0.04237629073353888,-0.25235698589352806,0.9872566867247269,0.9835460992768291,0.014203695920996672,2,2,72.49,72.7,70.9,69.25,65.73,67.8,69.0,68.31,75.56,82.0,79.0,78.8,86.39,78.78,79.43,72.99,72.0,71.99,73.45,76.99
2025-02-06,72.0,72.49,70.21,70.5,72.49,71.95,134.4,64.05,9323,666855.09,2.280000000000001,1.5,0.04999999999999716,0.4899999999999949,1.740000000000009,70.5,71.41,69.34,10547.0,70.01,74.57,68.33,14107.0,68.36,73.99,67.49,2681.0,66.73,71.19,65.36,14786.0,70.82000000000002,1.6061548285594347,11325.666666666666,70.05,1.3848176775410774,9092.6,68.308,2.188458615351324,8597.1,68.7095,2.6770946545576204,9144.2,42.59356876139642,0.020567375886524797,0.015123932222377734,-0.11605195790272116,0.9925506966341213,0.9758165392498147,0.013980548607644257,3,2,72.7,70.9,69.25,65.73,67.8,69.0,68.31,75.56,82.0,79.0,78.8,86.39,78.78,79.43,72.99,72.0,71.99,73.45,76.99,76.0
2025-02-07,72.7,72.7,67.2,71.95,68.85,68.31,134.4,64.05,6954,490640.13,5.5,0.75,4.390000000000001,0.0,1.1099999999999994,71.95,72.49,70.21,9323.0,70.5,71.41,69.34,10547.0,70.01,74.57,68.33,14107.0,69.43,71.75,65.41,8805.0,70.25333333333334,0.6921704992062299,8941.333333333334,69.826,1.256789560757948,8722.4,68.41600000000001,2.0931796652713635,9019.7,68.852,2.627584442027952,8998.0,40.52156466563181,-0.05059068797776234,0.0028969513036281036,-0.25410275662340454,0.9396148555579145,0.983750548953539,0.014173320881844675,4,2,70.9,69.25,65.73,67.8,69.0,68.31,75.56,82.0,79.0,78.8,86.39,78.78,79.43,72.99,72.0,71.99,73.45,76.99,76.0,76.0
2025-02-10,70.9,70.9,66.98,68.31,69.0,68.44,134.4,64.05,6322,433080.4,3.9200000000000017,2.5900000000000034,2.460000000000008,0.0,1.4599999999999937,68.31,72.7,67.2,6954.0,71.95,72.49,70.21,9323.0,70.5,71.41,69.34,10547.0,68.36,73.99,67.49,2681.0,69.56666666666668,0.9842255838837805,7533.0,69.842,1.4174025539805168,9450.6,68.648,2.036595470658217,8753.8,68.944,2.485217347264677,8931.2,46.48924118624859,0.0019030888596105466,-0.024759284731774356,-0.09088294506758698,0.9653032439920266,0.9786674459237483,0.014597751364411746,0,2,69.25,65.73,67.8,69.0,68.31,75.56,82.0,79.0,78.8,86.39,78.78,79.43,72.99,72.0,71.99,73.45,76.99,76.0,76.0,77.2
2025-02-11,68.98,69.25,63.0,68.44,64.97,64.52,134.4,63.0,8623,564347.12,6.25,0.5400000000000063,4.460000000000008,0.269999999999996,1.519999999999996,68.44,70.9,66.98,6322.0,68.31,72.7,67.2,6954.0,71.95,72.49,70.21,9323.0,70.01,74.57,68.33,14107.0,67.09000000000002,1.7255433926654067,7299.666666666667,68.744,1.3908810157706077,8353.8,68.55199999999999,1.6876755875710805,8677.2,68.8345,2.4722720745325955,9063.55,38.983855624607116,-0.05727644652250152,-0.023272214386459877,0.3639670990192976,0.9316967508890729,0.9764414135000552,0.015279603092508,1,2,65.73,67.8,69.0,68.31,75.56,82.0,79.0,78.8,86.39,78.78,79.43,72.99,72.0,71.99,73.45,76.99,76.0,76.0,77.2,74.35
2025-02-12,65.73,65.73,61.99,64.52,64.0,63.22,134.4,61.99,22197,1402946.48,3.740000000000002,1.210000000000008,2.510000000000005,0.0,1.2299999999999969,64.52,69.25,63.0,8623.0,68.44,70.9,66.98,6322.0,68.31,72.7,67.2,6954.0,70.5,71.41,69.34,10547.0,65.39333333333336,2.640763778399016,12380.666666666666,67.288,2.8664664658829873,10683.8,68.147,2.5127046074775388,10434.5,68.60350000000001,2.7678066558554737,10033.65,38.68991514883795,-0.020148791072535643,-0.05083032490974726,1.5741621245506203,0.9618134793707315,0.9805441315884129,0.015821701195615094,2,2,67.8,69.0,68.31,75.56,82.0,79.0,78.8,86.39,78.78,79.43,72.99,72.0,71.99,73.45,76.99,76.0,76.0,77.2,74.35,71.55
2025-02-13,67.75,67.8,64.97,63.22,66.55,66.47,134.4,61.99,16801,1118580.93,2.8299999999999983,4.530000000000001,1.2800000000000011,0.04999999999999716,1.5,63.22,65.73,61.99,22197.0,64.52,69.25,63.0,8623.0,68.44,70.9,66.98,6322.0,71.95,72.49,70.21,9323.0,64.73666666666668,1.7690769721253186,15873.666666666666,66.192,2.697893622816185,12179.4,68.12100000000001,2.76036008118001,10636.0,68.38750000000002,2.8768447628367007,10409.4,48.395270241658196,0.05140778234735843,0.03149246919214965,-0.24309591386223361,0.9803834808114987,0.9774334285997076,0.015019923502539943,3,2,69.0,68.31,75.56,82.0,79.0,78.8,86.39,78.78,79.43,72.99,72.0,71.99,73.45,76.99,76.0,76.0,77.2,74.35,71.55,71.61
2025-02-14,69.0,69.0,66.5,66.47,66.5,66.86,134.4,61.99,20768,1393637.47,2.5,2.530000000000001,2.1400000000000006,0.0,0.35999999999999943,66.47,67.8,64.97,16801.0,63.22,65.73,61.99,22197.0,64.52,69.25,63.0,8623.0,68.31,72.7,67.2,6954.0,65.5166666666667,1.6541765322875104,19922.0,65.902,1.9189137552356652,14942.2,67.864,2.820205666258096,11832.3,67.9925,2.629784661984365,10261.65,51.611498226369285,0.005867308560252749,0.017699115044247815,0.23611689780370226,0.9689855072323335,0.9946156147024436,0.014902010348501886,4,2,68.31,75.56,82.0,79.0,78.8,86.39,78.78,79.43,72.99,72.0,71.99,73.45,76.99,76.0,76.0,77.2,74.35,71.55,71.61,71.9
2025-02-17,67.01,68.31,62.41,66.86,62.65,62.97,134.4,61.99,6946,447281.97,5.900000000000006,0.15000000000000568,4.040000000000006,1.2999999999999972,0.5600000000000023,66.86,69.0,66.5,20768.0,66.47,67.8,64.97,16801.0,63.22,65.73,61.99,22197.0,68.44,70.9,66.98,6322.0,65.43333333333335,0.6022457969723628,14838.333333333334,64.80799999999999,1.4008818651238621,15067.0,67.325,2.670789313208681,12258.8,67.5365,2.278317708076385,9815.95,45.211751215834994,-0.05818127430451692,-0.010000000000000009,-0.6655431432973806,0.9218269652917314,0.9911068762745576,0.015529353888331302,0,2,75.56,82.0,79.0,78.8,86.39,78.78,79.43,72.99,72.0,71.99,73.45,76.99,76.0,76.0,77.2,74.35,71.55,71.61,71.9,71.04
2025-02-18,64.25,75.56,63.88,62.97,75.56,75.52,134.4,61.99,360251,25882273.99,11.68,1.2800000000000011,11.269999999999996,0.04000000000000625,0.36999999999999744,62.97,68.31,62.41,6946.0,66.86,69.0,66.5,20768.0,66.47,67.8,64.97,16801.0,64.52,69.25,63.0,8623.0,68.45,4.001503883954715,129321.66666666667,67.00800000000001,3.716537366962997,85392.6,67.876,2.861643855470091,46873.2,67.82849999999999,2.487906539111854,27423.45,61.157695405566464,0.19930125456566605,0.10613380178597565,50.86452634609847,0.9994706193621032,0.845868644056596,0.013918831094176205,1,2,82.0,79.0,78.8,86.39,78.78,79.43,72.99,72.0,71.99,73.45,76.99,76.0,76.0,77.2,74.35,71.55,71.61,71.9,71.04,72.89
2025-02-19,67.4,82.0,67.4,75.52,76.0,75.99,134.4,61.99,279642,21293207.31,14.599999999999994,-8.11999999999999,8.58999999999999,6.010000000000005,0.0,75.52,75.56,63.88,360251.0,62.97,68.31,62.41,6946.0,66.86,69.0,66.5,20768.0,63.22,65.73,61.99,22197.0,71.49333333333335,6.848992626654817,215613.0,69.56199999999998,6.15434643159048,136881.6,68.425,4.688359580444954,73782.7,68.17,3.55190015862346,40985.05,62.547425450523995,0.006223516949152463,0.0852302805717311,-0.22375787992260954,0.9267073170618694,0.8869588103581135,0.01313292055672002,2,2,79.0,78.8,86.39,78.78,79.43,72.99,72.0,71.99,73.45,76.99,76.0,76.0,77.2,74.35,71.55,71.61,71.9,71.04,72.89,77.84
2025-02-20,75.99,79.0,73.22,75.99,75.1,75.99,134.4,61.99,47759,3642988.21,5.780000000000001,0.0,0.0,3.010000000000005,2.769999999999996,75.99,82.0,67.4,279642.0,75.52,75.56,63.88,360251.0,62.97,68.31,62.41,6946.0,66.47,67.8,64.97,16801.0,75.83333333333336,3.2225042022169603,229217.33333333334,71.466,6.03768001802259,143073.2,68.829,5.275718487139939,77626.3,68.5685,3.9555108459741253,43111.7,59.59064325045995,0.0,-0.03658536585365857,-0.8292137804764663,0.9618987341650391,0.9635478352287992,0.013109842043655692,3,2,78.8,86.39,78.78,79.43,72.99,72.0,71.99,73.45,76.99,76.0,76.0,77.2,74.35,71.55,71.61,71.9,71.04,72.89,77.84,82.0
2025-02-21,75.0,78.8,74.01,75.99,77.0,74.73,134.4,61.99,29575,2234001.88,4.789999999999992,-0.9899999999999949,0.269999999999996,3.799999999999997,0.7199999999999989,75.99,79.0,73.22,47759.0,75.99,82.0,67.4,279642.0,75.52,75.56,63.88,360251.0,66.86,69.0,66.5,20768.0,75.57000000000002,1.79257728795892,118992.0,73.03999999999999,5.231537059032287,144834.6,69.471,5.6981756339683205,79888.4,68.9435,4.215781628219092,44454.05,59.26141317738705,-0.016581129095933567,-0.0025316455696202667,-0.3807449904729998,0.9483502537950718,0.9903653151212315,0.013238574356078872,4,2,86.39,78.78,79.43,72.99,72.0,71.99,73.45,76.99,76.0,76.0,77.2,74.35,71.55,71.61,71.9,71.04,72.89,77.84,82.0,77.57
2025-02-24,77.43,86.39,74.01,74.73,77.11,79.62,134.4,61.99,404167,32931353.27,12.379999999999995,2.700000000000003,2.1899999999999977,6.769999999999996,3.4200000000000017,74.73,78.8,74.01,29575.0,75.99,79.0,73.22,47759.0,75.99,82.0,67.4,279642.0,62.97,68.31,62.41,6946.0,76.78000000000002,4.325509603885579,160500.33333333334,76.37,4.073487449351748,224278.8,70.589,7.10569912112771,119672.9,69.6185,5.253511382122725,64213.35,62.769067210237395,0.06543556804496187,0.0963197969543148,12.665832628909552,0.9216344484208632,0.9295403164917164,0.012273015223100184,0,2,78.78,79.43,72.99,72.0,71.99,73.45,76.99,76.0,76.0,77.2,74.35,71.55,71.61,71.9,71.04,72.89,77.84,82.0,77.57,77.74
2025-02-25,77.81,78.78,76.22,79.62,78.4,77.62,134.4,61.99,28696,2221344.96,2.5600000000000023,-1.8100000000000023,0.18999999999999773,0.9699999999999989,1.4000000000000057,79.62,86.39,74.01,404167.0,74.73,78.8,74.01,29575.0,75.99,79.0,73.22,47759.0,75.52,75.56,63.88,360251.0,77.32333333333337,4.387873440894388,154146.0,76.78999999999999,3.3098459178677575,157967.8,71.899,7.008846869809599,121680.2,70.2255,5.248027674629027,65178.7,59.09555439889275,-0.02511931675458423,-0.08808889917814566,-0.9289996461858588,0.9852754506094786,0.9819634114792325,0.012918299731348339,1,2,79.43,72.99,72.0,71.99,73.45,76.99,76.0,76.0,77.2,74.35,71.55,71.61,71.9,71.04,72.89,77.84,82.0,77.57,77.74,74.4
2025-02-27,79.4,79.43,74.5,77.62,74.5,74.86,134.4,61.99,16683,1269777.08,4.930000000000007,1.7800000000000011,4.540000000000006,0.030000000000001137,0.35999999999999943,77.62,78.78,76.22,28696.0,79.62,86.39,74.01,404167.0,74.73,78.8,74.01,29575.0,75.99,82.0,67.4,279642.0,77.36666666666669,4.2185345006656485,149848.66666666666,76.56400000000001,3.31411375785837,105376.0,73.063,6.265288944298681,121128.8,70.60499999999999,5.334185554168873,65781.65,53.597033355986184,-0.035557845916001085,0.008250825082508406,-0.4186297741845554,0.9424650635661277,0.9951910232300936,0.01313852664595268,3,2,72.99,72.0,71.99,73.45,76.99,76.0,76.0,77.2,74.35,71.55,71.61,71.9,71.04,72.89,77.84,82.0,77.57,77.74,74.4,71.9
2025-02-28,71.1,72.99,64.8,74.86,68.44,67.63,134.4,61.99,51601,3494192.45,8.189999999999998,-3.760000000000005,3.469999999999999,1.8900000000000006,2.8299999999999983,74.86,79.43,74.5,16683.0,77.62,78.78,76.22,28696.0,79.62,86.39,74.01,404167.0,75.99,79.0,73.22,47759.0,73.37000000000002,3.5454242811412278,32326.666666666668,74.89200000000001,4.759702721812236,106144.4,73.179,5.6484849492778215,124608.8,70.65,5.300199474894539,67622.4,49.22797455292479,-0.09658028319529799,-0.0810776784590207,2.09302883174489,0.9265652829027734,0.9581546650752897,0.014767646813500493,4,2,72.0,71.99,73.45,76.99,76.0,76.0,77.2,74.35,71.55,71.61,71.9,71.04,72.89,77.84,82.0,77.57,77.74,74.4,71.9,71.51
2025-03-03,69.0,72.0,64.1,67.63,66.25,67.04,132.0,61.99,21399,1444170.04,7.900000000000006,1.3700000000000045,1.9599999999999937,3.0,2.940000000000012,67.63,72.99,64.8,51601.0,74.86,79.43,74.5,16683.0,77.62,78.78,76.22,28696.0,74.73,78.8,74.01,29575.0,69.84333333333335,4.034406193395188,29894.333333333332,73.354,5.790334187249261,104509.2,73.197,5.239724759522343,124671.9,70.5305,5.294800329219595,68252.1,48.42696627689939,-0.008723939080289678,-0.013563501849568338,-0.5852987345206488,0.931111111098179,0.9561455847112744,0.014817507223733838,0,3,71.99,73.45,76.99,76.0,76.0,77.2,74.35,71.55,71.61,71.9,71.04,72.89,77.84,82.0,77.57,77.74,74.4,71.9,71.51,72.56
2025-03-04,69.29,71.99,67.04,67.04,71.95,71.29,132.0,61.99,41973,2931760.98,4.949999999999989,2.25,2.0,0.6999999999999886,2.25,67.04,72.0,64.1,21399.0,67.63,72.99,64.8,51601.0,74.86,79.43,74.5,16683.0,79.62,86.39,74.01,404167.0,68.65333333333336,0.5744852768392062,38324.333333333336,71.688,3.741867180971168,32070.4,74.02900000000001,4.629888887555199,128174.6,70.67699999999999,5.31494070868436,70216.7,57.55074724948227,0.06339498806682586,-0.0001388888888889106,0.9614467965792795,0.9902764272678113,0.9403843456173322,0.014316651420880833,1,3,73.45,76.99,76.0,76.0,77.2,74.35,71.55,71.61,71.9,71.04,72.89,77.84,82.0,77.57,77.74,74.4,71.9,71.51,72.56,79.0
2025-03-05,71.85,73.45,70.4,71.29,71.93,71.79,132.0,61.99,14977,1080870.13,3.049999999999997,0.5599999999999881,0.05999999999998806,1.6000000000000085,1.3900000000000006,71.29,71.99,67.04,41973.0,67.04,72.0,64.1,21399.0,67.63,72.99,64.8,51601.0,77.62,78.78,76.22,28696.0,70.04000000000003,0.8400595216838609,26116.333333333332,70.522,3.1162349077098908,29326.6,73.656,4.7834809501027555,93647.2,70.76599999999999,5.314020085930453,70260.2,59.73200088947882,0.007013606396409022,0.020280594527017692,-0.6431753746456055,0.9773995915455765,0.9806379718487165,0.013856428801487916,2,3,76.99,76.0,76.0,77.2,74.35,71.55,71.61,71.9,71.04,72.89,77.84,82.0,77.57,77.74,74.4,71.9,71.51,72.56,79.0,76.99
2025-03-06,72.0,76.99,71.98,71.79,76.1,75.58,132.0,61.99,27326,2047173.89,5.009999999999991,0.20999999999999375,3.5799999999999983,1.4099999999999966,0.01999999999999602,71.79,73.45,70.4,14977.0,71.29,71.99,67.04,41973.0,67.04,72.0,64.1,21399.0,74.86,79.43,74.5,16683.0,72.8866666666667,2.5710957456511263,28092.0,70.666,2.059825235312426,31455.2,73.61500000000001,4.51251297320342,68415.6,71.02000000000001,5.322938049016952,71099.15,60.219878823354755,0.052792868087477185,0.0481960517358746,0.8245309474527609,0.981685933225332,0.9523683514031177,0.013348157737592086,3,3,76.0,76.0,77.2,74.35,71.55,71.61,71.9,71.04,72.89,77.84,82.0,77.57,77.74,74.4,71.9,71.51,72.56,79.0,76.99,74.0
2025-03-07,76.0,76.0,73.1,75.58,75.0,74.26,132.0,61.99,36487,2741613.95,2.9000000000000057,0.4200000000000017,1.7399999999999949,0.0,1.1600000000000108,75.58,76.99,71.98,27326.0,71.79,73.45,70.4,14977.0,71.29,71.99,67.04,41973.0,67.63,72.99,64.8,51601.0,73.87666666666668,1.826389881698923,26263.333333333332,71.992,2.3046539870508926,28432.4,73.44200000000001,4.462895920811482,67288.4,71.13550000000001,5.322217854872636,72457.35,58.13186811398142,-0.017464937814236525,-0.012858812832835409,0.33524848129986085,0.9771052631450381,0.9843792081741934,0.013308584164448092,4,3,76.0,77.2,74.35,71.55,71.61,71.9,71.04,72.89,77.84,82.0,77.57,77.74,74.4,71.9,71.51,72.56,79.0,76.99,74.0,71.98
2025-03-10,75.01,76.0,72.02,74.26,72.02,72.38,132.0,61.99,15483,1144584.45,3.980000000000004,0.75,2.6300000000000097,0.9899999999999949,0.35999999999999943,74.26,76.0,73.1,36487.0,75.58,76.99,71.98,27326.0,71.79,73.45,70.4,14977.0,67.04,72.0,64.1,21399.0,74.07333333333335,0.5715767664735399,26432.0,73.06000000000002,2.083129856737007,27249.2,73.20700000000001,4.402677972930682,65879.2,71.339,5.319410607437127,72883.8,60.81857896409611,-0.025316455696202667,0.0,-0.575657083344753,0.9523684210401003,0.995026250331652,0.013527180104534872,0,3,77.2,74.35,71.55,71.61,71.9,71.04,72.89,77.84,82.0,77.57,77.74,74.4,71.9,71.51,72.56,79.0,76.99,74.0,71.98,71.49
2025-03-11,77.2,77.2,71.21,72.38,72.2,71.85,132.0,61.99,21197,1566240.4,5.990000000000009,4.820000000000007,5.3500000000000085,0.0,0.6400000000000006,72.38,76.0,72.02,15483.0,74.26,76.0,73.1,36487.0,75.58,76.99,71.98,27326.0,71.29,71.99,67.04,41973.0,72.83000000000001,0.6928203230076052,24389.0,73.172,1.4913651464442068,23094.0,72.42999999999999,2.7260718585123973,27582.2,71.5095,5.280245483726062,73627.55,44.16904986913355,-0.00732246476927334,0.015789473684210575,0.3690499257249886,0.9306994818532291,0.9910925539180084,0.013533682313391986,1,3,74.35,71.55,71.61,71.9,71.04,72.89,77.84,82.0,77.57,77.74,74.4,71.9,71.51,72.56,79.0,76.99,74.0,71.98,71.49,72.58
2025-03-12,72.66,74.35,67.53,71.85,68.88,69.41,132.0,61.99,163351,11299743.39,6.819999999999993,0.8100000000000023,3.25,1.6899999999999977,1.8799999999999955,71.85,77.2,71.21,21197.0,72.38,76.0,72.02,15483.0,74.26,76.0,73.1,36487.0,71.79,73.45,70.4,14977.0,71.21333333333335,1.4309088021157363,66677.0,72.696,1.127417402752176,52768.8,71.60900000000001,2.479565374100831,41047.7,71.75399999999999,5.117033757331755,81363.95,40.161483236774494,-0.03395963813500347,-0.036917098445595986,6.706326366938717,0.9335574983062064,0.9729145656105329,0.014456168990931393,2,3,71.55,71.61,71.9,71.04,72.89,77.84,82.0,77.57,77.74,74.4,71.9,71.51,72.56,79.0,76.99,74.0,71.98,71.49,72.58,73.98
2025-03-13,70.1,71.55,67.01,69.41,67.62,69.06,132.0,61.99,60683,4256191.99,4.539999999999992,0.6899999999999977,1.039999999999992,1.4500000000000028,2.049999999999997,69.41,74.35,67.53,163351.0,71.85,77.2,71.21,21197.0,72.38,76.0,72.02,15483.0,75.58,76.99,71.98,27326.0,70.10666666666668,2.8250368729107604,81743.66666666667,71.39200000000001,2.1887781979974785,59440.2,71.029,2.1610892315362227,45447.7,72.04599999999999,4.70577749602485,83288.25,39.74548681395571,-0.005042501080535833,-0.03765971755211828,-0.6285116099687177,0.9651991614120867,0.9703156675214261,0.014257580518589337,3,3,71.61,71.9,71.04,72.89,77.84,82.0,77.57,77.74,74.4,71.9,71.51,72.56,79.0,76.99,74.0,71.98,71.49,72.58,73.98,76.5
2025-03-17,70.45,71.61,67.1,69.06,67.2,67.57,132.0,61.99,35204,2439425.48,4.510000000000005,1.3900000000000006,2.8800000000000097,1.1599999999999966,0.46999999999999886,69.06,71.55,67.01,60683.0,69.41,74.35,67.53,163351.0,71.85,77.2,71.21,21197.0,74.26,76.0,73.1,36487.0,68.68000000000002,1.5995416009923393,86412.66666666667,70.054,2.5483465227534454,59183.6,71.023,2.290798987252072,43808.0,72.101,4.453130182359522,84208.4,39.47677834942165,-0.021575441644946514,0.0008385744234800097,-0.41987047443270764,0.9435832984088313,0.9930442503922888,0.014431266824350784,0,3,71.9,71.04,72.89,77.84,82.0,77.57,77.74,74.4,71.9,71.51,72.56,79.0,76.99,74.0,71.98,71.49,72.58,73.98,76.5,77.0
2025-03-18,71.9,71.9,65.0,67.57,69.49,68.28,132.0,61.99,43758,3009724.95,6.900000000000006,4.3300000000000125,3.6200000000000045,0.0,3.280000000000001,67.57,71.61,67.1,35204.0,69.06,71.55,67.01,60683.0,69.41,74.35,67.53,163351.0,72.38,76.0,72.02,15483.0,68.30333333333336,0.18717193514262428,46548.333333333336,69.23400000000001,2.4590994286587993,64838.6,71.147,2.3012470049459903,46043.9,72.172,4.27145051167317,85357.9,30.99865950288266,0.010507621725617922,0.004049713727133142,0.2429837518463811,0.9496522948407558,0.9519625073088465,0.014538870071831642,1,3,71.04,72.89,77.84,82.0,77.57,77.74,74.4,71.9,71.51,72.56,79.0,76.99,74.0,71.98,71.49,72.58,73.98,76.5,77.0,76.9
2025-03-19,70.81,71.04,67.83,68.28,68.4,69.48,132.0,61.99,51505,3575925.23,3.210000000000008,2.530000000000001,1.3299999999999983,0.23000000000000398,1.6500000000000057,68.28,71.9,65.0,43758.0,67.57,71.61,67.1,35204.0,69.06,71.55,67.01,60683.0,71.85,77.2,71.21,21197.0,68.44333333333334,0.4375309512537471,43489.0,68.76,1.3007882225907246,70900.2,70.966,2.415010697007727,46997.1,72.4975,4.060784568993817,87585.85,35.98484846750041,0.017574692442882345,-0.011961057023643917,0.17704191233603006,0.978040540526773,0.976252158880595,0.01440326536133978,2,3,72.89,77.84,82.0,77.57,77.74,74.4,71.9,71.51,72.56,79.0,76.99,74.0,71.98,71.49,72.58,73.98,76.5,77.0,76.9,76.58
2025-03-20,72.89,72.89,69.23,69.48,70.05,70.82,132.0,61.99,51906,3654512.36,3.6599999999999966,3.4099999999999966,2.0700000000000074,0.0,1.5899999999999892,69.48,71.04,67.83,51505.0,68.28,71.9,65.0,43758.0,67.57,71.61,67.1,35204.0,69.41,74.35,67.53,163351.0,69.52666666666669,0.9257609482501707,49056.333333333336,69.042,0.6845217308682852,48611.2,70.869,2.4358163130881154,50690.0,72.2625,4.114406780798845,72168.6,42.68645906598078,0.01928612550374198,0.02604166666666652,0.007785651878458477,0.9716010426537027,0.977548715038442,0.014203262949150345,3,3,77.84,82.0,77.57,77.74,74.4,71.9,71.51,72.56,79.0,76.99,74.0,71.98,71.49,72.58,73.98,76.5,77.0,76.9,76.58,77.32
2025-03-21,71.7,77.84,70.5,70.82,74.32,74.41,132.0,61.99,60857,4487037.76,7.340000000000003,0.8800000000000097,2.7099999999999937,3.430000000000007,1.2000000000000028,70.82,72.89,69.23,51906.0,69.48,71.04,67.83,51505.0,68.28,71.9,65.0,43758.0,69.06,71.55,67.01,60683.0,71.57000000000001,3.5157976809403104,54756.0,70.112,2.7570690959840327,48646.0,70.752,2.564976932968748,54043.1,72.18350000000001,3.8785007955447592,61229.35,64.13678061309781,0.05069189494493087,0.06791055014405267,0.1724463453165337,0.9559352517862802,0.9474532992749972,0.013562845524170492,4,3,82.0,77.57,77.74,74.4,71.9,71.51,72.56,79.0,76.99,74.0,71.98,71.49,72.58,73.98,76.5,77.0,76.9,76.58,77.32,77.0
2025-03-24,77.99,82.0,76.0,74.41,77.45,76.57,132.0,61.99,332033,26078513.87,6.0,3.5799999999999983,1.4200000000000017,4.010000000000005,0.5699999999999932,74.41,77.84,70.5,60857.0,70.82,72.89,69.23,51906.0,69.48,71.04,67.83,51505.0,67.57,71.61,67.1,35204.0,73.93333333333334,4.560705354800463,148265.33333333334,71.912,4.65616580461103,108011.8,70.98299999999999,3.5770248345044977,83597.7,72.2125,4.0736806065521725,75443.05,68.64970642030933,0.029028356403709044,0.05344295991777992,4.455954121958033,0.9337804877934903,0.992555831252546,0.012732052204169562,0,3,77.57,77.74,74.4,71.9,71.51,72.56,79.0,76.99,74.0,71.98,71.49,72.58,73.98,76.5,77.0,76.9,76.58,77.32,77.0,76.33
2025-03-25,76.57,77.57,74.1,76.57,74.1,74.42,132.0,61.99,105444,7845777.77,3.469999999999999,0.0,2.1499999999999915,1.0,0.3200000000000074,76.57,82.0,76.0,332033.0,74.41,77.84,70.5,60857.0,70.82,72.89,69.23,51906.0,68.28,71.9,65.0,43758.0,75.13333333333334,2.483391498194709,166111.33333333334,73.14,4.352156936511881,120349.0,71.18699999999998,3.676517827146855,92593.8,72.197,4.032861430272333,79236.5,56.67377395337173,-0.028078882068695243,-0.05402439024390249,-0.6824291561380946,0.9593915173268095,0.9957000806101087,0.013439585352925436,1,3,77.74,74.4,71.9,71.51,72.56,79.0,76.99,74.0,71.98,71.49,72.58,73.98,76.5,77.0,76.9,76.58,77.32,77.0,76.33,75.0
2025-03-26,75.0,77.74,70.81,74.42,71.5,71.7,132.0,61.99,115909,8316382.34,6.929999999999993,0.5799999999999983,3.299999999999997,2.739999999999995,0.8900000000000006,74.42,77.57,74.1,105444.0,76.57,82.0,76.0,332033.0,74.41,77.84,70.5,60857.0,69.48,71.04,67.83,51505.0,74.23000000000002,2.5100265602789498,184462.0,73.58399999999999,3.225751075335445,133229.8,71.172,3.7194815947022293,102065.0,71.801,3.190478268055739,64823.6,49.824698063983405,-0.03654931470034939,0.0021915689055047594,0.09924699366488365,0.9223051196176705,0.9875871687449429,0.013937430394764654,2,3,74.4,71.9,71.51,72.56,79.0,76.99,74.0,71.98,71.49,72.58,73.98,76.5,77.0,76.9,76.58,77.32,77.0,76.33,75.0,74.98
2025-03-27,74.4,74.4,68.11,71.7,68.17,69.04,132.0,61.99,41800,2957245.87,6.290000000000006,2.700000000000003,5.359999999999999,0.0,0.9300000000000068,71.7,77.74,70.81,115909.0,74.42,77.57,74.1,105444.0,76.57,82.0,76.0,332033.0,70.82,72.89,69.23,51906.0,71.72000000000003,1.8811964278012743,87717.66666666667,73.228,2.7017401799632053,131208.6,71.13499999999999,3.7187698085367145,89909.9,71.372,3.0776821421988263,65478.8,36.674816604994,-0.03709902370990237,-0.04296372523797254,-0.6393722661743264,0.9279569892348393,0.9865295480737755,0.01413477331189915,3,3,71.9,71.51,72.56,79.0,76.99,74.0,71.98,71.49,72.58,73.98,76.5,77.0,76.9,76.58,77.32,77.0,76.33,75.0,74.98,75.0
2025-03-28,69.47,71.9,68.2,69.04,68.54,68.72,132.0,61.99,38763,2685110.14,3.700000000000003,0.4299999999999926,0.75,2.430000000000007,0.519999999999996,69.04,74.4,68.11,41800.0,71.7,77.74,70.81,115909.0,74.42,77.57,74.1,105444.0,74.41,77.84,70.5,60857.0,69.82000000000002,2.9300511940872527,65490.666666666664,72.09,3.816283532447276,126789.8,71.101,3.685718533896263,87717.9,71.065,2.958682984029951,66582.8,38.23279521940275,-0.004634994206257348,-0.03360215053763438,-0.07265550239234453,0.9557719054109071,0.9924330616852091,0.014436279325212329,4,3,71.51,72.56,79.0,76.99,74.0,71.98,71.49,72.58,73.98,76.5,77.0,76.9,76.58,77.32,77.0,76.33,75.0,74.98,75.0,76.99
2025-04-01,71.0,71.51,69.1,68.72,70.5,70.16,132.0,61.99,7978,561704.02,2.410000000000011,2.280000000000001,0.8400000000000034,0.5100000000000051,1.0600000000000023,68.72,71.9,68.2,38763.0,69.04,74.4,68.11,41800.0,71.7,77.74,70.81,115909.0,76.57,82.0,76.0,332033.0,69.30666666666669,1.5681305217695936,29513.666666666668,70.808,2.9814308645396097,61978.8,71.35999999999999,3.695725609102098,84995.3,71.19149999999999,3.0182031514041996,64401.65,45.19480516741441,0.020954598370197974,-0.0054242002781641485,-0.7941851765859196,0.9811215214518091,0.9848916761547193,0.014203209726004782,1,4,72.56,79.0,76.99,74.0,71.98,71.49,72.58,73.98,76.5,77.0,76.9,76.58,77.32,77.0,76.33,75.0,74.98,75.0,76.99,75.84
2025-04-02,70.14,72.56,70.14,70.16,72.51,72.29,132.0,61.99,5608,402979.26,2.4200000000000017,-0.01999999999999602,2.1500000000000057,0.269999999999996,0.0,70.16,71.51,69.1,7978.0,68.72,71.9,68.2,38763.0,69.04,74.4,68.11,41800.0,74.42,77.57,74.1,105444.0,70.39000000000003,0.5307541803622596,17449.666666666668,70.382,2.555233844490551,42011.6,71.761,3.6421185837055186,81180.3,71.454,2.996342463384834,63612.1,50.89068823026441,0.030359179019384452,0.014683261082366172,-0.2970669340686889,0.9962789415518705,0.9702586803019745,0.013916348945600789,2,4,79.0,76.99,74.0,71.98,71.49,72.58,73.98,76.5,77.0,76.9,76.58,77.32,77.0,76.33,75.0,74.98,75.0,76.99,75.84,73.91
2025-04-03,72.19,79.0,72.19,72.29,78.0,76.01,132.0,61.99,17773,1325351.74,6.810000000000002,-0.10000000000000853,3.8200000000000074,2.989999999999995,0.0,72.29,72.56,70.14,5608.0,70.16,71.51,69.1,7978.0,68.72,71.9,68.2,38763.0,71.7,77.74,70.81,115909.0,72.82000000000002,4.0553709242565406,10453.0,71.244,3.0726340491555164,22384.4,72.414,3.562818640720042,77807.1,71.69,3.0927138482822643,62402.1,62.70207848815132,0.05145939964033741,0.08875413450937142,2.169222539229672,0.9621518987219981,0.9497434547960827,0.013410025024753042,3,4,76.99,74.0,71.98,71.49,72.58,73.98,76.5,77.0,76.9,76.58,77.32,77.0,76.33,75.0,74.98,75.0,76.99,75.84,73.91,72.22
2025-04-04,76.9,76.99,73.3,76.01,75.47,74.67,132.0,61.99,13562,1017762.94,3.6899999999999977,0.8900000000000006,2.230000000000004,0.0899999999999892,1.3700000000000045,76.01,79.0,72.19,17773.0,72.29,72.56,70.14,5608.0,70.16,71.51,69.1,7978.0,69.04,74.4,68.11,41800.0,74.32333333333337,3.294910216273784,12314.333333333334,72.37,3.385833723033299,16736.8,72.799,3.431777802959356,73972.7,71.834,3.1081278846529066,62331.35,60.40044490746732,-0.017629259307985867,-0.025443037974683613,-0.2369324255893771,0.9698662163791419,0.9816526047812821,0.013325303434609229,4,4,74.0,71.98,71.49,72.58,73.98,76.5,77.0,76.9,76.58,77.32,77.0,76.33,75.0,74.98,75.0,76.99,75.84,73.91,72.22,73.08
2025-04-07,74.0,74.0,67.6,74.67,70.5,69.66,132.0,61.99,17205,1190746.94,6.400000000000006,-0.6700000000000017,4.340000000000003,0.0,2.0600000000000023,74.67,76.99,73.3,13562.0,76.01,79.0,72.19,17773.0,72.29,72.56,70.14,5608.0,68.72,71.9,68.2,38763.0,73.44666666666667,2.5159557494728255,16180.0,72.55799999999999,3.119177776278438,12425.2,72.324,3.4366231811015346,69607.5,71.538,3.0818020616770476,61825.3,53.42735320603533,-0.06709521896343917,-0.03883621249512914,0.2686181979059137,0.9413513513386303,0.9704277921192875,0.014448913889293712,0,4,71.98,71.49,72.58,73.98,76.5,77.0,76.9,76.58,77.32,77.0,76.33,75.0,74.98,75.0,76.99,75.84,73.91,72.22,73.08,70.96
2025-04-08,71.07,71.98,69.65,69.66,71.0,70.49,132.0,61.99,2689,190072.63,2.3299999999999983,1.4099999999999966,0.5799999999999983,0.9100000000000108,0.8399999999999892,69.66,74.0,67.6,17205.0,74.67,76.99,73.3,13562.0,76.01,79.0,72.19,17773.0,70.16,71.51,69.1,7978.0,71.60666666666668,2.520601779993299,11152.0,72.624,2.9995799706007595,11367.4,71.71600000000001,2.823403186856387,36673.1,71.34949999999999,3.1370540572140535,60135.4,53.60993137044955,0.011915015790984862,-0.02729729729729724,-0.8437082243533857,0.9792998054879228,0.988083416073371,0.014147223616572181,1,4,71.49,72.58,73.98,76.5,77.0,76.9,76.58,77.32,77.0,76.33,75.0,74.98,75.0,76.99,75.84,73.91,72.22,73.08,70.96,75.2
2025-04-09,71.49,71.49,68.41,70.49,69.03,69.81,132.0,61.99,6013,420223.38,3.0799999999999983,1.0,1.6799999999999926,0.0,1.4000000000000057,70.49,71.98,69.65,2689.0,69.66,74.0,67.6,17205.0,74.67,76.99,73.3,13562.0,72.29,72.56,70.14,5608.0,69.98666666666668,1.330451051325117,8635.666666666666,72.128,3.237525289481053,11448.4,71.255,2.806845006209636,26730.0,71.221,3.200260515709526,59661.9,50.54835491167573,-0.009646758405447486,-0.006807446512920423,1.2361472666418742,0.976500209805896,0.9799455665237079,0.014309056292869726,2,4,72.58,73.98,76.5,77.0,76.9,76.58,77.32,77.0,76.33,75.0,74.98,75.0,76.99,75.84,73.91,72.22,73.08,70.96,75.2,73.74
2025-04-11,72.0,72.58,68.21,69.81,71.3,71.04,132.0,61.99,11589,816567.31,4.3700000000000045,2.1899999999999977,0.9599999999999937,0.5799999999999983,2.8300000000000125,69.81,71.49,68.41,6013.0,70.49,71.98,69.65,2689.0,69.66,74.0,67.6,17205.0,76.01,79.0,72.19,17773.0,70.4466666666667,0.5459242926500459,6763.666666666667,71.134,2.2127290841922,10211.6,71.189,2.5362240086824275,16298.0,71.18050000000001,3.159772643384806,59181.5,50.366911250662575,0.01761925225612382,0.015246887676598098,0.9273241310493929,0.9787820336045912,0.9601632882747723,0.01419233890222716,4,4,73.98,76.5,77.0,76.9,76.58,77.32,77.0,76.33,75.0,74.98,75.0,76.99,75.84,73.91,72.22,73.08,70.96,75.2,73.74,75.0
2025-04-15,71.04,73.98,69.7,71.04,73.9,72.56,132.0,61.99,14230,1026192.38,4.280000000000001,0.0,1.519999999999996,1.4200000000000017,1.3400000000000034,71.04,72.58,68.21,11589.0,69.81,71.49,68.41,6013.0,70.49,71.98,69.65,2689.0,74.67,76.99,73.3,13562.0,71.1366666666667,1.2482120546227011,10610.666666666666,70.712,1.147728190831952,10345.2,71.541,2.5257142004227537,13541.0,71.338,3.160208645674964,51725.45,46.685775684213525,0.021396396396396344,0.019289060347203124,0.2278885149710932,0.9808056231281318,0.9605843439779412,0.013866795619745282,1,4,76.5,77.0,76.9,76.58,77.32,77.0,76.33,75.0,74.98,75.0,76.99,75.84,73.91,72.22,73.08,70.96,75.2,73.74,75.0,75.54
2025-04-16,73.35,76.5,72.99,72.56,76.21,75.43,132.0,61.99,14001,1052150.47,3.510000000000005,0.789999999999992,2.0800000000000125,1.0699999999999932,0.35999999999999943,72.56,73.98,69.7,14230.0,71.04,72.58,68.21,11589.0,69.81,71.49,68.41,6013.0,69.66,74.0,67.6,17205.0,73.01000000000003,1.9864876876802735,13273.333333333334,71.86600000000001,2.014889575145523,9704.4,72.212,2.599707034775597,11064.8,71.65650000000001,3.1332804400145586,49391.35,48.00838572075064,0.03955347298787215,0.03406326034063256,-0.016092761770906572,0.9860130718825358,0.9676521277877812,0.013307032025561884,2,4,77.0,76.9,76.58,77.32,77.0,76.33,75.0,74.98,75.0,76.99,75.84,73.91,72.22,73.08,70.96,75.2,73.74,75.0,75.54,74.76
2025-04-17,76.25,77.0,74.56,75.43,74.93,75.32,132.0,61.99,8249,626296.38,2.4399999999999977,0.8199999999999932,0.9300000000000068,0.75,0.7599999999999909,75.43,76.5,72.99,14001.0,72.56,73.98,69.7,14230.0,71.04,72.58,68.21,11589.0,70.49,71.98,69.65,2689.0,74.43666666666668,1.6186825918953995,12160.0,72.83200000000001,2.4024154511719162,10816.4,72.72800000000001,2.581221932856974,11091.9,72.044,3.1056574437441085,48043.6,51.693002230109016,-0.0014583057139071487,0.006535947712418277,-0.4108277980144276,0.9781818181691144,0.9899097185211112,0.01317108043958355,3,4,76.9,76.58,77.32,77.0,76.33,75.0,74.98,75.0,76.99,75.84,73.91,72.22,73.08,70.96,75.2,73.74,75.0,75.54,74.76,75.28
2025-04-21,76.9,76.9,73.2,75.32,76.15,75.62,132.0,61.99,9355,701848.67,3.700000000000003,1.5800000000000125,1.2800000000000011,0.0,2.4200000000000017,75.32,77.0,74.56,8249.0,75.43,76.5,72.99,14001.0,72.56,73.98,69.7,14230.0,69.81,71.49,68.41,6013.0,75.45666666666669,0.26457513105316627,10535.0,73.994,1.999279870360568,11484.8,73.061,2.5634126559022463,11466.6,72.411,3.0657020746502526,46323.45,58.11258274778244,0.003983005841742049,-0.0012987012987012436,0.13407685780094547,0.9833550064891631,0.9679978841448293,0.013329084174228022,0,4,76.58,77.32,77.0,76.33,75.0,74.98,75.0,76.99,75.84,73.91,72.22,73.08,70.96,75.2,73.74,75.0,75.54,74.76,75.28,73.96
2025-04-22,75.32,76.58,75.31,75.62,76.16,76.09,132.0,61.99,7143,544080.72,1.269999999999996,-0.30000000000001137,0.7700000000000102,0.4899999999999949,0.009999999999990905,75.62,76.9,73.2,9355.0,75.32,77.0,74.56,8249.0,75.43,76.5,72.99,14001.0,71.04,72.58,68.21,11589.0,75.67666666666668,0.21939310222778768,8249.0,75.00399999999999,1.2542408062363932,10595.6,73.069,2.2423648231265334,10403.6,72.7415,2.937276710436533,44105.35,66.04460623920686,0.006215286961121391,-0.004161248374512483,-0.23645109567076428,0.9936014625098772,0.989748981456305,0.01312856665827083,1,4,77.32,77.0,76.33,75.0,74.98,75.0,76.99,75.84,73.91,72.22,73.08,70.96,75.2,73.74,75.0,75.54,74.76,75.28,73.96,75.5
2025-04-23,77.32,77.32,73.42,76.09,74.4,74.55,132.0,61.99,7326,548524.18,3.8999999999999915,1.2299999999999898,2.769999999999996,0.0,1.1299999999999955,76.09,76.58,75.31,7143.0,75.62,76.9,73.2,9355.0,75.32,77.0,74.56,8249.0,72.56,73.98,69.7,14230.0,75.42000000000002,0.37112441755444203,7941.333333333333,75.402,0.3319638534963626,9214.8,73.057,2.280282877187674,9780.0,72.928,2.915265808949646,41876.35,62.570073269686006,-0.02023919043238276,0.009663097414468469,0.025619487610247793,0.9641748577216221,0.9848423876460786,0.013355837841095694,2,4,77.0,76.33,75.0,74.98,75.0,76.99,75.84,73.91,72.22,73.08,70.96,75.2,73.74,75.0,75.54,74.76,75.28,73.96,75.5,78.25
2025-04-24,74.55,77.0,74.55,74.55,76.5,76.32,132.0,61.99,9828,749995.25,2.450000000000003,0.0,1.769999999999996,0.6800000000000068,0.0,74.55,77.32,73.42,7326.0,76.09,76.58,75.31,7143.0,75.62,76.9,73.2,9355.0,75.43,76.5,72.99,14001.0,75.65333333333335,0.3711244175544405,8099.0,75.58,0.26495282604286474,8380.2,73.723,2.354645762458137,9042.3,73.02349999999998,2.885557503369474,39324.9,63.09523805768137,0.02374245472837022,-0.0041386445938954575,0.34152334152334163,0.9911688311559587,0.9768081760878301,0.013104082992525601,3,4,76.33,75.0,74.98,75.0,76.99,75.84,73.91,72.22,73.08,70.96,75.2,73.74,75.0,75.54,74.76,75.28,73.96,75.5,78.25,87.0
2025-04-25,76.33,76.33,73.01,76.32,74.44,73.69,132.0,61.99,3983,293862.16,3.319999999999993,0.010000000000005116,2.6400000000000006,0.0,0.6799999999999926,76.32,77.0,74.55,9828.0,74.55,77.32,73.42,7326.0,76.09,76.58,75.31,7143.0,75.32,77.0,74.56,8249.0,74.85333333333335,0.5052062284900386,7045.666666666667,75.25399999999999,0.3828576759426074,7527.0,74.04299999999999,2.094924024078728,9171.7,72.8795,2.454500217106954,22922.4,52.91423810404663,-0.03446016771488469,-0.008701298701298765,-0.5947293447293447,0.9654133368142878,0.9907721536030565,0.013553973740613581,4,4,75.0,74.98,75.0,76.99,75.84,73.91,72.22,73.08,70.96,75.2,73.74,75.0,75.54,74.76,75.28,73.96,75.5,78.25,87.0,93.5
2025-04-28,72.0,75.0,72.0,73.69,75.0,73.55,132.0,61.99,6204,455622.68,3.0,-1.6899999999999977,1.5499999999999972,1.4500000000000028,0.0,73.69,76.33,73.01,3983.0,76.32,77.0,74.55,9828.0,74.55,77.32,73.42,7326.0,75.62,76.9,73.2,9355.0,74.52000000000002,1.0179882120986747,6671.666666666667,74.84,0.8934651644179451,6896.8,74.417,1.5620104566430815,9190.8,72.836,2.388431769127609,17960.4,43.98238744541323,-0.001899850726014396,-0.017424341674308952,0.557619884509164,0.980666666653591,0.9789259007344809,0.013616530239451615,0,4,74.98,75.0,76.99,75.84,73.91,72.22,73.08,70.96,75.2,73.74,75.0,75.54,74.76,75.28,73.96,75.5,78.25,87.0,93.5,87.8
2025-04-29,74.01,74.98,72.63,73.55,73.8,72.95,132.0,61.99,1908,140124.99,2.3500000000000085,0.46000000000000796,1.0600000000000023,0.9699999999999989,0.3200000000000074,73.55,75.0,72.0,6204.0,73.69,76.33,73.01,3983.0,76.32,77.0,74.55,9828.0,76.09,76.58,75.31,7143.0,73.39666666666669,0.7737139867581876,4031.6666666666665,74.212,1.096850035341459,5849.8,74.608,1.111340031971498,8222.7,72.8985,2.3022780480460727,12260.35,45.634517734066854,-0.008157715839564816,-0.0002666666666666373,-0.6924564796905223,0.9729261136173255,0.9956134338451593,0.013616414887879647,1,4,75.0,76.99,75.84,73.91,72.22,73.08,70.96,75.2,73.74,75.0,75.54,74.76,75.28,73.96,75.5,78.25,87.0,93.5,87.8,86.19
2025-04-30,71.97,75.0,70.0,72.95,70.02,70.87,132.0,61.99,13760,990267.04,5.0,-0.980000000000004,1.0999999999999943,3.030000000000001,0.8700000000000045,72.95,74.98,72.63,1908.0,73.55,75.0,72.0,6204.0,73.69,76.33,73.01,3983.0,74.55,77.32,73.42,7326.0,72.45666666666669,0.011547004169344701,7290.666666666667,73.476,0.945790674530478,7136.6,74.439,0.9193530333858598,8175.7,72.99,2.2993271326947857,10858.35,53.607632632647196,-0.02851267991775186,0.00026673779674579734,6.211740041928721,0.9449333333207343,0.9877240016793039,0.013895241832950418,2,4,76.99,75.84,73.91,72.22,73.08,70.96,75.2,73.74,75.0,75.54,74.76,75.28,73.96,75.5,78.25,87.0,93.5,87.8,86.19,85.59
2025-05-02,70.9,76.99,70.9,70.87,71.0,71.84,132.0,61.99,7549,556092.25,6.089999999999989,0.030000000000001137,0.9399999999999977,5.1499999999999915,0.0,70.87,75.0,70.0,13760.0,72.95,74.98,72.63,1908.0,73.55,75.0,72.0,6204.0,76.32,77.0,74.55,9828.0,71.88666666666668,1.1547438388254019,7739.0,72.58,0.9422579264876565,6680.8,74.08000000000001,0.9461735805021424,7530.5,73.146,2.226851624577479,9297.65,53.991720830521366,0.013687032594892123,0.026533333333333298,-0.4513808139534884,0.9331081958574736,0.9869153674695585,0.013575085788374115,4,5,75.84,73.91,72.22,73.08,70.96,75.2,73.74,75.0,75.54,74.76,75.28,73.96,75.5,78.25,87.0,93.5,87.8,86.19,85.59,86.68
2025-05-05,75.84,75.84,72.01,71.84,73.1,73.03,132.0,61.99,6514,475064.48,3.8299999999999983,4.0,2.8100000000000023,0.0,1.019999999999996,71.84,76.99,70.9,7549.0,70.87,75.0,70.0,13760.0,72.95,74.98,72.63,1908.0,73.69,76.33,73.01,3983.0,71.91333333333336,0.9990161827043678,9274.333333333334,72.44800000000001,0.8784759530168543,7187.0,73.851,0.9230047550113348,7357.0,73.2895,2.054632506515656,9224.45,59.24225023941494,0.01656458797327387,-0.014937004805818832,-0.13710425221883693,0.9629483122235898,0.9860331370534571,0.013711822866655884,0,5,73.91,72.22,73.08,70.96,75.2,73.74,75.0,75.54,74.76,75.28,73.96,75.5,78.25,87.0,93.5,87.8,86.19,85.59,86.68,84.2
2025-05-06,73.91,73.91,72.25,73.03,72.55,72.63,132.0,61.99,7432,540793.83,1.6599999999999966,0.8799999999999955,1.2800000000000011,0.0,0.37999999999999545,73.03,75.84,72.01,6514.0,71.84,76.99,70.9,7549.0,70.87,75.0,70.0,13760.0,73.55,75.0,72.0,6204.0,72.50000000000001,1.556373991035545,7165.0,72.264,1.1470091542917147,7432.6,73.55199999999999,1.129977875887687,7164.7,73.3065,1.977098551969338,9315.65,54.79204335340029,-0.00547720115021233,-0.025448312236286963,0.14092723365059867,0.9826816398189326,0.9947680021892501,0.013742760341773843,1,5,72.22,73.08,70.96,75.2,73.74,75.0,75.54,74.76,75.28,73.96,75.5,78.25,87.0,93.5,87.8,86.19,85.59,86.68,84.2,82.19
2025-05-07,71.18,72.22,69.03,72.63,72.2,71.96,132.0,61.99,7745,551475.34,3.1899999999999977,-1.4499999999999886,0.7799999999999869,0.2600000000000051,2.1500000000000057,72.63,73.91,72.25,7432.0,73.03,75.84,72.01,6514.0,71.84,76.99,70.9,7549.0,72.95,74.98,72.63,1908.0,72.54000000000002,1.811325481511274,7230.333333333333,72.066,1.8279688181228078,8600.0,73.139,1.5855980294849643,7224.9,73.10400000000001,1.9201465815727299,8814.25,48.09402791147924,-0.009224838221120746,-0.02286564740901098,0.042115177610333676,0.996399889213564,0.9592829349505381,0.014044145654817469,2,5,73.08,70.96,75.2,73.74,75.0,75.54,74.76,75.28,73.96,75.5,78.25,87.0,93.5,87.8,86.19,85.59,86.68,84.2,82.19,83.38
2025-05-08,72.67,73.08,71.55,71.96,71.55,71.55,132.0,61.99,3552,254869.6,1.5300000000000011,0.710000000000008,1.1200000000000045,0.4099999999999966,0.0,71.96,72.22,69.03,7745.0,72.63,73.91,72.25,7432.0,73.03,75.84,72.01,6514.0,70.87,75.0,70.0,13760.0,72.04666666666668,0.8450443775164104,6243.0,72.202,1.9695354782357948,6558.4,72.839,1.5995016585020752,6847.5,72.94800000000001,1.9197982350097158,8313.75,35.391566227749834,-0.005697609783212876,0.011908058709498848,-0.5413815364751453,0.9790640393954698,0.9999999999860237,0.01393653852793737,3,5,70.96,75.2,73.74,75.0,75.54,74.76,75.28,73.96,75.5,78.25,87.0,93.5,87.8,86.19,85.59,86.68,84.2,82.19,83.38,84.99
2025-05-09,67.01,70.96,67.01,71.55,68.08,69.08,132.0,61.99,1406,97597.26,3.9499999999999886,-4.539999999999992,2.069999999999993,1.8799999999999955,0.0,71.55,73.08,71.55,3552.0,71.96,72.22,69.03,7745.0,72.63,73.91,72.25,7432.0,71.84,76.99,70.9,7549.0,70.86333333333334,1.0662707598473793,4234.333333333333,71.64999999999999,1.8348078918595716,5329.8,72.115,1.889205888431432,6005.3,72.919,2.108692785387755,7523.8,30.051150868240683,-0.03452131376659673,-0.029009304871373875,-0.6041666666666667,0.9735062006627183,0.9700347423136938,0.014406142139645986,4,5,75.2,73.74,75.0,75.54,74.76,75.28,73.96,75.5,78.25,87.0,93.5,87.8,86.19,85.59,86.68,84.2,82.19,83.38,84.99,80.84
2025-05-12,75.2,75.2,71.74,69.08,73.49,72.61,132.0,61.99,2238,162804.14,3.460000000000008,6.1200000000000045,2.5900000000000034,0.0,0.8700000000000045,69.08,70.96,67.01,1406.0,71.55,73.08,71.55,3552.0,71.96,72.22,69.03,7745.0,73.03,75.84,72.01,6514.0,71.08000000000003,2.1199999999934205,2398.6666666666665,71.566,1.6137781755960858,4474.6,72.00699999999999,1.794416030045417,5830.8,73.025,2.003815045564495,7501.25,42.02437728731629,0.051100173711638774,0.059751972942502896,0.5917496443812233,0.9655585106254579,0.9880181793005367,0.013746579171758078,0,5,73.74,75.0,75.54,74.76,75.28,73.96,75.5,78.25,87.0,93.5,87.8,86.19,85.59,86.68,84.2,82.19,83.38,84.99,80.84,82.0
2025-05-13,71.13,73.74,71.0,72.61,73.6,73.56,132.0,61.99,2017,147458.63,2.739999999999995,-1.480000000000004,2.430000000000007,0.1799999999999926,0.12999999999999545,72.61,75.2,71.74,2238.0,69.08,70.96,67.01,1406.0,71.55,73.08,71.55,3552.0,72.63,73.91,72.25,7432.0,71.75000000000001,2.153973073177119,1887.0,71.752,1.5934239862730353,3391.6,72.00800000000001,1.7854212076941134,5412.1,73.2125,1.8575747487939747,7301.45,43.46253226829584,0.013083597300647343,-0.019414893617021423,-0.09874888293118855,0.9975589910361058,0.9651984774202664,0.013678412718197547,1,5,75.0,75.54,74.76,75.28,73.96,75.5,78.25,87.0,93.5,87.8,86.19,85.59,86.68,84.2,82.19,83.38,84.99,80.84,82.0,81.02
2025-05-14,72.72,75.0,72.5,73.56,74.0,74.43,132.0,61.99,8417,625054.47,2.5,-0.8400000000000034,1.710000000000008,0.5699999999999932,0.21999999999999886,73.56,73.74,71.0,2017.0,72.61,75.2,71.74,2238.0,69.08,70.96,67.01,1406.0,71.96,72.22,69.03,7745.0,73.53333333333336,0.7915385861126989,4224.0,72.24600000000001,1.71606526683281,3526.0,72.15599999999999,1.786412917302752,6063.0,73.38199999999999,1.7643137177739867,7142.85,49.67880081929857,0.011827079934747298,0.017087062652563212,3.1730292513634106,0.9923999999867681,0.9740695955800877,0.013466026408866393,2,5,75.54,74.76,75.28,73.96,75.5,78.25,87.0,93.5,87.8,86.19,85.59,86.68,84.2,82.19,83.38,84.99,80.84,82.0,81.02,83.99
2025-05-15,74.94,75.54,72.41,74.43,74.7,74.05,132.0,61.99,6883,509993.86,3.1300000000000097,0.5099999999999909,0.8900000000000006,0.6000000000000085,1.6400000000000006,74.43,75.0,72.5,8417.0,73.56,73.74,71.0,2017.0,72.61,75.2,71.74,2238.0,71.55,73.08,71.55,3552.0,74.01333333333336,0.9236882590852585,5772.333333333333,72.74600000000001,1.876304879285272,4192.2,72.474,1.8213047825957502,5375.3,73.4565,1.7429873780348086,6775.5,43.43551182139405,-0.0051054682251781,0.007200000000000095,-0.18225020791255797,0.9802753507945421,0.9778528021474968,0.01349624091552786,3,5,74.76,75.28,73.96,75.5,78.25,87.0,93.5,87.8,86.19,85.59,86.68,84.2,82.19,83.38,84.99,80.84,82.0,81.02,83.99,84.99
2025-05-16,74.07,74.76,72.41,74.05,74.17,73.98,132.0,61.99,5042,370647.38,2.3500000000000085,0.01999999999999602,0.0899999999999892,0.6900000000000119,1.5700000000000074,74.05,75.54,72.41,6883.0,74.43,75.0,72.5,8417.0,73.56,73.74,71.0,2017.0,69.08,70.96,67.01,1406.0,74.15333333333335,0.3994996870736257,6780.666666666667,73.726,0.682143679901319,4919.4,72.688,1.5670442807313179,5124.6,73.384,1.720831729744046,6327.55,50.98438555914589,-0.0009453072248479799,-0.010325655281969826,-0.26747057968908905,0.9895666131488822,0.9787780481078834,0.013603225793744952,4,5,75.28,73.96,75.5,78.25,87.0,93.5,87.8,86.19,85.59,86.68,84.2,82.19,83.38,84.99,80.84,82.0,81.02,83.99,84.99,83.69
