date,open,high,low,prev. close,ltp,close,52w h,52w l,volume,value
2006-11-06,76.0,146.95,76.0,10.0,138.55,137.4,146.95,76.0,13667934,1696261648.05
2006-11-07,144.0,164.9,140.0,137.4,157.2,159.75,164.9,76.0,5588118,885254664.0
2006-11-08,159.0,173.4,153.9,159.75,167.7,166.8,173.4,76.0,8694601,1441900925.5
2006-11-09,172.4,174.0,162.55,166.8,163.9,166.6,174.0,76.0,3903181,654624298.6
2006-11-10,165.35,167.9,138.6,166.6,147.0,146.25,174.0,76.0,3413455,507103021.4
2006-11-13,146.0,171.8,134.1,146.25,165.6,167.05,174.0,76.0,10034549,1607063188.55
2006-11-14,169.0,180.8,167.55,167.05,168.35,169.5,180.8,76.0,5209378,901659127.1
2006-11-15,170.4,175.75,162.2,169.5,165.0,163.75,180.8,76.0,2249745,374148141.45
2006-11-16,166.0,171.0,152.65,163.75,161.8,161.7,180.8,76.0,2464778,405661602.55
2006-11-17,162.45,165.9,147.0,161.7,153.45,152.8,180.8,76.0,1744543,277185223.65
2006-11-20,148.1,155.8,146.1,152.8,152.05,152.5,180.8,76.0,1512672,229473833.8
2006-11-21,153.0,161.4,151.7,152.5,155.1,155.4,180.8,76.0,1192121,187318072.8
2006-11-22,157.0,158.1,149.15,155.4,149.4,151.15,180.8,76.0,471605,72865583.4
2006-11-23,151.9,154.0,146.6,151.15,147.0,148.0,180.8,76.0,432211,64940532.55
2006-11-24,148.95,148.95,142.0,148.0,142.65,142.9,180.8,76.0,319380,46269866.05
2006-11-27,143.7,151.4,139.1,142.9,141.5,142.4,180.8,76.0,488135,70809583.9
2006-11-28,140.1,142.0,137.4,142.4,138.0,138.8,180.8,76.0,269688,37646740.3
2006-11-29,140.0,142.85,136.05,138.8,137.0,137.1,180.8,76.0,213353,29788420.65
2006-11-30,138.5,147.0,136.0,137.1,138.6,139.05,180.8,76.0,363229,51145417.2
2006-12-01,140.0,141.9,133.0,139.05,134.05,136.05,180.8,76.0,180921,25093609.15
2006-12-04,136.7,139.9,134.0,136.05,134.25,135.3,180.8,76.0,247546,33834723.0
2006-12-05,136.5,141.9,135.5,135.3,138.4,138.0,180.8,76.0,457706,63723937.55
2006-12-06,147.0,147.0,133.1,138.0,133.25,133.75,180.8,76.0,229197,31157770.75
2006-12-07,134.4,134.4,130.1,133.75,130.55,131.15,180.8,76.0,98299,13007305.9
2006-12-08,132.0,132.6,125.4,131.15,126.95,126.6,180.8,76.0,144589,18656838.9
2006-12-11,127.8,127.8,113.95,126.6,113.95,113.95,180.8,76.0,199515,23535987.45
2006-12-12,110.0,113.5,102.55,113.95,103.25,103.1,180.8,76.0,291610,30988270.8
2006-12-13,103.0,106.0,98.0,103.1,101.95,101.2,180.8,76.0,187443,18763535.75
2006-12-14,103.9,106.0,102.0,101.2,105.1,105.0,180.8,76.0,125994,13191139.9
2006-12-15,106.6,109.5,105.0,105.0,105.35,106.35,180.8,76.0,129713,13983515.4
2006-12-18,107.0,107.7,102.0,106.35,105.1,105.4,180.8,76.0,90867,9533266.65
2006-12-19,105.0,105.0,100.5,105.4,101.0,100.85,180.8,76.0,67492,6935181.75
2006-12-20,102.0,104.2,97.0,100.85,98.0,97.75,180.8,76.0,78483,7807761.8
2006-12-21,98.0,100.0,97.5,97.75,99.15,98.45,180.8,76.0,81905,8088441.85
2006-12-22,99.5,103.4,97.5,98.45,100.85,100.6,180.8,76.0,113319,11440535.65
2006-12-26,100.9,103.4,100.1,100.6,101.25,101.55,180.8,76.0,49222,4996497.65
2006-12-27,102.2,105.25,100.4,101.55,103.0,103.0,180.8,76.0,136016,14018094.6
2006-12-28,104.0,104.8,100.5,103.0,101.8,101.2,180.8,76.0,48012,4925651.55
2006-12-29,101.0,102.0,98.5,101.2,98.8,99.1,180.8,76.0,46992,4723121.65
2007-01-02,101.0,102.1,100.0,99.1,100.4,100.95,180.8,76.0,44009,4455692.4
2007-01-03,101.0,102.0,99.5,100.95,100.75,100.25,180.8,76.0,35651,3576894.45
2007-01-04,101.35,101.75,99.5,100.25,99.6,99.7,180.8,76.0,39569,3974748.0
2007-01-05,100.9,101.7,98.0,99.7,99.2,99.0,180.8,76.0,30827,3089229.8
2007-01-08,99.0,100.45,97.5,99.0,98.55,98.15,180.8,76.0,30957,3045754.95
2007-01-09,100.0,103.1,98.5,98.15,103.1,103.05,180.8,76.0,132876,13615648.15
2007-01-10,104.9,108.2,104.65,103.05,108.2,108.2,180.8,76.0,77142,8284138.65
2007-01-11,110.1,113.65,110.1,108.2,113.65,113.65,180.8,76.0,34648,3925419.55
2007-01-12,119.35,119.35,119.35,113.65,119.35,119.35,180.8,76.0,12627,1507032.45
2007-01-15,125.35,125.35,125.35,119.35,125.35,125.35,180.8,76.0,11885,1489784.75
2007-01-16,131.65,131.65,121.25,125.35,124.0,125.65,180.8,76.0,414628,52381649.15
2007-01-17,122.0,127.8,120.1,125.65,121.0,121.75,180.8,76.0,125660,15667076.35
2007-01-18,122.05,124.6,115.7,121.75,116.0,116.05,180.8,76.0,93811,11201008.8
2007-01-19,116.95,121.5,111.4,116.05,116.65,117.25,180.8,76.0,107172,12478442.2
2007-01-22,119.0,121.0,112.0,117.25,116.15,117.05,180.8,76.0,63290,7418955.7
2007-01-23,118.0,118.0,113.0,117.05,113.0,113.55,180.8,76.0,30672,3523277.5
2007-01-24,113.8,116.0,110.0,113.55,110.9,111.0,180.8,76.0,30536,3443828.05
2007-01-25,110.0,116.55,109.25,111.0,116.55,116.55,180.8,76.0,62077,7101489.4
2007-01-29,121.75,122.4,113.0,116.55,113.6,114.6,180.8,76.0,59047,6950742.95
2007-01-31,112.2,118.0,111.0,114.6,112.75,112.95,180.8,76.0,58733,6752487.7
2007-02-01,114.1,115.0,111.5,112.95,111.5,112.5,180.8,76.0,32629,3696511.65
2007-02-02,111.6,116.0,111.6,112.5,111.7,112.65,180.8,76.0,45758,5217373.25
2007-02-05,113.5,114.5,112.0,112.65,113.15,113.15,180.8,76.0,34204,3881687.7
2007-02-06,114.0,115.0,112.5,113.15,113.0,113.25,180.8,76.0,31644,3605007.95
2007-02-07,113.95,114.9,109.4,113.25,110.9,111.05,180.8,76.0,29642,3332415.85
2007-02-08,110.0,116.6,110.0,111.05,115.0,114.65,180.8,76.0,104585,11956893.0
2007-02-09,117.0,117.9,109.0,114.65,110.45,110.45,180.8,76.0,58493,6665724.0
2007-02-12,113.0,113.8,100.0,110.45,103.2,102.45,180.8,76.0,75406,7880525.8
2007-02-13,100.45,112.6,100.3,102.45,110.9,107.85,180.8,76.0,118419,12853536.1
2007-02-14,108.0,113.5,104.0,107.85,110.65,110.15,180.8,76.0,64269,7041787.1
2007-02-15,110.0,114.0,110.0,110.15,113.0,112.85,180.8,76.0,40803,4602119.85
2007-02-19,113.3,114.8,109.0,112.85,109.6,109.5,180.8,76.0,31601,3538128.5
2007-02-20,111.9,111.9,109.5,109.5,111.0,110.5,180.8,76.0,26755,2949000.55
2007-02-21,112.0,112.2,107.2,110.5,107.5,108.1,180.8,76.0,18752,2050288.7
2007-02-22,110.5,116.9,107.2,108.1,107.55,107.9,180.8,76.0,25203,2755786.25
2007-02-23,108.7,111.9,103.0,107.9,104.0,103.9,180.8,76.0,51716,5550842.35
2007-02-26,104.05,106.8,101.15,103.9,103.15,103.25,180.8,76.0,25091,2585185.9
2007-02-27,103.0,110.0,101.6,103.25,109.1,108.8,180.8,76.0,48698,5177436.2
2007-02-28,105.0,109.0,98.0,108.8,108.0,107.75,180.8,76.0,59462,6338512.05
2007-03-01,108.0,110.85,102.0,107.75,109.6,109.0,180.8,76.0,59001,6386090.75
2007-03-02,110.0,116.0,106.0,109.0,113.0,113.9,180.8,76.0,104299,11813521.6
2007-03-05,105.0,115.8,105.0,113.9,113.9,113.1,180.8,76.0,87458,9738131.2
2007-03-06,114.9,117.0,102.6,113.1,103.5,104.85,180.8,76.0,136050,14617524.7
2007-03-07,105.0,107.9,94.4,104.85,94.4,94.8,180.8,76.0,84232,8414098.45
2007-03-08,98.9,99.0,89.6,94.8,96.0,96.8,180.8,76.0,78477,7406288.35
2007-03-09,98.0,100.0,92.0,96.8,92.0,93.7,180.8,76.0,49850,4748982.8
2007-03-12,95.0,97.9,92.2,93.7,93.25,93.8,180.8,76.0,50148,4762207.35
2007-03-13,94.0,98.0,93.0,93.8,95.0,95.3,180.8,76.0,21240,2020119.6
2007-03-14,95.0,95.1,91.05,95.3,95.0,94.45,180.8,76.0,13428,1259689.45
2007-03-15,95.1,103.9,95.0,94.45,102.2,102.6,180.8,76.0,96312,9720023.9
2007-03-16,105.0,106.9,98.0,102.6,99.6,99.5,180.8,76.0,44881,4568321.0
2007-03-19,100.9,102.0,98.6,99.5,99.55,99.65,180.8,76.0,23962,2393098.55
2007-03-20,100.0,102.0,98.5,99.65,98.75,98.75,180.8,76.0,16930,1695067.05
2007-03-21,100.9,103.35,97.55,98.75,102.25,101.55,180.8,76.0,26444,2646013.55
2007-03-22,103.0,103.0,100.25,101.55,101.55,101.65,180.8,76.0,14751,1502617.15
2007-03-23,103.0,105.8,101.55,101.65,104.3,104.4,180.8,76.0,43568,4519639.2
2007-03-26,105.6,105.6,99.5,104.4,100.0,100.6,180.8,76.0,9814,996452.5
2007-03-28,100.0,102.85,98.1,100.6,101.25,101.65,180.8,76.0,26549,2674996.9
2007-03-29,101.0,101.9,97.5,101.65,99.55,100.2,180.8,76.0,10313,1041195.25
2007-03-30,101.5,103.9,98.5,100.2,99.5,99.65,180.8,76.0,13120,1319668.0
2007-04-02,99.0,102.7,97.0,99.65,97.1,97.8,180.8,76.0,10441,1027730.5
2007-04-03,99.7,99.8,96.15,97.8,96.75,97.2,180.8,76.0,8815,862133.75
2007-04-04,99.4,100.2,96.0,97.2,96.55,97.15,180.8,76.0,10549,1037939.2
2007-04-05,97.5,98.3,94.0,97.15,97.1,96.85,180.8,76.0,6915,673004.5
2007-04-09,98.5,99.6,98.0,96.85,98.5,98.45,180.8,76.0,11022,1087203.5
2007-04-10,99.0,105.5,98.5,98.45,104.0,103.45,180.8,76.0,41620,4298661.7
2007-04-11,105.0,108.4,102.1,103.45,103.0,103.15,180.8,76.0,32838,3450574.6
2007-04-12,102.2,102.7,100.25,103.15,101.05,101.15,180.8,76.0,12953,1314056.2
2007-04-13,101.1,103.0,100.1,101.15,101.6,101.25,180.8,76.0,9961,1014857.9
2007-04-16,101.5,103.4,101.0,101.25,101.5,102.05,180.8,76.0,8043,823279.35
2007-04-17,102.5,107.0,100.3,102.05,100.5,101.6,180.8,76.0,23455,2424675.9
2007-04-18,102.0,108.5,101.4,101.6,107.0,106.1,180.8,76.0,115211,12224285.45
2007-04-19,106.0,113.6,103.2,106.1,113.0,111.6,180.8,76.0,128450,14089762.55
2007-04-20,112.0,120.0,108.0,111.6,108.0,108.85,180.8,76.0,62271,6962402.9
2007-04-23,113.8,113.8,107.0,108.85,107.7,107.35,180.8,76.0,17633,1933454.35
2007-04-24,107.05,109.9,105.0,107.35,107.4,106.6,180.8,76.0,16570,1776620.35
2007-04-25,108.0,108.0,106.35,106.6,107.9,107.25,180.8,76.0,15570,1669494.05
2007-04-26,107.6,111.0,106.35,107.25,106.35,106.55,180.8,76.0,15830,1709995.6
2007-04-27,107.0,108.5,103.0,106.55,103.5,103.9,180.8,76.0,20529,2164513.05
2007-04-30,104.0,106.8,98.6,103.9,99.0,99.15,180.8,76.0,60415,6075130.15
2007-05-03,102.9,102.9,98.8,99.15,98.8,99.3,180.8,76.0,85225,8504545.65
2007-05-04,101.7,101.7,97.2,99.3,98.4,98.05,180.8,76.0,29728,2940104.0
2007-05-07,101.0,101.0,97.6,98.05,97.65,98.15,180.8,76.0,16034,1593503.5
2007-05-08,98.15,99.9,96.5,98.15,97.0,97.45,180.8,76.0,15169,1494086.05
2007-05-09,93.5,98.95,93.5,97.45,96.2,96.6,180.8,76.0,24588,2385540.9
2007-05-10,98.5,98.5,96.0,96.6,96.05,96.3,180.8,76.0,14043,1364199.15
2007-05-11,96.0,98.9,95.85,96.3,96.4,97.25,180.8,76.0,73455,7112654.95
2007-05-14,99.95,100.4,98.5,97.25,99.05,99.65,180.8,76.0,35368,3522235.0
2007-05-15,100.6,100.6,99.0,99.65,99.7,99.25,180.8,76.0,15990,1592418.7
2007-05-16,99.0,100.0,97.5,99.25,98.0,98.15,180.8,76.0,14618,1443823.2
2007-05-17,99.0,102.0,99.0,98.15,99.5,99.6,180.8,76.0,49327,4951205.6
2007-05-18,99.0,101.0,98.9,99.6,99.4,99.3,180.8,76.0,19576,1952919.4
2007-05-21,99.25,101.5,99.1,99.3,99.2,99.55,180.8,76.0,30825,3089635.75
2007-05-22,100.0,109.55,99.65,99.55,109.55,109.55,180.8,76.0,188374,20147138.0
2007-05-23,115.4,115.4,104.5,109.55,104.8,105.35,180.8,76.0,185548,20445552.55
2007-05-24,104.75,108.85,100.1,105.35,103.5,103.4,180.8,76.0,56954,5994562.4
2007-05-25,103.0,107.9,98.15,103.4,104.0,104.25,180.8,76.0,45230,4753168.75
2007-05-28,107.0,107.0,103.0,104.25,103.0,103.9,180.8,76.0,17933,1879203.3
2007-05-29,102.0,106.75,102.0,103.9,102.5,103.1,180.8,76.0,20536,2142367.55
2007-05-30,102.25,104.6,101.0,103.1,101.7,101.6,180.8,76.0,29149,2997478.95
2007-05-31,101.0,102.75,97.55,101.6,98.05,98.45,180.8,76.0,58708,5818812.65
2007-06-01,99.0,101.0,96.05,98.45,96.5,97.15,180.8,76.0,71327,6984973.25
2007-06-04,98.0,99.0,97.55,97.15,98.65,98.5,180.8,76.0,33203,3268856.05
2007-06-05,98.3,99.9,97.5,98.5,98.0,97.85,180.8,76.0,43447,4283464.3
2007-06-06,98.0,103.0,97.0,97.85,97.0,97.65,180.8,76.0,58980,5891159.3
2007-06-07,98.9,100.0,96.5,97.65,96.5,96.65,180.8,76.0,21246,2069476.2
2007-06-08,96.5,97.8,96.0,96.65,96.5,96.25,180.8,76.0,11083,1069467.65
2007-06-11,97.5,98.0,96.0,96.25,96.0,96.2,180.8,76.0,6869,664482.65
2007-06-12,96.15,96.55,93.0,96.2,94.3,94.05,180.8,76.0,10771,1025027.95
2007-06-13,95.95,95.95,92.5,94.05,93.5,93.15,180.8,76.0,17106,1603681.9
2007-06-14,93.5,95.4,93.0,93.15,94.75,94.35,180.8,76.0,12518,1183352.7
2007-06-15,94.25,95.25,93.6,94.35,93.6,94.15,180.8,76.0,12274,1160323.7
2007-06-18,94.25,94.95,93.6,94.15,94.3,93.85,180.8,76.0,6876,647297.85
2007-06-19,93.4,94.25,92.0,93.85,93.2,92.5,180.8,76.0,13094,1217226.4
2007-06-20,94.0,94.45,93.15,92.5,93.25,93.35,180.8,76.0,12400,1161749.65
2007-06-21,92.8,94.35,92.8,93.35,94.05,94.0,180.8,76.0,12160,1140805.15
2007-06-22,93.95,94.95,93.4,94.0,93.4,94.1,180.8,76.0,13274,1252523.7
2007-06-25,93.9,94.0,93.0,94.1,93.0,93.45,180.8,76.0,7299,682582.15
2007-06-26,94.2,94.2,92.75,93.45,92.8,93.0,180.8,76.0,8639,805175.15
2007-06-27,92.85,93.5,91.55,93.0,91.55,92.05,180.8,76.0,7798,720585.85
2007-06-28,93.0,93.5,91.0,92.05,92.0,92.25,180.8,76.0,9024,836576.75
2007-06-29,93.0,97.0,92.8,92.25,93.4,93.75,180.8,76.0,31193,2949840.15
2007-07-02,94.05,95.1,93.55,93.75,93.55,93.85,180.8,76.0,13332,1256163.15
2007-07-03,94.0,94.9,93.4,93.85,93.4,93.85,180.8,76.0,14610,1376203.25
2007-07-04,94.0,94.95,92.2,93.85,92.7,93.3,180.8,76.0,15045,1408957.4
2007-07-05,93.9,93.9,91.5,93.3,91.6,91.95,180.8,76.0,10836,1000501.0
2007-07-06,93.45,93.5,92.0,91.95,92.3,92.7,180.8,76.0,8323,772905.05
2007-07-09,93.8,93.95,92.5,92.7,92.5,92.55,180.8,76.0,7755,720530.2
2007-07-10,93.5,93.5,91.3,92.55,91.75,91.6,180.8,76.0,21746,2006641.85
2007-07-11,92.5,92.7,90.7,91.6,91.0,91.15,180.8,76.0,26839,2460538.25
2007-07-12,91.9,92.5,91.2,91.15,91.45,91.35,180.8,76.0,16925,1553279.7
2007-07-13,92.8,92.8,90.25,91.35,90.4,90.8,180.8,76.0,14756,1347624.2
2007-07-16,90.7,91.75,90.1,90.8,90.65,90.4,180.8,76.0,12029,1092061.25
2007-07-17,91.8,93.0,89.5,90.4,91.5,90.6,180.8,76.0,23367,2136126.85
2007-07-18,91.0,93.9,90.0,90.6,90.0,90.4,180.8,76.0,41933,3864364.85
2007-07-19,90.55,92.45,90.25,90.4,91.0,90.6,180.8,76.0,9633,878382.05
2007-07-20,91.0,91.5,88.1,90.6,88.95,88.95,180.8,76.0,12225,1102988.35
2007-07-23,89.0,90.9,88.35,88.95,89.1,89.2,180.8,76.0,8498,760339.5
2007-07-24,89.1,90.0,86.6,89.2,86.7,87.05,180.8,76.0,8896,781347.65
2007-07-25,87.5,87.5,83.5,87.05,84.0,84.35,180.8,76.0,10621,902546.0
2007-07-26,85.0,87.9,83.3,84.35,86.0,86.15,180.8,76.0,20120,1724188.3
2007-07-27,86.15,86.15,82.0,86.15,82.05,82.6,180.8,76.0,11229,938147.3
2007-07-30,80.05,82.0,80.0,82.6,81.0,81.2,180.8,76.0,12771,1034724.95
2007-07-31,82.9,84.8,81.5,81.2,83.0,82.8,180.8,76.0,7132,589632.05
2007-08-01,81.2,82.6,80.05,82.8,80.1,80.7,180.8,76.0,8670,703119.35
2007-08-02,82.0,86.9,78.5,80.7,82.75,83.05,180.8,76.0,55879,4663171.4
2007-08-03,85.5,87.0,82.75,83.05,83.0,83.2,180.8,76.0,26190,2200729.85
2007-08-06,81.9,84.6,80.4,83.2,82.0,81.6,180.8,76.0,17324,1425260.35
2007-08-07,82.6,85.7,82.2,81.6,82.3,82.6,180.8,76.0,37759,3171263.05
2007-08-08,83.0,84.0,81.2,82.6,81.5,81.75,180.8,76.0,12274,1015668.0
2007-08-09,84.45,85.25,80.1,81.75,80.5,80.7,180.8,76.0,13389,1100111.35
2007-08-10,80.1,80.55,78.2,80.7,79.25,79.05,180.8,76.0,16330,1291225.7
2007-08-13,80.0,81.5,79.1,79.05,80.8,81.0,180.8,76.0,8876,713316.7
2007-08-14,81.95,85.2,80.1,81.0,81.3,81.25,180.8,76.0,51248,4247324.4
2007-08-16,78.5,80.2,78.0,81.25,78.1,78.4,180.8,76.0,14128,1114786.7
2007-08-17,78.5,79.2,75.05,78.4,75.55,75.65,180.8,75.05,7962,610253.85
2007-08-20,79.75,79.75,76.2,75.65,76.2,76.75,180.8,75.05,5775,447441.4
2007-08-21,78.0,78.0,70.5,76.75,74.0,73.05,180.8,70.5,9898,740983.05
2007-08-22,71.0,75.0,67.7,73.05,71.5,71.7,180.8,67.7,13431,965915.1
2007-08-23,73.5,73.5,70.1,71.7,70.1,70.7,180.8,67.7,14266,1030898.1
2007-08-24,70.0,71.7,70.0,70.7,70.3,70.55,180.8,67.7,8438,596937.0
2007-08-27,71.5,72.65,71.0,70.55,71.7,71.75,180.8,67.7,9393,675513.55
2007-08-28,72.0,72.5,71.0,71.75,72.0,72.05,180.8,67.7,7452,534977.3
2007-08-29,71.05,73.9,71.0,72.05,73.5,73.15,180.8,67.7,8251,599933.2
2007-08-30,72.5,85.8,72.0,73.15,83.0,83.3,180.8,67.7,113022,9206197.4
2007-08-31,84.5,89.5,84.0,83.3,86.85,87.3,180.8,67.7,241808,21112550.4
2007-09-03,88.5,89.6,85.5,87.3,87.0,86.15,180.8,67.7,58591,5132725.6
2007-09-04,87.0,87.0,83.5,86.15,83.5,84.2,180.8,67.7,21240,1799294.75
2007-09-05,86.9,86.9,82.0,84.2,82.15,82.65,180.8,67.7,17244,1440483.4
2007-09-06,83.95,86.95,82.5,82.65,84.25,84.15,180.8,67.7,20729,1744814.65
2007-09-07,84.0,88.75,83.55,84.15,84.7,84.35,180.8,67.7,66442,5736721.35
2007-09-10,84.0,87.95,83.5,84.35,83.6,83.95,180.8,67.7,38199,3253382.3
2007-09-11,84.0,85.3,83.25,83.95,83.9,83.65,180.8,67.7,9016,759876.1
2007-09-12,84.05,84.5,83.3,83.65,83.75,83.5,180.8,67.7,4892,410230.1
2007-09-13,84.0,85.0,82.95,83.5,83.05,83.05,180.8,67.7,13725,1151083.85
2007-09-14,82.95,84.5,82.05,83.05,82.1,82.25,180.8,67.7,15900,1321420.35
2007-09-17,82.0,83.75,80.0,82.25,80.55,80.55,180.8,67.7,8800,714858.95
2007-09-18,81.9,83.5,78.1,80.55,80.1,81.25,180.8,67.7,17962,1469305.85
2007-09-19,82.0,83.75,81.1,81.25,81.95,81.65,180.8,67.7,21739,1790679.1
2007-09-20,81.5,83.0,80.0,81.65,81.0,80.75,180.8,67.7,20129,1642792.5
2007-09-21,80.3,82.5,80.3,80.75,80.85,81.15,180.8,67.7,17467,1426622.25
2007-09-24,82.0,83.0,80.5,81.15,81.0,81.45,180.8,67.7,27936,2288439.05
2007-09-25,82.0,82.95,79.5,81.45,81.0,80.75,180.8,67.7,19501,1583722.0
2007-09-26,82.5,96.9,82.0,80.75,96.9,96.9,180.8,67.7,246494,23258944.55
2007-09-27,104.4,116.3,100.1,96.9,102.0,102.05,180.8,67.7,1270726,139825600.15
2007-09-28,104.0,106.5,96.05,102.05,98.0,97.5,180.8,67.7,325032,32549378.15
2007-10-01,93.0,99.0,91.5,97.5,94.55,94.5,180.8,67.7,143635,13623761.3
2007-10-03,92.1,95.5,90.05,94.5,91.0,91.1,180.8,67.7,72752,6736889.7
2007-10-04,86.15,90.0,84.4,91.1,88.0,87.5,180.8,67.7,65979,5810416.8
2007-10-05,88.5,95.05,87.5,87.5,90.9,90.6,180.8,67.7,109646,10047549.7
2007-10-08,92.7,92.7,84.1,90.6,85.25,84.8,180.8,67.7,44125,3816571.3
2007-10-09,81.6,85.95,80.2,84.8,85.3,85.6,180.8,67.7,56915,4759703.6
2007-10-10,87.0,89.9,84.6,85.6,84.6,85.3,180.8,67.7,51491,4457973.2
2007-10-11,86.1,87.0,83.75,85.3,84.1,84.35,180.8,67.7,18766,1590207.7
2007-10-12,82.5,84.7,82.1,84.35,82.75,82.95,180.8,67.7,20004,1672723.2
2007-10-15,81.25,90.75,81.25,82.95,88.45,88.0,180.8,67.7,111368,9792857.5
2007-10-16,87.0,88.9,85.0,88.0,86.25,87.1,180.8,67.7,38161,3309966.7
2007-10-17,80.0,88.0,74.1,87.1,88.0,87.55,180.8,67.7,56677,4830050.3
2007-10-18,90.0,93.5,87.1,87.55,89.6,91.05,180.8,67.7,90455,8191452.25
2007-10-19,90.0,99.85,87.1,91.05,87.45,88.6,180.8,67.7,104951,9584735.7
2007-10-22,90.0,103.75,90.0,88.6,94.65,94.1,180.8,67.7,171173,16528868.35
2007-10-23,96.0,101.4,94.55,94.1,94.55,95.4,180.8,67.7,88766,8630632.8
2007-10-24,97.9,98.0,91.35,95.4,92.4,92.0,180.8,67.7,44722,4218267.8
2007-10-25,92.5,101.0,91.55,92.0,96.9,96.7,180.8,67.7,105617,10250540.15
2007-10-26,95.0,99.0,93.0,96.7,95.75,95.75,180.8,67.7,60538,5855207.85
2007-10-29,98.0,98.95,94.5,95.75,94.5,95.35,180.8,67.7,29317,2829593.35
2007-10-30,92.3,96.8,91.5,95.35,91.6,92.15,180.8,67.7,18405,1712483.7
2007-10-31,91.05,96.0,90.0,92.15,93.0,93.15,180.8,67.7,42109,3976477.35
2007-11-01,93.55,94.9,88.0,93.15,89.4,88.95,180.8,67.7,31704,2885437.95
2007-11-02,81.35,95.5,81.35,88.95,88.0,88.05,180.8,67.7,20269,1784485.45
2007-11-05,94.0,94.65,87.4,88.05,87.5,87.65,180.8,67.7,26016,2317840.15
2007-11-06,89.0,90.1,85.0,87.65,85.0,85.25,180.8,67.7,21912,1920457.05
2007-11-07,84.1,87.1,82.65,85.25,83.95,83.35,180.8,67.7,20161,1688132.8
2007-11-08,82.0,84.8,81.05,83.35,82.5,82.35,180.8,67.7,17470,1448212.55
2007-11-09,85.0,86.0,82.0,82.35,82.0,84.45,180.8,67.7,6370,538034.4
2007-11-12,84.5,88.0,82.0,84.45,84.95,84.5,180.8,67.7,27089,2302040.35
2007-11-13,86.85,86.85,84.05,84.5,84.5,84.5,180.8,67.7,25299,2151866.7
2007-11-14,86.0,87.8,85.9,84.5,87.0,86.5,180.8,67.7,22616,1956510.35
2007-11-15,86.5,89.9,86.0,86.5,86.25,87.2,180.8,67.7,33605,2962017.95
2007-11-16,87.0,89.5,86.0,87.2,87.9,88.2,180.8,67.7,31910,2826155.8
2007-11-19,89.4,93.0,89.0,88.2,92.4,91.1,161.4,67.7,41925,3836378.1
2007-11-20,92.85,101.8,91.0,91.1,97.0,96.2,161.4,67.7,125575,12080153.25
2007-11-21,100.0,103.9,88.0,96.2,89.0,89.95,161.4,67.7,138058,13385642.5
2007-11-22,92.0,92.0,86.05,89.95,88.0,88.35,161.4,67.7,46635,4142050.6
2007-11-23,90.0,91.0,87.1,88.35,87.15,88.2,161.4,67.7,25305,2260886.4
2007-11-26,89.1,93.4,89.1,88.2,92.5,92.45,151.4,67.7,29528,2704671.75
2007-11-27,91.0,94.0,90.2,92.45,90.5,91.05,151.4,67.7,13918,1275449.1
2007-11-28,94.3,94.3,89.0,91.05,90.0,89.75,151.4,67.7,18850,1704608.9
2007-11-29,94.0,94.0,88.25,89.75,88.55,88.95,151.4,67.7,16673,1499930.0
2007-11-30,90.5,96.5,90.0,88.95,90.75,91.15,151.4,67.7,60796,5620567.2
2007-12-03,97.0,109.4,95.0,91.15,101.6,101.1,147.0,67.7,291516,29718077.5
2007-12-04,102.0,107.9,97.0,101.1,105.4,103.45,147.0,67.7,140142,14273178.2
2007-12-05,105.7,106.0,100.1,103.45,100.95,101.15,147.0,67.7,111594,11452966.5
2007-12-06,102.7,105.0,98.85,101.15,99.2,99.55,147.0,67.7,71670,7294226.5
2007-12-07,102.0,108.0,101.0,99.55,102.0,102.3,147.0,67.7,217202,22724016.25
2007-12-10,105.1,105.1,102.25,102.3,104.0,103.95,131.65,67.7,68521,7100736.25
2007-12-11,105.0,114.0,104.0,103.95,109.85,110.1,131.65,67.7,280743,30863724.35
2007-12-12,108.0,132.15,106.0,110.1,132.15,132.15,132.15,67.7,664920,83385717.35
2007-12-13,139.4,158.6,137.0,132.15,158.6,158.6,158.6,67.7,436410,65780854.7
2007-12-14,164.4,174.5,154.15,158.6,155.0,157.3,174.5,67.7,1168488,195378056.6
2007-12-17,155.0,155.5,141.6,157.3,141.6,141.6,174.5,67.7,240475,35238565.9
2007-12-18,141.0,145.0,127.45,141.6,127.95,127.85,174.5,67.7,295672,38366842.35
2007-12-19,131.15,140.65,129.0,127.85,130.05,131.2,174.5,67.7,844390,116465536.05
2007-12-20,134.6,134.6,123.15,131.2,124.5,125.1,174.5,67.7,190550,24265930.75
2007-12-24,126.9,135.1,126.05,125.1,130.8,131.0,174.5,67.7,231783,30446145.0
2007-12-26,134.0,136.55,130.0,131.0,131.0,130.85,174.5,67.7,158868,21139302.75
2007-12-27,132.9,134.8,128.0,130.85,128.0,128.8,174.5,67.7,64891,8503924.75
2007-12-28,128.55,135.0,126.8,128.8,132.5,132.0,174.5,67.7,120228,15882471.4
2008-02-29,109.35,112.5,106.3,108.25,107.0,108.55,174.5,67.7,5559,610094.0
2008-03-03,105.0,105.0,103.15,108.55,104.3,103.6,174.5,67.7,7481,776406.9
2008-03-04,107.9,107.9,98.45,103.6,98.5,98.5,174.5,67.7,7579,766002.0
2008-03-05,94.55,102.9,93.6,98.5,94.8,94.0,174.5,67.7,12118,1175345.7
2008-03-07,95.0,97.85,89.3,94.0,89.3,89.3,174.5,67.7,9459,861711.6
2008-03-10,80.4,83.7,80.4,89.3,82.15,82.15,174.5,67.7,18095,1466767.95
2008-03-11,90.0,90.0,81.75,82.15,90.0,89.0,174.5,67.7,13797,1214765.15
2008-03-12,94.75,97.3,92.0,89.0,92.0,92.35,174.5,67.7,17878,1695188.55
2008-03-13,87.15,88.6,83.15,92.35,83.15,83.15,174.5,67.7,7480,635207.7
2008-03-14,80.0,83.5,77.65,83.15,80.0,79.8,174.5,67.7,18516,1483382.05
2008-03-17,84.0,84.0,74.25,79.8,74.25,75.4,174.5,67.7,8357,643992.7
2008-03-18,72.5,82.0,72.5,75.4,76.25,76.55,174.5,67.7,13901,1077949.85
2008-03-19,75.0,83.5,75.0,76.55,75.0,76.35,174.5,67.7,9501,749745.2
2008-03-24,79.95,80.0,70.1,76.35,71.55,70.8,174.5,67.7,5387,401590.2
2008-03-25,77.9,77.9,73.1,70.8,77.8,77.45,174.5,67.7,13380,1032068.8
2008-03-26,75.5,80.0,75.0,77.45,77.5,76.9,174.5,67.7,6764,523512.8
2008-03-27,75.0,76.05,70.1,76.9,70.1,72.8,174.5,67.7,43812,3233002.9
2008-03-28,74.75,76.75,69.0,72.8,72.5,71.4,174.5,67.7,47501,3449370.15
2008-03-31,72.5,76.0,71.5,71.4,73.0,72.3,174.5,67.7,27529,2037052.65
2008-04-01,74.8,75.0,71.8,72.3,73.3,73.0,174.5,67.7,12947,951047.7
2008-04-02,75.0,76.0,72.0,73.0,73.0,72.9,174.5,67.7,15576,1162163.0
2008-04-03,75.9,75.9,72.0,72.9,72.0,72.75,174.5,67.7,13976,1027926.3
2008-04-04,75.0,80.05,75.0,72.75,80.05,80.05,174.5,67.7,148408,11766028.35
2008-04-07,83.0,86.8,82.0,80.05,82.5,82.6,174.5,67.7,119529,9987270.85
2008-04-08,83.0,86.0,80.1,82.6,85.6,84.55,174.5,67.7,26114,2156972.95
2008-04-09,84.0,91.7,82.05,84.55,88.0,88.1,174.5,67.7,49658,4398345.9
2008-04-10,84.15,91.9,84.15,88.1,88.2,88.45,174.5,67.7,42381,3786558.0
2008-04-11,89.7,90.7,87.65,88.45,88.35,88.2,174.5,67.7,18506,1645556.05
2008-04-15,90.0,97.05,89.2,88.2,97.05,97.05,174.5,67.7,51586,4887514.1
2008-04-16,106.0,106.0,98.05,97.05,98.5,99.25,174.5,67.7,89297,9046320.2
2008-04-17,101.0,103.0,96.5,99.25,97.8,97.5,174.5,67.7,31561,3139356.25
2008-04-21,99.0,100.85,96.1,97.5,98.8,99.15,174.5,67.7,19857,1970178.75
2008-04-22,109.1,109.1,104.0,99.15,109.1,109.1,174.5,67.7,59279,6465976.1
2008-04-23,114.6,114.6,108.1,109.1,110.05,110.75,174.5,67.7,183373,20647553.75
2008-04-24,111.9,111.9,105.25,110.75,105.25,105.65,174.5,67.7,28683,3092523.8
2008-04-25,107.95,109.65,103.0,105.65,106.1,105.9,174.5,67.7,33599,3588791.4
2008-04-28,107.05,107.05,100.6,105.9,101.85,102.15,174.5,67.7,15681,1628139.8
2008-04-29,99.1,104.9,99.1,102.15,101.0,102.05,174.5,67.7,17064,1752961.85
2008-04-30,103.9,104.9,99.2,102.05,101.0,100.85,174.5,67.7,16343,1679860.2
2008-05-02,105.0,105.85,100.05,100.85,100.5,100.75,174.5,67.7,13828,1409220.4
2008-05-05,104.45,104.45,99.9,100.75,100.2,100.4,174.5,67.7,13100,1327316.5
2008-05-06,98.5,101.0,98.05,100.4,98.05,98.2,174.5,67.7,15691,1555492.3
2008-05-07,99.0,99.0,97.05,98.2,98.3,98.05,174.5,67.7,11497,1128390.1
2008-05-08,95.1,99.15,92.05,98.05,96.9,96.0,174.5,67.7,6096,590264.75
2008-05-09,96.9,98.5,91.0,96.0,92.0,92.9,174.5,67.7,12094,1139470.0
2008-05-12,94.2,94.2,88.0,92.9,92.0,90.1,174.5,67.7,10030,899316.05
2008-05-13,90.7,93.95,90.7,90.1,92.0,92.05,174.5,67.7,8449,784488.25
2008-05-14,90.1,96.0,90.0,92.05,91.9,91.45,174.5,67.7,13718,1273261.4
2008-05-15,96.0,99.9,95.0,91.45,95.9,96.0,174.5,67.7,41843,4058557.5
2008-05-16,99.0,101.5,96.0,96.0,96.0,96.4,174.5,67.7,21426,2088148.75
2008-05-20,96.0,97.9,92.2,96.4,93.0,93.25,174.5,67.7,12646,1200983.45
2008-05-21,92.1,95.95,91.0,93.25,94.4,94.85,174.5,67.7,12259,1146557.45
2008-05-22,93.0,94.7,92.25,94.85,92.25,93.05,174.5,67.7,7784,725952.6
2008-05-23,93.9,95.45,90.0,93.05,91.35,90.8,174.5,67.7,8869,824159.9
2008-05-26,83.2,92.7,83.2,90.8,87.6,88.5,174.5,67.7,10481,937245.65
2008-05-27,88.65,90.75,86.5,88.5,87.65,87.4,174.5,67.7,5665,503670.95
2008-05-28,89.0,89.45,86.0,87.4,87.9,87.65,174.5,67.7,4846,424458.75
2008-05-29,91.9,93.95,89.0,87.65,90.15,90.0,174.5,67.7,28852,2640935.4
2008-05-30,92.0,94.95,83.1,90.0,86.8,86.75,174.5,67.7,17672,1560804.4
2008-06-02,88.0,89.15,85.0,86.75,85.0,85.2,174.5,67.7,13026,1133192.8
2008-06-03,80.2,82.9,80.15,85.2,81.65,81.8,174.5,67.7,10000,815904.0
2008-06-04,85.9,85.9,80.2,81.8,80.25,80.65,174.5,67.7,5371,436747.5
2008-06-05,81.1,81.5,78.0,80.65,80.0,79.65,174.5,67.7,7371,586777.2
2008-06-06,79.0,81.0,78.0,79.65,78.85,78.4,174.5,67.7,9861,782983.65
2008-06-09,76.0,76.0,72.05,78.4,73.05,74.2,174.5,67.7,9815,724552.7
2008-06-10,75.65,76.2,70.5,74.2,71.0,71.8,174.5,67.7,20338,1476500.1
2008-06-11,75.0,75.0,72.05,71.8,73.85,73.65,174.5,67.7,7002,513478.35
2008-06-12,72.1,74.9,71.5,73.65,73.0,72.9,174.5,67.7,7615,554582.7
2008-06-13,74.7,77.7,70.15,72.9,72.4,73.6,174.5,67.7,19665,1465923.65
2008-06-16,75.0,81.0,74.6,73.6,80.15,79.1,174.5,67.7,28531,2224488.95
2008-06-17,80.0,87.05,80.0,79.1,87.05,87.05,174.5,67.7,52464,4520927.85
2008-06-18,93.1,93.1,88.0,87.05,91.65,91.35,174.5,67.7,87761,7983555.6
2008-06-19,93.1,94.85,86.8,91.35,87.0,86.85,174.5,67.7,29735,2692859.55
2008-06-20,87.0,88.5,82.6,86.85,82.6,83.15,174.5,67.7,16336,1384044.85
2008-06-23,80.1,81.5,79.0,83.15,80.1,79.6,174.5,67.7,6278,500666.65
2008-06-24,78.0,80.0,75.65,79.6,79.9,78.2,174.5,67.7,18017,1404622.1
2008-06-25,75.0,78.0,74.3,78.2,76.5,76.9,174.5,67.7,17998,1370459.05
2008-06-26,78.55,79.15,76.0,76.9,76.0,76.25,174.5,67.7,9715,754700.0
2008-06-27,75.0,75.95,72.65,76.25,72.9,73.4,174.5,67.7,6605,489255.0
2008-06-30,73.0,76.9,70.0,73.4,70.9,70.55,174.5,67.7,9377,672327.4
2008-07-01,68.0,74.1,67.5,70.55,71.4,72.25,174.5,67.5,23519,1665828.35
2008-07-02,71.95,74.85,69.0,72.25,74.0,73.7,174.5,67.5,38054,2785533.85
2008-07-03,71.95,77.4,71.0,73.7,77.4,76.1,174.5,67.5,29096,2174589.1
2008-07-04,75.0,77.55,74.0,76.1,77.0,77.15,174.5,67.5,8596,658650.3
2008-07-07,80.95,81.45,76.5,77.15,80.0,80.1,174.5,67.5,14725,1176655.6
2008-07-08,79.5,81.85,76.0,80.1,80.7,81.5,174.5,67.5,14652,1167978.0
2008-07-09,80.0,83.35,79.2,81.5,82.65,82.4,174.5,67.5,4571,376178.7
2008-07-10,85.45,86.0,80.5,82.4,83.0,84.1,174.5,67.5,14931,1248357.75
2008-07-11,83.5,84.75,80.0,84.1,80.0,80.45,174.5,67.5,5610,459786.2
2008-07-14,73.1,83.1,73.1,80.45,82.0,82.0,174.5,67.5,5042,411467.85
2008-07-15,80.0,82.0,80.0,82.0,80.0,80.0,174.5,67.5,4637,372022.05
2008-07-16,77.65,82.0,74.5,80.0,78.0,78.0,174.5,67.5,20204,1580971.5
2008-07-17,80.05,81.0,80.0,78.0,80.0,80.0,174.5,67.5,5502,440289.0
2008-07-18,76.0,80.95,76.0,80.0,80.0,80.05,174.5,67.5,2894,231416.25
2008-07-21,76.15,81.85,76.15,80.05,80.0,80.55,174.5,67.5,3675,292258.15
2008-07-22,78.2,82.0,78.0,80.55,80.0,80.35,174.5,67.5,3224,259712.9
2008-07-23,87.0,87.0,80.05,80.35,82.4,82.85,174.5,67.5,6915,576539.15
2008-07-24,86.7,86.7,81.0,82.85,81.75,81.4,174.5,67.5,9623,797884.6
2008-07-25,82.5,82.5,80.05,81.4,80.1,80.65,174.5,67.5,4851,393735.9
2008-07-28,79.5,88.45,79.15,80.65,88.0,85.9,174.5,67.5,13868,1162887.3
2008-07-29,81.2,88.95,81.0,85.9,88.9,87.2,174.5,67.5,13546,1174269.05
2008-07-30,88.0,90.5,88.0,87.2,89.1,89.7,174.5,67.5,7574,674641.25
2008-07-31,87.05,89.9,87.0,89.7,89.3,89.3,174.5,67.5,4924,437487.65
2008-08-01,87.1,94.0,87.0,89.3,89.1,89.45,174.5,67.5,17106,1556900.0
2008-08-04,89.0,90.8,87.5,89.45,89.0,89.1,174.5,67.5,7346,657360.75
2008-08-05,91.85,91.85,88.0,89.1,90.5,90.3,174.5,67.5,6584,593586.7
2008-08-06,94.0,95.9,82.6,90.3,95.0,93.05,174.5,67.5,23367,2159679.35
2008-08-07,99.0,102.4,91.85,93.05,102.4,101.55,174.5,67.5,50774,5117911.8
2008-08-08,104.7,108.0,97.0,101.55,105.0,103.75,174.5,67.5,45211,4684079.6
2008-08-11,104.5,104.5,97.1,103.75,99.0,98.8,174.5,67.5,21231,2127359.25
2008-08-12,103.9,103.9,98.05,98.8,98.85,98.45,174.5,67.5,7861,781666.55
2008-08-13,93.2,99.0,93.2,98.45,97.5,96.85,174.5,67.5,5046,490889.4
2008-08-14,96.0,97.7,91.05,96.85,92.0,92.55,174.5,67.5,7207,680262.85
2008-08-18,94.0,94.15,89.1,92.55,89.75,89.5,174.5,67.5,4146,380768.25
2008-08-19,90.55,92.0,90.0,89.5,92.0,90.95,174.5,67.5,7436,670136.7
2008-08-20,91.25,93.95,91.1,90.95,91.4,91.85,174.5,67.5,1845,169750.4
2008-08-21,91.0,91.8,88.5,91.85,88.5,89.9,174.5,67.5,12449,1120578.25
2008-08-22,90.1,91.0,87.5,89.9,88.3,88.45,174.5,67.5,10127,908984.35
2008-08-25,90.4,92.4,90.0,88.45,90.0,90.4,174.5,67.5,2473,224582.0
2008-08-26,90.0,90.5,89.5,90.4,90.5,90.05,174.5,67.5,17801,1603546.1
2008-08-27,91.5,91.5,90.0,90.05,91.5,90.65,174.5,67.5,2305,208717.35
2008-08-28,90.0,91.9,90.0,90.65,90.0,90.05,174.5,67.5,3011,271547.85
2008-08-29,91.4,99.1,90.15,90.05,99.1,99.1,174.5,67.5,32734,3185937.75
2008-09-01,101.95,109.05,99.5,99.1,107.1,107.0,174.5,67.5,214865,22550526.6
2008-09-02,108.0,109.4,102.0,107.0,102.0,103.8,174.5,67.5,79131,8413405.4
2008-09-04,104.5,108.0,103.8,103.8,106.0,105.4,174.5,67.5,28628,3019114.0
2008-09-05,100.95,102.75,95.95,105.4,101.8,101.75,174.5,67.5,16216,1637734.55
2008-09-08,104.0,104.5,99.6,101.75,100.1,100.05,174.5,67.5,7279,743073.7
2008-09-09,100.0,106.8,99.25,100.05,100.0,100.8,174.5,67.5,17242,1766746.35
2008-09-10,98.55,103.45,98.55,100.8,98.6,99.05,174.5,67.5,6635,666331.3
2008-09-11,99.5,100.0,95.7,99.05,96.05,96.65,174.5,67.5,2278,223250.0
2008-09-12,97.5,98.65,95.1,96.65,95.1,96.05,174.5,67.5,3939,381036.0
2008-09-15,95.0,96.7,85.05,96.05,93.5,89.35,174.5,67.5,13571,1191678.15
2008-09-16,86.0,89.0,82.0,89.35,85.0,84.9,174.5,67.5,12429,1053479.7
2008-09-17,90.0,90.0,81.1,84.9,81.1,82.5,174.5,67.5,6556,557281.4
2008-09-18,80.0,90.0,70.1,82.5,81.0,80.85,174.5,67.5,9592,756165.25
2008-09-19,89.9,89.9,83.0,80.85,83.0,83.8,174.5,67.5,6041,510942.65
2008-09-22,86.7,86.7,82.75,83.8,83.35,83.15,174.5,67.5,4821,406087.05
2008-09-23,75.95,85.2,75.95,83.15,83.0,82.3,174.5,67.5,6845,569018.4
2008-09-24,91.0,91.0,81.55,82.3,82.0,82.65,174.5,67.5,4995,419696.95
2008-09-25,81.7,83.95,80.1,82.65,82.0,81.45,174.5,67.5,3556,290543.9
2008-09-26,82.0,82.0,75.05,81.45,75.9,76.9,174.5,67.5,4388,348988.45
2008-09-29,84.5,84.5,73.0,76.9,74.85,74.3,174.5,67.5,8563,647561.85
2008-09-30,61.6,78.9,61.6,74.3,76.15,76.55,174.5,61.6,9310,697529.6
2008-10-01,81.5,89.7,80.0,76.55,83.5,84.0,174.5,61.6,31161,2629063.25
2008-10-03,84.8,85.95,78.0,84.0,80.95,79.2,174.5,61.6,7590,620359.6
2008-10-06,74.0,78.8,68.25,79.2,69.6,70.25,174.5,61.6,8339,611152.2
2008-10-07,75.7,75.7,67.5,70.25,68.5,68.6,174.5,61.6,9504,663101.4
2008-10-08,69.0,69.0,62.1,68.6,64.7,64.6,174.5,61.6,6235,409516.8
2008-10-10,62.1,62.1,56.0,64.6,56.0,57.65,174.5,56.0,5492,326937.6
2008-10-13,57.05,62.5,57.05,57.65,61.7,61.65,174.5,56.0,6256,377502.95
2008-10-14,72.5,73.0,62.0,61.65,64.95,64.0,174.5,56.0,7646,508266.95
2008-10-15,60.0,63.75,59.1,64.0,61.0,59.9,174.5,56.0,4168,253157.0
2008-10-16,58.0,62.5,55.0,59.9,59.0,59.55,174.5,55.0,5257,305220.65
2008-10-17,60.0,62.0,55.55,59.55,55.55,57.1,174.5,55.0,3986,237480.3
2008-10-20,52.1,59.25,52.1,57.1,53.0,53.5,174.5,52.1,6996,387807.25
2008-10-21,59.0,59.0,53.5,53.5,54.4,55.05,174.5,52.1,7981,437553.35
2008-10-22,53.65,55.0,53.0,55.05,54.5,53.5,174.5,52.1,3369,181853.65
2008-10-23,51.05,53.95,51.0,53.5,51.55,51.45,174.5,51.0,3229,167853.35
2008-10-24,49.0,50.95,41.2,51.45,41.2,42.85,174.5,41.2,5580,259809.3
2008-10-27,39.4,41.55,36.05,42.85,40.9,40.35,174.5,36.05,5494,217799.85
2008-10-28,48.0,48.0,42.0,40.35,44.5,42.85,174.5,36.05,3296,142670.2
2008-10-29,41.0,45.5,41.0,42.85,42.0,42.65,174.5,36.05,4834,212593.5
2008-10-31,42.65,46.0,42.65,42.65,43.85,44.5,174.5,36.05,5406,240809.6
2008-11-03,42.0,49.8,42.0,44.5,49.0,48.2,174.5,36.05,7677,366721.45
2008-11-04,48.95,50.1,46.9,48.2,50.05,49.5,174.5,36.05,5710,279892.3
2008-11-05,50.5,53.0,48.05,49.5,48.4,48.45,174.5,36.05,7499,378491.65
2008-11-06,47.45,48.95,46.0,48.45,47.35,48.7,174.5,36.05,2263,107392.05
2008-11-07,48.0,52.5,43.5,48.7,49.35,48.75,174.5,36.05,8980,441975.75
2008-11-10,49.5,51.6,48.55,48.75,51.45,50.6,174.5,36.05,10580,528776.7
2008-11-11,47.7,51.9,47.7,50.6,49.0,48.9,174.5,36.05,5619,276742.3
2008-11-12,47.3,50.65,45.25,48.9,45.6,46.1,174.5,36.05,4009,189531.3
2008-11-14,48.95,49.0,45.9,46.1,46.0,46.1,174.5,36.05,5377,253205.0
2008-11-17,45.1,46.5,43.5,46.1,43.55,44.4,174.5,36.05,4075,183829.15
2008-11-18,42.2,47.5,42.2,44.4,45.55,45.95,174.5,36.05,4782,219933.85
2008-11-19,44.2,47.8,43.5,45.95,45.2,44.2,174.5,36.05,853,38112.15
2008-11-20,41.25,44.7,41.2,44.2,42.05,42.65,174.5,36.05,3202,136992.75
2008-11-21,42.0,43.95,42.0,42.65,43.4,43.3,174.5,36.05,2760,118646.9
2008-11-24,43.1,43.85,41.0,43.3,41.05,41.2,174.5,36.05,1042,44012.4
2008-11-25,43.0,45.9,42.1,41.2,42.75,42.4,174.5,36.05,2234,96862.15
2008-11-26,41.05,43.0,38.55,42.4,39.9,39.8,174.5,36.05,4618,187708.25
2008-11-28,36.1,40.9,36.1,39.8,38.9,38.6,174.5,36.05,2125,82227.15
2008-12-01,45.0,45.0,38.6,38.6,41.35,41.8,174.5,36.05,5518,231312.05
2008-12-02,40.0,40.95,39.0,41.8,40.2,40.2,174.5,36.05,737,29399.35
2008-12-03,40.5,41.15,39.8,40.2,39.9,40.0,174.5,36.05,1249,50489.85
2008-12-04,39.2,43.0,39.2,40.0,42.5,42.2,174.5,36.05,3807,157768.4
2008-12-05,42.5,43.85,41.5,42.2,41.5,42.3,174.5,36.05,4056,174586.4
2008-12-08,42.55,44.3,42.55,42.3,43.5,44.0,174.5,36.05,3103,135914.9
2008-12-10,42.0,45.65,42.0,44.0,43.6,43.45,174.5,36.05,1894,83433.05
2008-12-11,44.0,45.5,44.0,43.45,45.35,44.8,174.5,36.05,5781,259786.2
2008-12-12,44.0,45.8,40.4,44.8,43.35,44.2,174.5,36.05,14294,593829.85
2008-12-15,45.0,51.95,45.0,44.2,49.4,49.15,155.5,36.05,7414,361974.95
2008-12-16,49.0,52.5,47.75,49.15,50.7,50.75,155.5,36.05,6279,318957.15
2008-12-17,55.0,55.1,48.4,50.75,50.0,49.4,155.5,36.05,5968,301435.05
2008-12-18,54.8,54.8,48.0,49.4,49.0,49.4,155.5,36.05,13866,735070.2
2008-12-19,47.0,51.5,47.0,49.4,49.9,49.25,155.5,36.05,3947,195674.85
2008-12-22,50.75,51.0,48.1,49.25,48.25,48.55,147.75,36.05,4508,224055.85
2008-12-23,47.0,49.85,47.0,48.55,47.1,47.5,147.75,36.05,1298,62259.85
2008-12-24,45.0,48.0,45.0,47.5,45.8,45.9,147.75,36.05,1848,85451.1
2008-12-26,49.9,51.0,45.0,45.9,45.0,46.35,147.75,36.05,3448,165034.4
2008-12-29,47.0,47.55,45.3,46.35,45.7,46.35,147.75,36.05,1616,74579.25
2008-12-30,46.55,48.45,46.5,46.35,47.1,47.4,147.75,36.05,2503,118848.7
2008-12-31,48.1,48.85,47.15,47.4,48.0,47.8,147.75,36.05,2378,114191.65
2009-01-01,47.0,52.9,47.0,47.8,50.75,51.3,147.75,36.05,10519,535212.35
2009-01-02,51.0,55.5,50.1,51.3,51.0,51.55,147.75,36.05,8961,472124.35
2009-01-05,54.0,54.5,51.7,51.55,52.85,52.25,147.75,36.05,8689,456559.0
2009-01-06,46.0,54.2,45.0,52.25,52.0,51.75,147.75,36.05,6057,318865.25
2009-01-07,53.4,53.85,44.0,51.75,45.0,45.35,147.75,36.05,8447,408433.4
2009-01-09,43.2,48.0,43.2,45.35,43.55,44.4,147.75,36.05,2604,116151.5
2009-01-12,43.55,45.35,43.0,44.4,43.0,43.2,147.75,36.05,2457,107377.45
2009-01-13,44.0,44.9,42.2,43.2,43.2,42.75,147.75,36.05,2162,93248.0
2009-01-14,41.0,44.85,41.0,42.75,43.95,43.65,147.75,36.05,2439,106492.2
2009-01-15,44.0,44.2,41.5,43.65,43.4,42.5,147.75,36.05,1351,58490.25
2009-01-16,41.0,44.2,41.0,42.5,44.2,43.35,147.75,36.05,3039,132814.15
2009-01-19,45.0,45.0,43.25,43.35,44.5,44.35,133.0,36.05,2922,129647.7
2009-01-20,41.55,43.95,41.55,44.35,43.2,42.6,133.0,36.05,2717,117731.35
2009-01-21,44.8,44.9,42.15,42.6,42.5,42.5,133.0,36.05,1493,63735.1
2009-01-22,42.6,43.95,41.0,42.5,41.6,42.2,133.0,36.05,2685,112662.3
2009-01-23,41.6,42.45,39.8,42.2,42.2,41.05,133.0,36.05,2053,83471.25
2009-01-27,41.0,41.85,37.1,41.05,40.15,40.5,133.0,36.05,4406,175669.6
2009-01-28,40.2,43.75,40.2,40.5,40.65,41.3,133.0,36.05,2233,93217.1
2009-01-29,41.0,41.95,40.9,41.3,41.5,41.5,133.0,36.05,924,38244.35
2009-01-30,41.0,45.4,40.5,41.5,42.1,44.55,133.0,36.05,9854,437614.55
2009-02-02,44.0,49.5,42.55,44.55,43.95,43.9,133.0,36.05,44400,2086428.55
2009-02-03,39.35,50.5,39.35,43.9,45.0,45.65,133.0,36.05,41556,1977087.95
2009-02-04,47.0,47.0,44.65,45.65,44.7,44.7,133.0,36.05,2848,128580.5
2009-02-05,42.2,48.0,42.2,44.7,42.95,43.3,133.0,36.05,8906,392454.15
2009-02-06,43.75,47.4,43.55,43.3,44.0,44.1,133.0,36.05,27619,1266229.35
2009-02-09,40.65,47.2,40.65,44.1,44.7,44.8,133.0,36.05,1905,84428.5
2009-02-10,44.0,45.7,44.0,44.8,44.05,44.5,133.0,36.05,2717,121206.8
2009-02-11,44.0,45.0,43.75,44.5,45.0,44.85,133.0,36.05,2407,107154.0
2009-02-12,45.0,48.7,44.0,44.85,44.45,44.7,133.0,36.05,5906,268092.7
2009-02-13,46.8,46.8,44.75,44.7,45.9,45.5,133.0,36.05,2786,126729.85
2009-02-16,45.0,45.0,43.05,45.5,43.05,43.1,121.2,36.05,4982,218881.5
2009-02-17,43.1,43.7,42.05,43.1,42.85,42.5,121.2,36.05,2212,94392.6
2009-02-18,43.5,43.5,42.0,42.5,42.0,42.15,121.2,36.05,2260,95993.15
2009-02-19,43.9,43.9,41.05,42.15,41.9,41.5,121.2,36.05,2827,118802.4
2009-02-20,41.85,42.7,40.4,41.5,41.2,40.8,121.2,36.05,2455,101551.9
2009-02-24,39.0,41.5,39.0,40.8,40.75,40.15,114.9,36.05,1967,79449.35
2009-02-25,39.25,41.4,39.25,40.15,40.0,40.1,114.9,36.05,2811,114235.05
2009-02-26,40.0,41.0,40.0,40.1,40.5,40.5,114.9,36.05,1698,68585.0
2009-02-27,41.1,41.15,39.0,40.5,39.15,39.95,114.9,36.05,1241,49583.4
2009-03-02,40.95,40.95,36.25,39.95,38.15,38.15,114.6,36.05,2553,98966.75
2009-03-03,37.7,39.45,36.1,38.15,37.5,37.1,114.6,36.05,1424,53752.6
2009-03-04,39.75,39.75,35.15,37.1,36.5,36.25,114.6,35.15,1826,67284.95
2009-03-05,37.6,43.0,37.6,36.25,40.05,40.85,114.6,35.15,44060,1792673.05
2009-03-06,39.5,39.5,35.25,40.85,37.05,37.2,114.6,35.15,11485,429230.45
2009-03-09,37.0,39.6,35.15,37.2,36.0,35.9,114.6,35.15,7666,278959.95
2009-03-12,35.5,37.35,35.5,35.9,37.25,37.3,114.6,35.15,22373,820922.45
2009-03-13,40.9,40.9,37.2,37.3,38.15,37.9,114.6,35.15,16892,670531.75
2009-03-16,38.35,39.1,38.15,37.9,39.0,38.45,114.6,35.15,4892,189637.3
2009-03-17,39.75,39.95,38.5,38.45,38.5,38.65,114.6,35.15,3778,147165.45
2009-03-18,39.0,40.5,38.1,38.65,39.5,39.7,114.6,35.15,4874,192548.0
2009-03-19,45.0,47.65,45.0,39.7,47.65,47.65,114.6,35.15,18293,871005.8
2009-03-20,52.9,57.2,52.0,47.65,57.2,57.2,114.6,35.15,758526,42191773.9
2009-03-23,59.0,61.65,53.6,57.2,55.0,55.05,114.6,35.15,320339,17974627.1
2009-03-24,51.0,55.9,50.0,55.05,50.35,50.75,114.6,35.15,74316,3903828.85
2009-03-25,48.2,53.25,46.5,50.75,52.0,52.3,114.6,35.15,107043,5450845.9
2009-03-26,54.0,57.5,52.0,52.3,53.05,53.0,114.6,35.15,96741,5322269.05
2009-03-27,54.0,55.9,52.15,53.0,53.25,53.25,114.6,35.15,30984,1659651.3
2009-03-30,52.0,53.0,47.95,53.25,47.95,47.95,114.6,35.15,43970,2156433.05
2009-03-31,46.5,48.5,43.85,47.95,46.2,46.05,114.6,35.15,53209,2465323.5
2009-04-01,44.0,50.7,42.55,46.05,50.7,49.65,114.6,35.15,70838,3311050.25
2009-04-02,51.9,52.25,49.3,49.65,49.5,50.05,114.6,35.15,28642,1448743.95
2009-04-06,51.1,52.5,49.15,50.05,49.5,49.65,114.6,35.15,20906,1066645.45
2009-04-08,51.6,51.95,48.0,49.65,51.7,51.15,114.6,35.15,28796,1466241.35
2009-04-09,52.95,53.0,48.1,51.15,51.0,51.25,114.6,35.15,24940,1284929.35
2009-04-13,52.55,53.5,50.55,51.25,53.0,53.0,114.6,35.15,19566,1032697.95
2009-04-15,52.65,55.85,52.65,53.0,54.05,53.95,114.6,35.15,26411,1436367.45
2009-04-16,54.45,57.0,49.2,53.95,50.1,51.3,114.6,35.15,20055,1092127.2
2009-04-17,52.8,53.5,51.0,51.3,51.0,51.15,114.6,35.15,6236,325118.4
2009-04-20,51.95,52.9,50.2,51.15,50.4,50.8,114.6,35.15,8495,438619.9
2009-04-21,49.3,51.5,49.3,50.8,50.75,50.15,114.6,35.15,11554,585201.45
2009-04-22,51.85,53.4,50.4,50.15,51.45,50.95,114.6,35.15,18291,946186.75
2009-04-23,50.2,52.75,50.2,50.95,51.0,50.9,114.6,35.15,10398,533437.9
2009-04-24,52.4,53.8,52.0,50.9,52.5,52.35,114.6,35.15,23473,1242004.75
2009-04-27,52.85,56.2,52.5,52.35,53.0,53.35,109.4,35.15,40010,2171629.4
2009-04-28,54.0,54.95,48.5,53.35,49.0,48.95,109.4,35.15,15733,793568.35
2009-04-29,49.25,52.0,49.0,48.95,51.5,51.05,109.4,35.15,30516,1565028.55
2009-05-04,52.95,53.0,51.0,51.05,52.0,51.7,109.4,35.15,13113,678618.5
2009-05-05,52.0,52.4,50.35,51.7,51.95,51.35,109.4,35.15,9294,479088.05
2009-05-06,52.1,54.45,50.75,51.35,51.55,51.05,109.4,35.15,16326,850934.4
2009-05-07,53.0,54.0,51.2,51.05,52.45,51.85,109.4,35.15,8160,423894.6
2009-05-08,51.0,55.45,50.6,51.85,52.3,52.3,109.4,35.15,20154,1068275.2
2009-05-11,54.4,57.0,50.1,52.3,53.8,55.15,109.4,35.15,81413,4465762.1
2009-05-12,54.6,55.0,52.5,55.15,53.15,53.6,109.4,35.15,14276,768245.55
2009-05-13,53.0,53.95,51.05,53.6,51.05,51.8,109.4,35.15,11116,580958.45
2009-05-14,50.0,52.0,50.0,51.8,51.4,51.35,109.4,35.15,3564,183138.0
2009-05-15,52.0,54.0,50.3,51.35,50.5,51.2,109.4,35.15,12387,649844.5
2009-05-19,56.0,61.3,54.0,51.2,55.95,55.4,109.4,35.15,41345,2325680.65
2009-05-20,56.5,61.45,55.45,55.4,59.5,59.7,109.4,35.15,42084,2480186.9
2009-05-21,64.5,69.45,61.65,59.7,64.95,64.15,109.4,35.15,58115,3782065.1
2009-05-22,65.0,68.95,64.0,64.15,65.95,66.0,109.4,35.15,39050,2593014.6
2009-05-25,74.9,74.9,68.45,66.0,71.85,71.3,109.4,35.15,61055,4355987.45
2009-05-26,72.9,75.9,67.0,71.3,68.0,68.2,109.4,35.15,45211,3239979.95
2009-05-27,70.0,72.5,69.05,68.2,70.8,70.4,109.4,35.15,14105,995859.25
2009-05-28,67.05,84.5,67.05,70.4,84.5,84.5,109.4,35.15,234356,19069142.25
2009-05-29,87.0,91.0,83.25,84.5,83.75,84.8,109.4,35.15,228081,19813858.6
2009-06-01,85.0,87.0,78.1,84.8,81.5,80.95,109.4,35.15,76567,6228621.25
2009-06-02,85.5,85.9,77.5,80.95,81.0,82.85,109.4,35.15,56911,4643781.5
2009-06-03,86.0,86.9,78.0,82.85,81.95,81.15,109.4,35.15,36803,3069624.05
2009-06-04,78.0,89.3,74.5,81.15,89.3,89.3,109.4,35.15,79008,6841418.3
2009-06-05,92.0,93.3,82.95,89.3,84.45,84.4,109.4,35.15,75106,6543751.8
2009-06-08,82.55,86.05,78.0,84.4,78.2,79.05,109.4,35.15,27986,2287492.2
2009-06-09,78.2,83.0,74.5,79.05,78.0,78.55,109.4,35.15,60391,4791667.2
2009-06-10,81.0,83.85,78.0,78.55,80.1,80.25,109.4,35.15,22479,1828967.8
2009-06-11,79.0,85.5,78.3,80.25,80.15,81.1,109.4,35.15,88918,7375879.95
2009-08-21,62.1,65.5,61.5,63.85,64.3,64.5,109.4,35.15,10765,690313.3
2009-08-24,65.0,65.5,64.3,64.5,64.5,64.65,109.4,35.15,4881,316123.5
2009-08-25,64.0,66.0,63.0,64.65,65.1,65.35,109.4,35.15,9299,599095.65
2009-08-26,66.0,68.0,65.3,65.35,68.0,67.6,109.4,35.15,17273,1152019.85
2009-08-27,69.0,69.0,67.2,67.6,67.9,67.65,109.4,35.15,10978,747569.2
2009-08-28,69.3,71.0,67.6,67.65,69.45,69.25,109.4,35.15,23075,1596506.15
2009-08-31,69.9,71.0,67.4,69.25,67.4,67.55,109.4,35.15,12026,825063.45
2009-09-01,66.6,69.3,65.0,67.55,67.5,66.65,109.4,35.15,10252,695578.9
2009-09-02,67.5,67.5,65.25,66.65,66.25,65.6,109.4,35.15,4491,296542.65
2009-09-03,67.0,67.45,65.85,65.6,66.0,66.2,109.4,35.15,5111,339410.75
2009-09-04,67.0,67.85,65.6,66.2,65.75,66.25,109.4,35.15,4571,303105.3
2009-09-07,67.6,69.45,66.6,66.25,68.3,68.4,106.8,35.15,17024,1163401.25
2009-09-08,69.8,75.25,67.65,68.4,70.1,69.95,106.8,35.15,26891,1887578.1
2009-09-09,70.0,73.0,69.5,69.95,70.35,70.6,106.8,35.15,23182,1656577.3
2009-09-10,72.0,72.8,68.15,70.6,68.5,68.65,106.8,35.15,15555,1091513.05
2009-09-11,66.0,69.95,66.0,68.65,68.1,68.25,106.8,35.15,3458,237969.25
2009-09-14,72.0,72.1,67.65,68.25,68.0,68.15,96.7,35.15,3327,228712.65
2009-09-15,68.4,70.4,68.3,68.15,68.5,68.75,96.7,35.15,11793,818600.75
2009-09-16,69.1,70.45,68.5,68.75,68.95,68.75,96.7,35.15,5826,402875.6
2009-09-17,69.0,69.6,68.0,68.75,68.0,68.35,96.7,35.15,4887,334776.15
2009-09-18,66.1,69.45,66.1,68.35,68.35,67.75,96.7,35.15,6628,450595.45
2009-09-22,69.0,69.55,68.0,67.75,69.45,68.95,93.3,35.15,8074,556863.6
2009-09-23,70.3,70.4,68.1,68.95,68.2,68.3,93.3,35.15,5208,359411.3
2009-09-24,69.9,73.7,69.9,68.3,71.0,71.1,93.3,35.15,66684,4797368.35
2009-09-25,72.5,78.25,72.5,71.1,78.25,78.25,93.3,35.15,127247,9774821.2
2009-09-29,83.0,86.1,81.05,78.25,86.1,86.1,93.3,35.15,81790,6880588.5
2009-09-30,90.45,90.45,84.2,86.1,86.8,86.3,93.3,35.15,174815,15481306.9
2009-10-01,87.0,87.0,82.0,86.3,82.0,82.0,93.3,35.15,54244,4481597.7
2009-10-05,78.5,83.65,77.9,82.0,78.0,78.45,93.3,35.15,49187,3953570.1
2009-10-06,79.9,79.9,74.55,78.45,76.65,76.9,93.3,35.15,23834,1804658.05
2009-10-07,79.0,79.5,73.1,76.9,73.65,74.05,93.3,35.15,34445,2606249.2
2009-10-08,72.25,75.45,70.35,74.05,70.35,70.5,93.3,35.15,20536,1478707.75
2009-10-09,72.25,72.25,68.55,70.5,70.0,70.2,93.3,35.15,22155,1559130.05
2009-10-12,70.0,72.95,70.0,70.2,71.4,70.85,93.3,35.15,7035,500421.8
2009-10-14,71.4,72.7,70.0,70.85,70.0,70.5,93.3,35.15,10312,736486.8
2009-10-15,70.7,72.45,70.3,70.5,71.0,70.85,93.3,35.15,9538,676081.3
2009-10-16,70.4,71.7,69.0,70.85,69.9,69.4,93.3,35.15,10051,708351.8
2009-10-17,71.85,71.85,70.25,69.4,70.5,70.7,93.3,35.15,4188,297928.85
2009-10-20,68.1,72.0,68.1,70.7,69.0,69.25,93.3,35.15,19135,1339408.0
2009-10-21,71.9,71.9,68.6,69.25,69.0,69.25,93.3,35.15,9958,693471.7
2009-10-22,70.85,70.85,66.35,69.25,67.5,66.9,93.3,35.15,10373,706849.8
2009-10-23,68.85,70.0,67.2,66.9,69.0,68.45,93.3,35.15,12778,876700.7
2009-10-26,68.1,71.9,66.0,68.45,69.9,70.2,93.3,35.15,22882,1626534.95
2009-10-27,68.15,69.65,66.7,70.2,66.7,66.7,93.3,35.15,6070,410171.75
2009-10-28,66.1,66.7,63.4,66.7,63.4,63.5,93.3,35.15,15038,972953.55
2009-10-29,65.85,65.85,61.2,63.5,62.0,61.95,93.3,35.15,5612,349898.0
2009-10-30,65.0,65.0,62.0,61.95,63.0,62.8,93.3,35.15,10925,697016.05
2009-11-03,62.5,65.95,60.0,62.8,61.7,60.85,93.3,35.15,27158,1738530.45
2009-11-04,60.05,62.45,58.15,60.85,59.15,59.55,93.3,35.15,13320,800213.6
2009-11-05,60.35,62.5,59.55,59.55,62.4,62.05,93.3,35.15,5832,356652.1
2009-11-06,63.05,64.3,61.65,62.05,63.0,62.7,93.3,35.15,6974,437277.8
2009-11-09,63.35,63.45,62.1,62.7,63.2,62.95,93.3,35.15,6486,405879.65
2009-11-10,62.55,65.0,62.55,62.95,64.0,63.5,93.3,35.15,5817,368601.8
2009-11-11,62.65,64.9,62.6,63.5,63.75,63.45,93.3,35.15,7253,462820.55
2009-11-12,62.55,64.4,62.5,63.45,63.5,63.85,93.3,35.15,4851,308942.25
2009-11-13,64.25,70.25,62.8,63.85,70.25,70.25,93.3,35.15,29516,2006643.75
2009-11-16,71.0,77.3,69.7,70.25,77.3,77.3,93.3,35.15,70945,5428342.2
2009-11-17,83.3,85.05,77.7,77.3,79.55,81.65,93.3,35.15,165071,13282735.75
2009-11-18,81.0,82.9,78.1,81.65,78.45,79.9,93.3,35.15,57112,4617852.65
2009-11-19,79.4,80.5,75.95,79.9,75.95,76.35,93.3,35.15,13803,1074335.9
2009-11-20,74.5,76.95,73.3,76.35,73.3,73.95,93.3,35.15,7116,533494.8
2009-11-23,75.0,77.0,72.9,73.95,77.0,76.0,93.3,35.15,18995,1432906.45
2009-11-24,78.8,78.8,74.5,76.0,74.5,75.35,93.3,35.15,10393,800545.0
2009-11-25,77.8,77.9,74.5,75.35,74.75,75.0,93.3,35.15,6204,471401.3
2009-11-26,73.0,74.75,72.1,75.0,72.1,72.6,93.3,35.15,9751,718319.25
2009-11-27,74.5,74.95,70.0,72.6,71.85,71.5,93.3,35.15,14121,1015942.7
2009-11-30,72.2,74.75,71.55,71.5,71.55,72.4,93.3,35.15,7781,569341.6
2009-12-01,75.1,75.1,71.55,72.4,71.55,72.3,93.3,35.15,13139,959548.75
2009-12-02,74.1,75.95,74.1,72.3,75.95,75.95,93.3,35.15,17730,1344490.15
2009-12-03,77.7,77.7,73.35,75.95,75.5,74.6,93.3,35.15,13899,1053345.25
2009-12-04,72.0,76.5,72.0,74.6,74.4,73.55,93.3,35.15,6207,461196.75
2009-12-07,74.45,75.0,73.2,73.55,74.4,74.05,93.3,35.15,3162,234402.15
2009-12-08,76.0,76.0,73.05,74.05,74.5,74.65,93.3,35.15,3373,251508.65
2009-12-09,74.5,74.5,72.5,74.65,74.0,73.7,93.3,35.15,8943,654060.35
2009-12-10,74.0,76.05,73.2,73.7,74.2,75.0,93.3,35.15,11549,864409.6
2009-12-11,78.75,78.75,78.75,75.0,78.75,78.75,93.3,35.15,18013,1418523.75
2009-12-14,82.35,82.7,74.85,78.75,75.1,75.4,93.3,35.15,40019,3179475.4
2009-12-15,75.1,75.95,73.9,75.4,74.5,74.35,93.3,35.15,6296,468583.05
2009-12-16,73.0,75.6,73.0,74.35,74.0,74.2,93.3,35.15,6494,484402.65
2009-12-17,76.8,76.8,73.7,74.2,75.4,75.05,93.3,35.15,5053,380196.65
2009-12-18,77.4,77.4,72.15,75.05,72.3,72.8,93.3,35.15,5475,402430.2
2009-12-21,71.2,73.65,71.0,72.8,71.0,71.25,93.3,35.15,7490,536433.75
2009-12-22,72.5,73.45,71.6,71.25,72.85,72.0,93.3,35.15,4084,295546.95
2009-12-23,72.8,74.6,72.55,72.0,73.5,72.95,93.3,35.15,6262,457423.3
2009-12-24,74.85,74.85,72.0,72.95,73.3,72.85,93.3,35.15,5090,371170.7
2009-12-29,73.9,73.9,71.4,72.85,71.85,71.6,93.3,35.15,16886,1214219.4
2009-12-30,73.45,73.45,70.0,71.6,71.8,70.95,93.3,35.15,14503,1029925.35
2009-12-31,72.5,73.4,70.25,70.95,71.6,70.7,93.3,35.15,6248,447032.55
2010-01-04,71.6,73.6,70.3,70.7,70.85,71.05,93.3,35.15,9131,651676.65
2010-01-05,72.95,74.0,71.7,71.05,72.25,72.3,93.3,35.15,12166,880532.1
2010-01-06,73.5,73.55,69.25,72.3,71.7,72.0,93.3,35.15,8902,645115.8
2010-01-07,71.45,72.95,70.1,72.0,71.5,71.25,93.3,35.15,17598,1264188.5
2010-01-08,71.65,73.7,71.35,71.25,73.0,72.5,93.3,35.15,20683,1499530.15
2010-01-11,72.8,74.5,72.8,72.5,73.8,73.7,93.3,35.15,16509,1219534.8
2010-01-12,73.75,78.9,73.75,73.7,74.5,74.35,93.3,35.15,90796,6864850.8
2010-01-13,77.5,78.5,74.55,74.35,76.5,75.95,93.3,35.15,87047,6627034.4
2010-01-14,78.0,79.0,76.0,75.95,76.6,77.2,93.3,35.15,61664,4768674.9
2010-01-15,78.0,79.5,76.0,77.2,76.15,76.85,93.3,35.15,25878,2023784.4
2010-01-18,76.45,77.8,75.55,76.85,76.3,76.15,93.3,35.15,5495,422101.45
2010-01-19,75.3,77.35,74.0,76.15,74.0,74.4,93.3,35.15,8438,634948.95
2010-01-20,75.05,76.0,74.1,74.4,74.5,74.4,93.3,35.15,5697,427629.25
2010-01-21,78.0,78.0,71.7,74.4,72.0,72.05,93.3,35.15,9734,710352.2
2010-01-22,71.0,71.5,68.0,72.05,70.2,69.75,93.3,35.15,12461,868809.4
2010-01-25,72.45,72.75,69.85,69.75,71.2,70.85,93.3,35.15,10655,764682.8
2010-01-27,70.1,70.8,66.65,70.85,66.65,67.25,93.3,35.15,10361,708434.5
2010-01-28,68.4,70.0,65.0,67.25,65.0,65.45,93.3,35.15,16057,1075443.45
2010-01-29,66.0,66.0,62.5,65.45,63.95,63.65,93.3,35.15,12237,779751.6
2010-02-01,65.75,65.85,63.8,63.65,65.45,65.3,93.3,35.15,6957,453857.1
2010-02-02,65.9,68.0,62.1,65.3,63.25,63.55,93.3,35.15,14028,920258.9
2010-02-03,66.0,66.0,63.55,63.55,65.0,65.0,93.3,35.15,5743,371357.4
2010-02-04,64.95,65.5,64.0,65.0,64.0,64.25,93.3,35.15,3218,207852.65
2010-02-05,63.0,64.0,60.5,64.25,61.5,61.05,93.3,35.15,7384,454409.95
2010-02-06,63.5,63.5,61.5,61.05,62.35,62.35,93.3,35.15,617,38441.2
2010-02-08,62.95,62.95,60.55,62.35,62.25,61.95,93.3,35.15,3540,218159.7
2010-02-09,61.65,62.85,61.6,61.95,62.85,62.8,93.3,35.15,1844,114499.6
2010-02-10,64.0,65.5,62.45,62.8,62.5,62.65,93.3,35.15,4520,286342.25
2010-02-11,63.4,63.95,62.25,62.65,63.5,62.6,93.3,35.15,3414,214157.75
2010-02-15,63.4,63.45,61.0,62.6,61.0,61.15,93.3,35.15,6500,403161.9
2010-02-16,61.15,65.75,60.2,61.15,62.3,62.0,93.3,35.15,37826,2390221.6
2010-02-17,62.25,63.25,62.25,62.0,62.7,62.45,93.3,35.15,4014,251222.8
2010-02-18,62.4,63.0,61.95,62.45,61.95,61.95,93.3,35.15,3400,212850.35
2010-02-19,60.1,62.9,60.0,61.95,61.25,61.3,93.3,35.15,4519,276450.55
2010-02-22,61.85,63.25,61.0,61.3,61.1,61.15,93.3,35.15,6119,376425.85
2010-02-23,61.4,62.25,60.05,61.15,61.1,60.6,93.3,35.15,4040,246583.3
2010-02-24,59.85,60.25,59.0,60.6,59.85,59.4,93.3,35.15,1940,115462.0
2010-02-25,60.0,61.7,59.25,59.4,60.85,60.45,93.3,35.15,3447,207846.5
2010-02-26,60.1,61.0,59.7,60.45,60.0,60.05,93.3,35.15,5326,321203.0
2010-03-02,59.0,61.65,59.0,60.05,60.9,61.0,93.3,35.15,5657,342151.3
2010-03-03,62.3,62.7,61.0,61.0,61.5,61.4,93.3,35.15,4476,277421.9
2010-03-04,62.25,62.35,61.25,61.4,61.75,61.95,93.3,35.15,3073,190307.2
2010-03-05,61.0,67.8,60.15,61.95,65.25,64.35,93.3,35.15,21949,1431240.95
2010-03-08,64.05,68.3,64.05,64.35,66.0,65.35,93.3,35.15,8699,571761.9
2010-03-09,65.0,65.7,63.0,65.35,64.15,64.2,93.3,35.15,3002,193284.1
2010-03-10,63.25,67.3,63.05,64.2,63.45,63.7,93.3,35.15,18401,1194143.6
2010-03-11,64.9,65.0,62.95,63.7,63.0,63.2,93.3,35.15,2318,147126.55
2010-03-12,61.5,65.4,61.45,63.2,62.4,62.7,93.3,35.15,7459,474264.65
2010-03-15,62.4,63.2,61.65,62.7,61.65,61.9,93.3,38.1,680,42252.15
2010-03-16,62.05,64.0,61.0,61.9,62.4,62.65,93.3,38.1,11332,710341.85
2010-03-17,63.5,64.0,61.3,62.65,62.0,62.4,93.3,38.1,3983,250448.25
2010-03-18,63.65,63.65,61.75,62.4,61.9,62.05,93.3,38.1,7286,456443.6
2010-03-19,63.25,73.3,61.9,62.05,69.0,69.4,93.3,38.1,237065,16615776.0
2010-03-22,69.6,73.9,68.1,69.4,70.8,70.5,93.3,42.55,155772,11197489.45
2010-03-23,72.5,84.6,72.5,70.5,84.6,84.25,93.3,42.55,3173364,262992400.55
2010-03-25,85.8,85.8,76.55,84.25,77.75,77.85,93.3,42.55,1142266,92083409.7
2010-03-26,78.4,78.4,73.0,77.85,73.1,73.65,93.3,42.55,225949,17100800.95
2010-03-29,75.5,79.45,72.6,73.65,74.65,74.55,93.3,42.55,428950,32877490.85
2010-03-30,75.25,76.25,72.15,74.55,72.25,72.7,93.3,42.55,74317,5516022.2
2010-03-31,73.45,74.35,68.2,72.7,70.2,70.5,93.3,42.55,64360,4643461.65
2010-04-01,71.35,74.45,71.0,70.5,72.8,72.55,93.3,42.55,56022,4081898.5
2010-04-05,73.75,75.8,72.25,72.55,73.15,74.1,93.3,48.0,41261,3068426.2
2010-04-06,75.15,75.4,73.0,74.1,73.15,73.5,93.3,48.0,21343,1581597.2
2010-04-07,68.0,74.75,68.0,73.5,72.5,72.8,93.3,48.0,28470,2085308.85
2010-04-08,71.5,73.6,71.0,72.8,71.15,71.45,93.3,48.0,19194,1387196.6
2010-04-09,71.8,82.95,71.8,71.45,79.8,80.45,93.3,48.0,591751,47745738.6
2010-04-12,82.7,84.4,77.2,80.45,77.8,78.3,93.3,48.5,296542,23713656.15
2010-04-13,77.5,81.0,76.5,78.3,77.5,77.7,93.3,48.5,78833,6209048.65
2010-04-15,78.7,79.6,75.05,77.7,75.05,76.15,93.3,48.5,34182,2650532.55
2010-04-16,75.5,76.5,74.25,76.15,74.5,75.05,93.3,48.5,21849,1652840.35
2010-04-19,73.8,73.8,70.15,75.05,70.9,71.7,93.3,48.5,36834,2665345.15
2010-04-20,71.7,73.8,71.7,71.7,72.45,72.6,93.3,48.5,32935,2397533.1
2010-04-21,74.4,80.85,72.75,72.6,78.2,78.65,93.3,48.5,314998,24842550.65
2010-04-22,78.5,84.4,75.65,78.65,80.9,81.45,93.3,48.5,742026,60981872.8
2010-04-23,82.0,82.65,78.15,81.45,78.5,78.9,93.3,48.5,73319,5932969.15
2010-04-26,80.0,80.0,76.7,78.9,76.7,77.5,93.3,48.5,27362,2135297.35
2010-04-27,78.5,78.8,75.65,77.5,75.7,76.05,93.3,48.5,26394,2032644.05
2010-04-28,74.0,75.4,71.95,76.05,73.8,73.45,93.3,48.5,31176,2309795.6
2010-04-29,74.8,77.6,74.05,73.45,74.9,75.15,93.3,48.5,46165,3511275.95
2010-04-30,76.5,76.9,74.05,75.15,74.45,74.75,93.3,48.5,30871,2345085.85
2010-05-03,74.4,75.7,72.55,74.75,74.3,74.1,93.3,50.0,25729,1915756.05
2010-05-04,74.0,75.0,71.3,74.1,71.7,71.95,93.3,50.0,26217,1914938.7
2010-05-05,72.5,76.0,69.2,71.95,73.0,72.2,93.3,50.0,48100,3415631.6
2010-05-06,73.9,74.8,72.2,72.2,73.15,73.25,93.3,50.0,35576,2620893.7
2010-05-07,69.0,72.85,69.0,73.25,69.15,69.45,93.3,50.0,29266,2055135.4
2010-05-10,72.8,74.0,71.0,69.45,73.9,73.15,93.3,50.0,17581,1272922.2
2010-05-11,73.25,74.0,70.65,73.15,72.4,72.6,93.3,50.0,37399,2710255.45
2010-05-12,72.5,72.5,69.5,72.6,69.5,69.95,93.3,50.0,14548,1027383.9
2010-05-13,70.8,72.0,69.55,69.95,70.2,70.25,93.3,50.0,17503,1243274.8
2010-05-14,70.0,71.95,68.5,70.25,68.5,68.75,93.3,50.0,32547,2284760.25
2010-05-17,67.2,68.85,65.0,68.75,68.3,67.9,93.3,53.5,10156,687452.15
2010-05-18,67.3,71.7,67.0,67.9,68.5,69.2,93.3,53.5,26880,1877984.05
2010-05-19,68.25,69.8,66.0,69.2,66.95,66.8,93.3,53.5,12176,824813.55
2010-05-20,67.6,70.0,65.7,66.8,65.7,66.05,93.3,53.5,12310,828486.8
2010-05-21,65.0,67.45,63.55,66.05,65.7,65.6,93.3,53.5,21422,1395510.55
2010-05-24,66.2,67.95,64.25,65.6,64.9,64.85,93.3,53.5,8116,540265.65
2010-05-25,64.8,64.8,62.0,64.85,62.2,62.3,93.3,53.5,8029,508261.85
2010-05-26,69.8,69.8,62.0,62.3,62.5,62.6,93.3,53.5,8053,506160.8
2010-05-27,61.0,66.4,61.0,62.6,63.3,63.45,93.3,53.5,25167,1619868.05
2010-05-28,64.25,65.0,63.6,63.45,64.55,64.05,93.3,53.5,8307,536506.05
2010-05-31,63.6,64.75,62.6,64.05,63.8,63.45,93.3,53.5,4802,306299.05
2010-06-01,63.8,66.5,63.0,63.45,63.9,63.3,93.3,53.5,19207,1245104.45
2010-06-02,63.35,65.3,63.0,63.3,64.75,64.55,93.3,53.5,18943,1221043.9
2010-06-03,65.2,66.2,64.8,64.55,65.0,65.45,93.3,53.5,16404,1076671.45
2010-06-04,64.65,68.0,64.6,65.45,65.35,65.5,93.3,53.5,21923,1452432.5
2010-06-07,64.8,64.8,62.1,65.5,63.8,63.45,90.45,53.5,9057,575721.2
2010-06-08,63.0,67.75,62.25,63.45,62.9,62.85,90.45,53.5,61681,4032268.7
2010-06-09,63.8,64.15,62.25,62.85,62.45,62.5,90.45,53.5,21868,1377372.9
2010-06-10,62.7,64.0,61.5,62.5,61.85,62.0,90.45,53.5,27247,1704041.15
2010-06-11,63.0,63.95,62.25,62.0,63.25,63.25,90.45,53.5,16253,1026499.45
2010-06-14,63.8,66.0,63.35,63.25,63.8,64.05,90.45,53.5,39389,2532716.15
2010-06-15,63.8,65.0,63.5,64.05,63.65,63.7,90.45,53.5,9548,612013.15
2010-06-16,63.9,68.25,63.1,63.7,63.75,63.75,90.45,53.5,204491,13417813.05
2010-06-17,63.7,65.0,62.1,63.75,63.95,63.85,90.45,53.5,45135,2891416.75
2010-06-18,64.8,64.8,62.05,63.85,62.05,62.2,90.45,53.5,39198,2467375.75
2010-06-21,63.9,63.9,62.65,62.2,62.9,62.9,90.45,53.5,25726,1623068.2
2010-06-22,62.7,64.0,62.5,62.9,62.8,62.7,90.45,53.5,14780,932296.6
2010-06-23,63.45,63.6,62.15,62.7,63.0,62.9,90.45,53.5,27065,1700062.6
2010-06-24,64.8,68.9,64.3,62.9,64.4,64.95,90.45,53.5,514019,34333544.3
2010-06-25,64.85,65.45,63.0,64.95,63.1,63.25,90.45,53.5,56229,3607650.85
2010-06-28,63.1,66.4,63.1,63.25,64.5,64.3,90.45,53.5,103851,6748975.65
2010-06-29,64.3,65.5,63.55,64.3,63.9,64.1,90.45,53.5,35241,2264049.95
2010-06-30,63.85,64.45,63.2,64.1,64.05,64.15,90.45,53.5,26674,1707237.3
2010-07-01,64.0,64.65,63.6,64.15,63.9,63.85,90.45,53.5,16000,1025300.5
2010-07-02,64.25,64.8,63.2,63.85,63.55,63.5,90.45,53.5,19824,1266872.75
2010-07-05,63.0,63.75,62.25,63.5,62.75,62.7,90.45,53.5,17341,1093367.9
2010-07-06,63.7,63.7,62.2,62.7,63.05,63.05,90.45,53.5,15340,966644.7
2010-07-07,63.5,63.9,62.6,63.05,62.8,62.8,90.45,53.5,18019,1138190.15
2010-07-08,63.4,67.45,63.1,62.8,65.0,65.0,90.45,53.5,300267,19853187.2
2010-07-09,65.0,68.6,65.0,65.0,66.35,66.0,90.45,53.5,190839,12813964.65
2010-07-12,67.35,67.35,64.5,66.0,65.25,65.05,90.45,53.5,25162,1651287.1
2010-07-13,65.5,65.5,64.2,65.05,64.6,64.7,90.45,53.5,18830,1218430.8
2010-07-14,64.65,65.95,64.15,64.7,64.35,64.3,90.45,53.5,17181,1109985.65
2010-07-15,63.6,64.5,63.25,64.3,63.75,63.5,90.45,53.5,12925,823358.65
2010-07-16,64.8,64.8,63.5,63.5,63.65,63.8,90.45,53.5,15678,1003539.75
2010-07-19,64.45,66.9,63.55,63.8,65.35,65.4,90.45,58.15,34555,2254725.55
2010-07-20,65.75,65.75,64.0,65.4,64.3,64.3,90.45,58.15,12839,831115.0
2010-07-21,64.5,65.75,64.3,64.3,64.35,64.4,90.45,58.15,6338,409423.15
2010-07-22,65.35,65.35,63.85,64.4,64.15,64.45,90.45,58.15,8517,548216.55
2010-07-23,65.3,66.5,64.15,64.45,64.45,64.65,90.45,58.15,33047,2151742.25
2010-07-26,65.5,65.5,63.8,64.65,63.8,64.0,90.45,58.15,12822,827482.25
2010-07-27,63.8,64.4,63.55,64.0,63.55,63.65,90.45,58.15,4119,262982.1
2010-07-28,63.85,64.6,63.05,63.65,63.15,63.25,90.45,58.15,17451,1105283.65
2010-07-29,62.55,64.1,62.3,63.25,62.9,62.65,90.45,58.15,18469,1163270.85
2010-07-30,63.25,63.5,62.15,62.65,62.4,62.6,90.45,58.15,10619,666171.25
2010-08-02,63.0,65.2,63.0,62.6,63.5,63.6,90.45,58.15,15480,990167.75
2010-08-03,62.6,64.0,62.6,63.6,63.0,63.2,90.45,58.15,6502,411853.3
2010-08-04,64.3,64.9,63.4,63.2,63.5,63.55,90.45,58.15,12336,789208.2
2010-08-05,63.45,64.5,63.0,63.55,63.0,63.15,90.45,58.15,21918,1389811.7
2010-08-06,64.0,67.0,63.2,63.15,63.85,63.9,90.45,58.15,100756,6562782.3
2010-08-09,64.0,64.8,63.9,63.9,64.25,64.35,90.45,58.15,16535,1062270.0
2010-08-10,64.4,77.25,64.0,64.35,75.65,75.85,90.45,58.15,2542760,187782723.25
2010-08-11,76.45,77.8,72.1,75.85,72.15,73.25,90.45,58.15,880137,66408049.0
2010-08-12,71.1,72.5,70.0,73.25,70.5,70.25,90.45,58.15,110627,7866579.35
2010-08-13,68.65,71.8,66.5,70.25,67.0,67.05,90.45,58.15,82847,5695716.45
2010-08-16,69.0,75.75,66.6,67.05,70.3,70.65,90.45,58.15,462190,33559332.55
2010-08-17,70.35,72.9,69.5,70.65,70.55,70.5,90.45,58.15,94644,6726707.15
2010-08-18,71.5,72.5,69.15,70.5,69.5,69.95,90.45,58.15,61221,4346535.25
2010-08-19,69.0,70.85,68.4,69.95,69.0,68.8,90.45,58.15,41458,2883753.75
2010-08-20,68.0,69.8,67.5,68.8,68.0,68.0,90.45,58.15,34343,2350205.55
2010-08-23,67.0,71.2,67.0,68.0,67.5,67.95,90.45,58.15,46919,3238370.35
2010-08-24,68.95,68.95,66.15,67.95,66.95,66.8,90.45,58.15,26956,1817618.45
2010-08-25,66.95,70.45,65.5,66.8,69.6,68.85,90.45,58.15,60058,4092810.5
2010-08-26,70.55,72.9,68.2,68.85,68.4,68.8,90.45,58.15,155328,11021232.25
2010-08-27,70.8,71.45,67.4,68.8,67.6,67.95,90.45,58.15,85139,5944427.85
2010-08-30,70.8,70.8,67.3,67.95,67.6,67.55,90.45,58.15,29359,2015695.15
2010-08-31,67.0,68.4,65.9,67.55,66.5,66.2,90.45,58.15,22607,1500906.65
2010-09-01,68.8,71.0,66.6,66.2,70.25,69.8,90.45,58.15,75449,5186641.5
2010-09-02,73.0,75.0,70.3,69.8,70.5,70.8,90.45,58.15,259182,18912537.6
2010-09-03,71.0,72.3,69.65,70.8,70.0,70.25,90.45,58.15,68546,4864789.6
2010-09-06,71.0,72.5,69.85,70.25,71.2,70.6,90.45,58.15,56664,4028566.7
2010-09-07,71.0,75.25,70.3,70.6,71.0,71.1,90.45,58.15,211309,15441855.65
2010-09-08,70.6,72.7,70.5,71.1,71.3,71.3,90.45,58.15,46078,3302141.0
2010-09-09,75.25,84.0,74.0,71.3,75.8,74.8,90.45,58.15,523581,40338211.8
2010-09-13,75.5,76.0,72.7,74.8,73.35,73.1,90.45,58.15,70155,5218391.15
2010-09-14,73.2,73.9,70.2,73.1,72.35,71.85,90.45,58.15,53237,3834522.4
2010-09-15,73.2,73.7,70.6,71.85,71.5,71.2,90.45,58.15,40111,2869233.9
2010-09-16,72.8,74.9,70.7,71.2,70.7,70.95,90.45,58.15,48837,3501790.55
2010-09-17,71.05,72.0,70.6,70.95,71.15,71.4,90.45,58.15,29319,2092029.25
2010-09-20,72.3,72.65,70.65,71.4,70.9,71.3,90.45,58.15,30422,2190043.1
2010-09-21,71.8,72.25,68.45,71.3,68.55,68.7,90.45,58.15,38450,2677567.05
2010-09-22,70.0,72.0,68.55,68.7,69.0,69.0,90.45,58.15,56635,3958053.25
2010-09-23,70.0,70.0,68.3,69.0,68.5,68.8,90.45,58.15,19844,1367901.65
2010-09-24,68.15,71.0,68.15,68.8,69.25,69.4,90.45,58.15,41114,2877105.5
2010-09-27,69.7,72.5,69.55,69.4,70.05,70.05,90.45,58.15,63535,4516567.75
2010-09-28,71.5,71.5,69.05,70.05,69.5,69.35,90.45,58.15,30167,2109453.45
2010-09-29,70.7,70.7,68.35,69.35,68.8,68.6,90.45,58.15,13673,947379.65
2010-09-30,68.1,69.45,67.5,68.6,68.0,67.9,90.45,58.15,34240,2336947.9
2010-10-01,70.0,70.5,67.1,67.9,69.2,69.45,90.45,58.15,34365,2391805.4
2010-10-04,71.9,72.0,69.2,69.45,69.6,69.5,85.8,58.15,28272,1987910.75
2010-10-05,69.05,71.5,69.05,69.5,70.9,69.95,85.8,58.15,34602,2423213.05
2010-10-06,72.0,72.0,68.7,69.95,69.4,69.55,85.8,58.15,51549,3582405.5
2010-10-07,69.8,70.85,68.2,69.55,68.8,68.75,85.8,58.15,50145,3499065.9
2010-10-08,70.2,70.2,68.25,68.75,68.75,68.45,85.8,58.15,25643,1766005.4
2010-10-11,70.0,70.0,68.3,68.45,68.75,68.7,85.8,58.15,13003,894571.85
2010-10-12,69.65,69.65,67.7,68.7,68.15,68.3,85.8,58.15,9768,667235.8
2010-10-13,69.5,69.95,68.1,68.3,69.9,69.45,85.8,58.15,16599,1150082.25
2010-10-14,70.05,70.05,68.55,69.45,69.0,69.0,85.8,58.15,13685,946854.5
2010-10-15,69.1,70.9,68.2,69.0,68.3,68.7,85.8,58.15,36466,2546025.45
2010-10-18,69.0,69.0,67.5,68.7,68.05,68.0,85.8,58.15,13894,946119.75
2010-10-19,68.05,68.5,66.8,68.0,67.25,67.15,85.8,58.15,14628,989336.55
2010-10-20,67.3,68.0,66.0,67.15,66.2,66.2,85.8,58.15,12919,862685.25
2010-10-21,66.7,67.6,66.5,66.2,66.95,66.95,85.8,58.15,6775,454155.75
2010-10-22,67.85,67.95,66.35,66.95,66.9,66.65,85.8,58.15,13348,897570.05
2010-10-25,67.05,68.0,67.0,66.65,67.45,67.45,85.8,58.15,18004,1214712.85
2010-10-26,68.0,68.2,66.2,67.45,66.3,66.65,85.8,58.15,13453,904385.05
2010-10-27,66.1,67.3,66.1,66.65,66.3,66.35,85.8,58.15,7543,502646.6
2010-10-28,66.35,68.0,66.0,66.35,66.3,66.15,85.8,58.15,7104,474013.85
2010-10-29,67.65,69.0,66.0,66.15,68.25,68.2,85.8,58.15,36481,2461008.05
2010-11-01,70.0,71.0,69.25,68.2,69.35,69.55,85.8,58.15,27344,1908418.7
2010-11-02,70.0,70.0,68.25,69.55,68.35,68.75,85.8,58.15,5777,398881.35
2010-11-03,68.5,68.95,66.7,68.75,67.0,67.0,85.8,58.15,20339,1371245.5
2010-11-04,67.0,68.2,66.75,67.0,66.85,66.8,85.8,58.15,5789,389094.15
2010-11-05,68.2,68.2,66.5,66.8,67.0,66.9,85.8,58.15,5256,351648.85
2010-11-08,66.35,68.35,66.35,66.9,67.15,67.05,85.8,59.0,17895,1202461.45
2010-11-09,68.45,68.45,67.1,67.05,67.65,67.45,85.8,59.0,6189,417104.35
2010-11-10,68.0,77.7,67.65,67.45,75.0,75.3,85.8,59.0,484649,36407244.85
2010-11-11,75.3,77.0,70.15,75.3,71.35,71.1,85.8,59.0,119900,8859922.65
2010-11-12,71.1,74.4,68.5,71.1,68.6,69.2,85.8,59.0,66458,4722241.2
2010-11-15,69.3,72.9,69.1,69.2,69.7,69.5,85.8,59.0,60716,4293078.0
2010-11-16,70.45,70.45,66.1,69.5,66.6,66.45,85.8,59.0,34035,2301687.6
2010-11-18,66.3,68.0,62.05,66.45,64.7,64.4,85.8,59.0,48813,3138409.05
2010-11-19,64.05,64.05,61.25,64.4,62.2,62.2,85.8,59.0,38246,2386826.55
2010-11-22,62.3,63.9,60.0,62.2,60.7,60.8,85.8,59.0,22238,1360913.0
2010-11-23,60.05,60.85,57.5,60.8,58.55,58.25,85.8,57.5,25202,1486338.4
2010-11-24,60.0,60.0,58.0,58.25,58.4,58.7,85.8,57.5,12361,729475.9
2010-11-25,58.4,59.65,56.1,58.7,56.2,56.6,85.8,56.1,13707,785870.55
2010-11-26,56.0,58.5,50.15,56.6,52.85,52.15,85.8,50.15,19123,999922.5
2010-11-29,52.0,52.85,51.05,52.15,52.75,52.3,85.8,50.15,11305,590315.3
2010-11-30,51.3,54.0,50.65,52.3,53.1,53.55,85.8,50.15,14587,759373.95
2010-12-01,53.55,59.4,52.55,53.55,56.8,56.55,85.8,50.15,49121,2819711.6
2010-12-02,57.05,59.5,56.1,56.55,57.8,57.6,85.8,50.15,14715,846922.2
2010-12-03,57.0,57.45,54.35,57.6,55.0,55.15,85.8,50.15,11212,631859.05
2010-12-06,54.6,57.75,54.6,55.15,55.75,55.65,85.8,50.15,4727,265390.25
2010-12-07,55.2,55.8,52.6,55.65,52.7,53.05,85.8,50.15,8963,478901.7
2010-12-08,52.95,53.9,51.1,53.05,51.1,51.6,85.8,50.15,12171,635162.5
2010-12-09,52.0,52.0,47.4,51.6,47.5,47.65,85.8,47.4,24196,1187537.95
2010-12-10,45.5,49.8,45.5,47.65,48.8,48.65,85.8,45.5,8858,426542.4
2010-12-13,51.85,51.85,48.25,48.65,48.75,49.05,85.8,45.5,4271,209407.85
2010-12-14,49.7,51.4,49.6,49.05,50.8,51.0,85.8,45.5,8303,419510.65
2010-12-15,51.0,51.85,50.1,51.0,51.15,51.3,85.8,45.5,9196,471028.3
2010-12-16,51.5,51.5,50.2,51.3,50.25,50.55,85.8,45.5,5607,283506.05
2010-12-20,50.0,55.15,50.0,50.55,50.65,50.45,85.8,45.5,13610,694253.45
2010-12-21,50.6,53.8,50.6,50.45,51.1,51.6,85.8,45.5,31982,1673417.8
2010-12-22,52.95,54.45,52.1,51.6,53.3,53.1,85.8,45.5,20536,1091654.9
2010-12-23,53.0,53.3,52.4,53.1,52.4,52.55,85.8,45.5,2204,116809.8
2010-12-24,52.55,55.95,51.3,52.55,54.1,54.6,85.8,45.5,20841,1121148.55
2010-12-27,55.0,55.0,53.6,54.6,53.6,53.75,85.8,45.5,5712,308771.35
2010-12-28,54.0,54.0,53.1,53.75,53.55,53.25,85.8,45.5,7945,423331.05
2010-12-29,53.05,54.2,53.05,53.25,53.6,53.7,85.8,45.5,3039,163195.2
2010-12-30,53.7,54.5,53.3,53.7,53.75,53.95,85.8,45.5,6361,343586.15
2010-12-31,54.4,54.8,53.75,53.95,54.75,54.15,85.8,45.5,9345,506738.75
2011-01-03,53.6,56.4,53.6,54.15,55.5,55.1,85.8,45.5,8290,458137.9
2011-01-04,55.6,56.25,54.3,55.1,54.3,55.2,85.8,45.5,14486,803185.95
2011-01-05,55.6,56.65,54.2,55.2,54.5,55.0,85.8,45.5,9816,543151.95
2011-01-06,55.0,55.0,53.35,55.0,53.9,53.6,85.8,45.5,4415,237866.5
2011-01-07,54.75,54.75,50.3,53.6,51.0,51.0,85.8,45.5,13641,705997.45
2011-01-10,52.7,52.7,49.7,51.0,49.8,50.05,85.8,45.5,6893,356108.1
2011-01-11,50.0,51.8,49.6,50.05,50.75,50.05,85.8,45.5,8229,415688.1
2011-01-12,49.3,50.8,48.2,50.05,49.05,49.5,85.8,45.5,6824,335345.75
2011-01-13,50.7,51.65,48.7,49.5,48.75,48.8,85.8,45.5,6589,326102.9
2011-01-14,50.35,50.5,48.0,48.8,49.7,48.45,85.8,45.5,3651,180133.05
2011-01-17,48.9,49.75,47.5,48.45,48.1,47.55,85.8,45.5,3153,151210.1
2011-01-18,47.55,48.85,47.0,47.55,47.7,47.5,85.8,45.5,6572,312331.5
2011-01-19,47.0,48.45,45.6,47.5,45.95,45.9,85.8,45.5,8312,386870.85
2011-01-20,45.0,48.7,45.0,45.9,46.55,46.95,85.8,45.0,10114,465954.4
2011-01-21,47.5,56.35,47.5,46.95,56.35,56.35,85.8,45.0,612381,33494981.4
2011-01-24,57.9,58.9,51.6,56.35,52.05,52.0,85.8,45.0,192123,10498092.0
2011-01-25,52.2,52.7,51.15,52.0,52.0,51.85,85.8,45.0,44731,2324049.8
2011-01-27,52.55,61.35,52.1,51.85,58.1,59.45,85.8,45.0,721962,42354067.7
2011-01-28,58.85,59.6,52.25,59.45,52.5,52.95,85.8,45.0,203959,11189794.15
2011-01-31,52.3,53.5,50.15,52.95,52.5,51.9,85.8,45.0,41341,2141621.85
2011-02-01,52.45,54.9,51.1,51.9,51.5,52.15,85.8,45.0,50919,2713746.7
2011-02-02,52.0,53.4,51.15,52.15,51.15,51.45,85.8,45.0,18924,991141.05
2011-02-03,50.6,52.4,50.6,51.45,51.7,51.6,85.8,45.0,11937,616730.5
2011-02-04,53.0,53.0,49.55,51.6,49.6,50.15,85.8,45.0,12798,651542.25
2011-02-07,50.0,51.7,49.15,50.15,49.25,49.7,85.8,45.0,5978,300061.9
2011-02-08,51.15,51.7,46.2,49.7,46.25,46.65,85.8,45.0,14665,705759.3
2011-02-09,44.15,45.9,40.5,46.65,42.2,41.75,85.8,40.5,21800,948771.65
2011-02-10,41.0,42.25,38.35,41.75,39.7,40.5,85.8,38.35,14401,578457.25
2011-02-11,39.1,43.0,39.1,40.5,43.0,42.3,85.8,38.35,13206,538102.15
2011-02-14,42.35,46.5,42.35,42.3,45.5,45.9,85.8,38.35,9690,435519.05
2011-02-15,46.2,46.2,44.55,45.9,45.3,45.2,85.8,38.35,6353,286992.85
2011-02-16,45.7,48.45,45.0,45.2,46.4,46.4,85.8,38.35,12791,598928.55
2011-02-17,45.1,48.25,45.1,46.4,47.45,47.05,85.8,38.35,11277,529775.5
2011-02-18,47.5,48.0,45.0,47.05,45.05,45.05,85.8,38.35,4816,221850.3
2011-02-21,43.75,45.1,43.6,45.05,43.6,44.05,85.8,38.35,7061,312853.95
2011-02-22,44.6,44.6,43.0,44.05,43.05,43.1,85.8,38.35,5494,238963.6
2011-02-23,44.8,44.8,43.0,43.1,43.6,43.6,85.8,38.35,1672,73176.6
2011-02-24,42.45,43.0,41.0,43.6,41.05,41.35,85.8,38.35,5720,241012.65
2011-02-25,40.5,42.3,40.3,41.35,41.3,40.95,85.8,38.35,4523,185858.2
2011-02-28,42.2,42.2,40.7,40.95,41.75,41.05,85.8,38.35,3917,161945.15
2011-03-01,41.1,42.5,41.1,41.05,41.85,41.7,85.8,38.35,4798,200023.8
2011-03-03,47.85,47.85,41.7,41.7,42.0,42.15,85.8,38.35,2898,123585.35
2011-03-04,43.35,43.35,42.0,42.15,42.35,42.1,85.8,38.35,3525,149802.9
2011-03-07,42.3,42.3,41.3,42.1,41.85,41.45,85.8,38.35,812,33764.05
2011-03-08,40.65,43.0,40.65,41.45,41.65,42.05,85.8,38.35,4168,175876.8
2011-03-09,44.9,44.9,41.55,42.05,42.35,42.1,85.8,38.35,4326,182414.55
2011-03-10,42.6,42.6,41.3,42.1,41.9,42.0,85.8,38.35,3450,145111.35
2011-03-11,41.25,42.4,41.25,42.0,42.0,41.8,85.8,38.35,1648,69200.95
2011-03-14,40.6,42.05,40.6,41.8,42.05,41.6,85.8,38.35,4039,168209.95
2011-03-15,40.0,41.7,38.4,41.6,41.0,41.05,85.8,38.35,3890,159077.45
2011-03-16,41.0,43.75,41.0,41.05,42.6,42.4,85.8,38.35,10592,451175.5
2011-03-17,42.0,43.25,41.9,42.4,42.95,42.2,85.8,38.35,2497,105555.3
2011-03-18,43.1,43.5,41.8,42.2,42.0,42.35,85.8,38.35,4631,197400.95
2011-03-21,41.45,42.7,41.4,42.35,41.4,42.0,85.8,38.35,2348,98745.4
2011-03-22,41.4,42.15,41.05,42.0,41.5,41.4,85.8,38.35,5757,237857.45
2011-03-23,40.75,42.35,40.75,41.4,41.3,41.4,85.8,38.35,9016,375073.5
2011-03-24,41.2,42.2,41.2,41.4,41.25,41.55,85.8,38.35,7091,295046.15
2011-03-25,41.3,42.45,41.3,41.55,41.9,41.6,85.8,38.35,5898,246976.95
2011-03-28,41.05,43.65,41.05,41.6,41.55,41.75,84.4,38.35,5058,213678.05
2011-03-29,43.5,43.5,41.25,41.75,43.15,42.85,84.4,38.35,15525,664394.95
2011-03-30,43.4,48.8,41.6,42.85,44.05,44.45,84.4,38.35,60928,2748810.75
2011-03-31,45.4,47.95,43.0,44.45,45.0,43.65,84.4,38.35,16380,731358.8
2011-04-01,45.0,45.0,43.5,43.65,44.2,44.5,84.4,38.35,9548,418984.2
2011-04-04,44.5,46.45,44.5,44.5,45.5,45.75,84.4,38.35,9782,445344.05
2011-04-05,46.2,48.0,45.6,45.75,47.05,47.3,84.4,38.35,15408,725553.65
2011-04-06,48.0,48.15,46.15,47.3,46.5,47.05,84.4,38.35,11218,531684.95
2011-04-07,48.0,48.0,46.3,47.05,46.5,46.65,84.4,38.35,6399,299997.0
2011-04-08,47.5,47.5,45.0,46.65,46.0,45.45,84.4,38.35,8730,400894.0
2011-04-11,46.75,46.75,44.55,45.45,44.75,45.1,84.4,38.35,2775,125545.6
2011-04-13,45.5,47.45,45.0,45.1,46.7,46.8,84.4,38.35,7502,346100.5
2011-04-15,46.2,46.7,45.2,46.8,45.2,45.45,84.4,38.35,4544,208688.65
2011-04-18,44.1,46.5,44.1,45.45,44.4,44.5,84.4,38.35,4952,223196.6
2011-04-19,44.15,45.4,43.9,44.5,44.4,44.5,84.4,38.35,2958,131114.85
2011-04-20,46.4,46.4,45.0,44.5,45.25,45.15,84.4,38.35,2979,135747.25
2011-04-21,46.9,49.0,44.5,45.15,44.5,45.1,84.4,38.35,4839,221456.05
2011-04-25,44.1,54.15,44.0,45.1,51.5,52.05,84.0,38.35,465461,24416756.0
2011-04-26,52.7,52.7,48.05,52.05,48.1,48.35,84.0,38.35,109292,5460934.1
2011-04-27,48.05,52.25,47.7,48.35,48.2,48.15,84.0,38.35,108233,5429468.95
2011-04-28,48.0,48.45,46.7,48.15,46.9,47.05,84.0,38.35,6612,313455.4
2011-04-29,46.55,48.4,45.6,47.05,46.4,46.1,84.0,38.35,14301,672365.7
2011-05-02,48.0,48.0,45.9,46.1,46.4,46.15,84.0,38.35,7961,370514.3
2011-05-03,46.15,46.15,44.3,46.15,44.3,44.45,84.0,38.35,7747,350543.2
2011-05-04,44.0,48.45,44.0,44.45,45.6,45.45,84.0,38.35,14444,661891.25
2011-05-05,44.5,46.0,44.0,45.45,44.0,44.1,84.0,38.35,9598,430838.35
2011-05-06,45.0,45.5,44.2,44.1,44.95,44.35,84.0,38.35,6757,302905.5
2011-05-09,44.45,45.45,43.1,44.35,43.2,43.35,84.0,38.35,5773,252030.1
2011-05-10,43.15,44.0,43.1,43.35,43.1,43.1,84.0,38.35,8645,374714.25
2011-05-11,43.0,44.15,43.0,43.1,43.3,43.4,84.0,38.35,2243,97370.65
2011-05-12,43.0,43.8,42.65,43.4,43.05,43.0,84.0,38.35,3682,158742.5
2011-05-13,44.7,44.8,43.0,43.0,43.1,43.1,84.0,38.35,4553,197910.0
2011-05-16,43.5,43.5,42.5,43.1,43.15,43.05,84.0,38.35,5707,244589.8
2011-05-17,43.0,43.0,42.2,43.05,42.95,42.8,84.0,38.35,3860,164872.55
2011-05-18,42.35,43.35,41.25,42.8,41.3,41.95,84.0,38.35,4543,191645.95
2011-05-19,41.3,42.8,41.2,41.95,41.35,41.4,84.0,38.35,5493,229454.45
2011-05-20,41.15,41.95,41.15,41.4,41.8,41.5,84.0,38.35,5793,240536.35
2011-05-23,41.0,42.85,40.0,41.5,40.6,40.4,84.0,38.35,9989,403955.9
2011-05-24,40.1,40.7,40.1,40.4,40.4,40.5,84.0,38.35,1466,59394.9
2011-05-25,40.2,40.95,39.75,40.5,40.95,40.45,84.0,38.35,2841,114860.75
2011-05-26,40.5,41.3,39.5,40.45,40.85,40.3,84.0,38.35,2689,109420.8
2011-05-27,40.4,41.0,40.35,40.3,40.5,40.7,84.0,38.35,1683,68299.25
2011-05-30,42.7,45.0,40.65,40.7,41.9,41.85,84.0,38.35,3617,153267.2
2011-05-31,41.6,43.2,41.2,41.85,42.8,42.5,84.0,38.35,8618,362449.25
2011-06-01,41.3,43.0,41.3,42.5,43.0,42.65,84.0,38.35,8980,380670.8
2011-06-02,42.9,43.35,42.4,42.65,42.7,42.55,84.0,38.35,8240,352983.05
2011-06-03,42.75,43.3,42.3,42.55,42.35,42.6,84.0,38.35,3035,129554.35
2011-06-06,43.0,43.0,41.6,42.6,41.7,41.9,84.0,38.35,2917,123094.55
2011-06-07,42.95,42.95,42.05,41.9,42.75,42.65,84.0,38.35,3609,153761.95
2011-06-08,42.9,43.1,42.0,42.65,42.85,42.4,84.0,38.35,1875,79940.1
2011-06-09,41.75,42.6,41.7,42.4,42.5,42.1,84.0,38.35,911,38399.35
2011-06-10,41.7,42.0,41.5,42.1,41.95,41.5,84.0,38.35,1133,47140.65
2011-06-13,41.5,42.0,41.3,41.5,41.55,41.85,84.0,38.35,856,35871.0
2011-06-14,42.3,42.8,41.75,41.85,42.05,42.55,84.0,38.35,1351,57365.05
2011-06-15,42.5,42.7,41.75,42.55,42.35,41.9,84.0,38.35,874,36654.05
2011-06-16,40.45,42.3,40.45,41.9,41.2,41.45,84.0,38.35,5126,212328.7
2011-06-17,41.2,41.95,41.0,41.45,41.8,41.4,84.0,38.35,1533,63317.25
2011-06-20,41.5,41.9,40.0,41.4,40.0,40.0,77.7,38.35,4591,184961.7
2011-06-21,39.55,40.5,39.3,40.0,39.5,39.45,77.7,38.35,8309,331455.65
2011-06-22,39.45,40.0,39.0,39.45,39.0,39.4,77.7,38.35,2838,112000.7
2011-06-23,39.5,39.95,39.05,39.4,39.1,39.1,77.7,38.35,1044,40847.3
2011-06-24,39.0,41.0,39.0,39.1,40.1,40.2,77.7,38.35,3413,138107.05
2011-06-27,42.45,42.45,39.75,40.2,40.95,40.95,77.7,38.35,1930,78352.9
2011-06-28,40.5,41.5,39.3,40.95,41.35,41.3,77.7,38.35,3804,154165.55
2011-06-29,40.85,41.25,39.7,41.3,41.25,41.15,77.7,38.35,3201,130582.0
2011-06-30,42.45,42.45,40.8,41.15,41.4,41.25,77.7,38.35,1715,70630.75
2011-07-01,40.55,41.7,40.55,41.25,41.25,41.15,72.9,38.35,1729,71301.8
2011-07-04,42.5,42.5,41.05,41.15,42.15,42.05,63.9,38.35,2048,85675.2
2011-07-05,41.0,42.5,40.5,42.05,40.65,40.9,61.35,38.35,7086,292465.1
2011-07-06,40.95,41.5,40.7,40.9,41.0,41.0,61.35,38.35,3027,124013.3
2011-07-07,41.45,42.0,40.95,41.0,42.0,41.75,61.35,38.35,2321,96239.2
2011-07-08,41.3,41.9,40.8,41.75,41.5,41.15,61.35,38.35,4808,198582.85
2011-07-11,41.0,41.7,40.55,41.15,40.55,40.7,84.0,38.35,1574,64399.7
2011-07-12,40.55,41.35,40.5,40.7,41.35,41.35,84.0,38.35,768,31227.3
2011-07-13,42.0,42.0,40.85,41.35,40.85,40.95,84.0,38.35,1324,54468.55
2011-07-14,40.7,41.3,40.65,40.95,40.7,40.7,84.0,38.35,1411,57873.0
2011-07-15,41.1,41.5,40.7,40.7,41.0,41.1,84.0,38.35,2356,96827.25
2011-07-18,41.2,42.9,41.1,41.1,42.0,41.9,84.0,38.35,5294,221130.5
2011-07-19,42.2,43.3,40.75,41.9,41.75,41.95,84.0,38.35,4140,173076.65
2011-07-20,42.0,42.45,41.25,41.95,41.25,41.4,84.0,38.35,2216,92310.35
2011-07-21,41.25,41.5,41.1,41.4,41.15,41.15,84.0,38.35,352,14488.55
2011-07-22,41.05,42.45,40.85,41.15,41.5,41.8,84.0,38.35,5143,213340.8
2011-07-25,41.0,50.2,41.0,41.8,50.2,50.2,84.0,38.35,194707,9371141.95
2011-07-26,51.0,54.85,48.7,50.2,49.05,49.75,84.0,38.35,377230,19613818.3
2011-07-27,49.65,49.65,47.15,49.75,47.85,47.7,84.0,38.35,44382,2139042.2
2011-07-28,47.0,48.5,45.1,47.7,46.6,46.7,84.0,38.35,41258,1924459.5
2011-07-29,45.5,47.3,44.7,46.7,45.0,45.25,84.0,38.35,22685,1049464.8
2011-08-01,45.3,46.95,43.5,45.25,43.55,43.7,84.0,38.35,17251,766811.7
2011-08-02,43.1,44.05,41.35,43.7,41.95,41.55,84.0,38.35,26084,1104642.75
2011-08-03,41.0,43.8,41.0,41.55,42.3,42.55,84.0,38.35,33715,1437953.75
2011-08-04,42.0,44.0,42.0,42.55,42.0,42.25,84.0,38.35,10901,467861.15
2011-08-05,40.05,41.75,39.0,42.25,40.7,40.2,84.0,38.35,21613,865011.35
2011-08-08,39.3,39.8,35.1,40.2,38.15,38.35,84.0,35.1,13932,528096.6
2011-08-09,37.0,38.25,34.0,38.35,36.0,36.5,84.0,34.0,13148,486605.75
2011-08-10,37.7,39.95,37.7,36.5,38.7,39.35,84.0,34.0,6141,237505.1
2011-08-11,38.5,39.5,38.0,39.35,38.65,38.45,84.0,34.0,2353,90951.95
2011-08-12,38.5,39.5,37.55,38.45,37.65,37.65,84.0,34.0,7950,304544.45
2011-08-16,40.0,40.0,36.1,37.65,37.0,36.8,84.0,34.0,7213,270334.25
2011-08-17,38.8,38.8,37.0,36.8,38.3,38.3,84.0,34.0,9725,369398.2
2011-08-18,37.05,39.0,37.05,38.3,39.0,38.15,84.0,34.0,8163,308091.7
2011-08-19,38.0,38.9,36.65,38.15,36.9,36.95,84.0,34.0,11529,434382.95
2011-08-22,36.35,38.5,36.2,36.95,37.5,37.45,84.0,34.0,2485,92424.7
2011-08-23,37.5,42.0,37.5,37.45,38.8,39.5,84.0,34.0,43409,1758597.5
2011-08-24,40.0,41.2,37.6,39.5,38.2,38.45,84.0,34.0,14526,574851.5
2011-08-25,38.5,39.0,38.1,38.45,38.25,38.35,84.0,34.0,2658,102198.05
2011-08-26,39.0,39.0,36.25,38.35,36.4,36.35,84.0,34.0,6931,259720.2
2011-08-29,36.55,38.3,36.55,36.35,38.3,37.95,84.0,34.0,11292,425158.95
2011-08-30,38.8,39.1,37.75,37.95,39.0,38.75,84.0,34.0,14300,550633.0
2011-09-02,38.9,40.35,38.0,38.75,38.15,38.35,84.0,34.0,11095,434174.6
2011-09-05,37.4,38.95,37.4,38.35,38.6,38.7,84.0,34.0,17361,664201.65
2011-09-06,38.5,39.45,38.25,38.7,38.25,38.5,84.0,34.0,12174,469026.05
2011-09-07,39.45,39.45,38.8,38.5,39.2,39.1,84.0,34.0,2113,82445.8
2011-09-08,40.5,40.5,38.5,39.1,39.2,39.05,84.0,34.0,9157,357059.6
2011-09-09,39.6,42.0,39.0,39.05,39.7,39.8,84.0,34.0,29211,1176134.8
2011-09-12,39.0,39.0,38.3,39.8,38.45,38.7,77.7,34.0,3132,120936.8
2011-09-13,40.85,40.85,38.05,38.7,38.85,38.3,77.7,34.0,1413,54488.55
2011-09-14,39.0,41.2,37.75,38.3,38.75,38.85,77.7,34.0,21368,848508.65
2011-09-15,38.5,39.5,37.0,38.85,38.95,38.75,77.7,34.0,6130,235919.25
2011-09-16,40.45,40.45,38.05,38.75,38.1,38.15,77.7,34.0,5259,202259.55
2011-09-19,38.85,38.9,38.15,38.15,38.3,38.45,77.7,34.0,4307,165892.2
2011-09-20,39.5,39.65,38.5,38.45,39.1,38.8,77.7,34.0,4664,182196.55
2011-09-21,39.0,40.3,38.6,38.8,39.25,39.1,77.7,34.0,6754,265615.2
2011-09-22,39.0,39.0,37.2,39.1,37.2,37.7,77.7,34.0,5169,197118.1
2011-09-23,38.5,38.5,36.1,37.7,36.5,36.6,77.7,34.0,11417,420666.25
2011-09-26,37.65,37.65,34.8,36.6,35.5,35.65,77.7,34.0,6039,214756.8
2011-09-27,38.8,38.8,35.5,35.65,36.7,36.55,77.7,34.0,2586,95475.7
2011-09-28,36.5,36.5,35.5,36.55,35.65,35.65,77.7,34.0,1068,38336.6
2011-09-29,35.05,36.0,35.05,35.65,35.55,35.5,77.7,34.0,2091,74223.75
2011-09-30,36.6,36.7,35.0,35.5,35.25,35.3,77.7,34.0,6709,237073.8
2011-10-03,35.0,35.8,33.25,35.3,35.0,34.6,77.7,33.25,3341,115436.6
2011-10-04,36.5,36.5,33.8,34.6,34.0,34.0,77.7,33.25,2540,86662.15
2011-10-05,33.65,35.45,32.1,34.0,32.95,32.55,77.7,32.1,20358,671352.7
2011-10-07,32.8,34.4,32.8,32.55,33.0,33.05,77.7,32.1,3465,116653.8
2011-10-10,32.45,33.75,32.45,33.05,33.25,33.5,77.7,32.1,8860,296565.1
2011-10-11,33.7,34.5,33.5,33.5,33.5,33.65,77.7,32.1,5788,196542.55
2011-10-12,33.7,34.45,33.5,33.65,34.0,34.15,77.7,32.1,3402,115577.05
2011-10-13,35.3,35.3,33.15,34.15,33.7,33.75,77.7,32.1,3508,118281.8
2011-10-14,33.5,33.6,33.0,33.75,33.25,33.15,77.7,32.1,11340,377382.0
2011-10-17,33.8,33.8,33.2,33.15,33.4,33.4,77.7,32.1,971,32591.9
2011-10-18,33.55,33.65,32.85,33.4,33.6,33.3,77.7,32.1,2510,83594.95
2011-10-19,33.15,33.9,32.25,33.3,32.4,32.65,77.7,32.1,4331,143252.1
2011-10-20,32.05,33.6,32.05,32.65,32.65,32.75,77.7,32.05,3725,122529.9
2011-10-21,32.1,33.0,32.1,32.75,32.65,32.7,77.7,32.05,1791,58798.6
2011-10-24,33.8,33.8,32.3,32.7,33.3,33.3,77.7,32.05,1268,42086.65
2011-10-25,32.5,33.55,32.05,33.3,32.85,32.8,77.7,32.05,2249,73691.8
2011-10-26,34.65,34.65,32.65,32.8,33.2,33.05,77.7,32.05,1481,49342.05
2011-10-28,33.6,34.2,33.1,33.05,33.7,33.65,77.7,32.05,6134,205953.45
2011-10-31,34.9,34.9,33.2,33.65,33.7,33.7,77.7,32.05,1926,64857.35
2011-11-01,35.95,36.0,33.7,33.7,34.45,34.35,77.7,32.05,4043,138478.4
2011-11-02,34.0,34.7,33.2,34.35,33.95,34.6,77.7,32.05,1765,60475.75
2011-11-03,33.5,34.55,33.5,34.6,34.0,33.95,77.7,32.05,667,22705.55
2011-11-04,34.95,34.95,34.0,33.95,34.5,34.25,77.7,32.05,1282,44022.1
2011-11-08,34.5,34.95,33.75,34.25,34.2,34.2,77.7,32.05,1265,43226.3
2011-11-09,33.3,35.15,32.1,34.2,32.45,32.4,77.7,32.05,6041,200529.1
2011-11-11,32.05,34.4,32.05,32.4,32.8,32.75,77.7,32.05,872,28680.05
2011-11-14,32.15,33.0,30.85,32.75,31.0,31.25,72.9,30.85,6629,208537.2
2011-11-15,30.55,31.5,26.6,31.25,27.55,27.5,72.9,26.6,20291,581410.85
2011-11-16,26.05,28.25,26.05,27.5,27.0,26.75,72.9,26.05,14337,387234.95
2011-11-17,26.55,28.0,25.2,26.75,25.5,25.55,72.9,25.2,2549,66819.8
2011-11-18,26.45,26.45,24.4,25.55,24.55,24.65,72.9,24.4,7356,182303.95
2011-11-21,23.25,25.0,23.1,24.65,24.65,24.6,63.9,23.1,1800,44354.45
2011-11-22,24.95,27.9,24.15,24.6,25.3,25.45,63.9,23.1,2289,58937.35
2011-11-23,26.0,26.1,23.6,25.45,24.0,24.55,63.9,23.1,3074,76136.05
2011-11-24,23.55,25.0,23.55,24.55,24.0,24.05,63.9,23.1,1859,44809.1
2011-11-25,23.3,26.3,23.3,24.05,25.5,25.35,63.9,23.1,1579,39922.4
2011-11-28,26.5,26.5,24.95,25.35,26.25,26.15,61.35,23.1,1505,39157.25
2011-11-29,26.5,26.7,25.35,26.15,26.4,25.7,61.35,23.1,1580,40965.65
2011-11-30,27.0,27.0,25.2,25.7,25.2,25.35,61.35,23.1,590,15111.4
2011-12-01,24.9,28.45,24.9,25.35,26.95,26.5,61.35,23.1,4173,111752.5
2011-12-02,25.7,27.65,25.7,26.5,26.4,26.5,61.35,23.1,2407,64135.45
2011-12-05,27.0,27.95,26.1,26.5,26.2,26.2,61.35,23.1,441,11748.75
2011-12-07,26.15,27.0,26.15,26.2,27.0,26.75,61.35,23.1,1960,52418.95
2011-12-08,26.0,26.85,25.35,26.75,26.85,26.65,61.35,23.1,4900,130532.3
2011-12-09,26.0,27.6,25.0,26.65,26.9,26.85,61.35,23.1,3547,93777.0
2011-12-12,26.6,26.6,25.6,26.85,26.15,26.3,61.35,23.1,1947,51340.1
2011-12-13,26.0,26.0,24.1,26.3,25.25,25.25,61.35,23.1,1341,33663.85
2011-12-14,25.1,25.9,24.6,25.25,24.65,24.95,61.35,23.1,1784,45191.2
2011-12-15,24.0,25.0,22.8,24.95,24.1,24.35,61.35,22.8,1752,41661.3
2011-12-16,24.6,26.95,24.3,24.35,25.25,24.7,61.35,22.8,4658,119350.35
2011-12-19,24.1,24.9,23.5,24.7,24.05,24.25,61.35,22.8,4308,102738.1
2011-12-20,23.4,24.5,23.25,24.25,23.25,23.65,61.35,22.8,2133,50637.15
2011-12-21,23.65,24.6,23.15,23.65,23.9,23.9,61.35,22.8,2438,58108.55
2011-12-22,23.4,24.75,22.75,23.9,24.25,24.7,61.35,22.75,1354,32249.65
2011-12-23,24.0,26.0,23.55,24.7,25.0,25.0,61.35,22.75,1756,44041.2
2011-12-26,24.05,24.95,23.25,25.0,24.15,24.15,61.35,22.75,3323,80404.35
2011-12-27,25.7,27.9,24.1,24.15,24.9,24.8,61.35,22.75,4879,122845.85
2011-12-28,24.3,25.65,24.05,24.8,25.65,24.75,61.35,22.75,1504,36867.7
2011-12-29,24.95,27.8,24.3,24.75,24.3,24.4,61.35,22.75,1958,49100.6
2011-12-30,23.5,26.0,23.25,24.4,23.6,23.75,61.35,22.75,3122,77247.4
2012-01-02,23.15,25.55,23.15,23.75,23.85,23.8,61.35,22.75,1435,34309.55
2012-01-03,27.45,27.45,23.85,23.8,24.75,24.75,61.35,22.75,2509,61894.6
2012-01-04,26.35,26.4,25.25,24.75,25.65,25.7,61.35,22.75,5574,143503.75
2012-01-05,25.5,26.7,25.5,25.7,25.65,25.95,61.35,22.75,2606,67609.25
2012-01-06,25.5,26.5,25.5,25.95,26.5,26.4,61.35,22.75,2794,73680.85
2012-01-09,26.15,27.5,26.1,26.4,27.3,27.25,61.35,22.75,3039,82446.0
2012-01-10,29.25,29.25,27.0,27.25,28.45,28.3,61.35,22.75,7398,208602.55
2012-01-11,29.4,29.4,28.1,28.3,28.95,28.45,61.35,22.75,2398,68225.2
2012-01-12,28.0,29.45,27.9,28.45,29.0,28.8,61.35,22.75,8643,249250.05
2012-01-13,29.0,30.7,28.7,28.8,29.7,29.45,61.35,22.75,11260,335998.9
2012-01-16,29.45,32.9,29.45,29.45,30.75,31.15,61.35,22.75,11821,369189.9
2012-01-17,30.15,32.45,30.15,31.15,31.65,31.55,61.35,22.75,8588,273328.75
2012-01-18,31.7,32.0,30.75,31.55,31.5,31.5,61.35,22.75,3769,118874.6
2012-01-19,31.2,31.9,30.15,31.5,30.15,30.4,61.35,22.75,3444,106715.2
2012-01-20,29.5,31.2,28.65,30.4,29.95,29.1,61.35,22.75,5401,159966.3
2012-01-23,30.8,30.8,28.7,29.1,29.45,29.5,61.35,22.75,1612,48164.5
2012-01-24,30.8,32.7,29.9,29.5,30.9,30.5,61.35,22.75,9073,282864.1
2012-01-25,31.9,31.9,30.1,30.5,30.15,30.25,61.35,22.75,2006,61311.7
2012-01-27,31.9,33.4,30.4,30.25,30.85,31.4,61.35,22.75,4513,141499.75
2012-01-30,31.4,31.95,30.15,31.4,30.15,30.4,54.9,22.75,2170,67147.05
2012-01-31,30.1,31.5,30.1,30.4,30.6,31.05,54.9,22.75,965,29757.35
2012-02-01,30.05,30.85,29.75,31.05,30.25,30.3,54.9,22.75,3676,111123.85
2012-02-02,31.7,32.5,30.1,30.3,31.6,32.0,54.9,22.75,12127,381130.85
2012-02-03,31.5,31.9,30.4,32.0,30.65,31.05,54.9,22.75,3032,94365.2
2012-02-06,31.0,32.75,30.55,31.05,32.3,32.1,54.85,22.75,7707,246218.8
2012-02-07,32.5,32.9,30.2,32.1,31.25,30.8,54.85,22.75,3847,121378.0
2012-02-08,33.1,33.1,31.0,30.8,31.65,32.0,54.85,22.75,3606,114890.0
2012-02-09,31.0,32.7,30.8,32.0,32.15,32.1,54.85,22.75,5467,176145.8
2012-02-10,31.3,32.9,31.0,32.1,31.65,31.3,54.85,22.75,1913,61339.55
2012-02-13,31.2,31.35,30.15,31.3,30.35,30.45,54.85,22.75,3527,108476.15
2012-02-14,30.45,31.55,30.4,30.45,30.6,30.8,54.85,22.75,2839,88456.5
2012-02-15,31.0,32.5,31.0,30.8,31.35,31.45,54.85,22.75,3613,114046.75
2012-02-16,33.85,33.85,31.65,31.45,32.8,32.65,54.85,22.75,9409,307394.6
2012-02-17,32.5,34.15,32.2,32.65,32.25,32.35,54.85,22.75,20548,680250.8
2012-02-21,32.0,37.0,31.65,32.35,34.6,34.95,54.85,22.75,45459,1605459.4
2012-02-22,36.1,37.75,34.15,34.95,34.75,34.6,54.85,22.75,45841,1660958.1
2012-02-23,36.7,36.7,31.85,34.6,33.0,33.05,54.85,22.75,13031,426091.85
2012-02-24,32.5,33.1,31.5,33.05,31.5,31.75,54.85,22.75,7653,246787.95
2012-02-27,37.95,37.95,30.5,31.75,30.5,30.6,54.85,22.75,3670,116374.05
2012-02-28,30.1,32.7,30.1,30.6,31.25,31.45,54.85,22.75,6516,208091.95
2012-02-29,33.65,33.65,31.4,31.45,32.1,32.05,54.85,22.75,2706,86349.95
2012-03-01,31.5,32.75,31.3,32.05,31.5,31.65,54.85,22.75,5011,160162.8
2012-03-02,31.6,32.85,31.15,31.65,31.15,31.45,54.85,22.75,3423,109268.3
2012-03-03,31.2,33.0,31.2,31.45,31.95,31.95,54.85,22.75,540,17763.0
2012-03-05,31.4,32.4,31.2,31.95,31.6,31.6,54.85,22.75,2456,77725.8
2012-03-06,31.05,31.9,30.1,31.6,30.45,30.5,54.85,22.75,3347,103401.4
2012-03-07,30.45,31.25,29.9,30.5,30.5,30.55,54.85,22.75,4447,135902.4
2012-03-09,30.2,31.7,30.0,30.55,30.9,30.65,54.85,22.75,7374,223873.9
2012-03-12,31.7,31.7,30.6,30.65,31.0,31.05,54.85,22.75,2472,77042.05
2012-03-13,33.65,33.65,30.6,31.05,30.9,30.9,54.85,22.75,2474,78113.3
2012-03-14,31.1,31.6,30.75,30.9,30.95,30.95,54.85,22.75,2730,84748.25
2012-03-15,30.4,30.9,29.6,30.95,29.6,29.6,54.85,22.75,7824,235570.2
2012-03-16,30.0,30.8,29.3,29.6,29.3,29.5,54.85,22.75,2089,62810.55
2012-03-19,31.0,31.0,29.05,29.5,29.05,29.25,54.85,22.75,1887,55776.65
2012-03-20,29.0,30.5,28.25,29.25,29.35,29.35,54.85,22.75,816,23773.6
2012-03-21,30.9,30.9,28.7,29.35,29.7,29.8,54.85,22.75,2107,62453.3
2012-03-22,29.0,30.5,28.5,29.8,29.0,28.55,54.85,22.75,4180,122817.2
2012-03-23,28.4,29.9,28.25,28.55,28.35,28.4,54.85,22.75,6090,176500.5
2012-03-26,28.0,29.8,27.0,28.4,27.25,27.1,54.85,22.75,5025,138066.75
2012-03-27,28.0,29.0,27.0,27.1,27.2,28.05,54.85,22.75,2471,68970.5
2012-03-28,27.5,27.95,26.25,28.05,26.25,26.9,54.85,22.75,1920,51767.65
2012-03-29,26.5,27.8,25.2,26.9,26.35,26.2,54.85,22.75,1777,46479.2
2012-03-30,25.3,27.65,25.3,26.2,27.2,27.0,54.85,22.75,1870,50171.1
2012-04-02,29.85,29.85,27.15,27.0,28.15,28.3,54.85,22.75,953,26902.4
2012-04-03,30.0,30.0,28.1,28.3,28.85,28.5,54.85,22.75,2687,77213.1
2012-04-04,27.5,29.5,27.2,28.5,28.0,27.85,54.85,22.75,3759,105893.3
2012-04-09,27.95,30.8,27.45,27.85,28.0,27.9,54.85,22.75,779,22143.8
2012-04-10,27.5,28.75,27.5,27.9,27.6,27.6,54.85,22.75,1208,33691.45
2012-04-11,27.0,28.4,26.25,27.6,27.75,27.75,54.85,22.75,1735,47848.75
2012-04-12,27.0,29.75,27.0,27.75,27.9,27.7,54.85,22.75,739,20944.4
2012-04-13,27.05,28.0,27.05,27.7,27.95,27.5,54.85,22.75,1425,39712.3
2012-04-16,27.0,29.0,26.55,27.5,28.65,27.75,54.85,22.75,1379,39094.55
2012-04-17,27.0,28.95,27.0,27.75,28.2,28.2,54.85,22.75,2820,80099.55
2012-04-18,28.15,28.85,28.05,28.2,28.05,28.05,54.85,22.75,1515,42749.2
2012-04-19,27.15,28.7,27.15,28.05,28.1,28.3,54.85,22.75,447,12644.5
2012-04-20,28.0,31.95,27.2,28.3,27.75,27.6,54.85,22.75,5591,155088.6
2012-04-23,27.0,28.45,26.45,27.6,27.6,27.6,54.85,22.75,10189,283833.4
2012-04-24,27.6,28.2,27.2,27.6,27.3,27.3,54.85,22.75,6337,174067.35
2012-04-25,27.05,28.15,26.35,27.3,26.7,26.85,54.85,22.75,2708,72807.75
2012-04-26,27.65,27.65,26.4,26.85,27.0,27.0,54.85,22.75,2899,77130.1
2012-04-27,26.25,27.85,26.2,27.0,26.35,26.35,54.85,22.75,1790,47712.65
2012-04-28,26.5,27.0,26.1,26.35,26.1,26.1,54.85,22.75,344,9103.35
2012-04-30,26.2,26.95,26.2,26.1,26.25,26.3,54.85,22.75,2688,71468.05
2012-05-02,25.9,28.0,25.9,26.3,26.25,26.3,54.85,22.75,1518,40490.6
2012-05-03,26.1,27.0,26.1,26.3,26.5,26.5,54.85,22.75,968,25545.55
2012-05-04,26.1,26.5,25.25,26.5,25.3,25.3,54.85,22.75,2403,62320.45
2012-05-07,25.1,26.35,25.1,25.3,26.35,25.95,54.85,22.75,7100,182974.0
2012-05-08,25.15,27.9,25.15,25.95,27.1,26.75,54.85,22.75,3063,82385.2
2012-05-09,26.0,27.7,26.0,26.75,26.5,26.5,54.85,22.75,3786,101027.25
2012-05-10,26.0,27.4,26.0,26.5,26.1,26.45,54.85,22.75,1756,46460.65
2012-05-11,26.0,26.95,26.0,26.45,26.65,26.65,54.85,22.75,515,13727.45
2012-05-14,26.05,27.0,25.3,26.65,26.7,26.25,54.85,22.75,3476,90891.85
2012-05-15,26.25,26.25,25.25,26.25,25.5,25.5,54.85,22.75,964,25037.1
2012-05-16,25.0,25.7,24.3,25.5,25.5,25.4,54.85,22.75,3579,89662.8
2012-05-17,25.0,27.0,24.25,25.4,26.0,25.25,54.85,22.75,1528,38979.0
2012-05-18,25.0,25.6,23.45,25.25,23.95,24.0,54.85,22.75,8013,192928.5
2012-05-21,24.0,25.2,23.8,24.0,24.05,24.1,54.85,22.75,1793,43678.45
2012-05-22,23.6,24.95,23.6,24.1,23.9,23.9,54.85,22.75,2521,60930.2
2012-05-23,23.5,23.75,23.5,23.9,23.5,23.5,54.85,22.75,641,15196.55
2012-05-24,23.5,24.0,23.25,23.5,24.0,24.0,54.85,22.75,2459,58421.7
2012-05-25,23.05,24.0,23.05,24.0,23.9,23.75,54.85,22.75,671,15880.9
2012-05-28,23.25,24.9,23.25,23.75,23.75,23.9,54.85,22.75,2414,57449.1
2012-05-29,23.15,24.6,23.15,23.9,23.8,23.8,54.85,22.75,2376,56324.7
2012-05-30,23.7,24.25,23.7,23.8,24.0,24.1,54.85,22.75,1007,24163.8
2012-05-31,23.95,26.7,23.3,24.1,23.45,23.9,54.85,22.75,9216,228390.0
2012-06-01,26.6,26.6,22.85,23.9,23.5,23.35,54.85,22.75,10623,245871.55
2012-06-04,22.9,24.45,22.55,23.35,24.3,23.2,54.85,22.55,784,18208.1
2012-06-05,22.9,23.85,22.8,23.2,23.2,23.2,54.85,22.55,460,10756.15
2012-06-06,22.9,24.2,22.9,23.2,23.8,23.8,54.85,22.55,1333,31779.55
2012-06-07,23.15,24.5,23.15,23.8,23.5,23.5,54.85,22.55,886,21253.6
2012-06-08,24.85,24.85,23.25,23.5,23.3,23.9,54.85,22.55,1074,25577.95
2012-06-11,24.0,25.0,23.65,23.9,23.95,23.8,54.85,22.55,1325,31949.1
2012-06-12,25.0,25.0,23.35,23.8,23.5,23.5,54.85,22.55,1440,33876.0
2012-06-13,23.4,24.4,23.4,23.5,23.55,23.5,54.85,22.55,357,8375.7
2012-06-14,24.55,24.55,23.0,23.5,23.0,23.0,54.85,22.55,1516,35194.45
2012-06-15,23.3,23.75,23.1,23.0,23.75,23.4,54.85,22.55,474,11085.0
2012-06-18,23.9,23.9,22.9,23.4,23.25,23.15,54.85,22.55,836,19406.75
2012-06-19,25.0,25.0,22.25,23.15,22.85,22.75,54.85,22.25,1192,27255.2
2012-06-20,22.85,23.5,22.4,22.75,23.0,22.8,54.85,22.25,506,11567.25
2012-06-21,23.2,23.45,22.55,22.8,22.8,22.8,54.85,22.25,128,2904.8
2012-06-22,22.8,23.6,22.75,22.8,23.0,23.2,54.85,22.25,196,4479.85
2012-06-25,23.6,23.85,23.25,23.2,23.85,23.85,54.85,22.25,88,2079.55
2012-06-26,23.7,25.45,23.25,23.85,24.9,24.85,54.85,22.25,3957,98041.3
2012-06-27,24.85,28.45,22.3,24.85,27.0,27.2,54.85,22.25,30882,841242.7
2012-06-28,28.85,28.85,25.35,27.2,25.8,25.8,54.85,22.25,6529,173142.2
2012-06-29,25.65,26.85,25.25,25.8,26.75,26.35,54.85,22.25,3228,83375.65
2012-07-02,26.0,27.0,25.5,26.35,26.0,26.3,54.85,22.25,2480,65078.05
2012-07-03,26.3,29.65,26.15,26.3,26.7,26.95,54.85,22.25,15765,432131.35
2012-07-04,27.05,30.45,27.0,26.95,28.2,28.55,54.85,22.25,42946,1243590.85
2012-07-05,28.6,33.85,28.15,28.55,31.75,31.95,54.85,22.25,121047,3912639.3
2012-07-06,31.0,32.05,29.6,31.95,29.8,30.2,54.85,22.25,11513,356323.9
2012-07-09,30.0,30.2,29.2,30.2,30.0,29.8,54.85,22.25,6234,184765.05
2012-07-10,29.5,30.8,29.1,29.8,29.2,29.5,54.85,22.25,4804,142695.95
2012-07-11,30.1,30.5,28.65,29.5,28.7,28.75,54.85,22.25,4720,138915.8
2012-07-12,28.0,29.05,27.55,28.75,27.95,27.9,54.85,22.25,6505,181914.1
2012-07-13,27.7,28.9,27.1,27.9,27.25,27.25,54.85,22.25,3480,95455.0
2012-07-16,27.05,28.3,26.75,27.25,28.0,27.7,54.85,22.25,8377,233140.65
2012-07-17,27.75,28.4,27.15,27.7,27.15,27.4,54.85,22.25,3765,104085.8
2012-07-18,28.0,28.0,27.15,27.4,27.45,27.45,54.85,22.25,1223,33508.0
2012-07-19,27.1,28.0,27.0,27.45,27.5,27.5,54.85,22.25,1866,51526.05
2012-07-20,27.25,27.9,27.1,27.5,27.9,27.45,54.85,22.25,732,19971.65
2012-07-23,27.0,29.5,26.65,27.45,27.0,26.9,54.85,22.25,2869,78404.55
2012-07-24,26.7,27.5,26.4,26.9,26.4,26.5,54.85,22.25,3065,81563.5
2012-07-25,26.0,27.75,26.0,26.5,27.75,27.75,54.85,22.25,626,17016.65
2012-07-26,27.5,29.7,26.2,27.75,26.2,26.25,54.85,22.25,2114,56791.4
2012-07-27,25.9,27.05,25.4,26.25,26.0,26.05,54.85,22.25,1678,44014.95
2012-07-30,25.0,26.95,24.8,26.05,25.85,25.85,46.95,22.25,2159,55557.6
2012-07-31,26.0,26.8,26.0,25.85,26.8,26.25,46.95,22.25,1646,42853.5
2012-08-01,25.65,26.85,25.55,26.25,25.55,25.6,46.95,22.25,2609,67028.85
2012-08-02,25.05,26.9,25.05,25.6,25.6,25.6,46.95,22.25,6225,159947.05
2012-08-03,25.05,29.0,25.05,25.6,26.0,26.35,46.95,22.25,5053,138590.0
2012-08-06,26.0,27.4,26.0,26.35,26.1,26.05,42.0,22.25,1304,34319.5
2012-08-07,27.0,27.0,25.75,26.05,25.75,25.8,42.0,22.25,1402,36403.75
2012-08-08,26.05,26.4,25.8,25.8,26.1,26.1,42.0,22.25,1546,40490.85
2012-08-09,26.0,26.0,25.1,26.1,25.5,25.25,42.0,22.25,1492,37964.55
2012-08-10,25.0,25.3,24.3,25.25,25.0,25.0,42.0,22.25,889,22179.6
2012-08-13,26.0,26.0,24.95,25.0,24.95,24.95,42.0,22.25,168,4281.65
2012-08-14,24.75,26.65,24.25,24.95,25.8,26.05,42.0,22.25,1186,30519.3
2012-08-16,26.75,28.8,26.15,26.05,26.8,27.15,42.0,22.25,21647,604737.5
2012-08-17,26.9,27.15,26.45,27.15,26.7,26.7,42.0,22.25,3941,105793.4
2012-08-21,26.5,27.1,26.2,26.7,26.2,26.2,42.0,22.25,2528,66868.6
2012-08-22,26.0,26.9,25.6,26.2,25.75,25.8,42.0,22.25,751,19465.8
2012-08-23,25.5,26.5,25.35,25.8,26.4,25.55,42.0,22.25,1502,38741.8
2012-08-24,25.0,25.9,24.6,25.55,24.8,24.9,42.0,22.25,6849,171509.65
2012-08-27,25.0,25.7,24.5,24.9,24.5,25.0,42.0,22.25,3411,84914.25
2012-08-28,24.7,25.5,24.0,25.0,24.0,24.05,42.0,22.25,1811,44213.05
2012-08-29,25.0,26.4,24.2,24.05,24.2,24.3,42.0,22.25,1452,36132.0
2012-08-30,24.1,24.55,23.75,24.3,24.0,23.9,42.0,22.25,2022,48490.95
2012-08-31,23.75,24.9,23.1,23.9,23.2,23.35,42.0,22.25,1550,36438.85
2012-09-03,23.5,23.95,23.5,23.35,23.8,23.8,42.0,22.25,1419,33666.85
2012-09-04,23.15,24.7,23.15,23.8,24.7,24.7,42.0,22.25,337,7988.5
2012-09-05,24.95,25.8,23.25,24.7,24.0,24.1,42.0,22.25,1340,32978.65
2012-09-06,23.9,25.25,23.4,24.1,24.8,24.9,42.0,22.25,1099,27191.9
2012-09-07,24.75,24.75,24.0,24.9,24.7,24.55,42.0,22.25,2613,63837.3
2012-09-08,25.0,25.0,24.0,24.55,24.0,24.1,42.0,22.25,551,13438.4
2012-09-10,24.15,24.3,24.1,24.1,24.1,24.15,41.2,22.25,1249,30181.1
2012-09-11,24.0,24.75,24.0,24.15,24.55,24.55,41.2,22.25,538,13133.85
2012-09-12,24.95,24.95,23.55,24.55,24.1,24.1,41.2,22.25,3794,91896.95
2012-09-13,24.85,24.95,24.05,24.1,24.75,24.6,41.2,22.25,5304,129665.45
2012-09-14,24.8,24.95,24.1,24.6,24.3,24.3,41.2,22.25,2728,66974.45
2012-09-17,24.6,24.9,23.75,24.3,24.55,24.65,40.3,22.25,1357,33145.95
2012-09-18,24.4,25.45,24.2,24.65,25.2,25.1,40.3,22.25,1858,46514.8
2012-09-20,25.0,25.0,24.3,25.1,24.7,24.55,40.3,22.25,1764,43318.1
2012-09-21,25.75,25.75,24.3,24.55,24.5,24.45,40.3,22.25,6401,157255.55
2012-09-24,25.9,25.9,24.75,24.45,25.15,25.15,38.8,22.25,2572,64691.4
2012-09-25,25.9,25.9,24.45,25.15,24.5,24.55,38.8,22.25,2457,60577.55
2012-09-26,24.4,25.25,24.15,24.55,24.5,24.6,38.8,22.25,9976,243701.65
2012-09-27,25.4,25.4,24.8,24.6,25.25,25.0,38.8,22.25,1801,44827.55
2012-09-28,25.65,25.65,24.3,25.0,25.4,25.15,38.8,22.25,4503,113064.55
2012-10-01,24.3,26.6,24.3,25.15,25.9,26.0,37.95,22.25,12627,328888.5
2012-10-03,25.7,26.0,25.25,26.0,25.3,25.35,37.95,22.25,6553,167021.35
2012-10-04,26.4,26.4,25.45,25.35,26.1,26.1,37.95,22.25,4754,123231.2
2012-10-05,26.0,26.25,25.25,26.1,25.25,25.25,37.95,22.25,5384,137876.9
2012-10-08,25.45,28.0,25.25,25.25,26.3,26.35,37.95,22.25,12467,332936.55
2012-10-09,26.0,26.85,25.6,26.35,26.2,26.05,37.95,22.25,5963,157111.75
2012-10-10,26.65,26.65,25.05,26.05,25.2,25.3,37.95,22.25,1427,36981.85
2012-10-11,26.0,26.1,25.25,25.3,25.55,25.3,37.95,22.25,4065,103632.55
2012-10-12,25.05,25.9,24.85,25.3,25.6,25.6,37.95,22.25,4857,123165.85
2012-10-15,25.0,25.95,24.6,25.6,25.0,25.0,37.95,22.25,1073,27114.35
2012-10-16,24.75,26.0,24.25,25.0,24.5,24.85,37.95,22.25,7927,198868.35
2012-10-17,24.7,25.0,24.2,24.85,24.55,24.3,37.95,22.25,1417,34774.55
2012-10-18,25.7,25.7,24.3,24.3,25.0,24.7,37.95,22.25,4395,108422.4
2012-10-19,25.4,25.75,24.05,24.7,25.25,24.85,37.95,22.25,3684,90870.1
2012-10-22,25.45,25.45,24.4,24.85,24.65,24.45,37.95,22.25,2827,70271.35
2012-10-23,24.45,24.85,24.2,24.45,24.3,24.3,37.95,22.25,901,21938.35
2012-10-25,24.3,24.9,24.3,24.3,24.3,24.35,37.95,22.25,202,4987.0
2012-10-26,25.9,25.9,24.1,24.35,24.2,24.2,37.95,22.25,1450,35948.85
2012-10-29,24.2,24.6,24.05,24.2,24.05,24.05,37.95,22.25,201,4878.95
2012-10-30,24.2,24.2,23.25,24.05,23.95,23.9,37.95,22.25,1930,46070.35
2012-10-31,23.9,24.55,23.7,23.9,24.15,24.0,37.95,22.25,189,4575.55
2012-11-01,23.85,24.35,23.15,24.0,23.65,23.5,37.95,22.25,2876,67530.85
2012-11-02,23.75,24.65,23.65,23.5,24.3,24.35,37.95,22.25,3701,89231.8
2012-11-05,24.0,24.5,23.35,24.35,24.5,24.5,37.95,22.25,1044,24945.35
2012-11-06,24.0,24.85,23.85,24.5,24.5,24.5,37.95,22.25,1187,29026.85
2012-11-07,24.0,24.7,23.85,24.5,24.6,24.3,37.95,22.25,2389,57896.1
2012-11-08,24.15,27.8,24.15,24.3,26.35,25.95,37.95,22.25,28227,743331.6
2012-11-09,25.7,27.8,24.6,25.95,25.55,25.05,37.95,22.25,4989,128805.65
2012-11-12,24.65,25.25,24.05,25.05,24.15,24.3,37.95,22.25,11182,276526.9
2012-11-13,24.1,27.0,24.1,24.3,25.5,25.85,37.95,22.25,4952,125875.3
2012-11-15,27.0,27.0,25.0,25.85,25.75,25.25,37.95,22.25,2818,71236.7
2012-11-16,26.0,27.0,25.25,25.25,25.5,25.4,37.95,22.25,8495,221200.9
2012-11-19,27.9,27.9,25.05,25.4,25.5,25.4,37.95,22.25,4296,110546.85
2012-11-20,25.75,26.0,25.3,25.4,25.9,25.65,37.95,22.25,2003,51698.1
2012-11-21,25.4,26.0,24.55,25.65,24.6,24.65,37.95,22.25,1339,33457.95
2012-11-22,25.0,25.05,24.7,24.65,24.7,24.9,37.95,22.25,845,21057.9
2012-11-23,24.9,25.25,24.8,24.9,25.0,24.95,37.95,22.25,1563,39049.9
2012-11-26,25.0,25.7,24.55,24.95,24.55,25.05,37.95,22.25,1228,30873.5
2012-11-27,24.8,26.95,24.6,25.05,25.9,25.85,37.95,22.25,11534,296034.65
2012-11-29,26.95,26.95,25.3,25.85,25.95,25.75,37.95,22.25,2198,56507.05
2012-11-30,26.95,26.95,24.8,25.75,25.4,25.2,37.95,22.25,10396,261274.45
2012-12-03,25.8,25.8,24.6,25.2,24.85,24.65,37.95,22.25,3188,79783.9
2012-12-04,25.9,25.9,24.55,24.65,24.85,24.8,37.95,22.25,8323,206447.55
2012-12-05,25.95,25.95,24.7,24.8,25.0,25.0,37.95,22.25,1442,36160.85
2012-12-06,25.95,26.75,25.0,25.0,25.4,25.4,37.95,22.25,3704,94342.35
2012-12-07,26.0,26.15,25.05,25.4,25.05,25.35,37.95,22.25,3306,84596.75
2012-12-10,26.4,26.4,25.1,25.35,25.2,25.2,37.95,22.25,1195,30111.9
2012-12-11,26.7,26.7,25.25,25.2,25.25,25.35,37.95,22.25,5060,130238.75
2012-12-12,26.7,26.7,25.55,25.35,25.55,25.55,37.95,22.25,4352,111826.4
2012-12-13,25.5,26.25,24.65,25.55,24.8,24.75,37.95,22.25,4855,122803.7
2012-12-14,24.5,26.0,24.1,24.75,24.75,24.75,37.95,22.25,1199,29723.05
2012-12-17,26.0,26.0,24.6,24.75,25.4,24.65,37.95,22.25,416,10335.6
2012-12-18,26.0,26.0,24.5,24.65,24.5,24.65,37.95,22.25,1474,36428.6
2012-12-19,25.9,25.9,24.45,24.65,24.5,24.55,37.95,22.25,3771,92881.95
2012-12-20,26.0,26.0,24.15,24.55,24.4,24.4,37.95,22.25,2877,70905.1
2012-12-21,24.5,25.35,24.35,24.4,24.5,24.5,37.95,22.25,101,2496.0
2012-12-24,24.7,26.2,24.7,24.5,26.0,26.0,37.95,22.25,14758,378163.4
2012-12-26,26.95,26.95,25.2,26.0,26.0,25.65,37.95,22.25,2590,67057.4
2012-12-27,26.4,28.5,25.0,25.65,26.75,26.5,37.95,22.25,28414,769239.75
2012-12-28,28.0,28.0,25.25,26.5,25.6,25.6,37.95,22.25,7870,205807.2
2012-12-31,27.0,27.0,25.3,25.6,25.5,25.5,37.95,22.25,2283,58639.6
2013-01-01,27.0,27.0,25.45,25.5,26.0,26.0,37.95,22.25,3494,90277.05
2013-01-02,26.65,26.75,25.55,26.0,26.45,26.25,37.95,22.25,3858,101808.8
2013-01-03,27.0,27.0,25.3,26.25,25.95,25.95,37.95,22.25,6364,166249.55
2013-01-04,26.5,26.5,25.25,25.95,25.35,25.4,37.95,22.25,2933,75044.9
2013-01-07,26.85,26.85,25.5,25.4,25.6,25.55,37.95,22.25,2392,61506.35
2013-01-08,27.0,29.8,26.4,25.55,27.7,27.65,37.95,22.25,39836,1104597.1
2013-01-09,28.0,28.6,26.75,27.65,26.8,27.05,37.95,22.25,12330,338436.3
2013-01-10,26.65,26.9,26.05,27.05,26.35,26.75,37.95,22.25,6797,181615.3
2013-01-11,27.5,27.5,25.2,26.75,26.55,26.05,37.95,22.25,5733,148945.3
2013-01-14,26.0,26.3,25.25,26.05,26.25,26.0,37.95,22.25,2638,68423.0
2013-01-15,27.0,27.55,25.5,26.0,26.5,26.55,37.95,22.25,13482,360908.85
2013-01-16,26.05,27.0,25.5,26.55,25.55,25.95,37.95,22.25,4559,120002.05
2013-01-17,26.0,27.0,25.75,25.95,26.45,26.05,37.95,22.25,19117,500087.2
2013-01-18,27.0,27.0,25.3,26.05,25.55,25.65,37.95,22.25,1673,43533.6
2013-01-21,26.75,26.75,25.7,25.65,25.85,25.95,37.95,22.25,2096,54686.25
2013-01-22,26.7,27.2,25.65,25.95,26.65,26.45,37.95,22.25,17073,453960.8
2013-01-23,26.6,26.75,25.5,26.45,25.5,25.65,37.95,22.25,3636,94567.5
2013-01-24,25.5,26.8,24.8,25.65,25.5,25.85,37.95,22.25,4708,120299.65
2013-01-25,25.3,25.75,24.5,25.85,25.1,25.05,37.95,22.25,3858,96697.85
2013-01-28,25.15,25.95,25.05,25.05,25.35,25.85,37.95,22.25,453,11607.7
2013-01-29,25.6,26.15,25.15,25.85,25.35,25.4,37.95,22.25,184,4687.75
2013-01-30,25.4,26.35,24.6,25.4,24.7,24.65,37.95,22.25,1851,46145.7
2013-01-31,24.5,26.35,24.1,24.65,26.0,25.95,37.95,22.25,2629,67593.55
2013-02-01,25.6,25.8,24.95,25.95,24.95,25.2,37.95,22.25,133,3380.7
2013-02-04,25.0,26.5,25.0,25.2,25.2,25.2,37.95,22.25,1026,26164.5
2013-02-05,24.9,25.05,24.6,25.2,24.85,24.8,37.95,22.25,599,14941.25
2013-02-06,24.7,25.2,24.2,24.8,24.5,24.55,37.95,22.25,2328,57246.3
2013-02-07,24.5,26.0,23.25,24.55,24.9,24.8,37.95,22.25,828,20480.7
2013-02-08,25.3,25.3,24.55,24.8,24.6,24.6,37.95,22.25,226,5555.2
2013-02-11,24.4,24.8,24.0,24.6,24.8,24.75,37.95,22.25,614,15075.2
2013-02-12,24.5,24.5,23.5,24.75,23.5,23.5,37.95,22.25,1118,26617.65
2013-02-13,25.6,25.65,24.2,23.5,24.2,24.25,37.95,22.25,3420,85183.35
2013-02-14,23.8,24.4,23.45,24.25,24.0,24.1,37.95,22.25,1047,25131.0
2013-02-15,24.3,24.5,23.05,24.1,23.15,23.65,37.95,22.25,8642,203820.45
2013-02-18,23.55,25.0,23.3,23.65,24.2,24.2,37.95,22.25,1680,40230.65
2013-02-19,23.7,24.4,23.45,24.2,23.8,23.65,37.95,22.25,1971,46628.75
2013-02-20,25.0,25.0,23.55,23.65,23.55,23.65,37.95,22.25,1853,44526.45
2013-02-21,24.0,24.0,22.85,23.65,23.45,23.2,37.95,22.25,5273,123070.5
2013-02-22,23.0,24.95,22.65,23.2,24.85,24.45,37.95,22.25,3625,87031.15
2013-02-25,24.15,24.5,23.05,24.45,23.9,23.7,37.95,22.25,9402,221447.4
2013-02-26,24.0,24.0,23.35,23.7,23.5,23.4,37.95,22.25,4883,114552.6
2013-02-27,23.5,23.8,23.3,23.4,23.35,23.6,37.95,22.25,959,22568.4
2013-02-28,24.8,25.0,23.4,23.6,24.25,24.25,37.95,22.25,6917,168421.05
2013-03-01,23.7,24.2,22.4,24.25,23.75,22.85,37.95,22.25,5818,134198.6
2013-03-04,23.0,23.0,19.45,22.85,23.0,21.65,33.85,19.45,7495,163066.35
2013-03-05,21.3,21.7,20.65,21.65,21.4,20.8,33.85,19.45,7286,151939.45
2013-03-06,23.35,23.35,21.5,20.8,21.5,21.5,33.85,19.45,955,21415.9
2013-03-07,21.5,21.5,20.5,21.5,21.05,21.0,33.85,19.45,7928,165644.2
2013-03-08,21.2,22.0,20.55,21.0,22.0,20.95,33.85,19.45,8058,169932.5
2013-03-11,21.25,25.1,21.25,20.95,25.1,25.1,33.85,19.45,128909,3139843.3
2013-03-12,27.8,28.85,25.15,25.1,27.35,27.45,33.85,19.45,204929,5612124.65
2013-03-13,27.45,27.5,25.25,27.45,25.85,25.7,33.85,19.45,35681,933814.05
2013-03-14,25.2,25.9,24.1,25.7,24.8,24.6,33.85,19.45,12789,316167.35
2013-03-15,24.5,24.9,22.65,24.6,23.0,23.05,33.85,19.45,11476,276170.3
2013-03-18,22.65,23.3,22.5,23.05,22.6,22.65,33.85,19.45,13484,308635.2
2013-03-19,23.45,23.45,22.1,22.65,22.1,22.3,33.85,19.45,5226,118361.6
2013-03-20,22.1,23.0,21.2,22.3,21.25,21.45,33.85,19.45,9932,215775.45
2013-03-21,21.1,21.45,21.05,21.45,21.05,21.05,33.85,19.45,14184,299493.85
2013-03-22,21.05,21.1,20.25,21.05,21.0,20.9,33.85,19.45,5311,110635.05
2013-03-25,21.0,22.65,19.55,20.9,19.55,19.6,33.85,19.45,5702,119347.5
2013-03-26,20.6,20.85,19.65,19.6,20.25,20.55,33.85,19.45,3013,61888.5
2013-03-28,20.0,21.3,19.95,20.55,21.0,20.7,33.85,19.45,4904,99486.15
2013-04-01,20.4,21.85,20.4,20.7,21.05,21.5,33.85,19.45,4306,90248.85
2013-04-02,20.65,22.65,20.15,21.5,21.9,21.5,33.85,19.45,4067,88198.25
2013-04-03,22.85,23.6,21.2,21.5,22.3,21.55,33.85,19.45,6154,137442.2
2013-04-04,20.8,21.8,20.8,21.55,21.8,21.8,33.85,19.45,342,7327.05
2013-04-05,21.4,21.75,21.15,21.8,21.6,21.6,33.85,19.45,397,8544.4
2013-04-08,21.2,23.65,20.8,21.6,21.05,21.2,33.85,19.45,2677,57398.65
2013-04-09,24.75,24.75,21.6,21.2,22.35,22.15,33.85,19.45,497,10943.5
2013-04-10,21.35,21.55,21.1,22.15,21.1,21.1,33.85,19.45,775,16514.55
2013-04-11,21.0,23.7,21.0,21.1,21.9,21.2,33.85,19.45,9723,205321.95
2013-04-12,20.65,21.3,20.1,21.2,21.0,21.0,33.85,19.45,2121,43582.6
2013-04-15,20.45,21.45,20.4,21.0,20.7,21.3,33.85,19.45,3119,65078.5
2013-04-16,24.85,24.85,21.1,21.3,21.4,21.4,33.85,19.45,6426,140337.55
2013-04-17,21.4,21.85,20.85,21.4,21.5,21.3,33.85,19.45,4373,92336.65
2013-04-18,20.7,22.0,20.25,21.3,20.9,20.95,33.85,19.45,1532,32778.7
2013-04-22,20.85,21.5,20.85,20.95,21.1,21.1,33.85,19.45,565,11907.45
2013-04-23,21.1,21.8,21.1,21.1,21.8,21.55,33.85,19.45,833,17885.1
2013-04-25,21.5,22.25,21.0,21.55,21.45,21.45,33.85,19.45,739,16240.7
2013-04-26,22.0,22.0,21.1,21.45,21.3,21.15,33.85,19.45,2775,60050.5
2013-04-29,21.75,22.2,21.05,21.15,22.0,21.85,33.85,19.45,2263,48880.3
2013-04-30,21.35,21.35,21.2,21.85,21.25,21.25,33.85,19.45,49,1045.75
2013-05-02,21.0,21.45,20.7,21.25,21.45,21.35,33.85,19.45,1746,36771.3
2013-05-03,21.0,21.95,20.4,21.35,21.1,21.8,33.85,19.45,3069,65837.95
2013-05-06,21.3,23.0,21.05,21.8,21.5,21.45,33.85,19.45,5404,118229.1
2013-05-07,22.45,22.45,21.35,21.45,21.5,21.4,33.85,19.45,1007,22044.2
2013-05-08,22.0,22.5,21.6,21.4,22.5,22.45,33.85,19.45,1300,29011.1
2013-05-09,22.0,22.5,20.55,22.45,22.0,21.95,33.85,19.45,2096,44778.85
2013-05-10,21.8,22.6,21.5,21.95,22.6,22.6,33.85,19.45,2953,66065.05
2013-05-11,21.8,23.35,21.5,22.6,23.35,22.3,33.85,19.45,371,8140.4
2013-05-13,22.0,22.55,21.6,22.3,22.0,22.0,33.85,19.45,4334,95296.45
2013-05-14,21.5,22.05,21.05,22.0,21.85,21.3,33.85,19.45,3346,71759.95
2013-05-15,21.45,22.0,21.3,21.3,22.0,21.75,33.85,19.45,766,16532.7
2013-05-16,21.05,23.85,21.05,21.75,21.3,21.3,33.85,19.45,3642,78585.4
2013-05-17,21.5,21.8,21.35,21.3,21.75,21.75,33.85,19.45,5594,120196.2
2013-05-20,22.85,22.85,21.3,21.75,21.95,21.95,33.85,19.45,2924,64758.35
2013-05-21,21.55,22.4,21.15,21.95,21.55,21.55,33.85,19.45,6646,144301.05
2013-05-22,24.45,24.45,21.45,21.55,22.0,22.0,33.85,19.45,2600,58262.25
2013-05-23,21.8,21.8,21.05,22.0,21.05,21.1,33.85,19.45,1576,33303.95
2013-05-24,21.3,21.65,21.1,21.1,21.65,21.25,33.85,19.45,1246,26501.85
2013-05-27,21.45,21.75,21.05,21.25,21.1,21.25,33.85,19.45,1305,27534.85
2013-05-28,21.35,21.35,21.05,21.25,21.05,21.05,33.85,19.45,1639,34563.75
2013-05-29,21.9,21.9,21.3,21.05,21.3,21.3,33.85,19.45,6,128.4
2013-05-30,21.1,21.1,21.05,21.3,21.05,21.05,33.85,19.45,1616,34019.05
2013-05-31,21.05,21.9,21.05,21.05,21.1,21.35,33.85,19.45,2742,57772.1
2013-06-03,21.2,21.4,21.05,21.35,21.05,21.05,33.85,19.45,2197,46280.45
2013-06-04,21.15,21.35,20.85,21.05,21.0,21.0,33.85,19.45,2770,58428.5
2013-06-05,20.65,21.3,19.3,21.0,20.2,20.35,33.85,19.3,2099,42088.75
2013-06-06,20.55,20.6,20.5,20.35,20.55,20.55,33.85,19.3,997,20497.45
2013-06-07,20.2,20.4,19.9,20.55,19.9,19.9,33.85,19.3,3538,70962.95
2013-06-10,20.0,20.9,20.0,19.9,20.55,20.55,33.85,19.3,2327,47460.95
2013-06-11,20.0,20.35,19.45,20.55,19.8,19.8,33.85,19.3,3294,65218.3
2013-06-12,19.0,20.75,19.0,19.8,19.45,19.5,33.85,19.0,1080,21368.85
2013-06-13,19.25,21.4,19.1,19.5,19.35,19.35,33.85,19.0,570,11214.2
2013-06-14,19.5,19.9,19.35,19.35,19.35,19.35,33.85,19.0,1452,28203.55
2013-06-17,19.05,20.65,19.05,19.35,19.15,19.45,33.85,19.0,337,6670.4
2013-06-18,19.55,19.55,17.35,19.45,18.3,18.25,33.85,17.35,9781,178482.55
2013-06-19,18.45,19.3,18.45,18.25,18.75,18.75,33.85,17.35,3656,68487.0
2013-06-20,18.5,19.25,18.25,18.75,18.5,18.5,33.85,17.35,6033,111543.5
2013-06-21,18.0,18.6,17.75,18.5,18.0,18.6,33.85,17.35,1181,21722.5
2013-06-24,18.0,18.95,17.0,18.6,17.0,17.6,33.85,17.0,2813,50505.5
2013-06-25,17.0,17.75,16.75,17.6,17.7,17.7,33.85,16.75,1955,34280.8
2013-06-26,17.95,17.95,17.0,17.7,17.95,17.6,33.85,16.75,1677,29102.4
2013-06-27,17.9,17.9,17.0,17.6,17.15,17.1,33.85,16.75,1402,24367.9
2013-06-28,18.45,18.45,17.25,17.1,17.65,17.9,33.85,16.75,326,5771.85
2013-07-01,17.95,19.0,17.5,17.9,18.5,18.5,33.85,16.75,4429,80581.55
2013-07-02,18.4,19.25,18.1,18.5,18.2,18.25,33.85,16.75,2176,40578.45
2013-07-03,19.6,21.3,18.4,18.25,19.1,18.75,33.85,16.75,12306,234915.0
2013-07-04,18.05,19.4,18.05,18.75,18.75,18.85,33.85,16.75,2810,53585.15
2013-07-05,18.65,18.9,18.5,18.85,18.75,18.65,33.85,16.75,2414,45140.05
2013-07-08,22.25,22.25,18.0,18.65,18.4,18.4,30.8,16.75,1409,26247.15
2013-07-09,18.1,19.25,18.1,18.4,18.25,18.3,30.8,16.75,2446,45455.35
2013-07-10,18.2,18.9,18.1,18.3,18.4,18.4,30.8,16.75,1555,28868.8
2013-07-11,18.4,18.85,18.4,18.4,18.85,18.75,30.8,16.75,191,3564.35
2013-07-12,19.65,19.65,17.25,18.75,18.0,18.15,30.8,16.75,5134,94261.75
2013-07-15,18.95,19.15,17.9,18.15,18.25,18.2,29.8,16.75,3008,55659.6
2013-07-16,18.15,18.7,18.15,18.2,18.5,18.5,29.8,16.75,885,16421.35
2013-07-17,20.8,22.2,20.0,18.5,20.6,21.1,29.8,16.75,54785,1171318.1
2013-07-18,21.55,21.55,19.9,21.1,20.4,20.2,29.8,16.75,9583,197457.95
2013-07-19,21.4,21.4,19.15,20.2,19.25,19.35,29.8,16.75,4079,80260.6
2013-07-22,19.15,19.75,18.5,19.35,18.65,18.6,29.8,16.75,4363,83590.65
2013-07-23,19.1,19.25,18.55,18.6,18.55,18.55,29.8,16.75,876,16425.95
2013-07-24,18.35,19.65,18.3,18.55,18.8,18.95,29.8,16.75,3357,63545.0
2013-07-25,20.6,20.6,18.25,18.95,18.75,18.55,29.8,16.75,2183,40509.7
2013-07-26,18.2,19.6,18.05,18.55,18.65,18.5,29.8,16.75,2338,43345.3
2013-07-29,17.35,18.8,17.3,18.5,18.3,18.65,29.8,16.75,4589,82750.8
2013-07-30,18.65,18.7,18.1,18.65,18.5,18.3,29.8,16.75,1590,29362.4
2013-07-31,18.5,18.5,17.05,18.3,18.2,18.15,29.8,16.75,1052,18652.35
2013-08-01,18.0,18.9,17.2,18.15,17.5,17.7,29.8,16.75,3541,62958.7
2013-08-02,17.6,18.0,17.0,17.7,17.65,17.45,29.8,16.75,1235,21379.65
2013-08-05,17.1,17.95,16.7,17.45,16.95,16.95,29.8,16.7,327,5602.85
2013-08-06,16.5,17.0,15.75,16.95,16.85,16.7,29.8,15.75,1910,30827.55
2013-08-07,16.5,17.95,15.8,16.7,17.6,17.6,29.8,15.75,370,6305.7
2013-08-08,18.45,18.6,17.15,17.6,18.1,17.5,29.8,15.75,1949,34979.9
2013-08-12,18.25,18.25,17.45,17.5,17.45,17.45,29.8,15.75,324,5729.4
2013-08-13,18.45,19.5,17.5,17.45,18.05,17.75,29.8,15.75,2541,46253.45
2013-08-14,17.8,18.5,17.1,17.75,17.9,18.05,29.8,15.75,1383,25063.55
2013-08-16,17.5,18.1,17.3,18.05,17.3,17.3,29.8,15.75,1773,31108.2
2013-08-19,17.0,18.2,16.8,17.3,18.2,18.15,29.8,15.75,2240,39840.3
2013-08-20,17.5,18.4,16.6,18.15,17.3,17.2,29.8,15.75,1481,25832.4
2013-08-21,17.25,18.05,17.0,17.2,18.05,17.2,29.8,15.75,441,7602.85
2013-08-22,16.75,17.5,16.75,17.2,17.5,17.5,29.8,15.75,101,1766.75
2013-08-23,17.25,18.8,17.0,17.5,18.55,18.2,29.8,15.75,4810,86913.0
2013-08-26,17.9,17.95,17.4,18.2,17.95,17.5,29.8,15.75,256,4499.85
2013-08-27,17.3,18.5,17.25,17.5,17.4,17.35,29.8,15.75,1767,30833.85
2013-08-28,17.3,19.3,17.3,17.35,18.0,18.45,29.8,15.75,2665,50150.4
2013-08-29,18.0,18.6,17.8,18.45,18.55,18.5,29.8,15.75,2976,54654.55
2013-08-30,18.1,18.1,18.1,18.5,18.1,18.1,29.8,15.75,355,6425.5
2013-09-02,21.6,21.6,17.65,18.1,18.45,18.1,29.8,15.75,1521,28055.75
2013-09-03,18.0,20.0,17.75,18.1,19.45,18.75,29.8,15.75,6565,123937.65
2013-09-04,19.0,19.35,18.3,18.75,18.4,18.45,29.8,15.75,934,17359.1
2013-09-05,18.5,19.5,18.5,18.45,18.5,18.5,29.8,15.75,316,6078.3
2013-09-06,18.05,20.8,18.05,18.5,19.35,19.95,29.8,15.75,4099,81523.45
2013-09-10,19.7,19.7,18.5,19.95,19.0,19.1,29.8,15.75,3389,65502.75
2013-09-11,18.75,20.75,18.75,19.1,19.3,19.3,29.8,15.75,2514,50358.65
2013-09-12,18.7,20.2,18.2,19.3,20.1,20.1,29.8,15.75,2299,45812.45
2013-09-13,21.1,21.2,19.6,20.1,20.5,20.95,29.8,15.75,2830,58452.8
2013-09-16,20.5,21.0,20.05,20.95,20.05,20.3,29.8,15.75,1885,38585.4
2013-09-17,19.5,22.65,19.0,20.3,20.1,20.8,29.8,15.75,1735,35451.85
2013-09-18,20.5,21.05,19.4,20.8,21.0,20.9,29.8,15.75,1513,30674.55
2013-09-19,20.5,20.65,20.1,20.9,20.2,20.2,29.8,15.75,1716,35008.8
2013-09-20,19.7,22.05,19.7,20.2,20.95,21.2,29.8,15.75,3487,74087.95
2013-09-23,20.55,22.35,19.75,21.2,20.4,20.2,29.8,15.75,1143,23071.75
2013-09-24,20.0,20.45,20.0,20.2,20.1,20.1,29.8,15.75,499,10041.9
2013-09-25,19.7,20.8,19.0,20.1,20.8,20.7,29.8,15.75,402,8137.65
2013-09-26,20.5,20.5,20.0,20.7,20.0,20.0,29.8,15.75,629,12639.25
2013-09-27,21.1,22.95,20.6,20.0,22.3,21.6,29.8,15.75,3803,81304.8
2013-09-30,22.0,22.0,19.6,21.6,20.7,21.0,29.8,15.75,247,5159.25
2013-10-01,21.35,21.35,19.7,21.0,20.65,20.0,29.8,15.75,580,11636.0
2013-10-03,19.75,22.95,19.75,20.0,21.55,20.7,29.8,15.75,1161,23473.15
2013-10-04,22.0,24.8,20.5,20.7,24.8,24.8,29.8,15.75,33457,801472.6
2013-10-07,26.4,29.75,26.4,24.8,29.75,29.75,29.8,15.75,137028,3983483.4
2013-10-08,32.0,35.7,30.25,29.75,35.7,35.7,35.7,15.75,435245,14838823.05
2013-10-09,36.95,39.25,33.05,35.7,39.25,39.15,39.25,15.75,444010,16772314.7
2013-10-10,38.5,43.05,38.5,39.15,42.15,42.45,43.05,15.75,420386,17694620.85
2013-10-11,44.45,46.65,42.45,42.45,46.65,46.65,46.65,15.75,372018,16899329.2
2013-10-14,48.95,48.95,48.45,46.65,48.95,48.95,48.95,15.75,64654,3163010.7
2013-10-15,51.35,51.35,46.55,48.95,46.55,46.55,51.35,15.75,99978,4977132.45
2013-10-17,44.25,44.25,44.25,46.55,44.25,44.25,51.35,15.75,5059,223860.75
2013-10-18,42.05,42.05,42.05,44.25,42.05,42.05,51.35,15.75,792,33303.6
2013-10-21,39.95,39.95,39.95,42.05,39.95,39.95,51.35,15.75,4092,163475.4
2013-10-22,38.0,38.0,38.0,39.95,38.0,38.0,51.35,15.75,708,26904.0
2013-10-23,36.1,36.1,36.1,38.0,36.1,36.1,51.35,15.75,873,31515.3
2013-10-24,34.3,37.9,34.3,36.1,34.3,34.3,51.35,15.75,79333,2759794.95
2013-11-29,29.0,29.9,28.55,29.0,29.0,28.8,51.35,15.75,10456,304488.5
2013-12-02,28.1,29.5,28.1,28.8,29.15,28.9,51.35,15.75,2723,79081.2
2013-12-03,29.0,29.0,28.0,28.9,28.5,28.35,51.35,15.75,6773,192766.3
2013-12-04,28.75,29.7,28.5,28.35,29.0,28.85,51.35,15.75,5159,149766.35
2013-12-05,28.3,28.7,27.7,28.85,28.0,27.7,51.35,15.75,17648,494265.9
2013-12-06,28.45,28.45,26.4,27.7,27.7,27.45,51.35,15.75,7940,216634.25
2013-12-09,27.95,27.95,26.6,27.45,27.25,27.1,51.35,15.75,2000,53984.4
2013-12-10,26.7,26.8,25.75,27.1,25.8,25.8,51.35,15.75,10522,273900.05
2013-12-11,25.9,26.9,25.1,25.8,25.7,25.65,51.35,15.75,4130,105993.9
2013-12-12,25.05,26.75,24.45,25.65,24.65,24.85,51.35,15.75,12549,312039.6
2013-12-13,23.85,25.45,23.85,24.85,24.0,24.15,51.35,15.75,5248,128177.5
2013-12-16,24.25,24.65,23.55,24.15,24.45,24.45,51.35,15.75,6473,157106.2
2013-12-17,24.65,25.2,24.25,24.45,24.6,24.85,51.35,15.75,2188,54230.1
2013-12-18,25.9,25.9,24.25,24.85,24.85,24.75,51.35,15.75,1595,39465.5
2013-12-19,24.5,24.9,23.7,24.75,23.85,23.8,51.35,15.75,7869,188633.75
2013-12-20,24.2,24.3,23.5,23.8,24.3,24.15,51.35,15.75,3136,75022.0
2013-12-23,25.3,25.3,24.3,24.15,24.5,24.5,51.35,15.75,6485,157742.8
2013-12-24,24.6,24.65,23.85,24.5,24.35,24.45,51.35,15.75,10050,243733.9
2013-12-26,24.9,25.5,24.3,24.45,24.85,25.0,51.35,15.75,5972,149062.6
2013-12-27,24.7,25.3,24.5,25.0,25.25,24.95,51.35,15.75,2888,71486.75
2013-12-30,25.0,26.0,24.85,24.95,25.9,25.75,51.35,15.75,1905,48047.65
2013-12-31,25.45,26.8,25.0,25.75,25.85,26.35,51.35,15.75,3424,88452.85
2014-01-01,25.65,27.2,25.65,26.35,26.5,26.95,51.35,15.75,2835,76230.15
2014-01-02,26.55,26.8,25.65,26.95,25.7,25.75,51.35,15.75,3481,90541.55
2014-01-03,25.0,26.75,25.0,25.75,25.9,25.9,51.35,15.75,1851,48420.85
2014-01-06,25.25,26.75,25.25,25.9,26.3,26.25,51.35,15.75,2264,59301.85
2014-01-07,26.85,26.85,25.75,26.25,26.0,26.0,51.35,15.75,3722,97072.2
2014-01-08,26.65,27.15,25.55,26.0,25.55,25.6,51.35,15.75,2001,52184.15
2014-01-09,26.45,26.45,24.25,25.6,25.9,25.85,51.35,15.75,8202,206913.7
2014-01-10,26.95,27.7,25.5,25.85,25.95,25.8,51.35,15.75,2503,65162.0
2014-01-13,25.1,25.95,25.1,25.8,25.5,25.5,51.35,15.75,2499,63824.45
2014-01-14,25.1,26.35,25.0,25.5,25.95,25.55,51.35,15.75,1404,35804.55
2014-01-15,25.55,25.95,25.15,25.55,25.35,25.35,51.35,15.75,862,22111.65
2014-01-16,24.6,25.9,24.6,25.35,25.8,25.2,51.35,15.75,1641,41481.2
2014-01-17,26.75,27.55,24.55,25.2,25.5,25.3,51.35,15.75,1915,48710.7
2014-01-20,24.95,26.0,24.8,25.3,26.0,26.0,51.35,15.75,1271,32778.55
2014-01-21,25.05,26.3,24.6,26.0,26.3,26.05,51.35,15.75,1776,45654.5
2014-01-22,25.55,26.05,25.35,26.05,26.05,26.05,51.35,15.75,500,12967.65
2014-01-23,25.5,26.0,25.3,26.05,25.55,25.6,51.35,15.75,778,19959.6
2014-01-24,25.25,25.7,25.0,25.6,25.7,25.1,51.35,15.75,1066,26772.9
2014-01-27,24.0,26.05,24.0,25.1,24.85,25.0,51.35,15.75,2124,53147.25
2014-01-28,23.3,25.5,23.3,25.0,24.7,24.55,51.35,15.75,468,11556.7
2014-01-29,24.2,25.75,24.2,24.55,24.7,24.6,51.35,15.75,4319,105760.4
2014-01-30,24.2,25.35,23.65,24.6,24.0,23.95,51.35,15.75,1097,26482.4
2014-01-31,24.6,25.0,23.65,23.95,25.0,24.85,51.35,15.75,1659,40433.2
2014-02-03,24.2,24.5,24.0,24.85,24.5,24.25,51.35,15.75,377,9136.6
2014-02-04,24.5,25.4,24.25,24.25,25.25,25.0,51.35,15.75,2884,71412.5
2014-02-05,27.3,27.3,24.7,25.0,24.7,24.7,51.35,15.75,1361,33945.05
2014-02-06,24.65,25.7,24.4,24.7,25.7,25.05,51.35,15.75,791,19765.4
2014-02-07,24.0,26.1,24.0,25.05,24.55,24.95,51.35,15.75,408,10320.45
2014-02-10,24.9,26.25,24.85,24.95,25.35,25.5,51.35,15.75,3736,95456.05
2014-02-11,25.0,26.45,24.6,25.5,25.3,25.5,51.35,15.75,2407,61477.2
2014-02-12,25.05,25.8,24.8,25.5,25.55,25.2,51.35,15.75,4304,109134.5
2014-02-13,25.0,25.9,24.8,25.2,25.6,25.45,51.35,15.75,6772,171810.45
2014-02-14,25.15,25.5,24.5,25.45,25.45,24.85,51.35,15.75,3044,76022.0
2014-02-17,25.75,25.75,23.55,24.85,24.45,24.45,51.35,15.75,2043,49715.9
2014-02-18,24.3,24.9,24.15,24.45,24.75,24.6,51.35,15.75,867,21125.7
2014-02-19,24.4,25.05,24.35,24.6,24.85,24.5,51.35,15.75,4079,100585.6
2014-02-20,24.95,26.3,24.2,24.5,24.3,24.6,51.35,15.75,1488,36782.15
2014-02-21,25.55,25.55,24.65,24.6,24.65,24.65,51.35,15.75,45,1122.65
2014-02-24,25.0,27.0,24.15,24.65,25.15,25.0,51.35,15.75,1016,25664.55
2014-02-25,24.25,25.0,24.2,25.0,24.55,24.55,51.35,15.75,178,4408.75
2014-02-26,23.3,25.4,22.1,24.55,23.6,23.7,51.35,15.75,9021,211398.45
2014-02-28,22.25,24.2,22.25,23.7,23.75,23.8,51.35,15.75,4150,98394.8
2014-03-03,24.0,24.65,23.7,23.8,23.7,23.9,51.35,15.75,2091,50412.3
2014-03-04,23.7,24.0,23.0,23.9,23.3,23.35,51.35,15.75,3640,85146.65
2014-03-05,23.55,25.0,23.5,23.35,23.75,23.9,51.35,15.75,420,10068.4
2014-03-06,24.25,24.95,21.6,23.9,24.65,24.0,51.35,15.75,18018,419626.85
2014-03-07,22.55,25.25,22.55,24.0,24.6,24.55,51.35,15.75,3619,89627.05
2014-03-10,24.35,25.0,23.5,24.55,24.35,24.5,51.35,15.75,2425,59733.45
2014-03-11,24.1,25.0,23.65,24.5,24.0,24.0,51.35,15.75,3893,94685.9
2014-03-12,24.0,24.5,23.75,24.0,24.3,24.05,51.35,15.75,1643,39416.4
2014-03-13,22.7,24.6,22.3,24.05,24.25,24.2,51.35,15.75,2768,66302.5
2014-03-14,22.65,24.4,22.65,24.2,24.0,24.05,51.35,15.75,2486,58962.05
2014-03-18,23.85,24.5,23.0,24.05,24.5,24.35,51.35,15.75,1570,36982.15
2014-03-19,23.35,24.2,23.2,24.35,23.9,23.85,51.35,15.75,2752,65048.35
2014-03-20,24.0,24.0,23.35,23.85,23.7,23.7,51.35,15.75,2727,64234.85
2014-03-21,23.35,24.05,22.05,23.7,23.45,23.45,51.35,15.75,1820,42614.85
2014-03-22,23.3,24.0,22.7,23.45,24.0,23.25,51.35,15.75,1729,40263.15
2014-03-24,23.05,23.85,22.5,23.25,23.65,23.2,51.35,15.75,1485,34575.9
2014-03-25,23.1,24.0,22.9,23.2,23.3,23.05,51.35,15.75,5329,124884.95
2014-03-26,23.7,23.9,22.5,23.05,22.85,23.15,51.35,15.75,9260,213905.9
2014-03-27,23.0,23.15,22.2,23.15,23.1,23.05,51.35,15.75,2052,47023.2
2014-03-28,23.05,23.9,23.05,23.05,23.3,23.3,51.35,15.75,1322,31310.65
2014-03-31,23.75,24.65,23.5,23.3,23.95,23.8,51.35,15.75,3368,80148.85
2014-04-01,23.45,24.1,23.45,23.8,23.5,23.5,51.35,15.75,306,7370.75
2014-04-02,23.75,26.35,23.55,23.5,25.0,25.05,51.35,15.75,34369,859958.0
2014-04-03,26.85,26.85,24.85,25.05,25.0,25.1,51.35,15.75,2932,75840.55
2014-04-04,24.9,26.3,24.55,25.1,25.05,25.1,51.35,15.75,2496,62716.15
2014-04-07,25.95,26.0,24.65,25.1,24.65,25.2,51.35,15.75,600,15046.7
2014-04-09,24.85,25.85,23.1,25.2,25.8,25.3,51.35,15.75,6616,162273.15
2014-04-10,25.1,26.75,25.1,25.3,25.5,25.55,51.35,15.75,944,24153.35
2014-04-11,25.55,26.0,25.25,25.55,25.45,25.6,51.35,15.75,1959,50150.3
2014-04-15,25.05,26.0,25.0,25.6,25.4,25.4,51.35,15.75,1076,27123.4
2014-04-16,26.0,26.5,25.1,25.4,25.1,25.1,51.35,15.75,1964,51099.65
2014-04-17,24.9,26.85,24.45,25.1,26.45,25.8,51.35,15.75,2650,67754.8
2014-04-21,27.4,27.4,25.7,25.8,26.75,26.75,51.35,15.75,2854,75717.95
2014-04-22,26.7,26.85,26.1,26.75,26.1,26.1,51.35,15.75,3889,102921.45
2014-04-23,26.35,26.35,25.5,26.1,25.5,25.55,51.35,15.75,2619,67986.7
2014-04-25,25.35,26.95,25.0,25.55,25.75,25.75,51.35,15.75,1886,48377.5
2014-04-28,25.6,26.75,24.8,25.75,26.5,26.5,51.35,15.75,7801,203706.55
2014-04-29,27.1,27.1,25.5,26.5,25.6,25.6,51.35,15.75,3275,85906.0
2014-04-30,27.85,27.9,25.25,25.6,25.5,25.45,51.35,15.75,7887,204631.55
2014-05-02,25.05,25.9,24.4,25.45,25.65,25.65,51.35,15.75,1106,28124.8
2014-05-05,25.05,26.85,24.25,25.65,24.5,24.7,51.35,15.75,4764,117981.3
2014-05-06,25.0,25.0,24.5,24.7,24.5,24.55,51.35,15.75,1990,49171.9
2014-05-07,26.4,29.45,26.25,24.55,29.45,29.45,51.35,15.75,107984,3084203.45
2014-05-08,33.95,35.3,32.25,29.45,35.3,35.3,51.35,15.75,455493,15573125.3
2014-05-09,36.85,38.5,33.5,35.3,35.4,35.7,51.35,15.75,285436,10407327.75
2014-05-12,33.0,35.0,32.3,35.7,33.0,32.85,51.35,15.75,43343,1435071.4
2014-05-13,33.0,33.9,32.0,32.85,33.5,32.35,51.35,15.75,22826,748337.2
2014-05-14,36.0,36.0,32.45,32.35,34.7,34.7,51.35,15.75,45484,1585417.85
2014-05-15,34.7,35.0,33.0,34.7,33.35,33.3,51.35,15.75,27489,931592.55
2014-05-16,32.0,34.8,32.0,33.3,32.8,32.8,51.35,15.75,10109,330518.6
2014-05-19,33.65,34.0,32.0,32.8,33.35,33.15,51.35,15.75,14082,469281.8
2014-05-20,32.65,35.4,32.25,33.15,33.2,33.3,51.35,15.75,28323,953582.95
2014-05-21,32.5,34.9,32.5,33.3,34.35,34.3,51.35,15.75,9211,312854.65
2014-05-22,34.95,35.6,34.0,34.3,34.7,34.7,51.35,15.75,9045,314144.1
2014-06-30,32.65,32.65,32.65,31.1,32.65,32.65,51.35,15.75,1169,38167.85
2014-07-01,34.25,34.25,33.8,32.65,34.25,34.25,51.35,15.75,5589,191013.95
2014-07-02,35.85,35.9,32.9,34.25,34.25,34.3,51.35,15.75,9267,319527.75
2014-07-03,34.0,34.0,33.15,34.3,33.7,33.85,51.35,15.75,3643,122423.0
2014-07-04,35.0,35.0,33.0,33.85,33.2,33.2,51.35,15.75,2412,81482.55
2014-07-07,34.0,34.45,33.0,33.2,34.45,34.1,51.35,15.75,7499,253693.7
2014-07-08,33.55,33.8,33.0,34.1,33.1,33.05,51.35,15.75,5297,175791.3
2014-07-09,31.8,33.7,31.65,33.05,32.1,32.1,51.35,15.75,866,27852.7
2014-07-10,32.1,33.25,31.4,32.1,33.1,32.65,51.35,15.75,3206,104386.7
2014-07-11,34.25,34.25,31.05,32.65,31.05,31.25,51.35,15.75,10913,343309.5
2014-07-14,30.0,30.9,30.0,31.25,30.9,30.9,51.35,15.75,1174,35785.35
2014-07-15,30.4,31.5,30.4,30.9,31.5,31.5,51.35,15.75,1294,39921.6
2014-07-16,31.2,31.4,30.7,31.5,30.9,31.4,51.35,15.75,1345,41749.6
2014-07-17,31.1,31.5,30.55,31.4,31.5,31.3,51.35,15.75,2952,90814.75
2014-07-18,30.55,32.25,30.35,31.3,31.35,31.35,51.35,15.75,1559,48196.3
2014-07-21,32.0,32.0,30.95,31.35,31.7,31.45,51.35,15.75,5135,161974.0
2014-07-22,31.5,31.9,30.7,31.45,31.35,31.3,51.35,15.75,1305,40742.25
2014-07-23,31.0,31.0,30.5,31.3,30.5,30.5,51.35,15.75,4417,135667.3
2014-07-24,30.0,32.0,29.65,30.5,32.0,32.0,51.35,15.75,12730,405911.0
2014-07-25,32.1,32.3,30.4,32.0,31.5,31.45,51.35,15.75,4539,142573.4
2014-07-28,30.7,31.95,30.5,31.45,31.0,31.0,51.35,15.75,5089,158412.55
2014-07-30,30.2,31.45,30.2,31.0,31.0,31.0,51.35,15.75,424,13003.1
2014-07-31,30.5,31.5,30.5,31.0,31.0,31.0,51.35,15.75,1533,47837.75
2014-08-01,30.0,30.45,30.0,31.0,30.1,30.1,51.35,15.75,1569,47651.25
2014-08-04,31.9,32.1,31.0,30.1,31.6,31.15,51.35,15.75,5077,161249.2
2014-08-05,31.95,32.5,30.65,31.15,31.9,31.5,51.35,15.75,6315,200775.3
2014-08-06,31.9,32.45,31.45,31.5,31.9,31.5,51.35,15.75,2517,80052.6
2014-08-07,30.1,32.25,30.1,31.5,31.05,31.1,51.35,15.75,1216,37917.65
2014-08-08,30.3,33.9,30.3,31.1,31.35,30.85,51.35,15.75,24204,780159.1
2014-08-11,32.4,32.4,30.45,30.85,31.25,31.25,51.35,16.6,1361,41968.65
2014-08-12,29.05,31.65,29.05,31.25,30.4,29.8,51.35,16.6,1557,47128.4
2014-08-13,29.5,30.4,29.0,29.8,29.3,29.45,51.35,16.6,6435,188960.1
2014-08-14,28.2,29.75,28.2,29.45,29.1,29.35,51.35,16.6,4088,120583.85
2014-08-18,29.8,29.8,28.9,29.35,29.5,29.5,51.35,16.6,8304,241737.45
2014-08-19,29.5,30.85,29.5,29.5,30.0,30.0,51.35,16.6,2924,87609.65
2014-08-20,30.0,30.65,29.6,30.0,30.65,30.2,51.35,16.6,3566,107067.25
2014-08-21,29.65,30.6,29.25,30.2,29.3,29.3,51.35,16.6,1248,36738.2
2014-08-22,29.0,30.0,28.5,29.3,30.0,28.75,51.35,16.6,3465,99656.7
2014-08-25,28.55,29.5,28.55,28.75,29.4,28.95,51.35,17.25,2866,83025.6
2014-08-26,29.4,29.4,28.75,28.95,29.0,29.05,51.35,17.25,965,27925.5
2014-08-27,30.5,30.5,28.3,29.05,28.5,28.95,51.35,17.25,1525,44211.75
2014-08-28,28.75,30.4,28.75,28.95,29.05,29.05,51.35,17.25,395,11566.25
2014-09-01,28.5,28.95,28.25,29.05,28.95,28.55,51.35,17.65,98,2792.1
2014-09-02,28.4,30.5,28.4,28.55,29.0,29.45,51.35,17.65,7001,209035.35
2014-09-03,29.1,31.0,29.1,29.45,29.85,29.85,51.35,17.65,16501,502205.4
2014-09-04,29.55,32.8,29.5,29.85,30.05,30.1,51.35,17.65,12516,383801.4
2014-09-05,31.0,31.0,30.05,30.1,30.9,30.9,51.35,17.65,7972,244700.3
2014-09-08,31.0,33.9,30.85,30.9,32.05,32.5,51.35,18.2,17680,576943.65
2014-09-09,32.05,33.3,32.05,32.5,33.25,32.85,51.35,18.2,2238,72919.3
2014-09-10,32.15,33.0,32.05,32.85,32.2,32.2,51.35,18.2,3886,126812.5
2014-09-11,30.75,33.9,30.75,32.2,33.7,32.9,51.35,18.2,6657,219512.0
2014-09-12,33.5,38.0,32.55,32.9,37.05,37.3,51.35,18.2,36864,1319045.0
2014-09-15,36.8,42.0,36.7,37.3,40.5,40.25,51.35,19.0,43563,1759671.05
2014-09-16,43.5,48.3,42.05,40.25,43.5,43.05,51.35,19.0,256836,11869835.8
2014-09-17,44.8,45.05,36.55,43.05,38.05,38.15,51.35,19.0,81173,3184992.1
2014-09-18,37.0,42.2,37.0,38.15,39.5,39.65,51.35,19.0,29270,1178040.4
2014-09-19,39.0,40.5,37.25,39.65,37.85,38.7,51.35,19.0,20048,780516.85
2014-09-22,37.0,39.5,36.1,38.7,38.45,38.2,51.35,19.0,7463,286620.25
2014-09-23,35.65,39.0,34.05,38.2,34.15,35.45,51.35,19.0,7360,266675.05
2014-09-24,35.7,37.1,33.05,35.45,34.0,33.8,51.35,19.0,8560,293690.6
2014-09-25,34.0,36.85,32.25,33.8,32.75,32.65,51.35,19.0,7387,248013.3
2014-09-26,32.0,33.9,32.0,32.65,32.5,32.5,51.35,19.0,817,26596.7
2014-09-29,35.0,35.0,32.8,32.5,33.3,33.7,51.35,19.6,5422,182760.5
2014-09-30,33.0,35.0,33.0,33.7,33.9,33.9,51.35,19.6,2724,91146.75
2014-10-01,33.0,34.75,33.0,33.9,33.45,33.4,51.35,19.6,1516,51133.3
2014-10-07,34.95,34.95,32.25,33.4,32.6,32.6,51.35,21.6,1054,35413.25
2014-10-08,32.4,34.8,31.3,32.6,33.25,33.35,51.35,21.6,4668,152679.5
2014-10-09,33.8,34.0,32.4,33.35,32.65,32.75,51.35,21.6,5121,168592.7
2014-10-10,33.8,33.8,32.15,32.75,32.95,32.45,51.35,21.6,4442,144430.0
2014-10-13,32.4,34.0,32.0,32.45,32.55,32.8,51.35,21.6,4869,161415.45
2014-10-14,32.5,34.0,32.05,32.8,32.85,32.45,51.35,21.6,5004,162436.5
2014-10-16,32.85,32.85,32.2,32.45,32.3,32.3,51.35,21.6,1205,38913.1
2014-10-17,31.95,32.5,31.1,32.3,31.7,31.8,51.35,21.6,4775,153101.05
2014-10-20,31.75,32.75,31.75,31.8,32.75,32.75,48.3,21.6,2711,88316.55
2014-10-21,34.5,34.55,31.45,32.75,32.8,32.2,48.3,21.6,2862,93349.1
2014-10-22,33.7,33.7,31.55,32.2,33.0,32.9,48.3,21.6,5254,171453.15
2014-10-23,34.35,34.35,32.55,32.9,33.9,33.55,48.3,21.6,7393,248310.9
2014-10-27,33.5,35.0,33.5,33.55,34.0,34.0,48.3,21.6,5846,201745.7
2014-10-28,33.15,34.95,33.15,34.0,34.7,34.5,48.3,21.6,7369,254656.2
2014-10-29,34.95,35.1,33.55,34.5,34.2,33.7,48.3,21.6,4826,165618.95
2014-10-30,35.3,35.3,33.1,33.7,33.85,33.8,48.3,21.6,7863,264294.5
2014-10-31,33.0,35.4,32.6,33.8,35.0,34.65,48.3,21.6,3685,127834.3
2014-11-03,34.3,35.0,33.6,34.65,34.55,34.1,48.3,21.6,5857,203600.55
2014-11-05,36.0,36.0,33.2,34.1,35.65,35.4,48.3,21.6,7696,269469.25
2014-11-07,34.6,35.0,33.5,35.4,34.0,34.0,48.3,21.6,4916,167485.3
2014-11-10,36.4,36.4,33.2,34.0,34.0,34.0,48.3,21.6,4286,144906.85
2014-11-11,35.0,35.0,33.65,34.0,34.1,34.1,48.3,21.6,1111,37925.2
2014-11-12,35.0,35.0,33.05,34.1,33.05,33.15,48.3,21.6,9620,321917.65
2014-11-13,33.55,34.0,33.0,33.15,33.0,33.0,48.3,21.6,3930,131780.25
2014-11-14,34.0,34.0,32.4,33.0,33.0,32.6,48.3,21.6,1857,61660.55
2014-11-17,33.1,34.5,32.3,32.6,34.5,34.5,48.3,21.6,6136,204485.7
2014-11-18,34.5,36.0,33.05,34.5,33.15,33.2,48.3,21.6,9114,306072.05
2014-11-19,33.5,34.0,32.3,33.2,32.35,32.5,48.3,21.6,6658,220531.8
2014-11-20,32.25,32.85,32.0,32.5,32.85,32.45,48.3,21.6,1676,54354.55
2014-11-21,32.5,33.3,31.15,32.45,32.5,32.0,48.3,21.6,6043,193688.25
2014-11-24,32.0,32.65,31.2,32.0,31.4,31.6,48.3,21.6,1492,47330.1
2014-11-25,31.4,32.4,31.05,31.6,31.05,31.1,48.3,21.6,7474,233592.0
2014-11-26,31.8,32.6,31.5,31.1,31.5,31.6,48.3,21.6,1784,56514.55
2014-11-27,33.9,33.9,31.2,31.6,31.5,32.05,48.3,21.6,5080,160299.2
2014-11-28,31.5,32.55,31.05,32.05,31.05,31.15,48.3,21.6,6112,191108.2
2014-12-01,31.05,31.9,30.0,31.15,30.5,30.4,48.3,21.6,4433,136638.4
2014-12-02,30.0,32.95,30.0,30.4,31.2,31.1,48.3,21.6,2406,73279.45
2014-12-03,31.0,32.45,30.05,31.1,31.1,31.1,48.3,21.6,1920,60923.6
2014-12-04,32.55,32.55,30.5,31.1,30.6,31.15,48.3,21.6,1267,39304.1
2014-12-05,31.0,31.55,30.7,31.15,31.05,31.0,48.3,21.6,2618,81286.2
2014-12-08,30.1,31.5,30.1,31.0,30.8,30.8,48.3,21.6,265,8306.85
2014-12-09,30.55,31.0,30.4,30.8,30.5,30.55,48.3,21.6,2073,63393.15
2014-12-10,30.9,31.9,30.25,30.55,30.9,30.9,48.3,21.6,1392,43245.15
2014-12-11,31.5,31.5,30.2,30.9,30.2,30.2,48.3,21.6,751,23477.5
2014-12-12,29.5,32.0,29.3,30.2,32.0,31.7,48.3,21.6,2423,75161.9
2014-12-15,30.5,30.85,30.05,31.7,30.05,30.15,48.3,21.6,2474,74835.7
2014-12-16,31.9,31.9,29.0,30.15,29.4,29.1,48.3,21.6,1888,55874.8
2014-12-17,28.35,30.95,28.0,29.1,30.0,29.65,48.3,21.6,941,27107.6
2014-12-18,29.35,30.0,29.0,29.65,29.65,29.55,48.3,21.6,2526,74327.25
2014-12-19,29.45,31.5,29.3,29.55,31.0,30.65,48.3,21.6,2352,72287.95
2014-12-22,30.0,31.45,29.5,30.65,30.55,30.5,48.3,21.6,903,27313.4
2014-12-23,30.0,31.4,29.0,30.5,29.5,29.7,48.3,21.6,1405,43070.55
2014-12-24,29.65,29.65,26.5,29.7,29.15,28.85,48.3,21.6,11713,331600.5
2014-12-26,28.0,31.6,27.5,28.85,31.4,31.4,48.3,21.6,4770,143881.85
2014-12-29,31.45,31.6,28.65,31.4,31.6,31.4,48.3,21.6,8228,253629.2
2014-12-30,31.4,31.95,30.2,31.4,30.35,30.3,48.3,21.6,3345,103856.15
2014-12-31,30.3,30.5,30.0,30.3,30.0,30.0,48.3,21.6,3694,111198.5
2015-01-01,30.0,31.7,29.1,30.0,31.7,31.65,48.3,21.6,4332,134540.3
2015-01-02,31.0,32.5,30.0,31.65,31.05,31.05,48.3,21.6,2849,90594.9
2015-01-05,30.0,31.9,29.4,31.05,30.65,30.65,48.3,21.6,521,15995.3
2015-01-06,32.0,32.35,30.1,30.65,31.8,31.05,48.3,21.6,1338,41664.55
2015-01-07,30.05,30.5,30.0,31.05,30.0,30.1,48.3,21.6,1046,31476.7
2015-01-08,32.05,32.05,30.15,30.1,30.75,30.65,48.3,21.6,1979,60310.3
2015-01-09,30.6,32.0,29.9,30.65,32.0,31.0,48.3,21.6,4953,152933.3
2015-01-12,30.3,30.5,30.0,31.0,30.1,30.1,48.3,21.6,1026,31068.9
2015-01-13,29.5,34.6,29.2,30.1,32.7,32.65,48.3,21.6,23896,766693.6
2015-01-14,32.15,34.2,31.55,32.65,31.7,32.0,48.3,21.6,13558,449641.35
2015-01-15,33.7,33.7,30.9,32.0,30.9,31.2,48.3,21.6,2049,65467.15
2015-01-16,31.0,32.4,31.0,31.2,32.0,31.75,48.3,21.6,1314,41898.3
2015-01-19,30.35,35.8,30.35,31.75,32.0,31.85,48.3,21.6,21984,718930.2
2015-01-20,31.0,33.55,31.0,31.85,33.0,32.9,48.3,21.6,6013,197970.6
2015-01-21,33.0,33.25,32.2,32.9,32.6,32.35,48.3,21.6,7764,252556.45
2015-01-22,32.0,33.0,31.7,32.35,31.7,31.7,48.3,21.6,3662,117355.8
2015-01-23,33.6,33.6,30.6,31.7,31.25,31.35,48.3,21.6,3366,105639.25
2015-01-27,31.05,32.0,30.5,31.35,30.55,30.6,48.3,21.6,3080,95457.35
2015-01-28,34.85,34.85,30.25,30.6,30.25,30.35,48.3,21.6,2160,66079.7
2015-01-29,30.25,30.95,30.0,30.35,30.05,30.4,48.3,21.6,3751,113990.1
2015-01-30,30.25,31.9,30.1,30.4,31.35,31.1,48.3,21.6,15237,472890.7
2015-02-02,30.3,32.25,30.3,31.1,31.0,31.0,48.3,21.6,3439,106807.35
2015-02-03,32.45,32.5,30.15,31.0,30.8,30.8,48.3,21.6,2210,68231.15
2015-02-04,30.5,32.15,30.5,30.8,31.0,30.55,48.3,21.6,5270,163926.85
2015-02-05,30.55,32.0,30.55,30.55,31.05,31.1,48.3,21.6,4067,127757.7
2015-02-06,30.55,30.55,30.1,31.1,30.3,30.25,48.3,21.6,2486,75282.65
2015-02-09,30.25,32.75,29.0,30.25,29.4,29.6,48.3,21.6,9668,291552.45
2015-02-10,29.4,30.5,29.3,29.6,29.95,29.9,48.3,21.6,2834,84553.2
2015-02-11,30.4,30.4,29.8,29.9,29.8,29.8,48.3,21.6,572,17167.2
2015-02-12,30.5,31.6,29.35,29.8,30.0,30.05,48.3,21.6,2629,80314.15
2015-02-13,30.6,30.9,29.7,30.05,30.1,30.25,48.3,21.6,824,24942.05
2015-02-16,30.2,31.1,29.75,30.25,30.0,30.05,48.3,21.6,2050,61732.15
2015-02-18,29.3,30.95,29.3,30.05,29.85,30.1,48.3,21.6,2610,79020.6
2015-02-19,31.85,31.85,29.4,30.1,30.1,30.1,48.3,21.6,1538,46240.55
2015-02-20,29.6,30.85,29.6,30.1,29.9,29.9,48.3,21.6,1792,53861.5
2015-02-23,32.75,32.75,29.65,29.9,30.1,30.0,48.3,21.6,2131,64355.7
2015-02-24,30.05,31.8,29.9,30.0,30.2,30.1,48.3,21.6,3307,100428.4
2015-02-25,30.8,30.85,29.65,30.1,30.0,30.0,48.3,21.6,661,20145.3
2015-02-26,29.5,30.45,28.65,30.0,28.65,28.85,48.3,21.6,2529,74037.75
2015-02-27,28.75,29.95,28.0,28.85,28.75,28.75,48.3,21.6,1909,55616.2
2015-02-28,28.65,30.35,28.65,28.75,29.35,29.1,48.3,21.6,1535,44956.5
2015-03-02,31.7,31.7,28.5,29.1,29.85,29.85,48.3,21.6,1209,35731.1
2015-03-03,29.05,29.9,29.0,29.85,29.9,29.9,48.3,21.6,949,27695.75
2015-03-04,30.9,30.9,29.15,29.9,29.35,29.6,48.3,21.6,2216,66536.55
2015-03-05,30.4,30.5,29.05,29.6,29.05,29.05,48.3,21.6,2221,64963.2
2015-03-09,29.85,30.0,29.0,29.05,30.0,29.9,48.3,22.05,4432,131156.25
2015-03-10,29.35,32.9,29.3,29.9,29.65,29.65,48.3,22.05,13470,417651.8
2015-03-11,29.0,32.85,28.0,29.65,31.25,30.65,48.3,22.05,9628,297626.7
2015-03-12,31.0,32.5,29.25,30.65,29.25,29.55,48.3,22.05,2554,77491.75
2015-03-13,30.0,30.4,29.3,29.55,29.8,29.3,48.3,22.05,1436,42307.05
2015-03-16,29.0,30.25,29.0,29.3,29.15,29.15,48.3,22.05,716,20845.75
2015-03-17,29.15,31.5,28.2,29.15,30.0,30.0,48.3,22.05,9433,274490.7
2015-03-18,29.5,29.5,28.4,30.0,29.4,29.25,48.3,22.05,480,13805.35
2015-03-19,28.25,29.85,28.25,29.25,29.6,29.25,48.3,22.05,2616,76046.75
2015-03-20,28.9,29.2,27.6,29.25,29.2,27.7,48.3,22.05,547,15327.55
2015-03-23,31.85,31.85,27.05,27.7,27.9,27.35,48.3,22.2,1986,54441.7
2015-03-24,28.0,31.5,26.7,27.35,26.75,26.9,48.3,22.2,4108,113396.0
2015-03-25,27.0,27.0,26.3,26.9,26.5,26.5,48.3,22.2,913,24210.0
2015-03-26,26.65,27.25,26.15,26.5,26.15,26.15,48.3,22.2,1562,41226.8
2015-03-27,28.0,28.0,26.0,26.15,26.0,26.0,48.3,22.2,392,10228.9
2015-03-30,29.0,29.0,26.5,26.0,26.5,26.5,48.3,23.1,415,11011.35
2015-03-31,26.25,29.9,26.25,26.5,29.0,28.7,48.3,23.1,3001,86731.4
2015-04-01,28.1,30.25,28.1,28.7,30.25,30.15,48.3,23.1,6981,208673.0
2015-04-06,30.1,36.15,30.1,30.15,36.15,36.15,48.3,23.1,31097,1092880.15
2015-04-07,38.0,39.45,36.3,36.15,36.45,36.7,48.3,23.1,23628,891525.95
2015-04-08,35.1,35.4,33.6,36.7,34.35,34.45,48.3,23.1,32556,1116410.05
2015-04-09,32.45,35.8,32.45,34.45,34.1,33.95,48.3,23.1,3062,104696.05
2015-04-10,34.9,35.9,33.65,33.95,34.15,34.4,48.3,23.1,2416,84197.0
2015-04-13,34.1,35.1,33.65,34.4,33.75,33.75,48.3,24.25,4322,147163.2
2015-04-15,32.9,36.4,32.75,33.75,34.6,34.55,48.3,24.25,10960,384246.45
2015-04-16,36.0,36.0,33.65,34.55,34.0,34.0,48.3,24.25,4399,153628.55
2015-04-17,36.4,36.4,32.65,34.0,34.9,34.15,48.3,24.25,3365,115569.45
2015-04-20,35.4,35.4,32.3,34.15,33.1,32.6,48.3,24.25,2792,91602.95
2015-04-21,34.9,34.9,32.3,32.6,33.05,33.05,48.3,24.25,3062,102170.25
2015-04-22,34.4,35.75,31.0,33.05,32.2,31.45,48.3,24.25,6164,200118.2
2015-04-23,32.9,32.9,30.25,31.45,30.25,30.75,48.3,24.25,2233,69127.95
2015-04-24,32.9,32.9,30.65,30.75,31.0,31.7,48.3,24.25,165,5233.6
2015-04-27,32.85,32.85,29.85,31.7,31.0,30.15,48.3,24.25,2599,80408.85
2015-04-28,29.0,31.0,28.55,30.15,30.35,30.0,48.3,24.25,1827,54303.9
2015-04-29,30.9,30.9,29.1,30.0,29.5,29.5,48.3,24.25,1253,36820.95
2015-04-30,28.05,30.4,28.0,29.5,28.5,28.55,48.3,24.25,3141,92022.7
2015-05-04,32.45,32.45,29.4,28.55,29.45,30.4,48.3,24.25,2130,65076.35
2015-05-05,32.45,32.45,29.75,30.4,31.25,31.25,48.3,24.25,2073,64895.0
2015-05-06,28.75,32.35,28.75,31.25,28.9,29.5,48.3,24.25,2700,80182.45
2015-05-07,28.15,30.05,28.15,29.5,28.3,28.35,48.3,24.25,3664,105740.2
2015-05-08,31.0,31.0,28.7,28.35,28.7,28.7,48.3,24.25,126,3659.0
2015-05-11,30.25,30.25,28.6,28.7,28.9,28.9,48.3,26.0,3988,118911.4
2015-05-12,30.85,30.85,27.4,28.9,28.7,28.25,48.3,26.0,3809,109319.45
2015-05-14,28.55,28.55,28.55,28.8,28.55,28.55,48.3,26.0,150,4282.5
2015-05-15,28.4,29.95,28.4,28.55,28.8,28.8,48.3,26.0,141,4051.75
2015-05-18,30.95,30.95,28.5,28.8,29.3,28.8,48.3,26.0,4117,120052.55
2015-05-19,28.8,29.0,28.25,28.8,28.5,28.5,48.3,26.0,3706,106391.9
2015-05-20,29.95,34.2,29.95,28.5,34.2,34.2,48.3,26.0,42300,1411610.35
2015-05-21,35.1,35.7,31.0,34.2,31.9,31.9,48.3,26.0,41829,1395783.3
2015-05-22,30.8,31.6,30.2,31.9,31.0,31.2,48.3,26.0,908,28017.05
2015-05-25,30.2,31.45,29.8,31.2,30.8,30.05,48.3,26.0,2152,65211.8
2015-05-26,30.0,30.85,29.45,30.05,29.5,29.5,48.3,26.0,1812,54279.6
2015-05-27,28.0,29.45,27.05,29.5,28.5,28.55,48.3,26.0,5394,153867.55
2015-05-28,28.2,30.4,28.2,28.55,30.0,29.65,48.3,26.0,1226,35517.5
2015-05-29,28.05,29.85,28.05,29.65,28.6,28.95,48.3,26.0,716,20831.0
2015-06-01,29.2,29.95,28.25,28.95,29.0,28.9,48.3,26.0,2280,66251.9
2015-06-02,31.0,31.0,28.5,28.9,28.5,28.55,48.3,26.0,1705,48989.55
2015-06-03,28.35,28.45,24.75,28.55,27.4,26.6,48.3,24.75,7565,199359.15
2015-06-04,28.4,28.4,25.5,26.6,27.0,27.0,48.3,24.75,1922,51699.85
2015-06-05,26.25,27.6,25.25,27.0,27.45,26.65,48.3,24.75,2127,56248.15
2015-06-08,27.0,27.45,26.2,26.65,27.3,27.2,48.3,24.75,938,25069.6
2015-06-09,26.25,27.45,26.1,27.2,27.0,26.55,48.3,24.75,1842,48960.75
2015-06-10,26.3,28.6,26.25,26.55,28.45,28.15,48.3,24.75,3426,94996.25
2015-06-11,30.0,30.0,26.9,28.15,28.0,27.1,48.3,24.75,1223,33203.0
2015-06-12,26.65,27.2,25.55,27.1,26.9,26.8,48.3,24.75,3881,102980.9
2015-06-15,28.5,28.5,26.6,26.8,27.5,27.5,48.3,24.75,1188,32800.4
2015-06-16,32.7,33.0,30.0,27.5,33.0,33.0,48.3,24.75,159536,5189204.95
2015-06-17,35.2,37.55,33.15,33.0,34.05,34.2,48.3,24.75,310222,11095425.4
2015-06-18,33.9,34.0,31.8,34.2,32.3,32.6,48.3,24.75,30485,992466.2
2015-06-19,32.0,33.0,29.65,32.6,30.25,30.2,48.3,24.75,24369,742442.4
2015-06-22,30.5,30.55,29.25,30.2,30.25,30.1,48.3,24.75,16754,504654.05
2015-06-23,29.15,32.0,29.15,30.1,29.85,30.1,48.3,24.75,14696,442670.15
2015-06-24,30.9,32.1,29.65,30.1,30.0,30.05,48.3,24.75,12064,374094.9
2015-06-25,30.9,31.0,29.35,30.05,29.6,30.0,48.3,24.75,5800,176601.7
2015-06-26,30.9,32.8,29.9,30.0,31.35,31.45,48.3,24.75,16472,518334.85
2015-06-29,31.0,31.0,29.35,31.45,30.0,30.1,48.3,24.75,6584,196909.85
2015-06-30,30.05,32.5,29.95,30.1,30.1,30.25,48.3,24.75,8988,278390.8
2015-07-01,31.95,31.95,30.3,30.25,30.95,30.75,48.3,24.75,3623,111205.9
2015-07-02,29.6,30.85,29.6,30.75,30.0,30.05,48.3,24.75,5344,161843.1
2015-07-03,31.9,31.9,30.3,30.05,31.0,30.75,48.3,24.75,7205,222525.15
2015-07-06,29.85,30.7,29.2,30.75,30.05,30.25,48.3,24.75,4821,145689.75
2015-07-07,30.15,32.0,30.1,30.25,32.0,31.75,48.3,24.75,5640,176793.1
2015-07-08,31.95,32.0,30.1,31.75,31.0,31.0,48.3,24.75,274,8553.05
2015-07-09,31.0,31.8,30.8,31.0,31.15,31.1,48.3,24.75,7063,220972.8
2015-07-10,31.15,31.8,30.8,31.1,30.8,31.2,48.3,24.75,2661,82911.55
2015-07-13,29.65,32.5,29.65,31.2,32.5,31.85,48.3,24.75,3823,120443.2
2015-07-14,33.65,33.65,31.55,31.85,31.6,31.65,48.3,24.75,5104,162512.6
2015-07-15,30.4,32.0,30.4,31.65,31.0,31.0,48.3,24.75,283,8882.75
2015-07-16,31.85,33.0,31.25,31.0,31.9,31.35,48.3,24.75,12125,387695.75
2015-07-17,32.7,32.7,31.25,31.35,32.0,31.95,48.3,24.75,1381,44220.95
2015-07-20,31.1,31.45,29.65,31.95,30.75,30.75,48.3,24.75,4918,150930.2
2015-07-21,31.95,31.95,29.0,30.75,29.4,29.7,48.3,24.75,5371,159758.6
2015-07-22,30.4,30.75,29.6,29.7,30.4,30.0,48.3,24.75,5845,175679.05
2015-07-23,30.0,30.6,29.35,30.0,30.1,30.1,48.3,24.75,8530,254634.45
2015-07-24,31.7,31.7,29.7,30.1,29.7,29.75,48.3,24.75,752,22640.25
2015-07-27,31.85,31.85,29.55,29.75,30.0,29.85,48.3,24.75,340,10208.15
2015-07-28,29.2,30.8,29.2,29.85,30.5,30.35,48.3,24.75,1624,49156.2
2015-07-29,30.0,30.5,29.25,30.35,29.25,29.35,48.3,24.75,8613,256302.2
2015-07-30,31.6,31.6,29.35,29.35,30.25,30.25,48.3,24.75,3624,111899.25
2015-07-31,29.95,30.9,29.95,30.25,30.0,30.15,48.3,24.75,1356,40929.1
2015-08-03,29.5,30.9,27.65,30.15,29.5,29.25,48.3,24.75,8617,255950.1
2015-08-04,30.8,30.8,29.45,29.25,29.7,30.1,48.3,24.75,1191,35770.95
2015-08-06,31.4,31.4,30.7,30.85,30.9,30.95,48.3,24.75,6243,194179.2
2015-08-07,32.5,32.5,30.3,30.95,31.4,31.2,48.3,24.75,2565,79276.1
2015-08-10,30.45,31.0,30.45,31.2,30.5,30.6,48.3,24.75,611,18743.45
2015-08-11,30.3,30.3,29.05,30.6,29.3,29.55,48.3,24.75,4699,138492.8
2015-08-12,32.0,32.0,25.2,29.55,28.55,28.6,48.3,24.75,23048,650871.7
2015-08-13,29.0,29.85,28.2,28.6,29.0,28.75,48.3,24.75,5714,164928.1
2015-08-14,30.75,30.75,28.5,28.75,29.4,29.0,48.3,24.75,4942,142268.55
2015-08-17,28.65,29.85,28.65,29.0,29.0,29.25,48.3,24.75,1697,49335.6
2015-08-18,28.9,29.5,28.6,29.25,29.2,29.1,48.3,24.75,3564,103296.15
2015-08-19,30.0,30.3,28.7,29.1,29.0,29.25,48.3,24.75,2069,61453.6
2015-08-20,31.6,31.75,28.65,29.25,28.65,28.65,48.3,24.75,839,25019.6
2015-08-21,28.7,30.0,28.65,28.65,29.7,29.8,48.3,24.75,4125,122259.7
2015-08-24,29.0,29.0,25.7,29.8,26.0,26.6,48.3,24.75,9389,255521.4
2015-08-25,26.75,26.95,25.5,26.6,25.5,25.9,48.3,24.75,1844,47447.75
2015-08-26,26.0,27.0,26.0,25.9,26.1,26.1,48.3,24.75,920,23983.65
2015-08-27,26.35,27.7,26.35,26.1,27.65,27.65,48.3,24.75,1170,31674.5
2015-08-28,27.5,28.9,26.35,27.65,26.85,26.6,48.3,24.75,3264,91291.45
2015-08-31,27.05,28.7,27.05,26.6,28.7,28.25,48.3,24.75,4231,117749.25
2015-09-01,27.8,27.8,27.15,28.25,27.5,27.5,48.3,24.75,2043,55750.1
2015-09-02,29.65,29.65,27.15,27.5,29.3,29.05,48.3,24.75,3311,94966.4
2015-09-03,30.4,30.4,28.15,29.05,28.3,28.3,48.3,24.75,3951,113721.25
2015-09-04,29.7,29.7,26.2,28.3,28.0,27.85,48.3,24.75,898,24311.55
2015-09-07,29.4,29.4,27.7,27.85,27.85,27.85,48.3,24.75,905,25513.5
2015-09-08,27.4,29.2,26.0,27.85,27.0,26.95,48.3,24.75,4423,116743.55
2015-09-09,28.45,31.0,26.75,26.95,28.5,28.65,48.3,24.75,10344,300951.7
2015-09-10,28.0,29.0,27.1,28.65,28.0,28.0,48.3,24.75,1598,44580.7
2015-09-11,29.8,32.3,28.5,28.0,30.4,30.15,48.3,24.75,32767,1005504.2
2015-09-14,30.7,32.4,28.8,30.15,29.5,29.5,48.3,24.75,19266,593244.95
2015-09-15,30.0,30.0,29.5,29.5,29.5,29.5,48.3,24.75,1254,37125.3
2015-09-16,30.0,30.0,28.6,29.5,29.2,29.0,48.3,24.75,3904,114289.95
2015-09-18,30.0,30.0,28.6,29.0,29.3,29.0,48.3,24.75,6200,180260.8
2015-09-21,28.85,29.15,28.8,29.0,28.85,28.85,39.5,24.75,225,6514.75
2015-09-22,30.25,30.4,28.15,28.85,29.4,29.4,39.5,24.75,1985,58791.5
2015-09-23,29.0,29.4,28.6,29.4,29.0,28.95,39.5,24.75,707,20428.2
2015-09-24,28.75,29.5,28.55,28.95,29.4,28.55,39.5,24.75,3089,88741.55
2015-09-28,29.0,29.45,28.5,28.55,29.3,29.05,39.45,24.75,1059,30511.0
2015-09-29,28.6,29.8,28.15,29.05,29.8,29.25,39.45,24.75,3458,99840.9
2015-09-30,29.5,30.0,28.55,29.25,29.15,29.0,39.45,24.75,8834,258243.6
2015-10-01,30.0,30.9,29.4,29.0,30.9,30.6,39.45,24.75,12365,375042.2
2015-10-05,32.0,32.0,29.5,30.6,30.45,29.9,39.45,24.75,4210,127683.65
2015-10-06,30.85,30.85,29.55,29.9,30.1,30.1,39.45,24.75,950,28713.65
2015-10-07,29.55,30.35,29.5,30.1,29.5,29.5,39.45,24.75,566,16947.15
2015-10-08,31.5,32.0,30.15,29.5,30.6,30.55,39.45,24.75,11890,369697.5
2015-10-09,33.0,36.65,33.0,30.55,36.65,36.65,39.45,24.75,303325,10986095.7
2015-10-12,37.0,37.9,34.05,36.65,34.25,34.45,39.45,24.75,74792,2667636.25
2015-10-13,34.25,35.95,33.7,34.45,33.8,34.4,39.45,24.75,17181,595075.5
2015-10-14,34.0,34.6,33.0,34.4,34.0,34.0,39.45,24.75,6072,205718.1
2015-10-15,34.0,34.55,32.4,34.0,32.55,32.6,39.45,24.75,7568,252406.6
2015-10-16,33.15,33.4,32.1,32.6,32.6,32.7,39.45,24.75,6843,225062.85
2015-10-19,33.0,33.0,32.05,32.7,32.35,32.45,39.45,24.75,6281,204431.45
2015-10-20,34.0,34.0,32.1,32.45,32.5,32.55,39.45,24.75,3093,100855.9
2015-10-21,34.0,34.0,32.25,32.55,32.6,32.45,39.45,24.75,3493,114577.55
2015-10-23,32.35,32.75,31.55,32.45,32.3,32.35,39.45,24.75,2900,93990.15
2015-10-26,32.35,32.35,30.45,32.35,31.8,31.7,39.45,24.75,15641,492987.1
2015-10-27,31.7,32.3,31.3,31.7,32.15,32.05,39.45,24.75,8925,282650.25
2015-10-28,32.05,32.15,31.55,32.05,32.05,32.0,39.45,24.75,1656,52933.65
2015-10-29,31.6,32.4,31.6,32.0,31.7,31.7,39.45,24.75,282,8999.3
2015-10-30,32.05,33.0,31.8,31.7,32.7,32.6,39.45,24.75,3858,125223.5
2015-11-02,36.5,39.1,34.05,32.6,39.1,39.1,39.45,24.75,193887,7374880.45
2015-11-03,41.05,46.9,40.1,39.1,46.9,46.9,46.9,24.75,372216,16913012.6
2015-11-04,50.9,51.55,42.25,46.9,42.25,42.25,51.55,24.75,839490,40949095.75
2015-11-05,39.7,41.2,38.3,42.25,39.75,39.45,51.55,24.75,192362,7654449.0
2015-11-06,40.0,40.9,35.6,39.45,35.8,36.35,51.55,24.75,40136,1520713.55
2015-11-09,35.0,35.95,34.55,36.35,34.55,34.55,51.55,24.75,30786,1075811.0
2015-11-10,35.95,35.95,32.85,34.55,33.7,32.95,51.55,24.75,31608,1055262.5
2015-11-11,34.4,34.4,32.1,32.95,32.35,32.8,51.55,24.75,11127,368833.6
2015-11-13,32.1,33.2,31.25,32.8,31.55,31.4,51.55,24.75,21898,693099.6
2015-11-16,32.9,32.9,31.05,31.4,31.6,31.85,51.55,24.75,14453,461402.1
2015-11-17,31.55,32.9,30.4,31.85,31.0,30.85,51.55,24.75,19698,615155.65
2015-11-18,31.8,32.35,30.75,30.85,31.5,31.2,51.55,24.75,44774,1415809.05
2015-11-19,32.35,32.35,30.1,31.2,30.6,30.55,51.55,24.75,11552,358440.0
2015-11-20,31.8,31.8,30.05,30.55,30.35,30.55,51.55,24.75,14558,443718.15
2015-11-23,30.05,30.55,29.45,30.55,29.95,29.85,51.55,24.75,8299,249119.4
2015-11-24,30.95,30.95,29.6,29.85,29.8,29.7,51.55,24.75,16531,492674.9
2015-11-26,30.0,31.15,28.3,29.7,31.15,31.15,51.55,24.75,62504,1923772.6
2015-11-27,31.5,31.55,30.6,31.15,31.05,31.15,51.55,24.75,14865,463051.5
2015-11-30,31.05,32.0,31.05,31.15,31.75,31.65,51.55,24.75,6567,206544.85
2015-12-01,32.7,32.7,31.1,31.65,31.7,31.7,51.55,24.75,6221,196836.3
2015-12-02,31.15,31.9,30.55,31.7,31.35,31.45,51.55,24.75,6752,212202.95
2015-12-03,30.6,33.0,30.3,31.45,32.55,32.7,51.55,24.75,55097,1790672.4
2015-12-04,32.0,35.9,31.35,32.7,33.65,33.5,51.55,24.75,33159,1121917.45
2015-12-07,34.5,35.6,32.55,33.5,33.15,33.15,51.55,24.75,15242,521262.4
2015-12-08,32.5,33.65,32.0,33.15,32.0,32.05,51.55,24.75,6263,203444.85
2015-12-09,32.1,32.1,30.05,32.05,30.85,30.7,51.55,24.75,5090,157759.65
2015-12-10,30.35,31.25,30.25,30.7,30.6,30.6,51.55,24.75,1643,50572.75
2015-12-11,30.5,32.4,29.8,30.6,30.45,30.1,51.55,24.75,5660,174357.35
2015-12-14,31.8,31.8,28.5,30.1,29.75,29.55,51.55,24.75,7346,215927.55
2015-12-15,30.35,31.35,29.6,29.55,30.0,29.75,51.55,24.75,5270,159078.2
2015-12-16,31.35,31.35,29.3,29.75,30.0,30.0,51.55,24.75,7774,234138.35
2015-12-17,31.0,31.0,29.5,30.0,30.9,30.4,51.55,24.75,4888,148385.05
2015-12-18,30.75,30.75,30.1,30.4,30.1,30.3,51.55,24.75,3058,92978.35
2015-12-21,31.0,32.75,30.0,30.3,30.0,30.1,51.55,24.75,5603,172585.05
2015-12-22,31.0,31.95,30.05,30.1,30.4,30.4,51.55,24.75,10159,314833.15
2015-12-23,31.4,31.9,30.6,30.4,30.65,30.65,51.55,24.75,8025,249208.8
2015-12-24,30.05,31.0,30.05,30.65,30.9,30.85,51.55,24.75,14558,446811.05
2015-12-28,30.55,32.1,30.55,30.85,31.35,31.35,51.55,24.75,3910,122437.45
2015-12-29,32.4,34.45,32.4,31.35,34.45,34.45,51.55,24.75,50303,1703476.2
2015-12-30,34.3,36.0,33.0,34.45,33.1,33.35,51.55,24.75,28387,983723.35
2015-12-31,33.55,34.5,31.9,33.35,33.15,33.25,51.55,24.75,9355,310082.2
2016-01-01,33.0,36.0,33.0,33.25,35.05,34.95,51.55,24.75,19880,697709.15
2016-01-04,36.0,41.9,33.2,34.95,41.9,40.8,51.55,24.75,171165,6702428.7
2016-01-05,42.85,43.65,37.1,40.8,38.95,38.8,51.55,24.75,119967,4849152.55
2016-01-06,38.25,39.65,35.6,38.8,36.0,36.4,51.55,24.75,45178,1693377.0
2016-01-07,35.6,36.25,33.6,36.4,34.15,34.15,51.55,24.75,23152,795209.35
2016-01-08,34.95,35.8,34.2,34.15,34.2,34.6,51.55,24.75,11183,389315.55
2016-01-11,33.35,37.25,33.35,34.6,35.95,36.0,51.55,24.75,18231,649767.45
2016-01-12,36.0,36.9,34.0,36.0,34.6,34.1,51.55,24.75,11449,399680.55
2016-01-13,35.5,36.0,31.25,34.1,33.0,33.2,51.55,24.75,7805,257487.65
2016-01-14,33.8,36.2,31.95,33.2,33.65,33.8,51.55,24.75,23254,798523.05
2016-01-15,33.3,35.45,32.1,33.8,32.2,32.7,51.55,24.75,21341,723139.9
2016-01-18,32.0,32.0,30.1,32.7,31.0,30.65,51.55,24.75,12827,399696.05
2016-01-19,30.0,32.2,29.75,30.65,32.2,31.7,51.55,24.75,4462,139214.05
2016-01-20,31.0,31.0,29.6,31.7,30.1,29.95,51.55,24.75,7323,221242.2
2016-01-21,30.2,31.45,29.4,29.95,30.0,30.0,51.55,24.75,6314,191386.65
2016-01-22,30.8,35.6,30.25,30.0,32.3,32.6,51.55,24.75,110591,3728684.0
2016-01-25,32.3,34.0,32.3,32.6,33.0,33.5,51.55,24.75,10917,361728.45
2016-01-27,32.55,33.95,32.55,33.5,32.7,33.0,51.55,24.75,2178,71799.35
2016-01-28,34.2,34.2,32.0,33.0,33.4,32.7,51.55,24.75,4835,159425.85
2016-01-29,33.8,34.1,33.0,32.7,34.05,34.05,51.55,24.75,8058,273144.45
2016-02-01,33.0,38.0,33.0,34.05,35.8,35.5,51.55,24.75,53628,1934862.95
2016-02-02,36.0,36.25,34.3,35.5,35.0,34.95,51.55,24.75,8931,315167.05
2016-02-03,35.0,35.0,32.2,34.95,32.7,33.05,51.55,24.75,3361,111983.5
2016-02-04,33.25,35.25,32.3,33.05,32.6,32.45,51.55,24.75,20575,695097.6
2016-02-05,33.3,33.3,32.5,32.45,33.2,32.95,51.55,24.75,1043,34093.2
2016-02-08,33.2,33.95,31.0,32.95,32.0,32.1,51.55,24.75,5930,194677.0
2016-02-09,32.4,32.6,31.2,32.1,32.6,32.6,51.55,24.75,20656,663366.95
2016-02-10,31.3,31.95,30.5,32.6,31.0,30.9,51.55,24.75,4734,146735.35
2016-02-11,31.8,33.65,30.0,30.9,30.2,30.05,51.55,24.75,7426,227549.6
2016-02-12,29.5,29.9,26.4,30.05,27.25,27.35,51.55,24.75,22076,618862.8
2016-02-15,27.55,30.5,27.5,27.35,29.0,29.1,51.55,24.75,6076,176867.55
2016-02-16,29.25,29.4,28.5,29.1,28.75,28.75,51.55,24.75,1941,55972.4
2016-02-17,29.55,29.55,27.55,28.75,27.8,27.85,51.55,24.75,7199,199253.4
2016-02-18,29.0,29.95,28.55,27.85,28.75,28.75,51.55,24.75,2108,61930.75
2016-02-19,28.9,29.05,28.65,28.75,29.0,29.0,51.55,24.75,1390,40245.0
2016-02-22,29.75,33.8,28.8,29.0,31.95,31.7,51.55,24.75,68857,2181427.45
2016-02-23,32.05,32.45,29.7,31.7,30.6,30.75,51.55,24.75,6375,198050.45
2016-02-24,31.0,31.0,29.15,30.75,29.8,29.45,51.55,24.75,2713,80428.55
2016-02-25,29.2,29.9,29.1,29.45,29.75,29.7,51.55,24.75,2305,67786.05
2016-02-26,29.5,29.5,28.8,29.7,28.8,28.95,51.55,24.75,1380,40234.3
2016-02-29,28.4,29.65,27.5,28.95,28.1,28.25,51.55,24.75,5856,165127.95
2016-03-01,30.0,30.0,28.5,28.25,29.0,29.0,51.55,24.75,6861,197926.1
2016-03-02,29.0,31.9,29.0,29.0,29.9,29.9,51.55,24.75,10526,315417.25
2016-03-03,30.85,30.85,29.65,29.9,30.35,30.35,51.55,24.75,5578,167443.1
2016-03-04,30.8,35.7,29.5,30.35,31.55,32.35,51.55,24.75,86818,2895237.3
2016-03-08,34.95,34.95,30.7,32.35,31.0,31.0,51.55,24.75,19606,622686.5
2016-03-09,31.0,32.75,30.6,31.0,32.0,32.05,51.55,24.75,9692,307901.9
2016-03-10,32.1,33.0,31.2,32.05,31.3,31.7,51.55,24.75,20396,657563.6
2016-03-11,32.5,35.0,31.2,31.7,33.3,33.2,51.55,24.75,91607,3098555.6
2016-03-14,33.5,34.95,32.8,33.2,33.0,33.1,51.55,24.75,9240,311116.0
2016-03-15,32.7,33.5,32.2,33.1,32.2,32.2,51.55,24.75,3159,103558.7
2016-03-16,32.0,32.3,31.6,32.2,31.85,32.1,51.55,24.75,2772,88019.95
2016-03-17,32.0,32.8,32.0,32.1,32.0,32.1,51.55,24.75,3450,111313.3
2016-03-18,33.0,33.0,31.5,32.1,31.8,31.85,51.55,24.75,2045,65467.7
2016-03-21,31.55,34.5,31.55,31.85,32.9,33.1,51.55,24.75,27614,931711.1
2016-03-22,33.0,33.0,32.05,33.1,32.15,32.15,51.55,24.75,2817,91090.9
2016-03-23,32.45,33.25,31.8,32.15,31.8,31.95,51.55,24.75,6860,220918.55
2016-03-28,31.5,32.25,30.3,31.95,30.55,30.9,51.55,24.75,5428,168162.7
2016-03-29,30.1,32.2,30.1,30.9,31.3,30.8,51.55,24.75,10387,323193.0
2016-03-30,31.85,31.9,30.45,30.8,30.9,31.2,51.55,24.75,7030,219946.95
2016-03-31,32.4,32.9,28.4,31.2,30.25,30.5,51.55,24.75,12442,377423.7
2016-04-01,31.55,33.9,31.5,30.5,32.1,31.9,51.55,24.75,14757,476051.35
2016-04-04,32.05,33.0,31.5,31.9,32.0,32.0,51.55,24.75,3420,110847.0
2016-04-05,32.65,32.65,31.4,32.0,31.4,31.6,51.55,24.75,1789,56716.05
2016-04-06,31.1,32.8,31.1,31.6,31.7,31.7,51.55,24.75,1869,59191.65
2016-04-07,32.65,32.65,31.5,31.7,31.65,31.65,51.55,24.75,10098,321065.0
2016-04-08,32.0,32.0,31.5,31.65,31.9,31.6,51.55,24.75,3302,104707.9
2016-04-11,32.3,33.4,31.5,31.6,32.8,32.15,51.55,24.75,2033,65168.4
2016-04-12,32.45,33.5,31.8,32.15,31.8,32.0,51.55,24.75,8067,262931.75
2016-04-13,32.5,32.95,30.25,32.0,31.4,31.55,51.55,24.75,6852,219693.3
2016-04-18,32.6,33.5,31.6,31.55,31.7,31.7,51.55,24.75,5220,170244.55
2016-04-20,32.85,32.85,31.5,31.7,32.1,31.65,51.55,24.75,1771,56319.95
2016-04-21,32.35,32.35,31.25,31.65,31.25,31.25,51.55,24.75,2391,75647.35
2016-04-22,31.9,31.9,31.0,31.25,31.8,31.8,51.55,24.75,2300,72970.3
2016-04-25,32.95,32.95,30.1,31.8,30.85,31.0,51.55,24.75,5798,179848.9
2016-04-26,31.9,31.9,30.95,31.0,30.95,30.95,51.55,24.75,2379,74027.15
2016-04-27,33.8,33.8,31.05,30.95,31.6,31.75,51.55,24.75,5872,186506.0
2016-04-28,31.9,31.9,31.3,31.75,31.7,31.7,51.55,24.75,550,17475.0
2016-04-29,31.2,31.8,30.9,31.7,31.8,31.45,51.55,24.75,4156,129366.2
2016-05-02,32.0,32.0,30.8,31.45,31.65,31.65,51.55,24.75,615,19209.25
2016-05-03,32.0,32.9,30.85,31.65,31.65,31.65,51.55,24.75,16545,528930.4
2016-05-04,31.35,31.45,30.7,31.65,30.7,30.75,51.55,24.75,6999,216720.5
2016-05-05,31.85,31.85,30.6,30.75,30.75,30.75,51.55,24.75,1609,49367.7
2016-05-06,32.0,32.0,30.25,30.75,30.6,30.6,51.55,24.75,5111,157132.75
2016-05-09,30.5,31.5,30.5,30.6,31.5,31.25,51.55,24.75,3431,106943.3
2016-05-10,32.0,32.0,29.25,31.25,31.0,31.1,51.55,24.75,2052,62607.5
2016-05-11,30.2,32.75,30.2,31.1,31.25,31.35,51.55,24.75,5801,181801.65
2016-05-12,30.85,31.75,30.85,31.35,31.05,31.05,51.55,24.75,1452,45126.0
2016-05-13,32.4,33.7,31.1,31.05,31.2,31.2,51.55,24.75,11373,360981.9
2016-05-16,30.55,31.9,30.0,31.2,30.35,30.4,51.55,24.75,5481,166427.3
2016-05-17,31.0,31.0,28.25,30.4,29.75,29.2,51.55,24.75,26208,778924.3
2016-05-18,30.0,30.25,29.25,29.2,29.5,29.5,51.55,24.75,1719,50754.15
2016-05-19,30.0,30.0,29.0,29.5,29.0,29.0,51.55,24.75,3936,115338.0
2016-05-20,30.0,30.0,28.95,29.0,28.95,29.0,51.55,24.75,5483,159751.9
2016-05-23,28.9,32.45,27.5,29.0,29.85,29.6,51.55,24.75,79279,2436341.1
2016-05-24,30.5,30.5,28.55,29.6,29.55,29.2,51.55,24.75,3143,91953.0
2016-05-25,30.9,30.9,28.4,29.2,28.6,28.6,51.55,24.75,4472,129946.5
2016-05-26,29.7,29.75,28.45,28.6,29.25,29.25,51.55,24.75,4261,123038.0
2016-05-27,29.7,29.7,28.4,29.25,29.3,29.05,51.55,24.75,897,25846.8
2016-05-30,28.9,29.35,28.0,29.05,28.5,28.55,51.55,24.75,2678,76375.55
2016-05-31,29.5,29.5,28.15,28.55,28.15,28.35,51.55,24.75,4163,118554.65
2016-06-01,28.25,29.15,28.25,28.35,29.15,29.15,51.55,24.75,600,17040.0
2016-06-02,28.4,29.0,28.05,29.15,28.35,28.35,51.55,24.75,1922,54659.2
2016-06-03,28.3,29.0,28.3,28.35,28.95,28.65,51.55,24.75,7852,224976.2
2016-06-06,28.5,29.45,28.4,28.65,28.5,28.55,51.55,25.2,88,2517.25
2016-06-07,28.95,28.95,28.3,28.55,28.6,28.75,51.55,25.2,1039,29939.6
2016-06-08,29.4,29.4,28.55,28.75,28.55,28.55,51.55,25.2,2488,71601.65
2016-06-09,28.55,29.6,28.55,28.55,29.4,29.4,51.55,25.2,2883,84872.5
2016-06-10,29.8,29.9,28.85,29.4,29.9,29.7,51.55,25.2,2840,83358.45
2016-06-13,30.15,30.15,28.15,29.7,29.5,29.05,51.55,25.2,6939,202402.65
2016-06-14,30.0,30.0,28.95,29.05,29.25,29.2,51.55,25.2,5696,165844.5
2016-06-15,29.85,29.85,28.9,29.2,29.7,29.05,51.55,25.2,1584,46009.0
2016-06-16,29.0,29.7,28.5,29.05,28.5,28.65,51.55,25.2,647,18637.8
2016-06-17,28.6,30.4,28.6,28.65,29.3,29.3,51.55,25.2,10624,312951.6
2016-06-20,29.9,29.9,29.0,29.3,29.4,29.6,51.55,25.2,1313,38860.5
2016-06-21,30.0,30.8,29.3,29.6,29.55,29.55,51.55,25.2,4011,120605.5
2016-06-22,30.7,30.8,29.35,29.55,29.4,29.65,51.55,25.2,4414,131212.75
2016-06-23,30.0,30.2,29.5,29.65,29.8,29.75,51.55,25.2,1223,36632.15
2016-06-24,29.5,29.5,28.15,29.75,28.9,28.75,51.55,25.2,7587,216875.85
2016-06-27,28.55,29.25,28.5,28.75,29.15,29.2,51.55,25.2,2335,67143.6
2016-06-28,29.6,35.0,29.6,29.2,35.0,35.0,51.55,25.2,210927,7283155.8
2016-06-29,37.1,37.7,32.7,35.0,33.1,33.4,51.55,25.2,223746,7892148.65
2016-06-30,33.55,33.7,32.1,33.4,33.15,33.4,51.55,25.2,21472,711461.25
2016-07-01,33.4,35.8,32.4,33.4,32.4,32.65,51.55,25.2,19940,655251.15
2016-07-04,32.45,33.95,32.3,32.65,32.65,32.7,51.55,25.2,10370,340919.3
2016-07-05,32.5,34.45,31.6,32.7,32.1,32.55,51.55,25.2,41730,1383647.25
2016-07-07,33.1,33.5,31.8,32.55,31.85,32.05,51.55,25.2,12641,408155.8
2016-07-08,32.1,32.1,31.25,32.05,31.7,31.4,51.55,25.2,10548,332995.05
2016-07-11,31.0,32.15,30.45,31.4,31.6,31.7,51.55,25.2,3851,121163.85
2016-07-12,32.5,32.5,31.25,31.7,31.4,31.45,51.55,25.2,11070,348328.35
2016-07-13,32.0,32.0,30.5,31.45,31.4,31.25,51.55,25.2,14931,462226.95
2016-07-14,30.7,31.7,30.7,31.25,31.15,31.25,51.55,25.2,1133,35152.85
2016-07-15,32.7,32.7,31.2,31.25,31.45,31.65,51.55,25.2,6617,209910.35
2016-07-18,32.5,32.5,30.7,31.65,31.15,31.2,51.55,25.2,4627,144970.3
2016-07-19,31.9,37.4,30.95,31.2,35.1,35.4,51.55,25.2,550332,19541247.85
2016-07-20,35.3,35.3,32.7,35.4,33.65,33.4,51.55,25.2,80507,2704629.3
2016-07-21,33.0,36.35,32.55,33.4,33.25,33.7,51.55,25.2,91651,3154592.9
2016-07-22,34.9,34.9,32.65,33.7,33.5,33.7,51.55,25.2,18112,607677.1
2016-07-25,33.5,33.65,32.0,33.7,32.55,32.7,51.55,25.2,11126,363126.7
2016-07-26,33.65,34.5,32.25,32.7,32.25,32.55,51.55,25.2,10920,359330.6
2016-07-27,33.45,34.5,31.15,32.55,32.8,32.95,51.55,25.2,42173,1400384.6
2016-07-28,32.6,33.45,32.3,32.95,32.5,32.55,51.55,25.2,3379,110101.65
2016-07-29,32.2,33.35,30.7,32.55,31.7,31.15,51.55,25.2,18446,583932.9
2016-08-01,32.0,32.7,30.7,31.15,30.9,30.9,51.55,25.2,9408,292652.7
2016-08-02,31.8,31.8,30.65,30.9,31.2,31.1,51.55,25.2,6637,207038.65
2016-08-03,31.65,33.0,30.55,31.1,31.85,31.8,51.55,25.2,17156,548435.2
2016-08-04,32.4,32.5,31.1,31.8,31.55,31.55,51.55,25.2,2116,67862.85
2016-08-05,32.8,32.8,30.8,31.55,31.1,31.4,51.55,25.2,5392,170463.3
2016-08-08,32.4,32.4,31.25,31.4,31.6,31.85,51.55,25.2,7025,221694.45
2016-08-09,32.0,32.0,31.1,31.85,31.1,31.3,51.55,25.2,4988,156406.5
2016-08-10,31.05,31.9,30.55,31.3,31.35,31.35,51.55,25.2,6117,189766.95
2016-08-11,31.4,33.7,31.0,31.35,32.25,31.85,51.55,25.2,32228,1045814.3
2016-08-12,32.6,32.6,30.7,31.85,30.7,31.0,51.55,25.2,11095,348838.85
2016-08-16,30.95,31.5,30.6,31.0,30.7,30.9,51.55,25.5,9447,295579.45
2016-08-17,31.7,31.7,30.7,30.9,30.7,31.25,51.55,25.5,1832,56961.05
2016-08-18,30.4,31.3,30.4,31.25,30.65,30.8,51.55,25.5,3286,101371.4
2016-08-19,30.8,31.35,30.3,30.8,30.5,30.5,51.55,25.5,9918,302786.9
2016-08-22,30.3,30.5,29.85,30.5,30.2,30.3,51.55,25.5,10857,326989.0
2016-08-23,31.25,33.1,30.4,30.3,30.6,30.85,51.55,25.5,75071,2374386.3
2016-08-24,31.35,31.45,29.25,30.85,30.5,30.45,51.55,25.5,12650,387672.55
2016-08-25,30.9,30.9,30.1,30.45,30.3,30.45,51.55,25.5,5184,157515.5
2016-08-26,30.0,31.3,29.8,30.45,30.5,30.55,51.55,25.5,10206,308749.85
2016-08-29,31.5,31.5,29.9,30.55,30.65,30.4,51.55,26.0,14997,454288.2
2016-08-30,31.4,31.4,30.55,30.4,30.75,30.7,51.55,26.0,1718,52905.0
2016-08-31,31.2,31.45,30.15,30.7,30.3,30.35,51.55,26.0,4127,125834.3
2016-09-01,30.8,32.9,30.3,30.35,30.45,30.55,51.55,26.0,19099,597639.1
2016-09-02,30.0,31.35,29.9,30.55,30.15,30.3,51.55,26.0,4841,146275.7
2016-09-06,31.8,31.8,30.25,30.3,30.3,30.3,51.55,26.0,4905,148832.0
2016-09-07,30.1,31.1,29.6,30.3,30.0,30.1,51.55,26.0,3637,109494.25
2016-09-08,30.95,31.3,30.2,30.1,30.95,30.9,51.55,26.0,4593,141285.1
2016-09-09,31.4,31.4,29.6,30.9,30.9,30.9,51.55,26.0,3603,110391.55
2016-09-12,30.05,30.9,29.55,30.9,29.8,29.8,51.55,26.4,11285,337937.65
2016-09-14,30.0,30.7,29.15,29.8,30.05,30.05,51.55,26.4,5599,167314.85
2016-09-15,30.05,31.2,29.8,30.05,30.35,30.35,51.55,26.4,2783,84177.0
2016-09-16,30.85,31.7,30.15,30.35,30.9,30.35,51.55,26.4,1655,51159.95
2016-09-19,30.8,30.8,30.05,30.35,30.7,30.7,51.55,26.4,1821,55458.15
2016-09-20,31.4,31.4,30.1,30.7,30.7,30.7,51.55,26.4,3244,99346.8
2016-09-21,31.45,31.45,30.1,30.7,31.0,30.85,51.55,26.4,1491,45599.15
2016-09-22,31.7,31.7,30.4,30.85,30.5,30.65,51.55,26.4,4711,146326.3
2016-09-23,31.5,31.5,30.45,30.65,30.75,30.75,51.55,26.4,7841,241790.8
2016-09-26,30.2,31.2,29.55,30.75,30.1,30.1,51.55,26.4,6444,196626.35
2016-09-27,30.15,32.0,29.75,30.1,30.7,30.6,51.55,26.4,11844,363720.1
2016-09-28,31.2,31.4,30.1,30.6,30.6,30.2,51.55,26.4,4890,149451.45
2016-09-29,30.4,31.35,28.5,30.2,28.5,28.5,51.55,26.4,10000,293375.55
2016-09-30,29.9,31.2,28.5,28.5,30.2,29.85,51.55,26.4,40760,1225792.2
2016-10-03,30.0,31.0,29.5,29.85,30.2,30.0,51.55,26.4,20547,615595.2
2016-10-04,29.8,30.4,29.8,30.0,30.0,30.35,51.55,26.4,4265,129317.55
2016-10-05,30.4,36.4,30.05,30.35,33.25,33.6,51.55,26.4,495061,17039040.25
2016-10-06,34.0,34.05,31.5,33.6,31.75,31.65,51.55,26.4,63224,2046485.15
2016-10-07,31.75,36.8,31.6,31.65,33.5,33.75,51.55,26.4,193223,6695949.65
2016-10-10,34.5,34.8,33.0,33.75,33.05,33.1,51.55,26.4,25299,852272.7
2016-10-13,32.7,34.25,31.6,33.1,32.15,32.35,51.55,26.4,15217,497277.85
2016-10-14,32.85,33.35,31.7,32.35,31.85,31.85,51.55,26.4,10708,345101.7
2016-10-17,31.75,32.2,31.5,31.85,31.9,31.6,51.55,26.4,4408,139764.6
2016-10-18,31.35,32.9,31.35,31.6,32.2,32.15,51.55,26.4,24166,777401.2
2016-10-19,31.9,32.0,31.6,32.15,31.65,31.7,51.55,26.4,8422,267481.2
2016-10-20,32.5,32.5,31.6,31.7,31.75,32.1,51.55,26.4,13849,442250.2
2016-10-21,31.75,32.3,31.65,32.1,32.05,32.25,51.55,26.4,6922,220922.2
2016-10-24,31.9,32.7,31.7,32.25,32.7,32.35,51.55,26.4,10727,346926.0
2016-10-25,32.7,32.7,31.55,32.35,31.7,31.75,51.55,26.4,5363,170573.6
2016-10-26,31.5,32.4,31.25,31.75,31.9,31.8,51.55,26.4,4642,146290.9
2016-10-27,31.4,32.2,31.4,31.8,31.55,31.8,51.55,26.4,2179,69140.9
2016-10-28,32.0,33.35,31.45,31.8,32.0,32.05,51.55,26.4,43848,1419208.15
2016-10-30,32.4,32.4,31.65,32.05,31.65,31.7,51.55,26.4,3464,109855.0
2016-11-01,33.0,33.0,31.55,31.7,32.0,31.7,51.55,26.4,5817,186388.25
2016-11-02,31.5,31.8,31.0,31.7,31.25,31.05,51.55,26.4,2438,76117.45
2016-11-03,31.0,32.0,31.0,31.05,31.05,31.15,51.55,26.4,2229,69659.75
2016-11-04,31.0,31.0,29.65,31.15,30.0,30.0,51.55,26.4,20245,608341.35
2016-11-07,29.75,30.55,29.75,30.0,30.55,30.45,43.65,26.4,2931,88192.85
2016-11-08,30.0,30.5,29.75,30.45,29.8,30.05,43.65,26.4,1253,37626.85
2016-11-09,29.0,29.45,27.2,30.05,29.25,28.9,43.65,26.4,10667,307179.05
2016-11-10,28.3,30.85,28.3,28.9,30.0,30.0,43.65,26.4,2992,89771.1
2016-11-11,31.9,31.9,28.5,30.0,30.8,29.4,43.65,26.4,1746,50857.7
2016-11-15,29.05,30.4,27.3,29.4,27.75,27.75,43.65,26.4,7584,213802.25
2016-11-16,27.45,29.4,27.4,27.75,27.7,28.0,43.65,26.4,3387,95192.7
2016-11-17,27.85,28.85,27.75,28.0,28.0,28.45,43.65,26.4,1255,35103.75
2016-11-18,27.0,28.0,27.0,28.45,27.95,27.8,43.65,26.4,6674,186556.1
2016-11-21,27.25,27.95,26.25,27.8,26.3,26.35,43.65,26.25,8518,231908.5
2016-11-22,26.55,27.2,26.25,26.35,26.7,26.5,43.65,26.25,11983,317358.9
2016-11-23,28.7,28.7,26.5,26.5,27.5,27.65,43.65,26.25,2160,58906.3
2016-11-24,27.0,28.5,27.0,27.65,27.95,27.55,43.65,26.25,1837,51213.8
2016-11-25,27.25,28.35,27.25,27.55,28.35,28.35,43.65,26.25,235,6515.25
2016-11-28,28.0,28.45,27.4,28.35,28.25,27.6,43.65,26.25,9896,276958.45
2016-11-29,28.0,29.15,28.0,27.6,28.05,28.05,43.65,26.25,4354,123885.4
2016-11-30,28.95,28.95,27.65,28.05,28.7,28.0,43.65,26.25,5011,140556.65
2016-12-01,28.6,29.4,28.3,28.0,29.2,28.9,43.65,26.25,13410,385349.85
2016-12-02,28.5,33.85,28.15,28.9,33.0,33.3,43.65,26.25,114814,3692609.3
2016-12-05,34.8,38.8,32.0,33.3,36.55,36.45,43.65,26.25,740909,27129511.6
2016-12-06,37.45,40.25,36.9,36.45,37.9,38.45,43.65,26.25,278544,10881383.95
2016-12-07,39.4,40.0,33.8,38.45,35.1,35.4,43.65,26.25,115934,4186475.8
2016-12-08,36.0,36.0,33.7,35.4,34.55,34.55,43.65,26.25,61504,2123573.8
2016-12-09,35.4,36.95,33.6,34.55,35.6,35.75,43.65,26.25,67024,2403733.15
2016-12-12,35.6,38.45,34.0,35.75,35.1,35.5,43.65,26.25,70497,2582136.2
2016-12-13,35.5,35.95,34.85,35.5,35.5,35.35,43.65,26.25,9231,325863.25
2016-12-14,35.0,40.25,34.2,35.35,35.0,35.45,43.65,26.25,208356,7923373.4
2016-12-15,36.0,36.85,35.3,35.45,35.35,35.55,43.65,26.25,15079,541613.15
2016-12-16,36.0,36.8,34.15,35.55,35.35,35.1,43.65,26.25,16549,587721.95
2016-12-19,36.0,36.0,34.25,35.1,34.5,34.55,43.65,26.25,8013,279138.8
2016-12-20,34.65,34.85,32.6,34.55,33.4,32.95,43.65,26.25,16935,570407.65
2016-12-21,33.85,35.75,32.8,32.95,33.0,33.3,43.65,26.25,41100,1399530.3
2016-12-22,33.05,33.05,32.0,33.3,32.0,32.1,43.65,26.25,9430,306851.4
2016-12-23,32.0,32.8,31.25,32.1,31.55,31.55,43.65,26.25,18726,598506.35
2016-12-26,32.0,32.0,30.1,31.55,30.5,30.55,43.65,26.25,6905,212150.65
2016-12-27,30.2,36.0,30.2,30.55,32.9,32.75,43.65,26.25,246210,8422410.85
2016-12-28,32.25,34.0,31.7,32.75,31.75,32.15,43.65,26.25,19625,643185.85
2016-12-29,31.7,32.8,31.5,32.15,31.95,31.9,43.65,26.25,14607,466036.45
2016-12-30,32.0,32.3,30.55,31.9,31.1,30.9,43.65,26.25,25296,794419.0
2017-01-02,31.9,32.05,30.8,30.9,31.7,31.65,43.65,26.25,11725,368969.9
2017-01-03,31.2,32.15,31.05,31.65,31.85,31.35,43.65,26.25,4484,141830.6
2017-01-04,31.25,33.8,30.6,31.35,32.0,32.0,43.65,26.25,38395,1242050.35
2017-01-05,32.8,33.0,31.8,32.0,31.8,32.2,43.65,26.25,4750,153465.75
2017-01-06,32.2,32.2,31.8,32.2,31.85,31.8,43.65,26.25,3958,126274.65
2017-01-09,32.1,32.35,31.65,31.8,31.7,31.9,40.25,26.25,4133,131768.3
2017-01-10,31.75,32.15,31.65,31.9,31.85,31.7,40.25,26.25,19004,604650.35
2017-01-11,31.5,33.0,31.3,31.7,32.55,32.05,40.25,26.25,4547,146571.0
2017-01-12,31.8,32.4,31.2,32.05,31.8,31.5,40.25,26.25,10575,336812.85
2017-01-13,31.55,32.0,31.4,31.5,31.4,31.5,40.25,26.25,3427,108401.35
2017-01-16,31.8,32.0,31.2,31.5,31.2,31.2,40.25,26.25,5353,168674.7
2017-01-17,31.4,31.65,31.25,31.2,31.65,31.3,40.25,26.25,913,28600.5
2017-01-18,31.1,32.55,31.1,31.3,32.0,32.0,40.25,26.25,1213,38493.45
2017-01-19,31.95,31.95,31.15,32.0,31.7,31.3,40.25,26.25,7804,244635.15
2017-01-20,31.25,31.85,31.15,31.3,31.15,31.25,40.25,26.25,3855,120845.0
2017-01-23,31.5,32.75,31.5,31.25,32.4,32.0,40.25,26.25,18375,592329.15
2017-01-24,32.0,32.4,31.55,32.0,31.65,31.65,40.25,26.25,2638,84494.95
2017-01-25,31.5,32.35,31.1,31.65,32.0,31.5,40.25,26.25,4594,144889.9
2017-01-27,31.2,32.0,31.2,31.5,31.35,31.45,40.25,26.25,3276,104010.55
2017-01-30,31.6,33.95,31.6,31.45,32.6,32.3,40.25,26.25,69067,2279600.4
2017-01-31,32.6,33.75,31.6,32.3,31.7,31.75,40.25,26.25,8256,265775.45
2017-02-01,31.6,32.45,31.6,31.75,32.3,32.3,40.25,26.25,864,27404.5
2017-02-02,32.0,32.45,31.6,32.3,31.6,31.7,40.25,26.25,2236,71781.4
2017-02-03,32.85,34.25,31.65,31.7,32.55,32.7,40.25,26.25,40766,1363093.05
2017-02-06,33.0,33.85,32.35,32.7,32.9,32.8,40.25,26.25,9576,315518.3
2017-02-07,32.2,33.25,31.6,32.8,32.0,31.95,40.25,26.25,9855,315173.55
2017-02-08,31.7,32.0,31.2,31.95,31.85,31.55,40.25,26.25,21287,670551.4
2017-02-09,31.25,32.0,31.25,31.55,31.9,31.6,40.25,26.25,6590,207962.7
2017-02-10,31.4,31.65,31.25,31.6,31.3,31.5,40.25,26.25,8929,280347.0
2017-02-13,31.5,31.85,31.3,31.5,31.75,31.7,40.25,26.25,2837,89436.3
2017-02-14,30.15,32.8,30.15,31.7,31.9,32.0,40.25,26.25,8972,286969.35
2017-02-15,31.4,31.4,29.8,32.0,30.5,30.75,40.25,26.25,11991,368757.3
2017-02-16,31.0,31.0,30.0,30.75,30.4,30.4,40.25,26.25,1598,48480.45
2017-02-17,31.0,31.0,30.35,30.4,30.5,30.5,40.25,26.25,2653,81299.45
2017-02-20,31.0,32.0,31.0,30.5,31.15,31.2,40.25,26.25,8004,252675.8
2017-02-21,31.05,32.25,31.0,31.2,32.0,32.0,40.25,26.25,10366,330412.1
2017-02-22,31.9,32.4,31.3,32.0,31.7,31.7,40.25,26.25,9239,295204.45
2017-02-23,32.8,33.4,31.75,31.7,32.7,32.6,40.25,26.25,18632,613466.65
2017-02-27,32.2,32.25,31.25,32.6,31.8,31.8,40.25,26.25,1168,37007.05
2017-02-28,31.8,32.65,31.5,31.8,32.55,32.5,40.25,26.25,3779,121150.4
2017-03-01,32.5,33.0,31.65,32.5,32.65,32.3,40.25,26.25,14220,459259.85
2017-03-02,32.0,32.75,31.2,32.3,31.8,31.85,40.25,26.25,4340,139598.25
2017-03-03,31.7,32.1,31.5,31.85,31.95,31.6,40.25,26.25,14908,471713.25
2017-03-06,31.25,32.4,31.25,31.6,31.45,31.55,40.25,26.25,11240,357766.0
2017-03-07,31.5,32.0,31.3,31.55,31.95,31.65,40.25,26.25,8919,283175.4
2017-03-08,32.0,32.0,31.0,31.65,31.7,31.55,40.25,26.25,15836,496187.2
2017-03-09,31.0,32.0,31.0,31.55,31.0,31.0,40.25,26.25,308,9594.15
2017-03-10,31.0,31.25,30.5,31.0,31.2,31.05,40.25,26.25,1522,47204.5
2017-03-14,30.9,31.0,30.65,31.05,30.85,30.85,40.25,26.25,443,13662.1
2017-03-15,30.7,31.0,30.1,30.85,30.55,31.0,40.25,26.25,478,14795.75
2017-03-16,31.0,31.45,29.35,31.0,30.75,30.5,40.25,26.25,17614,538902.55
2017-03-17,30.3,30.6,30.0,30.5,30.6,30.6,40.25,26.25,376,11329.95
2017-03-20,30.2,30.55,29.9,30.6,30.0,29.95,40.25,26.25,19399,587234.15
2017-03-21,30.2,30.25,29.3,29.95,30.15,29.6,40.25,26.25,3594,106796.6
2017-03-22,29.65,30.0,29.5,29.6,30.0,29.85,40.25,26.25,6161,183682.3
2017-03-23,30.0,30.3,29.6,29.85,30.0,30.0,40.25,26.25,2829,85044.7
2017-03-24,30.0,31.4,29.35,30.0,30.5,30.5,40.25,26.25,47965,1469269.0
2017-03-27,30.0,30.0,29.4,30.5,29.5,29.45,40.25,26.25,1679,49904.6
2017-03-28,30.0,31.7,29.5,29.45,29.5,29.9,40.25,26.25,2452,72838.75
2017-03-29,30.0,30.45,28.0,29.9,28.25,28.35,40.25,26.25,30179,870353.5
2017-03-30,28.5,29.5,25.6,28.35,28.0,27.9,40.25,25.6,50784,1391064.8
2017-03-31,28.0,29.4,26.7,27.9,27.4,27.85,40.25,25.6,12947,362689.65
2017-04-03,28.9,29.85,28.1,27.85,28.6,28.7,40.25,25.6,4557,132590.2
2017-04-05,29.5,29.5,28.8,28.7,29.0,29.0,40.25,25.6,3440,99778.0
2017-04-06,29.05,29.95,28.3,29.0,28.55,28.55,40.25,25.6,1864,54213.35
2017-04-07,29.8,29.8,28.5,28.55,28.7,28.75,40.25,25.6,2790,81073.9
2017-04-10,28.8,29.5,28.8,28.75,29.45,29.45,40.25,25.6,803,23589.5
2017-04-11,29.2,29.35,28.25,29.45,29.35,29.15,40.25,25.6,7158,207244.3
2017-04-12,29.0,30.0,29.0,29.15,29.8,29.4,40.25,25.6,12906,381504.35
2017-04-13,28.9,30.0,28.35,29.4,29.0,29.0,40.25,25.6,2239,66190.25
2017-04-17,29.0,29.9,29.0,29.0,29.0,29.05,40.25,25.6,3139,91514.95
2017-04-18,29.0,30.4,29.0,29.05,29.1,29.1,40.25,25.6,12962,383397.3
2017-04-19,29.05,29.6,28.5,29.1,28.8,28.8,40.25,25.6,3488,101665.0
2017-04-20,29.6,29.6,28.6,28.8,28.65,28.9,40.25,25.6,3763,108865.55
2017-04-21,29.7,29.75,28.6,28.9,28.7,28.7,40.25,25.6,1862,53977.25
2017-04-24,30.65,30.65,28.75,28.7,29.05,29.05,40.25,25.6,783,22749.4
2017-04-25,29.45,30.5,29.35,29.05,29.6,29.6,40.25,25.6,22092,664388.5
2017-04-26,29.8,30.9,29.5,29.6,29.5,29.8,40.25,25.6,15872,481874.3
2017-04-27,29.8,29.8,29.2,29.8,29.3,29.3,40.25,25.6,2506,73585.5
2017-04-28,29.05,29.15,29.05,29.3,29.1,29.1,40.25,25.6,1330,38743.1
2017-05-02,30.4,30.4,28.9,29.1,29.75,29.75,40.25,25.6,4134,122049.9
2017-05-03,29.4,29.9,29.15,29.75,29.3,29.3,40.25,25.6,1866,54719.05
2017-05-04,29.05,30.0,29.05,29.3,29.95,29.95,40.25,25.6,2504,73706.3
2017-05-05,29.7,29.7,28.35,29.95,28.6,28.65,40.25,25.6,8627,248750.1
2017-05-08,28.6,29.3,28.6,28.65,29.3,29.3,40.25,25.6,125,3629.8
2017-05-09,29.0,29.0,28.4,29.3,28.75,28.75,40.25,25.6,602,17424.2
2017-05-10,28.8,28.85,28.65,28.75,28.85,28.85,40.25,25.6,1159,33406.05
2017-05-11,28.5,29.4,28.1,28.85,29.0,28.35,40.25,25.6,16114,459838.0
2017-05-12,28.25,29.25,27.8,28.35,27.8,28.5,40.25,25.6,3696,104862.7
2017-05-15,28.2,28.85,28.0,28.5,28.25,28.3,40.25,25.6,211,5955.75
2017-05-16,28.75,28.85,28.75,28.3,28.85,28.85,40.25,25.6,2,57.6
2017-05-17,28.7,28.7,27.5,28.85,27.55,27.55,40.25,25.6,1154,32311.7
2017-05-18,27.6,28.7,27.6,27.55,28.35,28.35,40.25,25.6,4293,120132.0
2017-05-19,27.8,28.85,27.0,28.35,28.0,28.0,40.25,25.6,2095,57498.75
2017-05-22,27.5,28.2,27.5,28.0,28.0,27.65,40.25,25.6,278,7700.25
2017-05-23,27.2,27.4,26.15,27.65,26.3,26.3,40.25,25.6,4979,132096.4
2017-05-24,27.4,28.4,24.6,26.3,24.8,24.95,40.25,24.6,12094,304635.95
2017-05-25,25.05,26.0,24.75,24.95,24.8,24.8,40.25,24.6,4905,122645.2
2017-05-26,25.0,26.8,23.35,24.8,24.1,24.5,40.25,23.35,13667,337825.35
2017-05-29,25.9,25.95,23.4,24.5,24.5,23.5,40.25,23.35,2209,53383.05
2017-05-30,24.85,24.95,23.15,23.5,24.8,23.95,40.25,23.15,2172,51310.4
2017-05-31,23.55,24.65,22.5,23.95,23.4,23.35,40.25,22.5,3239,75618.7
2017-06-01,23.5,24.6,22.15,23.35,24.5,24.2,40.25,22.15,8038,184907.6
2017-06-02,23.2,25.5,22.05,24.2,24.0,25.0,40.25,22.05,2417,59331.8
2017-06-05,24.5,24.5,24.25,25.0,24.25,24.35,40.25,22.05,309,7554.75
2017-06-06,25.0,25.0,22.65,24.35,23.5,23.2,40.25,22.05,11745,272866.2
2017-06-07,22.2,25.0,22.2,23.2,25.0,24.05,40.25,22.05,6291,146577.25
2017-06-08,23.9,24.85,22.3,24.05,23.0,23.0,40.25,22.05,13932,319660.2
2017-06-09,23.9,23.9,22.8,23.0,23.5,23.0,40.25,22.05,5253,121605.7
2017-06-12,22.9,23.65,21.2,23.0,22.45,22.1,40.25,21.2,10467,235891.8
2017-06-13,21.9,22.75,20.3,22.1,21.8,21.95,40.25,20.3,6122,134424.85
2017-06-14,21.8,22.25,21.3,21.95,22.15,22.15,40.25,20.3,2680,59098.5
2017-06-15,22.8,22.8,22.0,22.15,22.55,22.4,40.25,20.3,2955,65997.05
2017-06-16,22.0,22.95,21.65,22.4,22.0,22.0,40.25,20.3,4117,92093.2
2017-06-19,22.1,22.1,21.9,22.0,22.0,22.0,40.25,20.3,925,20345.0
2017-06-20,21.8,23.65,21.75,22.0,22.7,22.0,40.25,20.3,1135,25456.8
2017-06-21,21.8,23.8,20.45,22.0,23.5,22.2,40.25,20.3,14052,315068.4
2017-06-22,22.2,23.9,22.05,22.2,22.05,22.4,40.25,20.3,537,12243.0
2018-03-19,10.55,13.6,10.55,11.35,13.6,13.6,31.7,8.9,2151,28826.6
2018-03-20,13.85,16.3,13.85,13.6,16.3,16.3,31.7,8.9,5702,92115.6
2018-03-21,17.85,17.9,17.85,16.3,17.9,17.9,31.7,8.9,3639,65088.1
2018-03-22,19.65,19.65,19.65,17.9,19.65,19.65,31.7,8.9,12574,247079.1
2018-03-23,21.4,21.6,19.65,19.65,21.6,21.6,31.7,8.9,31663,668732.95
2018-03-26,22.65,22.65,22.65,21.6,22.65,22.65,31.7,8.9,4849,109829.85
2018-03-27,23.75,23.75,21.55,22.65,21.6,21.55,31.7,8.9,63793,1441626.5
2018-03-28,21.5,21.5,20.5,21.55,20.5,20.5,31.7,8.9,8083,167302.95
2018-04-02,19.5,19.65,19.5,20.5,19.5,19.5,30.9,8.9,7203,140716.45
2018-04-03,18.55,18.55,18.55,19.5,18.55,18.55,30.9,8.9,1750,32462.5
2018-04-04,17.65,18.5,17.65,18.55,17.65,17.65,30.9,8.9,17291,307886.25
2018-04-05,16.8,18.45,16.8,17.65,17.5,17.75,30.9,8.9,7782,133864.55
2018-04-06,17.5,17.5,16.9,17.75,16.9,16.9,30.9,8.9,6944,118267.5
2018-04-09,16.3,16.9,16.25,16.9,16.5,16.45,30.9,8.9,4739,77949.0
2018-04-10,16.15,16.45,15.65,16.45,15.85,16.35,30.9,8.9,5673,90517.3
2018-04-11,15.85,17.15,15.6,16.35,16.75,16.75,30.9,8.9,7632,125440.4
2018-04-12,16.75,17.5,16.05,16.75,17.5,17.45,30.9,8.9,6565,112365.45
2018-04-13,17.5,17.5,16.65,17.45,16.75,16.75,30.9,8.9,3258,55408.5
2018-04-16,16.15,17.4,16.1,16.75,17.35,17.35,30.9,8.9,2678,44372.35
2018-04-17,16.55,17.3,16.55,17.35,17.3,17.05,30.9,8.9,1371,22891.55
2018-04-18,16.25,17.2,16.2,17.05,16.2,16.2,30.9,8.9,2997,49947.75
2018-04-19,16.85,16.9,15.75,16.2,15.75,15.75,30.9,8.9,494,8284.3
2018-04-20,15.15,16.0,15.1,15.75,15.6,15.6,30.9,8.9,2797,42701.95
2018-04-23,14.85,14.85,14.85,15.6,14.85,14.85,30.9,8.9,200,2970.0
2018-04-24,14.15,15.0,14.15,14.85,14.7,14.7,30.9,8.9,2820,40803.7
2018-04-25,14.0,14.95,14.0,14.7,14.05,14.05,30.9,8.9,1799,25836.0
2018-04-26,13.65,14.1,13.35,14.05,13.4,13.4,30.9,8.9,4704,63705.9
2018-04-27,13.95,13.95,13.4,13.4,13.9,13.9,30.9,8.9,658,9161.85
2018-04-30,13.9,13.9,13.25,13.9,13.25,13.25,30.4,8.9,1478,19616.0
2018-05-02,13.8,13.8,12.6,13.25,13.45,13.45,30.4,8.9,1913,26141.05
2018-05-03,12.8,13.5,12.8,13.45,13.0,13.0,30.4,8.9,2003,25835.5
2018-05-04,12.4,13.5,12.35,13.0,12.5,12.4,30.4,8.9,2585,32291.45
2018-05-07,12.4,12.5,11.8,12.4,12.5,12.5,29.4,8.9,3641,44724.7
2018-05-08,12.0,13.1,12.0,12.5,13.1,13.1,29.4,8.9,3415,44462.75
2018-05-09,12.65,13.65,12.65,13.1,13.0,13.0,29.4,8.9,525,6915.0
2018-05-10,13.65,13.65,12.45,13.0,13.4,13.4,29.4,8.9,1373,17329.15
2018-05-11,12.8,13.2,12.8,13.4,12.85,12.85,29.4,8.9,1000,12940.0
2018-05-14,13.3,13.3,12.85,12.85,12.85,12.85,28.85,8.9,161,2084.3
2018-05-15,12.25,12.95,12.25,12.85,12.95,12.95,28.85,8.9,1311,16827.45
2018-05-16,12.95,13.4,12.35,12.95,12.5,12.5,28.85,8.9,1342,17680.4
2018-05-17,12.35,13.1,12.0,12.5,12.0,12.5,28.85,8.9,2349,29525.55
2018-05-18,13.0,13.1,12.35,12.5,13.1,13.1,28.85,8.9,1272,16559.4
2018-05-21,13.1,13.7,12.45,13.1,13.4,13.4,28.4,8.9,110,1378.4
2018-05-22,13.4,13.4,13.4,13.4,13.4,13.4,28.4,8.9,74,991.6
2018-05-23,12.75,12.75,12.75,13.4,12.75,12.75,28.4,8.9,17,216.75
2018-05-24,12.15,12.15,12.15,12.75,12.15,12.15,28.4,8.9,1389,16876.35
2018-05-25,12.0,12.75,12.0,12.15,12.75,12.75,28.4,8.9,2192,27073.8
2018-05-28,12.5,13.35,12.2,12.75,12.55,12.5,25.95,8.9,2849,35686.15
2018-05-29,13.1,13.1,12.25,12.5,12.6,12.6,25.95,8.9,7208,91606.0
2018-05-30,12.5,13.2,12.2,12.6,13.2,13.2,25.95,8.9,3327,43008.6
2018-05-31,12.65,12.9,12.65,13.2,12.75,12.75,25.95,8.9,847,10798.05
2018-06-01,12.2,13.0,12.2,12.75,12.55,12.6,25.95,8.9,900,11263.95
2018-06-04,12.55,12.55,12.05,12.6,12.05,12.05,25.0,8.9,2196,26987.3
2018-06-05,12.05,12.05,12.05,12.05,12.05,12.05,25.0,8.9,5,60.25
2018-06-06,12.5,12.65,12.5,12.05,12.65,12.65,25.0,8.9,100,1264.85
2018-06-07,12.55,13.25,12.5,12.65,12.5,12.5,25.0,8.9,2450,31488.2
2018-06-08,12.5,13.7,11.35,12.5,13.7,13.65,25.0,8.9,3163,41661.6
2018-06-11,13.65,13.65,12.3,13.65,12.3,12.3,23.9,8.9,974,12136.9
2018-06-12,12.35,12.85,11.5,12.3,12.85,12.85,23.9,8.9,1260,15384.0
2018-06-13,11.65,13.45,11.6,12.85,13.0,13.0,23.9,8.9,4112,51423.95
2018-06-14,11.8,13.0,11.8,13.0,12.05,12.05,23.9,8.9,88,1092.8
2018-06-15,13.15,13.2,11.55,12.05,13.0,13.0,23.9,8.9,1760,22490.15
2018-06-18,14.3,14.3,12.0,13.0,12.0,12.0,23.9,8.9,991,12392.7
2018-06-20,12.5,12.5,10.85,12.0,11.05,11.45,23.9,8.9,1314,14794.9
2018-06-21,11.05,12.55,10.65,11.45,12.5,12.45,23.9,8.9,5142,63141.6
2018-06-22,13.65,13.65,11.45,12.45,12.05,13.2,23.9,8.9,2922,38059.1
2018-06-25,12.2,12.5,12.0,13.2,12.5,12.0,23.8,8.9,1318,15881.5
2018-06-26,11.0,12.45,11.0,12.0,11.05,11.05,23.8,8.9,674,8098.35
2018-06-27,11.0,12.15,9.95,11.05,10.55,10.9,23.8,8.9,3605,40556.05
2018-06-28,10.05,11.5,10.0,10.9,10.5,10.1,23.8,8.9,10937,110160.5
2018-06-29,11.0,11.0,9.6,10.1,10.7,10.7,23.8,8.9,879,8748.5
2018-07-02,11.5,11.5,9.65,10.7,10.5,9.85,23.8,8.9,272,2686.6
2018-07-03,10.8,10.8,9.25,9.85,10.5,10.0,23.8,8.9,915,9239.8
2018-07-04,10.7,10.7,9.5,10.0,9.5,9.5,23.8,8.9,292,2984.0
2018-07-05,9.95,9.95,9.95,9.5,9.95,9.95,23.8,8.9,262,2606.9
2018-07-06,9.6,9.6,9.6,9.95,9.6,9.6,23.8,8.9,191,1833.6
2018-07-09,9.6,9.6,9.6,9.6,9.6,9.6,23.8,8.9,16,153.6
2018-07-10,10.05,10.05,10.05,9.6,10.05,10.05,23.8,8.9,10,100.5
2018-07-11,10.05,10.05,10.05,10.05,10.05,10.05,23.8,8.9,83,834.15
2018-07-12,10.0,10.0,10.0,10.05,10.0,10.0,23.8,8.9,56,560.0
2018-07-13,10.0,10.0,10.0,10.0,10.0,10.0,23.8,8.9,350,3500.0
2018-07-16,9.95,9.95,9.95,10.0,9.95,9.95,23.75,8.9,600,5970.0
2018-07-18,9.5,9.5,9.5,9.95,9.5,9.5,23.75,8.9,140,1330.0
2018-07-19,9.5,9.5,9.5,9.5,9.5,9.5,23.75,8.9,1800,17100.0
2018-07-25,9.1,9.1,9.1,9.5,9.1,9.1,23.75,8.9,35,318.5
2018-07-27,9.05,9.05,9.0,9.1,9.05,9.05,23.75,8.9,9014,81525.95
2018-07-30,8.95,9.5,8.95,9.05,9.5,9.5,23.75,8.9,470,4214.75
2018-07-31,9.05,9.4,9.05,9.5,9.4,9.4,23.75,8.9,235,2196.75
2018-08-01,9.4,9.4,9.4,9.4,9.4,9.4,23.75,8.9,74,695.6
2018-08-02,9.4,9.4,9.4,9.4,9.4,9.4,23.75,8.9,55,517.0
2018-08-03,9.4,9.8,9.4,9.4,9.5,9.5,23.75,8.9,614,5826.8
2018-08-06,9.5,9.9,9.5,9.5,9.9,9.9,23.75,8.9,500,4790.0
2018-08-07,9.9,9.9,9.9,9.9,9.9,9.9,23.75,8.9,65,643.5
2018-08-09,9.5,10.35,9.5,9.9,9.7,9.7,23.75,8.9,591,5722.35
2018-08-10,9.7,9.7,9.55,9.7,9.7,9.7,23.75,8.9,651,6283.2
2018-08-13,9.5,10.6,9.5,9.7,9.65,9.65,23.75,8.9,117,1228.4
2018-08-14,10.6,10.6,9.8,9.65,9.8,9.8,23.75,8.9,729,7585.0
2018-08-16,9.8,9.8,9.65,9.8,9.65,9.65,23.75,8.9,73,714.8
2018-08-17,9.55,10.0,9.55,9.65,10.0,10.0,23.75,8.9,491,4803.0
2018-08-20,10.8,10.8,9.1,10.0,10.25,10.25,23.75,8.9,741,7679.35
2018-08-21,9.25,10.5,9.25,10.25,9.35,9.6,23.75,8.9,602,5732.9
2018-08-23,9.0,10.55,9.0,9.6,10.1,10.1,23.75,8.9,2425,24392.0
2018-08-24,9.5,10.1,9.5,10.1,10.0,9.95,23.75,8.9,990,9581.05
2018-08-27,10.2,10.6,9.55,9.95,10.4,10.4,23.75,8.9,1226,12507.75
2018-08-28,9.65,10.4,9.65,10.4,9.65,9.65,23.75,8.9,241,2351.15
2018-08-29,10.6,10.6,9.35,9.65,9.35,9.35,23.75,8.9,3041,30740.6
2018-08-30,9.05,9.35,9.05,9.35,9.35,9.35,23.75,8.9,259,2401.35
2018-08-31,9.2,10.25,9.2,9.35,9.5,9.5,23.75,8.9,851,8674.0
2018-09-03,9.6,10.45,9.6,9.5,10.4,10.4,23.75,8.9,1143,11158.2
2018-09-04,10.4,10.4,9.7,10.4,10.0,10.0,23.75,8.9,874,8753.7
2018-09-05,10.45,10.45,9.55,10.0,9.55,9.55,23.75,8.9,451,4397.45
2018-09-06,9.2,10.35,9.2,9.55,10.25,10.25,23.75,8.9,304,3010.4
2018-09-07,9.65,10.2,9.65,10.25,10.2,10.2,23.75,8.9,268,2618.1
2018-09-10,9.75,10.0,9.7,10.2,9.75,9.7,23.75,8.9,1583,15405.25
2018-09-11,10.65,10.65,9.35,9.7,9.5,9.5,23.75,8.9,4640,45942.05
2018-09-12,8.8,10.45,8.8,9.5,9.85,9.85,23.75,8.8,4297,44034.85
2018-09-14,9.15,10.8,9.15,9.85,10.4,10.4,23.75,8.8,1197,12436.9
2018-09-17,10.4,10.9,10.25,10.4,10.25,10.4,23.75,8.8,1129,12032.1
2018-09-18,10.4,10.8,10.2,10.4,10.4,10.4,23.75,8.8,388,4029.4
2018-09-19,10.35,10.35,10.35,10.4,10.35,10.35,23.75,8.8,100,1035.0
2018-09-21,10.0,10.2,9.85,10.35,10.15,10.15,23.75,8.8,365,3687.5
2018-09-24,9.7,9.8,9.7,10.15,9.8,9.8,23.75,8.8,619,6033.15
2018-09-25,9.7,9.8,9.7,9.8,9.8,9.8,23.75,8.8,457,4442.9
2018-09-26,9.8,10.25,9.8,9.8,9.9,9.9,23.75,8.8,5491,54667.1
2018-09-27,9.95,9.95,9.45,9.9,9.5,9.5,23.75,8.8,7464,71328.3
2018-09-28,9.05,9.4,9.05,9.5,9.05,9.05,23.75,8.8,612,5538.95
2018-10-01,8.6,9.0,8.6,9.05,8.6,8.6,23.75,8.6,2255,19433.0
2018-10-03,8.25,8.45,8.25,8.6,8.45,8.45,23.75,8.25,506,4255.7
2018-10-04,8.85,8.85,8.85,8.45,8.85,8.85,23.75,8.25,402,3557.7
2018-10-05,8.85,8.85,8.85,8.85,8.85,8.85,23.75,8.25,548,4849.8
2018-10-08,8.0,9.7,8.0,8.85,9.65,9.65,23.75,8.0,2900,24255.0
2018-10-09,9.65,9.65,9.0,9.65,9.0,9.0,23.75,8.0,621,5979.0
2018-10-10,9.0,9.0,8.4,9.0,9.0,9.0,23.75,8.0,145,1287.0
2018-10-11,8.35,8.35,8.35,9.0,8.35,8.35,23.75,8.0,25,208.75
2018-10-12,8.25,8.8,8.25,8.35,8.8,8.8,23.75,8.0,636,5433.05
2019-01-08,7.6,8.05,7.55,7.75,8.05,8.05,23.75,6.8,1212,9180.2
2019-01-09,8.45,8.45,8.05,8.05,8.05,8.05,23.75,6.8,1274,10743.7
2019-01-10,8.05,8.1,7.65,8.05,7.65,7.75,23.75,6.8,2927,22695.6
2019-01-11,7.45,8.0,7.45,7.75,7.45,7.45,23.75,6.8,222,1669.3
2019-01-15,7.3,7.3,7.3,7.45,7.3,7.3,23.75,6.8,35,255.5
2019-01-18,7.1,7.1,7.1,7.3,7.1,7.1,23.75,6.8,7,49.7
2019-01-21,6.9,6.9,6.9,7.1,6.9,6.9,23.75,6.8,25,172.5
2019-01-24,6.75,6.75,6.7,6.9,6.7,6.7,23.75,6.7,1017,6814.75
2019-01-25,6.4,6.45,6.4,6.7,6.45,6.45,23.75,6.4,57,365.9
2019-01-28,6.15,6.15,6.15,6.45,6.15,6.15,23.75,6.15,12,73.8
2019-01-29,6.05,6.05,6.05,6.15,6.05,6.05,23.75,6.05,210,1270.5
2019-02-01,6.05,6.05,6.05,6.05,6.05,6.05,23.75,6.05,4,24.2
2019-02-04,5.8,5.8,5.8,6.05,5.8,5.8,23.75,5.8,210,1218.0
2019-02-13,5.55,6.05,5.55,5.8,6.05,6.05,23.75,5.55,1024,5695.2
2019-02-15,6.35,6.35,6.35,6.05,6.35,6.35,23.75,5.55,50,317.5
2019-02-22,6.65,6.65,6.65,6.35,6.65,6.65,23.75,5.55,300,1995.0
2019-02-25,6.95,6.95,6.95,6.65,6.95,6.95,23.75,5.55,10,69.5
2019-02-26,7.25,7.25,7.25,6.95,7.25,7.25,23.75,5.55,5,36.25
2019-02-27,7.6,7.6,7.6,7.25,7.6,7.6,23.75,5.55,5,38.0
2019-02-28,7.95,7.95,7.95,7.6,7.95,7.95,23.75,5.55,5,39.75
2019-03-01,8.3,8.3,8.3,7.95,8.3,8.3,23.75,5.55,5,41.5
2019-03-08,8.1,8.1,8.1,8.3,8.1,8.1,23.75,5.55,1000,8100.0
2019-04-02,7.7,7.7,7.7,8.1,7.7,7.7,19.65,5.55,1000,7700.0
2019-05-28,7.35,7.35,7.35,7.7,7.35,7.35,14.3,5.55,200,1470.0
2019-05-29,7.35,7.35,7.35,7.35,7.35,7.35,14.3,5.55,600,4410.0
2019-05-30,7.7,7.7,7.7,7.35,7.7,7.7,14.3,5.55,70,539.0
2019-05-31,7.45,7.45,7.45,7.7,7.45,7.45,14.3,5.55,200,1490.0
2019-06-04,7.45,7.45,7.45,7.45,7.45,7.45,14.3,5.55,150,1117.5
2019-06-25,7.45,7.45,7.45,7.45,7.45,7.45,12.5,5.55,90,670.5
2019-06-26,7.45,7.45,7.45,7.45,7.45,7.45,12.5,5.55,1,7.45
2019-07-03,7.45,7.45,7.45,7.45,7.45,7.45,11.5,5.55,40,298.0
2019-07-29,7.1,7.1,7.1,7.45,7.1,7.1,10.9,5.55,200,1420.0
2019-08-02,6.75,6.75,6.75,7.1,6.75,6.75,10.9,5.55,29,195.75
2019-08-05,6.7,6.7,6.7,6.75,6.7,6.7,10.9,5.55,1,6.7
2019-09-06,6.7,6.7,6.7,6.7,6.7,6.7,10.9,5.55,1,6.7
2019-09-11,6.4,6.4,6.4,6.7,6.4,6.4,10.9,5.55,2927,18732.8
2019-09-12,6.7,6.7,6.45,6.4,6.45,6.45,10.9,5.55,2550,17072.5
2019-09-24,6.15,6.15,6.15,6.45,6.15,6.15,10.25,5.55,35,215.25
2019-09-30,5.85,5.85,5.85,6.15,5.85,5.85,9.7,5.55,1435,8394.75
2019-10-09,5.6,5.6,5.6,5.85,5.6,5.6,9.7,5.55,2600,14560.0
2019-10-17,5.35,5.85,5.35,5.6,5.85,5.85,9.25,5.35,2035,11887.25
2019-10-23,6.1,6.1,6.1,5.85,6.1,6.1,9.25,5.35,1000,6100.0
2019-11-04,6.25,6.3,6.25,6.1,6.3,6.3,9.25,5.35,3000,18850.0
2019-11-14,6.0,6.0,6.0,6.3,6.0,6.0,9.0,5.35,3000,18000.0
2019-11-15,5.7,6.3,5.7,6.0,6.3,6.3,9.0,5.35,301,1716.3
2019-11-18,6.6,6.6,6.55,6.3,6.6,6.6,9.0,5.35,3658,24067.8
2019-11-20,6.6,6.6,6.6,6.6,6.6,6.6,9.0,5.35,42,277.2
2019-11-21,6.9,6.9,6.9,6.6,6.9,6.9,9.0,5.35,100,690.0
2019-11-22,7.2,7.2,7.2,6.9,7.2,7.2,9.0,5.35,25,180.0
2019-11-25,7.55,7.55,7.55,7.2,7.55,7.55,9.0,5.35,50,377.5
2019-11-26,7.85,7.85,7.85,7.55,7.85,7.85,9.0,5.35,10,78.5
2019-11-27,8.2,8.2,8.2,7.85,8.2,8.2,9.0,5.35,20,164.0
2019-11-28,8.6,8.6,8.6,8.2,8.6,8.6,9.0,5.35,536,4609.6
2019-12-02,8.95,8.95,8.95,8.6,8.95,8.95,9.0,5.35,515,4609.25
2019-12-03,9.25,9.35,9.0,8.95,9.3,9.3,9.35,5.35,2299,21478.5
2019-12-04,9.3,9.3,9.3,9.3,9.3,9.3,9.35,5.35,100,930.0
2019-12-05,9.3,9.3,9.3,9.3,9.3,9.3,9.35,5.35,60,558.0
2019-12-06,9.25,9.25,9.25,9.3,9.25,9.25,9.35,5.35,5,46.25
2020-03-05,7.75,7.75,7.75,7.4,7.75,7.75,9.35,5.35,20,155.0
2020-03-06,7.5,7.5,7.5,7.75,7.5,7.5,9.35,5.35,1,7.5
2020-03-18,7.5,7.5,7.15,7.5,7.15,7.15,9.35,5.35,501,3582.5
2020-03-19,6.8,6.8,6.8,7.15,6.8,6.8,9.35,5.35,100,680.0
2020-03-27,6.7,6.8,6.7,6.8,6.8,6.75,9.35,5.35,511,3460.3
2020-03-30,6.8,6.8,6.8,6.75,6.8,6.8,9.35,5.35,56,380.8
2020-03-31,6.5,6.5,6.5,6.8,6.5,6.5,9.35,5.35,520,3380.0
2020-04-01,6.5,6.5,6.2,6.5,6.2,6.2,9.35,5.35,188,1167.1
2020-04-03,6.2,6.2,6.2,6.2,6.2,6.2,9.35,5.35,151,936.2
2020-04-07,6.2,6.2,6.2,6.2,6.2,6.2,9.35,5.35,100,620.0
2020-04-08,5.9,6.2,5.9,6.2,5.9,5.9,9.35,5.35,227,1389.5
2020-04-16,5.9,5.9,5.9,5.9,5.9,5.9,9.35,5.35,10,59.0
2020-04-24,5.9,5.9,5.9,5.9,5.9,5.9,9.35,5.35,1,5.9
2020-06-02,5.9,5.9,5.9,5.9,5.9,5.9,9.35,5.35,50,295.0
2020-06-24,5.9,5.9,5.9,5.9,5.9,5.9,9.35,5.35,100,590.0
2020-06-26,5.9,5.9,5.9,5.9,5.9,5.9,9.35,5.35,1735,10236.5
2020-07-03,6.15,6.15,6.15,5.9,6.15,6.15,9.35,5.35,25,153.75
2020-07-06,6.45,6.45,5.85,6.15,5.85,5.85,9.35,5.35,1577,9285.45
2020-07-17,5.85,5.85,5.85,5.85,5.85,5.85,9.35,5.35,25,146.25
2020-07-20,5.85,6.1,5.85,5.85,6.1,6.1,9.35,5.35,100,598.25
2020-07-21,6.4,6.4,5.9,6.1,5.9,5.9,9.35,5.35,95,603.0
2020-07-22,6.15,6.15,6.15,5.9,6.15,6.15,9.35,5.35,30,184.5
2020-07-24,6.1,6.45,6.1,6.15,6.45,6.45,9.35,5.35,100,631.0
2020-07-27,6.45,6.45,6.45,6.45,6.45,6.45,9.35,5.35,3,19.35
2020-07-28,6.45,6.45,6.45,6.45,6.45,6.45,9.35,5.35,15,96.75
2020-07-29,6.45,6.45,6.45,6.45,6.45,6.45,9.35,5.35,172,1109.4
2020-07-30,6.25,6.25,6.25,6.45,6.25,6.25,9.35,5.35,15,93.75
2020-08-12,6.55,6.55,6.55,6.25,6.55,6.55,9.35,5.35,617,4041.35
2020-08-21,6.25,6.25,6.25,6.55,6.25,6.25,9.35,5.35,18,112.5
2020-09-08,6.1,6.1,6.1,6.25,6.1,6.1,9.35,5.35,300,1830.0
2020-09-17,6.0,6.0,6.0,6.1,6.0,6.0,9.35,5.35,101,606.0
2020-10-01,5.7,5.7,5.7,6.0,5.7,5.7,9.35,5.35,352,2006.4
2020-10-16,5.6,5.6,5.6,5.7,5.6,5.6,9.35,5.35,50,280.0
2020-11-02,5.4,5.4,5.4,5.6,5.4,5.4,9.35,5.4,200,1080.0
2020-11-06,5.4,5.4,5.4,5.4,5.4,5.4,9.35,5.4,10,54.0
2020-11-23,5.3,5.3,5.3,5.4,5.3,5.3,9.35,5.3,307,1627.1
2020-11-25,5.3,5.55,5.1,5.3,5.1,5.1,9.35,5.1,334,1764.15
2020-11-27,5.1,5.1,5.0,5.1,5.0,5.0,9.35,5.0,500,2530.0
2020-12-02,5.0,5.0,5.0,5.0,5.0,5.0,9.35,5.0,464,2320.0
2020-12-04,4.75,4.75,4.75,5.0,4.75,4.75,9.35,4.75,3165,15033.75
2020-12-07,4.7,4.7,4.7,4.75,4.7,4.7,7.75,4.7,10,47.0
2020-12-08,4.9,4.9,4.9,4.7,4.9,4.9,7.75,4.7,59,289.1
2020-12-09,4.95,5.1,4.95,4.9,5.1,5.1,7.75,4.7,9550,47322.45
2020-12-10,5.1,5.35,5.1,5.1,5.35,5.35,7.75,4.7,10436,55828.35
2020-12-11,5.3,5.6,5.3,5.35,5.6,5.6,7.75,4.7,542,2882.2
2020-12-14,5.85,5.85,5.75,5.6,5.85,5.85,7.75,4.7,3334,19496.9
2020-12-15,6.1,6.1,6.1,5.85,6.1,6.1,7.75,4.7,600,3660.0
2020-12-16,6.4,6.4,6.4,6.1,6.4,6.4,7.75,4.7,1551,9926.4
2020-12-17,6.65,6.65,6.6,6.4,6.65,6.65,7.75,4.7,2152,14238.65
2020-12-18,6.9,6.95,6.9,6.65,6.95,6.95,7.75,4.7,338,2348.35
2020-12-21,7.0,7.0,7.0,6.95,7.0,7.0,7.75,4.7,200,1400.0
2020-12-22,7.35,7.35,6.8,7.0,6.8,6.8,7.75,4.7,1550,11365.0
2020-12-23,7.1,7.1,7.1,6.8,7.1,7.1,7.75,4.7,840,5964.0
2020-12-24,7.0,7.45,6.9,7.1,7.4,7.4,7.75,4.7,1952,14319.0
2020-12-28,7.75,7.75,7.05,7.4,7.05,7.05,7.75,4.7,653,4791.15
2020-12-30,6.7,6.7,6.7,7.05,6.7,6.7,7.75,4.7,999,6693.3
2021-02-02,5.8,6.1,5.8,6.05,5.85,5.85,7.75,4.7,4102,24172.95
2021-02-03,6.1,6.1,5.8,5.85,6.05,6.05,7.75,4.7,1718,10159.35
2021-02-04,6.2,6.2,5.8,6.05,6.0,6.0,7.75,4.7,2038,12292.25
2021-02-05,6.2,6.2,5.65,6.0,6.1,6.05,7.75,4.7,4160,24912.8
2021-02-08,5.65,6.2,5.65,6.05,6.2,6.05,7.75,4.7,6083,36531.65
2021-02-09,6.2,6.2,5.6,6.05,6.1,6.1,7.75,4.7,3540,20750.9
2021-02-10,6.15,6.35,5.5,6.1,5.8,5.8,7.75,4.7,6991,41571.6
2021-02-11,6.2,6.2,5.7,5.8,6.0,6.05,7.75,4.7,2096,12453.0
2021-02-12,6.0,6.0,5.7,6.05,5.75,5.75,7.75,4.7,3610,21244.75
2021-02-15,5.8,5.95,5.7,5.75,5.95,5.8,7.75,4.7,10026,57692.4
2021-02-16,6.1,6.1,5.5,5.8,6.05,5.95,7.75,4.7,565,3230.7
2021-02-17,5.5,6.5,5.5,5.95,6.5,6.5,7.75,4.7,22652,143387.7
2021-02-18,7.15,7.15,7.15,6.5,7.15,7.15,7.75,4.7,12649,90440.35
2021-02-19,7.85,7.85,7.85,7.15,7.85,7.85,7.85,4.7,13961,109593.85
2021-02-22,8.2,8.2,8.2,7.85,8.2,8.2,8.2,4.7,14655,120171.0
2021-02-23,8.6,8.6,8.6,8.2,8.6,8.6,8.6,4.7,4074,35036.4
2021-02-24,9.0,9.0,9.0,8.6,9.0,9.0,9.0,4.7,2703,24327.0
2021-06-14,12.5,13.1,12.0,12.5,13.1,13.1,13.1,4.7,15745,200712.4
2021-06-15,13.3,13.75,12.45,13.1,13.75,13.7,13.75,4.7,25413,334185.45
2021-06-16,13.1,14.35,13.1,13.7,13.1,13.1,14.35,4.7,12240,163932.0
2021-06-17,13.45,13.75,12.45,13.1,12.75,12.5,14.35,4.7,12373,158956.4
2021-06-18,13.0,13.0,11.9,12.5,12.2,12.2,14.35,4.7,4027,49952.75
2021-06-21,12.2,12.2,11.6,12.2,11.8,11.8,14.35,4.7,6026,71806.8
2021-06-22,11.25,12.35,11.25,11.8,12.0,12.2,14.35,4.7,16067,192168.15
2021-06-23,12.0,12.8,11.8,12.2,12.8,12.8,14.35,4.7,12100,151808.45
2021-06-24,12.85,13.4,12.8,12.8,13.1,13.35,14.35,4.7,17706,235072.5
2021-06-25,14.0,14.0,12.7,13.35,12.75,12.75,14.35,4.7,19739,256044.05
2021-06-28,12.75,13.35,12.15,12.75,13.2,13.2,14.35,4.7,18173,238930.6
2021-06-29,13.5,13.8,12.75,13.2,13.55,13.65,14.35,4.7,10331,138671.4
2021-06-30,14.3,14.3,13.4,13.65,14.3,14.3,14.35,4.7,20487,290297.35
2021-07-01,14.95,15.0,13.65,14.3,13.85,14.0,15.0,4.7,27586,398135.6
2021-07-02,14.6,14.6,13.85,14.0,13.9,14.3,15.0,4.7,20784,296231.0
2021-07-05,13.75,15.0,13.75,14.3,15.0,15.0,15.0,4.7,37424,552356.2
2021-07-06,15.7,15.75,15.0,15.0,15.65,15.65,15.75,4.7,27718,435528.8
2021-07-07,16.3,16.4,15.15,15.65,16.4,16.4,16.4,4.7,37244,604957.75
2021-10-12,10.9,10.9,9.95,10.4,10.3,10.25,16.4,4.7,5021,51452.35
2021-10-13,10.75,10.75,9.75,10.25,9.9,10.2,16.4,4.7,10322,105459.5
2021-10-14,9.9,10.7,9.7,10.2,10.15,10.25,16.4,4.7,14491,152731.55
2021-10-18,10.55,10.65,9.75,10.25,10.15,10.15,16.4,4.7,6605,67732.95
2021-10-19,10.15,10.65,10.0,10.15,10.05,10.15,16.4,4.7,16060,167011.25
2021-10-20,10.15,10.65,9.7,10.15,10.0,10.05,16.4,4.7,3680,37528.0
2021-10-21,10.55,10.55,9.65,10.05,9.8,9.8,16.4,4.7,10755,106378.5
2021-10-22,10.25,10.25,9.5,9.8,10.15,10.15,16.4,4.7,9139,90067.45
2021-10-25,10.25,10.6,9.65,10.15,10.2,10.2,16.4,4.7,7559,76016.85
2021-10-26,10.0,10.7,9.7,10.2,10.0,10.0,16.4,4.7,27955,283355.1
2021-10-27,9.55,10.2,9.5,10.0,9.55,9.7,16.4,4.7,4948,47940.45
2021-10-28,9.7,10.05,9.3,9.7,9.9,9.9,16.4,4.7,613,5883.15
2021-10-29,10.1,10.1,9.45,9.9,9.45,9.8,16.4,4.7,638,6280.6
2021-11-01,9.8,10.1,9.5,9.8,9.95,9.95,16.4,4.7,2932,28653.1
2021-11-02,9.5,10.4,9.5,9.95,9.95,9.95,16.4,4.7,1567,15252.6
2021-11-03,9.5,10.0,9.5,9.95,9.65,9.65,16.4,4.7,1600,15599.65
2021-11-04,10.1,10.1,9.2,9.65,9.95,9.3,16.4,4.7,647,6082.25
2021-11-08,9.3,9.75,8.9,9.3,9.65,9.7,16.4,4.7,6070,56532.1
2021-11-09,10.15,10.15,9.7,9.7,10.0,10.0,16.4,4.7,3550,35527.55
2021-11-10,10.2,10.3,9.7,10.0,9.7,10.05,16.4,4.7,9599,96467.6
2021-11-11,10.45,10.45,9.55,10.05,10.0,9.65,16.4,4.7,7356,71833.35
2021-11-12,10.0,10.0,9.6,9.65,9.6,9.6,16.4,4.7,3931,38466.85
2021-11-15,9.6,9.9,9.15,9.6,9.35,9.4,16.4,4.7,1810,16966.85
2021-11-16,9.85,9.85,9.0,9.4,9.85,9.85,16.4,4.7,5832,57179.9
2021-11-17,10.3,10.3,9.4,9.85,10.0,10.0,16.4,4.7,12893,127618.45
2021-11-18,10.2,10.2,9.5,10.0,9.95,9.9,16.4,4.7,23394,230967.65
2021-11-22,10.2,10.2,9.45,9.9,9.65,9.65,16.4,4.7,3094,29911.35
2021-11-23,9.85,9.95,9.2,9.65,9.45,9.45,16.4,4.7,4521,42516.15
2021-11-24,9.85,9.85,9.05,9.45,9.85,9.85,16.4,4.7,7181,68636.0
2021-11-25,10.2,10.2,9.45,9.85,9.9,9.9,16.4,4.7,5518,54111.85
2021-11-26,10.15,10.15,9.55,9.9,9.7,9.7,16.4,4.7,2678,25919.25
2021-11-29,9.95,9.95,9.25,9.7,9.25,9.3,16.4,4.7,6717,64040.55
2021-11-30,9.3,9.5,8.85,9.3,8.9,8.9,16.4,4.7,8693,78129.7
2021-12-01,9.1,9.3,8.5,8.9,9.05,9.25,16.4,4.7,8159,74111.7
2021-12-02,9.7,9.7,9.05,9.25,9.2,9.2,16.4,4.7,1289,12207.2
2021-12-03,9.65,9.65,9.2,9.2,9.65,9.65,16.4,4.7,6726,64275.0
2021-12-06,9.9,10.0,9.2,9.65,9.6,9.6,16.4,4.7,8350,79521.25
2021-12-07,9.9,10.4,9.0,9.6,10.0,9.75,16.4,4.7,25492,250825.1
2021-12-08,10.2,10.7,9.75,9.75,10.7,10.7,16.4,4.7,22341,229432.75
2021-12-09,10.9,11.75,10.9,10.7,11.75,11.75,16.4,4.7,17188,199296.55
2021-12-10,12.3,12.3,12.3,11.75,12.3,12.3,16.4,4.7,1577,19397.1
2021-12-13,12.9,12.9,12.9,12.3,12.9,12.9,16.4,5.5,2087,26922.3
2021-12-14,13.5,13.5,13.5,12.9,13.5,13.5,16.4,5.5,3541,47803.5
2021-12-15,14.15,14.15,14.15,13.5,14.15,14.15,16.4,5.5,1398,19781.7
2022-03-29,9.45,10.0,9.45,9.9,9.45,9.45,16.4,5.5,9346,90023.65
2022-03-30,9.0,9.9,9.0,9.45,9.0,9.0,16.4,5.5,6452,59342.55
2022-03-31,9.4,9.45,8.55,9.0,9.2,9.2,16.4,5.5,3041,27985.75
2022-04-01,9.6,9.65,8.8,9.2,9.55,9.5,16.4,5.5,1479,14073.5
2022-04-04,9.75,9.95,9.5,9.5,9.75,9.8,16.4,5.5,3437,33541.2
2022-04-05,9.8,10.25,9.45,9.8,10.15,9.95,16.4,5.5,13934,137557.05
2022-04-06,10.4,10.4,9.65,9.95,10.4,10.4,16.4,5.5,5576,56957.5
2022-04-07,10.9,10.9,10.4,10.4,10.9,10.9,16.4,5.5,868,9427.7
2022-04-08,11.05,11.4,10.95,10.9,11.4,11.4,16.4,5.5,667,7503.1
2022-04-11,11.95,11.95,11.95,11.4,11.95,11.95,16.4,8.2,2071,24748.45
2022-04-12,12.5,12.5,12.5,11.95,12.5,12.5,16.4,8.5,1881,23512.5
2022-04-13,13.1,13.1,13.1,12.5,13.1,13.1,16.4,8.5,12442,162990.2
2022-04-18,13.75,13.75,13.75,13.1,13.75,13.75,16.4,8.5,1526,20982.5
2022-04-19,14.4,14.4,14.4,13.75,14.4,14.4,16.4,8.5,1075,15480.0
2022-04-20,15.1,15.1,15.1,14.4,15.1,15.1,16.4,8.5,2383,35983.3
2022-06-21,8.1,8.1,8.1,7.75,8.1,8.1,16.4,8.1,583,4722.3
2022-06-22,8.5,8.5,8.5,8.1,8.5,8.5,16.4,8.1,100,850.0
2022-06-23,8.9,8.9,8.9,8.5,8.9,8.9,16.4,8.1,761,6772.9
2022-06-24,9.3,9.3,9.3,8.9,9.3,9.3,16.4,8.1,177,1646.1
2022-06-27,9.75,9.75,9.75,9.3,9.75,9.75,16.4,8.1,1,9.75
2022-06-28,10.2,10.2,10.2,9.75,10.2,10.2,16.4,8.1,475,4845.0
2022-06-29,10.7,10.7,10.7,10.2,10.7,10.7,16.4,8.1,5997,64167.9
2022-06-30,11.2,11.2,11.2,10.7,11.2,11.2,16.4,8.1,1490,16688.0
2022-07-01,11.75,11.75,11.5,11.2,11.75,11.75,16.4,8.1,21801,255604.3
2022-07-04,12.3,12.3,11.2,11.75,11.2,11.2,16.4,8.1,7336,83595.45
2022-07-05,11.65,11.75,11.0,11.2,11.75,11.75,16.4,8.1,12750,148968.25
2022-07-06,12.0,12.3,12.0,11.75,12.3,12.3,16.4,8.1,1702,20919.6
2022-07-07,12.9,12.9,12.9,12.3,12.9,12.9,16.4,8.1,4182,53947.8
2022-07-08,13.5,13.5,13.5,12.9,13.5,13.5,15.1,8.1,7134,96309.0
2022-07-11,14.15,14.15,14.15,13.5,14.15,14.15,15.1,8.1,2404,34016.6
2022-07-12,14.85,14.85,14.85,14.15,14.85,14.85,15.1,8.1,2914,43272.9
2022-07-13,15.55,15.55,15.55,14.85,15.55,15.55,15.55,8.1,4705,73162.75
2022-12-06,9.9,9.95,9.15,9.5,9.3,9.3,15.55,8.1,5718,55019.9
2022-12-07,9.3,9.75,9.15,9.3,9.6,9.6,15.55,8.1,5079,47084.3
2022-12-08,10.0,10.0,9.15,9.6,9.3,9.3,15.55,8.1,4476,42794.45
2022-12-09,9.6,9.7,8.85,9.3,9.4,9.3,15.55,8.1,18322,165438.1
2022-12-12,8.85,9.4,8.85,9.3,9.1,8.85,15.55,8.1,6018,53959.45
2022-12-13,9.2,9.25,8.9,8.85,9.25,9.1,15.55,8.1,6049,55010.65
2022-12-14,9.5,9.5,8.85,9.1,9.35,9.35,15.55,8.1,6176,56394.55
2022-12-15,9.8,9.8,9.05,9.35,9.25,9.3,15.55,8.1,3819,35625.9
2022-12-16,8.95,9.5,8.95,9.3,9.05,9.05,15.55,8.1,5476,49970.75
2022-12-19,8.65,9.45,8.65,9.05,9.45,9.45,15.55,8.1,1000,9345.65
2022-12-20,9.1,9.45,9.1,9.45,9.35,9.35,15.55,8.1,921,8638.3
2022-12-21,9.7,9.7,9.35,9.35,9.35,9.35,15.55,8.1,2148,20581.8
2022-12-22,9.65,9.8,8.9,9.35,9.2,9.0,15.55,8.1,5826,53557.65
2022-12-23,9.0,9.45,8.6,9.0,9.45,9.45,15.55,8.1,12854,118579.05
2022-12-26,9.9,9.9,9.0,9.45,9.6,9.6,15.55,8.1,6041,58330.25
2022-12-27,9.45,10.05,9.25,9.6,9.6,9.4,15.55,8.1,2957,28358.6
2022-12-28,9.7,9.85,9.2,9.4,9.55,9.55,15.55,8.1,3456,33358.1
2022-12-29,9.75,10.0,9.55,9.55,9.95,9.95,15.55,8.1,6617,65780.5
2022-12-30,10.15,10.4,9.7,9.95,10.3,10.15,15.55,8.1,9520,97048.9
2023-01-02,10.6,10.65,10.4,10.15,10.65,10.65,15.55,8.1,4647,49424.0
2023-01-03,11.15,11.15,10.25,10.65,11.0,10.95,15.55,8.1,13675,149038.7
2023-01-04,11.35,11.4,10.5,10.95,11.3,11.0,15.55,8.1,11150,122270.95
2023-01-05,10.5,11.4,10.45,11.0,10.85,10.7,15.55,8.1,10967,118345.15
2023-01-06,11.1,11.1,10.25,10.7,10.8,10.6,15.55,8.1,7794,82455.25
2023-01-09,10.85,11.05,10.25,10.6,11.0,10.95,15.55,8.1,7106,77197.45
2023-01-10,11.0,11.4,10.75,10.95,11.1,11.1,15.55,8.1,6652,74534.65
2023-01-11,11.15,11.5,10.55,11.1,11.2,11.2,15.55,8.1,7699,84758.2
2023-01-12,11.45,11.45,10.7,11.2,10.95,10.95,15.55,8.1,2403,26138.0
2023-01-13,11.35,11.35,10.55,10.95,11.1,10.9,15.55,8.1,3737,41196.2
2023-01-16,11.15,11.3,10.55,10.9,11.3,11.0,15.55,8.1,6810,74413.55
2023-01-17,11.25,11.35,10.55,11.0,10.6,10.7,15.55,8.1,5983,64099.05
2023-01-18,10.7,11.1,10.35,10.7,10.95,10.95,15.55,8.1,4363,47120.95
2023-01-19,10.95,10.95,10.45,10.95,10.8,10.5,15.55,8.1,6976,73930.35
2023-01-20,10.9,10.9,10.5,10.5,10.6,10.5,15.55,8.1,5037,53502.85
2023-01-23,10.9,10.9,10.05,10.5,10.3,10.3,15.55,8.1,1932,19893.95
2023-01-24,10.75,10.75,9.8,10.3,10.2,10.2,15.55,8.1,12435,126246.3
2023-01-25,10.4,10.4,9.8,10.2,10.15,9.9,15.55,8.1,5202,51977.8
2023-01-27,9.9,10.1,9.5,9.9,9.85,9.85,15.55,8.1,335,3234.35
2023-01-30,9.85,9.9,9.35,9.85,9.55,9.55,15.55,8.1,2926,28025.55
2023-01-31,9.95,9.95,9.1,9.55,9.5,9.5,15.55,8.1,2443,22554.35
2023-02-01,9.5,9.85,9.05,9.5,9.05,9.05,15.55,8.1,7633,70522.05
2023-02-02,9.3,9.3,8.6,9.05,9.3,8.75,15.55,8.1,990,8657.4
2023-02-03,8.9,9.1,8.45,8.75,8.75,8.75,15.55,8.1,1614,13942.0
2023-02-06,8.95,9.15,8.4,8.75,9.15,9.15,15.55,8.1,5722,51130.1
2023-02-07,9.55,9.55,8.8,9.15,9.25,9.25,15.55,8.1,2646,24004.75
2023-02-08,9.6,9.6,8.8,9.25,9.0,8.85,15.55,8.1,2858,25840.4
2023-02-09,9.2,9.2,8.4,8.85,8.8,8.8,15.55,8.1,1660,14161.45
2023-02-10,8.8,8.8,8.5,8.8,8.8,8.75,15.55,8.1,1556,13444.9
2023-02-13,8.5,8.8,8.5,8.75,8.75,8.5,15.55,8.1,1623,13836.5
2023-02-14,8.9,8.9,8.1,8.5,8.6,8.7,15.55,8.1,1894,16385.9
2023-02-15,9.05,9.05,8.3,8.7,8.65,8.7,15.55,8.1,4895,41810.9
2023-02-16,8.7,9.1,8.35,8.7,9.05,8.75,15.55,8.1,4969,43289.85
2023-02-17,9.05,9.1,8.4,8.75,8.4,8.75,15.55,8.1,1812,16006.65
2023-02-20,9.15,9.15,8.5,8.75,9.0,8.55,15.55,8.1,2751,24079.05
2023-02-21,8.85,8.85,8.5,8.55,8.75,8.75,15.55,8.1,481,4178.85
2023-02-22,9.15,9.15,8.4,8.75,8.4,8.5,15.55,8.1,2889,24660.65
2023-02-23,8.85,8.85,8.2,8.5,8.65,8.65,15.55,8.1,323,2669.15
2023-02-24,9.0,9.0,8.25,8.65,8.7,8.7,15.55,8.1,5662,49066.55
2023-02-27,8.3,9.05,8.3,8.7,8.65,8.35,15.55,8.1,583,4885.55
2023-02-28,8.7,8.7,8.3,8.35,8.5,8.6,15.55,8.1,1842,15698.65
2023-03-01,8.2,8.9,8.2,8.6,8.85,8.85,15.55,8.1,1153,9755.75
2023-03-02,9.0,9.0,8.55,8.85,9.0,9.0,15.55,8.1,573,5154.75
2023-03-03,9.15,9.15,8.9,9.0,8.9,9.0,15.55,8.1,918,8328.5
2023-03-06,9.2,9.2,8.55,9.0,9.0,9.0,15.55,8.1,2449,21742.2
2023-03-08,9.0,9.0,9.0,9.0,9.0,9.0,15.55,8.1,186,1674.0
2023-03-09,9.0,9.4,8.55,9.0,9.0,9.0,15.55,8.1,1253,11001.9
2023-03-10,9.0,9.0,8.55,9.0,8.65,8.65,15.55,8.1,803,6954.5
2023-03-13,9.05,9.05,8.35,8.65,8.9,8.8,15.55,8.1,1235,10906.05
2023-03-14,8.9,8.9,8.4,8.8,8.8,8.8,15.55,8.1,831,7040.85
2023-03-15,9.0,9.0,8.4,8.8,8.4,8.4,15.55,8.1,1621,13801.95
2023-03-16,8.8,8.8,8.0,8.4,8.0,8.3,15.55,8.0,827,7069.4
2023-03-17,8.7,8.7,8.0,8.3,8.65,8.3,15.55,8.0,3122,25863.1
2023-03-20,8.0,8.7,8.0,8.3,8.1,8.1,15.55,8.0,2735,22446.25
2023-03-21,8.0,8.3,7.8,8.1,8.1,7.8,15.55,7.8,2658,21061.3
2023-03-22,7.8,8.0,7.45,7.8,8.0,8.0,15.55,7.45,4714,37126.3
2023-03-23,8.3,8.3,7.6,8.0,7.95,7.65,15.55,7.45,5656,43524.75
2023-03-24,7.9,7.9,7.3,7.65,7.7,7.7,15.55,7.3,850,6238.2
2023-03-27,7.95,7.95,7.35,7.7,7.85,7.85,15.55,7.3,1302,9945.65
2023-03-28,8.1,8.1,7.45,7.85,7.7,7.65,15.55,7.3,2206,16791.9
2023-03-29,7.95,7.95,7.3,7.65,7.7,7.5,15.55,7.3,4668,35869.9
2023-03-31,7.75,7.75,7.15,7.5,7.2,7.2,15.55,7.15,8450,61521.6
2023-04-03,7.0,7.4,6.85,7.2,7.4,7.4,15.55,6.85,3708,25874.25
2023-04-05,7.4,7.7,7.1,7.4,7.7,7.7,15.55,6.85,2390,17594.2
2023-04-06,7.7,8.05,7.5,7.7,8.05,7.9,15.55,6.85,7855,62671.7
2023-04-10,8.25,8.25,7.8,7.9,8.25,8.25,15.55,6.85,2535,20878.2
2023-04-11,8.65,8.65,8.15,8.25,8.6,8.6,15.55,6.85,1631,14101.2
2023-04-12,8.65,9.0,8.2,8.6,8.8,8.7,15.55,6.85,11399,98348.2
2023-04-13,9.05,9.05,8.35,8.7,8.4,8.8,15.55,6.85,3909,34167.25
2023-04-17,8.8,8.8,8.8,8.8,8.8,8.8,15.55,6.85,50,440.0
2023-04-19,9.05,9.05,9.05,8.8,9.05,9.05,15.55,6.85,1,9.05
2023-04-20,9.45,9.45,9.4,9.05,9.4,9.4,15.55,6.85,2,18.85
2023-04-21,8.95,9.35,8.95,9.4,9.35,9.35,15.55,6.85,102,913.3
2023-04-24,9.35,9.35,9.3,9.35,9.3,9.3,15.55,6.85,180,1680.5
2023-04-25,9.15,9.15,9.15,9.3,9.15,9.15,15.55,6.85,60,549.0
2023-04-26,8.75,8.95,8.75,9.15,8.95,8.95,15.55,6.85,201,1758.95
2023-04-27,8.95,8.95,8.5,8.95,8.5,8.5,15.55,6.85,10,87.25
2023-04-28,8.5,8.5,8.5,8.5,8.5,8.5,15.55,6.85,115,977.5
2023-05-02,8.5,8.5,8.5,8.5,8.5,8.5,15.55,6.85,10,85.0
2023-05-03,8.5,8.5,8.45,8.5,8.45,8.45,15.55,6.85,312,2637.0
2023-05-04,8.05,8.7,8.05,8.45,8.7,8.7,15.55,6.85,787,6349.9
2023-05-05,8.65,8.65,8.65,8.7,8.65,8.65,15.55,6.85,60,519.0
2023-05-08,8.65,8.65,8.35,8.65,8.35,8.35,15.55,6.85,511,4419.85
2023-05-09,8.35,8.35,8.35,8.35,8.35,8.35,15.55,6.85,4659,38902.65
2023-05-10,7.95,8.0,7.95,8.35,8.0,8.0,15.55,6.85,130,1037.35
2023-05-11,8.0,8.0,8.0,8.0,8.0,8.0,15.55,6.85,650,5200.0
2023-05-12,8.0,8.0,8.0,8.0,8.0,8.0,15.55,6.85,449,3592.0
2023-05-15,8.0,8.0,8.0,8.0,8.0,8.0,15.55,6.85,20,160.0
2023-05-16,7.95,8.4,7.6,8.0,8.4,8.4,15.55,6.85,1827,13948.05
2023-05-17,8.8,8.8,8.8,8.4,8.8,8.8,15.55,6.85,2,17.6
2023-05-18,8.4,8.4,8.4,8.8,8.4,8.4,15.55,6.85,237,1990.8
2023-05-19,8.4,8.4,8.4,8.4,8.4,8.4,15.55,6.85,811,6812.4
2023-05-22,8.4,8.8,8.4,8.4,8.75,8.75,15.55,6.85,476,4003.1
2023-05-23,8.35,8.35,8.35,8.75,8.35,8.35,15.55,6.85,64,534.4
2023-05-24,8.75,8.75,8.0,8.35,8.65,8.65,15.55,6.85,223,1809.65
2023-05-25,8.25,8.25,8.25,8.65,8.25,8.25,15.55,6.85,50,412.5
2023-05-26,8.25,8.25,8.25,8.25,8.25,8.25,15.55,6.85,100,825.0
2023-05-29,8.65,8.65,8.65,8.25,8.65,8.65,15.55,6.85,1,8.65
2023-05-30,8.25,8.65,8.25,8.65,8.65,8.65,15.55,6.85,163,1345.15
2023-06-01,8.35,8.6,8.35,8.65,8.6,8.6,15.55,6.85,1604,13393.9
2023-06-02,8.6,8.6,8.6,8.6,8.6,8.6,15.55,6.85,2010,17286.0
2023-06-05,8.25,8.6,8.2,8.6,8.6,8.6,15.55,6.85,508,4189.0
2023-06-06,8.2,8.45,8.2,8.6,8.45,8.45,15.55,6.85,472,3870.65
2023-06-08,8.45,8.45,8.45,8.45,8.45,8.45,15.55,6.85,345,2915.25
2023-06-09,8.45,8.45,8.45,8.45,8.45,8.45,15.55,6.85,50,422.5
2023-06-13,7.6,7.6,7.6,8.45,7.6,7.6,15.55,6.85,1950,14820.0
2023-06-14,7.6,7.6,7.6,7.6,7.6,7.6,15.55,6.85,201,1527.6
2023-06-15,7.55,7.55,7.5,7.6,7.5,7.5,15.55,6.85,2083,15626.65
2023-06-16,7.5,7.5,6.8,7.5,7.2,7.2,15.55,6.8,2894,20565.65
2023-06-19,7.2,7.2,7.0,7.2,7.0,7.0,15.55,6.8,1732,12325.1
2023-06-20,7.0,7.3,7.0,7.0,7.0,7.0,15.55,6.8,4014,28449.3
2023-06-21,7.0,7.0,7.0,7.0,7.0,7.0,15.55,6.8,362,2534.0
2023-06-22,6.9,6.9,6.8,7.0,6.8,6.8,15.55,6.8,1392,9489.7
2023-06-23,6.9,6.9,6.6,6.8,6.6,6.6,15.55,6.6,2064,13948.4
2023-06-26,6.9,6.95,6.6,6.6,6.9,6.9,15.55,6.6,248,1710.1
2023-06-27,6.9,6.9,6.9,6.9,6.9,6.9,15.55,6.6,2198,15166.2
2023-06-28,6.6,6.6,6.45,6.9,6.45,6.45,15.55,6.45,859,5551.95
2023-06-30,6.45,7.0,6.45,6.45,7.0,7.0,15.55,6.45,83,535.9
2023-07-03,7.0,7.0,7.0,7.0,7.0,7.0,15.55,6.45,3155,22085.0
2023-07-04,7.0,7.0,7.0,7.0,7.0,7.0,15.55,6.45,258,1806.0
2023-07-05,7.0,7.0,7.0,7.0,7.0,7.0,15.55,6.45,105,735.0
2023-07-06,7.3,7.3,7.3,7.0,7.3,7.3,15.55,6.45,106,773.8
2023-07-07,7.25,7.25,6.95,7.3,7.0,7.0,15.55,6.45,871,6073.45
2023-07-10,7.0,7.0,6.55,7.0,6.55,6.55,15.55,6.45,379,2487.4
2023-07-11,6.55,6.55,6.55,6.55,6.55,6.55,15.55,6.45,85,556.75
2023-07-12,6.85,6.85,6.3,6.55,6.3,6.3,15.55,6.3,371,2420.85
2023-07-13,6.35,6.85,6.35,6.3,6.85,6.85,15.55,6.3,123,797.55
2023-07-14,7.15,7.15,7.0,6.85,7.0,7.0,15.55,6.3,5557,39100.85
2023-07-17,7.0,7.0,6.95,7.0,6.95,6.95,11.5,6.3,264,1838.0
2023-07-18,6.95,6.95,6.95,6.95,6.95,6.95,11.5,6.3,1754,12190.3
2023-07-19,6.95,6.95,6.6,6.95,6.6,6.6,11.5,6.3,915,6354.0
2023-07-20,7.2,7.2,7.0,6.6,7.0,7.0,11.5,6.3,732,5164.0
2023-07-21,7.65,7.65,6.9,7.0,6.9,6.9,11.5,6.3,190,1398.15
2023-07-24,7.35,7.35,6.9,6.9,6.9,6.9,11.5,6.3,186,1291.65
2023-07-25,6.9,6.9,6.9,6.9,6.9,6.9,11.5,6.3,410,2829.0
2023-07-26,6.9,6.9,6.65,6.9,6.9,6.9,11.5,6.3,236,1619.65
2023-07-27,7.0,7.0,6.35,6.9,7.0,7.0,11.5,6.3,1267,8200.6
2023-07-28,6.35,7.0,6.35,7.0,7.0,7.0,11.5,6.3,178,1158.8
2023-07-31,7.65,7.65,6.8,7.0,6.8,6.8,11.5,6.3,1887,13043.25
2023-08-01,6.8,6.8,6.8,6.8,6.8,6.8,11.5,6.3,432,2937.6
2023-08-03,6.8,6.8,6.8,6.8,6.8,6.8,11.5,6.3,391,2658.8
2023-08-04,6.5,7.35,6.5,6.8,7.35,7.35,11.5,6.3,1517,10716.45
2023-08-07,7.3,7.3,7.1,7.35,7.1,7.1,11.5,6.3,20,144.0
2023-08-08,7.1,7.25,7.05,7.1,7.05,7.05,11.5,6.3,722,5124.0
2023-08-09,7.05,7.05,7.05,7.05,7.05,7.05,11.5,6.3,803,5661.15
2023-08-10,7.05,7.15,7.05,7.05,7.15,7.15,11.5,6.3,1712,12240.2
2023-08-11,7.25,7.25,7.0,7.15,7.0,7.0,11.5,6.3,2650,18950.0
2023-08-14,7.0,7.0,7.0,7.0,7.0,7.0,11.5,6.3,38,266.0
2023-08-16,6.9,7.0,6.9,7.0,7.0,7.0,11.5,6.3,862,5950.2
2023-08-17,7.0,7.0,6.6,7.0,6.95,6.95,11.5,6.3,2106,14701.7
2023-08-18,7.0,7.0,6.5,6.95,6.5,6.5,11.5,6.3,42,290.0
2023-08-21,6.95,6.95,6.55,6.5,6.95,6.95,11.5,6.3,177,1204.95
2023-08-22,6.95,6.95,6.3,6.95,6.95,6.95,11.5,6.3,430,2890.75
2023-08-23,7.15,7.15,7.05,6.95,7.05,7.05,11.5,6.3,760,5413.75
2023-08-24,7.05,7.05,7.05,7.05,7.05,7.05,11.5,6.3,254,1790.7
2023-08-28,7.05,7.05,7.05,7.05,7.05,7.05,11.5,6.3,60,423.0
2023-08-29,7.05,7.05,7.05,7.05,7.05,7.05,11.5,6.3,141,994.05
2023-08-30,7.05,7.1,7.05,7.05,7.1,7.1,11.5,6.3,1325,9391.25
2023-08-31,7.1,7.1,7.1,7.1,7.1,7.1,11.5,6.3,587,4167.7
2023-09-01,7.1,7.1,7.1,7.1,7.1,7.1,11.5,6.3,1269,9009.9
2023-09-04,7.1,7.1,7.1,7.1,7.1,7.1,11.5,6.3,70,497.0
2023-09-05,6.45,6.45,6.45,7.1,6.45,6.45,11.5,6.3,525,3386.25
2023-09-06,6.85,7.0,6.85,6.45,6.9,6.9,11.5,6.3,1623,11200.4
2023-09-07,6.9,6.9,6.9,6.9,6.9,6.9,11.5,6.3,6,41.4
2023-09-08,6.9,6.95,6.85,6.9,6.85,6.85,11.5,6.3,5145,35253.35
2023-09-11,6.85,6.85,6.85,6.85,6.85,6.85,11.5,6.3,164,1123.4
2023-09-12,6.8,6.8,6.8,6.85,6.8,6.8,11.5,6.3,1496,10172.8
2023-09-13,7.45,7.45,7.3,6.8,7.3,7.3,11.5,6.3,900,6674.85
2023-09-14,7.25,7.4,7.2,7.3,7.4,7.4,11.5,6.3,4580,33372.85
2023-09-15,7.35,7.35,7.0,7.4,7.05,7.05,11.5,6.3,1071,7515.85
2023-09-18,7.0,7.2,7.0,7.05,7.2,7.2,11.5,6.3,4185,30123.0
2023-09-20,7.2,7.6,7.2,7.2,7.2,7.2,11.5,6.3,4817,35482.4
2023-09-21,7.2,7.65,7.2,7.2,7.65,7.65,11.5,6.3,1720,12384.45
2023-09-22,7.65,7.65,7.2,7.65,7.25,7.25,11.5,6.3,2268,17304.8
2023-09-25,7.25,7.75,7.25,7.25,7.65,7.65,11.5,6.3,1095,8372.25
2023-09-26,7.65,7.65,7.3,7.65,7.65,7.65,11.5,6.3,23,173.5
2023-09-27,7.6,7.6,7.3,7.65,7.6,7.6,11.5,6.3,2992,22678.5
2023-09-28,7.55,7.55,7.1,7.6,7.4,7.4,11.5,6.3,3927,28968.2
2023-09-29,7.4,7.9,7.4,7.4,7.9,7.9,11.5,6.3,295,2190.0
2023-10-03,7.9,7.9,7.5,7.9,7.5,7.5,11.5,6.3,2270,17115.2
2023-10-04,7.5,7.5,7.2,7.5,7.4,7.4,11.5,6.3,255,1853.0
2023-10-05,7.4,7.4,7.1,7.4,7.1,7.1,11.5,6.3,2560,18206.3
2023-10-06,7.05,7.05,6.75,7.1,6.75,6.75,11.5,6.3,1627,11170.35
2023-10-09,6.75,7.0,6.75,6.75,7.0,7.0,11.5,6.3,146,985.75
2023-10-10,7.0,7.0,7.0,7.0,7.0,7.0,11.5,6.3,3,21.0
2023-10-11,7.0,7.0,7.0,7.0,7.0,7.0,11.5,6.3,101,707.0
2023-10-12,6.65,6.95,6.65,7.0,6.65,6.65,11.5,6.3,2458,16378.7
2023-10-13,6.7,7.25,6.7,6.65,7.25,7.25,11.5,6.3,1044,6995.35
2023-10-16,7.25,7.6,7.25,7.25,7.6,7.6,11.5,6.3,105,763.0
2023-10-17,7.6,7.9,7.4,7.6,7.9,7.9,11.5,6.3,1467,10861.7
2023-10-18,7.45,7.75,7.45,7.9,7.75,7.75,11.5,6.3,1607,12122.15
2023-10-19,7.75,7.75,7.05,7.75,7.15,7.15,11.5,6.3,240,1743.5
2023-10-20,7.1,7.75,7.1,7.15,7.75,7.75,11.5,6.3,990,7029.65
2023-10-23,7.7,7.7,7.7,7.75,7.7,7.7,11.5,6.3,1200,9240.0
2023-10-25,8.3,8.3,7.55,7.7,7.55,7.55,11.5,6.3,555,4317.0
2023-10-26,7.55,7.55,7.55,7.55,7.55,7.55,11.5,6.3,85,641.75
2023-10-27,8.2,8.2,7.7,7.55,7.7,7.7,11.5,6.3,586,4577.2
2023-10-30,7.7,7.7,7.7,7.7,7.7,7.7,11.5,6.3,695,5351.5
2023-10-31,7.7,7.7,7.5,7.7,7.5,7.5,11.5,6.3,37,282.95
2023-11-01,7.5,7.5,7.05,7.5,7.2,7.2,11.5,6.3,20,146.85
2023-11-02,7.2,7.9,7.15,7.2,7.9,7.9,11.5,6.3,1011,7335.2
2023-11-03,7.2,7.5,7.2,7.9,7.5,7.5,11.5,6.3,458,3360.0
2023-11-06,7.55,7.55,7.55,7.5,7.55,7.55,11.5,6.3,657,4960.35
2023-11-07,7.85,7.85,7.8,7.55,7.8,7.8,11.5,6.3,2304,17996.2
2023-11-08,7.9,7.9,7.9,7.8,7.9,7.9,11.5,6.3,3,23.7
2023-11-09,8.65,8.65,7.4,7.9,8.0,8.0,11.5,6.3,5252,41956.65
2023-11-10,7.25,7.8,7.25,8.0,7.8,7.8,11.5,6.3,5700,41435.0
2023-11-12,7.8,7.8,7.8,7.8,7.8,7.8,11.5,6.3,57,444.6
2023-11-13,8.2,8.2,8.1,7.8,8.1,8.1,11.5,6.3,896,7263.95
2023-11-15,8.0,8.0,7.65,8.1,8.0,8.0,11.5,6.3,1602,12268.25
2023-11-16,8.0,8.0,8.0,8.0,8.0,8.0,11.5,6.3,1449,11592.0
2023-11-17,8.0,8.5,8.0,8.0,8.5,8.5,11.5,6.3,728,5922.0
2023-11-20,7.65,7.8,7.65,8.5,7.8,7.8,11.5,6.3,2083,15989.6
2023-11-21,8.0,8.0,7.8,7.8,7.9,7.9,11.5,6.3,1311,10356.35
2023-11-22,7.95,8.5,7.95,7.9,8.5,8.5,11.5,6.3,1112,8840.95
2023-11-23,8.5,8.5,8.45,8.5,8.45,8.45,11.5,6.3,3500,29725.0
2023-11-24,8.05,8.25,8.05,8.45,8.25,8.25,11.5,6.3,975,8013.75
2023-11-28,7.7,8.5,7.7,8.25,8.5,8.5,11.5,6.3,132,1081.2
2023-11-29,8.5,8.5,8.25,8.5,8.25,8.25,11.5,6.3,2289,19385.0
2023-11-30,8.2,8.2,8.2,8.25,8.2,8.2,11.5,6.3,1,8.2
2023-12-01,8.2,8.2,8.2,8.2,8.2,8.2,11.5,6.3,320,2624.0
2023-12-04,8.2,8.2,8.15,8.2,8.2,8.2,11.5,6.3,2554,20890.15
2023-12-05,8.2,8.3,7.7,8.2,7.9,7.9,11.5,6.3,1873,15124.8
2023-12-06,7.95,7.95,7.95,7.9,7.95,7.95,11.5,6.3,2373,18865.35
2023-12-07,8.35,8.35,8.15,7.95,8.2,8.2,11.5,6.3,1510,12388.5
2023-12-08,7.75,7.75,7.75,8.2,7.75,7.75,11.5,6.3,180,1395.0
2023-12-11,7.85,8.45,7.85,7.75,8.45,8.45,11.5,6.3,1319,11101.15
2023-12-12,8.4,8.4,8.35,8.45,8.35,8.35,11.5,6.3,763,6389.05
2023-12-13,8.4,8.4,8.35,8.35,8.4,8.4,11.5,6.3,1247,10469.8
2023-12-14,8.4,9.2,8.4,8.4,9.2,9.2,11.5,6.3,5005,44282.8
2023-12-15,9.2,9.3,9.15,9.2,9.25,9.25,11.5,6.3,6668,61617.05
2023-12-18,9.2,9.2,9.1,9.25,9.1,9.1,11.5,6.3,7321,66685.3
2023-12-19,9.1,9.1,9.1,9.1,9.1,9.1,11.5,6.3,2831,25762.1
2023-12-20,8.6,9.85,8.6,9.1,9.85,9.85,11.5,6.3,70,648.55
2023-12-21,9.8,9.8,9.2,9.85,9.45,9.45,11.5,6.3,7632,72200.9
2023-12-22,9.0,9.4,9.0,9.45,9.0,9.0,11.5,6.3,1557,14013.4
2023-12-26,9.1,9.1,9.0,9.0,9.0,9.0,11.5,6.3,9369,84331.0
2023-12-27,9.0,9.0,9.0,9.0,9.0,9.0,11.5,6.3,5550,49950.0
2023-12-28,9.0,9.0,8.6,9.0,9.0,9.0,11.5,6.3,592,5208.0
2023-12-29,8.55,9.0,8.55,9.0,9.0,9.0,11.5,6.3,2648,23814.0
2024-01-01,9.0,9.8,9.0,9.0,9.8,9.8,11.5,6.3,4130,38475.5
2024-01-02,9.45,9.45,9.3,9.8,9.3,9.3,11.5,6.3,2898,27116.9
2024-01-03,9.35,9.35,9.35,9.3,9.35,9.35,11.5,6.3,1031,9639.85
2024-01-04,9.4,9.65,9.4,9.35,9.65,9.65,11.5,6.3,3238,31011.7
2024-01-05,9.65,9.65,9.45,9.65,9.6,9.6,11.5,6.3,2665,25485.95
2024-01-08,9.6,9.8,9.6,9.6,9.8,9.8,11.5,6.3,13898,135743.0
2024-01-09,9.85,9.85,9.85,9.8,9.85,9.85,11.5,6.3,757,7456.45
2024-01-10,9.85,9.9,9.85,9.85,9.85,9.85,11.5,6.3,300,2961.8
2024-01-11,10.25,10.25,10.15,9.85,10.15,10.15,11.5,6.3,1355,13853.25
2024-01-12,10.15,10.15,9.6,10.15,9.6,9.6,11.5,6.3,5002,49610.5
2024-01-15,9.6,10.45,9.6,9.6,10.1,10.1,11.35,6.3,6956,70238.15
2024-01-16,10.0,10.1,10.0,10.1,10.05,10.05,11.35,6.3,5271,52896.55
2024-01-17,10.8,10.8,10.0,10.05,10.0,10.0,11.35,6.3,6655,68929.7
2024-01-18,10.75,10.75,10.3,10.0,10.3,10.3,11.35,6.3,1655,17394.75
2024-01-19,10.3,10.3,9.7,10.3,9.8,9.8,11.35,6.3,981,9843.8
2024-01-20,9.85,10.05,9.85,9.8,10.05,10.05,11.35,6.3,2533,25134.55
2024-01-23,10.0,10.0,9.55,10.05,9.55,9.55,10.9,6.3,989,9748.4
2024-01-24,9.55,9.55,9.55,9.55,9.55,9.55,10.9,6.3,200,1910.0
2024-01-25,9.55,9.85,9.55,9.55,9.85,9.85,10.9,6.3,771,7586.85
2024-01-29,9.9,9.9,9.9,9.85,9.9,9.9,10.8,6.3,874,8652.6
2024-01-30,10.4,10.85,10.4,9.9,10.85,10.85,10.85,6.3,4200,45457.5
2024-01-31,10.75,10.85,10.7,10.85,10.7,10.7,10.85,6.3,4510,48683.4
2024-02-01,10.8,10.8,10.8,10.7,10.8,10.8,10.85,6.3,1507,16275.6
2024-02-02,10.7,10.7,10.1,10.8,10.1,10.1,10.85,6.3,1550,16513.0
2024-02-05,10.2,10.35,10.2,10.1,10.35,10.35,10.85,6.3,1235,12764.75
2024-02-06,10.35,10.6,10.35,10.35,10.6,10.6,10.85,6.3,762,8061.2
2024-02-07,10.75,11.65,10.75,10.6,11.65,11.65,11.65,6.3,8291,95084.2
2024-02-08,11.7,12.35,11.7,11.65,12.35,12.35,12.35,6.3,11277,137274.7
2024-02-09,12.35,12.35,12.0,12.35,12.0,12.0,12.35,6.3,7210,87779.65
2024-02-12,12.75,12.75,12.0,12.0,12.0,12.0,12.75,6.3,2639,32169.0
2024-02-13,11.95,11.95,11.9,12.0,11.9,11.9,12.75,6.3,1219,14556.9
2024-02-14,11.9,11.9,10.9,11.9,10.9,10.9,12.75,6.3,1500,16850.0
2024-02-15,11.0,11.0,11.0,10.9,11.0,11.0,12.75,6.3,563,6193.0
2024-02-16,11.05,11.65,11.05,11.0,11.65,11.65,12.75,6.3,1318,15354.1
2024-02-19,11.65,12.0,11.65,11.65,11.65,11.65,12.75,6.3,1073,12531.95
2024-02-20,11.6,11.6,11.15,11.65,11.15,11.15,12.75,6.3,2396,26980.3
2024-02-21,11.15,11.2,11.15,11.15,11.2,11.2,12.75,6.3,2021,22585.2
2024-02-22,11.25,11.95,11.25,11.2,11.95,11.95,12.75,6.3,5131,59256.45
2024-02-23,11.95,12.25,11.95,11.95,12.25,12.25,12.75,6.3,27366,330861.0
2024-02-26,12.35,13.3,12.35,12.25,13.25,13.25,13.3,6.3,7742,101135.45
2024-02-27,13.5,13.5,12.4,13.25,12.4,12.4,13.5,6.3,3289,42775.65
2024-02-28,12.9,12.9,12.4,12.4,12.4,12.4,13.5,6.3,4152,52187.2
2024-02-29,12.4,12.4,12.0,12.4,12.0,12.0,13.5,6.3,2233,27130.4
2024-03-01,13.2,13.2,12.1,12.0,12.25,12.25,13.5,6.3,6711,85160.45
2024-03-04,12.5,12.5,12.25,12.25,12.25,12.25,13.5,6.3,625,7703.55
2024-03-05,12.25,12.25,12.0,12.25,12.0,12.0,13.5,6.3,314,3776.25
2024-03-07,12.9,12.9,11.5,12.0,11.5,11.5,13.5,6.3,1099,12708.5
2024-03-11,12.5,12.5,11.5,11.5,11.5,11.5,13.5,6.3,656,7699.1
2024-03-12,11.0,11.0,11.0,11.5,11.0,11.0,13.5,6.3,202,2222.0
2024-03-13,10.15,10.2,10.15,11.0,10.2,10.2,13.5,6.3,289,2942.8
2024-03-14,10.2,10.5,10.2,10.2,10.5,10.5,13.5,6.3,405,4212.0
2024-03-15,10.5,10.5,10.5,10.5,10.5,10.5,13.5,6.3,5,52.5
2024-03-18,10.5,10.5,9.65,10.5,9.75,9.75,13.5,6.3,127,1233.45
2024-03-19,10.7,10.7,10.0,9.75,10.0,10.0,13.5,6.3,1215,12345.75
2024-03-20,10.0,10.0,10.0,10.0,10.0,10.0,13.5,6.3,100,1000.0
2024-03-21,9.7,10.0,9.7,10.0,10.0,10.0,13.5,6.3,479,4767.4
2024-03-22,9.4,10.0,9.4,10.0,10.0,10.0,13.5,6.3,2225,22160.0
2024-03-26,9.5,10.75,9.5,10.0,9.55,9.55,13.5,6.3,3195,31197.25
2024-03-27,9.55,9.55,8.8,9.55,9.0,9.0,13.5,6.3,283,2581.7
2024-03-28,9.1,9.1,8.95,9.0,8.95,8.95,13.5,6.3,850,7690.0
2024-04-01,8.95,8.95,8.95,8.95,8.95,8.95,13.5,6.3,256,2291.2
2024-04-02,8.95,8.95,8.95,8.95,8.95,8.95,13.5,6.3,100,895.0
2024-04-03,9.35,9.35,9.35,8.95,9.35,9.35,13.5,6.3,1000,9350.0
2024-04-04,9.35,9.45,9.1,9.35,9.45,9.45,13.5,6.3,1193,10891.55
2024-04-05,9.45,9.45,9.45,9.45,9.45,9.45,13.5,6.3,35,330.75
2024-04-08,9.7,9.9,9.7,9.45,9.9,9.9,13.5,6.3,849,8330.75
2024-04-09,10.35,10.35,9.9,9.9,9.95,9.95,13.5,6.3,2994,30929.0
2024-04-10,9.95,10.4,9.95,9.95,10.4,10.4,13.5,6.3,2506,25634.5
2024-04-12,10.9,10.9,10.9,10.4,10.9,10.9,13.5,6.3,10190,111071.0
2024-04-15,11.4,11.4,11.4,10.9,11.4,11.4,13.5,6.3,5945,67773.0
2024-04-16,11.95,11.95,11.95,11.4,11.95,11.95,13.5,6.3,4571,54623.45
2024-04-18,12.5,12.5,12.5,11.95,12.5,12.5,13.5,6.3,2219,27737.5
2024-04-19,13.1,13.1,13.1,12.5,13.1,13.1,13.5,6.3,4745,62159.5
2024-04-22,13.75,13.75,13.75,13.1,13.75,13.75,13.75,6.3,4375,60156.25
2024-04-23,14.4,14.4,14.4,13.75,14.4,14.4,14.4,6.3,2683,38635.2
2024-10-08,12.4,12.95,11.94,12.57,12.95,12.83,19.85,6.65,3573,44495.37
2024-10-09,13.47,13.47,12.21,12.83,13.47,13.41,19.85,6.65,21507,287048.68
2024-10-10,13.5,14.08,13.16,13.41,13.78,13.78,19.85,6.65,11725,160521.85
2024-10-11,14.46,14.46,13.11,13.78,13.24,13.61,19.85,6.65,9613,130795.41
2024-10-14,13.94,13.94,13.25,13.61,13.53,13.53,19.85,7.05,3339,45918.99
2024-10-15,13.88,13.88,13.04,13.53,13.38,13.66,19.85,7.05,2535,34688.46
2024-10-16,13.0,13.59,12.97,13.66,13.0,13.0,19.85,7.05,3867,50316.8
2024-10-17,13.65,13.65,13.65,13.0,13.65,13.65,19.85,7.05,6366,86895.9
2024-10-18,14.33,14.33,14.33,13.65,14.33,14.33,19.85,7.05,1860,26653.8
2024-10-21,15.04,15.04,15.04,14.33,15.04,15.04,19.85,7.05,2474,37208.96
2024-10-22,15.5,15.79,15.5,15.04,15.79,15.79,19.85,7.05,1887,29782.68
2024-10-23,16.57,16.57,16.57,15.79,16.57,16.57,19.85,7.05,768,12725.76
2024-10-24,17.39,17.39,17.39,16.57,17.39,17.39,19.85,7.05,764,13285.96
2024-10-25,18.25,18.25,18.25,17.39,18.25,18.25,19.85,7.05,8511,155325.75
2024-10-28,19.16,19.16,18.5,18.25,19.16,19.16,19.85,7.05,23133,442921.62
2024-10-29,20.11,20.11,18.2,19.16,20.11,20.11,20.11,7.05,50679,1003288.05
2024-10-30,20.99,21.11,20.8,20.11,21.11,21.11,21.11,7.05,18575,391362.0
2025-04-28,12.2,13.4,12.2,12.85,13.2,12.81,35.0,11.94,5419,70263.75
2025-04-29,12.36,13.4,12.36,12.81,13.2,13.2,35.0,11.94,7772,103517.18
2025-04-30,13.3,13.8,13.15,13.2,13.15,13.15,35.0,11.94,664,8869.04
2025-05-02,12.77,13.7,12.7,13.15,12.75,13.32,35.0,11.94,486,6352.63
2025-05-05,13.0,13.8,12.68,13.32,13.45,13.45,35.0,11.94,3986,51663.55
2025-05-06,13.44,13.45,13.02,13.45,13.02,13.02,35.0,11.94,483,6326.24
2025-05-07,12.75,12.94,12.36,13.02,12.5,12.5,35.0,11.94,5775,71874.15
2025-05-08,12.5,12.5,12.1,12.5,12.1,12.1,35.0,11.94,1272,15566.04
2025-05-09,12.1,12.39,11.49,12.1,11.53,11.59,35.0,11.49,1065,12423.14
2025-05-12,11.82,12.16,11.54,11.59,11.9,11.56,35.0,11.49,4139,48688.81
2025-05-13,11.56,12.1,11.56,11.56,12.1,11.92,35.0,11.49,3985,47144.09
2025-05-14,11.62,12.49,11.62,11.92,12.48,12.4,35.0,11.49,4192,51077.4
2025-05-15,12.4,12.8,12.1,12.4,12.3,12.3,35.0,11.49,3131,39316.83
2025-05-16,12.3,12.91,11.82,12.3,12.35,12.63,35.0,11.49,2539,31491.39
2025-05-19,12.91,13.26,11.99,12.63,12.13,12.13,35.0,11.49,15300,188391.67
2025-05-20,12.13,12.69,12.13,12.13,12.65,12.61,35.0,11.49,6489,81826.47
2025-05-21,13.24,13.24,12.61,12.61,12.96,13.15,35.0,11.49,7471,98096.75
2025-05-22,13.41,13.8,13.15,13.15,13.6,13.68,35.0,11.49,2920,39654.39
2025-05-23,13.34,13.94,13.01,13.68,13.27,13.44,35.0,11.49,8210,110699.49
2025-05-26,13.44,13.8,13.27,13.44,13.5,13.45,35.0,11.49,1480,20308.11
2025-05-27,13.45,14.0,13.45,13.45,13.85,13.84,35.0,11.49,2962,40761.79
2025-05-28,13.14,13.25,13.14,13.84,13.17,13.16,35.0,11.49,22926,301253.05
2025-05-29,13.16,13.4,12.52,13.16,13.05,13.24,35.0,11.49,7224,92828.82
2025-05-30,13.14,13.4,12.67,13.24,13.4,13.33,35.0,11.49,6922,92005.11
2025-06-02,12.68,13.33,12.68,13.33,12.98,12.98,35.0,11.49,2841,36539.38
2025-06-03,12.98,13.6,12.37,12.98,13.48,13.45,35.0,11.49,7015,94705.2
2025-06-04,13.99,13.99,12.86,13.45,13.64,13.26,35.0,11.49,2122,28502.24
2025-06-05,13.49,13.6,12.9,13.26,13.44,13.44,35.0,11.49,8954,116951.81
2025-06-06,13.84,13.84,12.52,13.44,13.5,13.46,35.0,11.49,4366,58356.18
2025-06-09,14.75,14.75,12.7,13.46,13.48,13.05,35.0,11.49,46045,612337.39
2025-06-10,13.7,14.35,13.06,13.05,13.4,13.53,35.0,11.49,30516,416795.38
2025-06-11,13.84,13.84,13.0,13.53,13.22,13.25,35.0,11.49,8840,117082.34
2025-06-12,13.26,13.68,13.25,13.25,13.6,13.59,35.0,11.49,516,7006.88
2025-06-13,12.65,14.94,12.65,13.59,14.94,14.94,35.0,11.49,78564,1154418.0
