date,open,high,low,prev. close,ltp,close,52w h,52w l,volume,value
2006-04-03,225.0,290.0,220.25,190.0,263.85,264.6,290.0,220.25,10278459,2720812893.65
2006-04-04,268.65,271.4,250.2,264.6,250.2,252.25,290.0,220.25,2135640,554705949.35
2006-04-05,251.5,256.4,242.1,252.25,245.7,244.85,290.0,220.25,1262649,314198948.25
2006-04-07,246.0,253.4,238.1,244.85,239.5,240.7,290.0,220.25,722532,177774097.95
2006-04-10,242.0,262.3,235.65,240.7,254.9,255.25,290.0,220.25,1129850,288995489.95
2006-04-12,255.25,255.25,236.25,255.25,240.0,238.95,290.0,220.25,242735,59507827.3
2006-04-13,243.7,245.0,231.15,238.95,234.0,236.1,290.0,220.25,334892,79602382.1
2006-04-17,237.0,245.8,236.0,236.1,239.15,239.2,290.0,220.25,179814,43198361.8
2006-04-18,241.0,243.5,237.55,239.2,238.5,238.2,290.0,220.25,159133,38137757.25
2006-04-19,237.9,250.5,237.9,238.2,240.0,240.95,290.0,220.25,163526,39764584.9
2006-04-20,245.0,245.0,238.05,240.95,242.0,240.05,290.0,220.25,64631,15556138.9
2006-04-21,260.0,260.95,238.25,240.05,256.0,257.6,290.0,220.25,348882,88303390.35
2006-04-24,247.0,272.0,247.0,257.6,269.1,268.9,290.0,220.25,549469,145910976.75
2006-04-25,268.9,277.0,256.5,268.9,259.8,260.95,290.0,220.25,363937,98486133.7
2006-04-26,255.15,304.0,255.15,260.95,283.8,284.15,304.0,220.25,814505,232573822.25
2006-04-27,286.4,291.7,275.0,284.15,276.0,276.75,304.0,220.25,256013,72392406.35
2006-04-28,265.5,273.0,244.0,276.75,268.5,266.9,304.0,220.25,77130,20566161.7
2006-04-29,269.9,283.0,269.9,266.9,275.0,274.05,304.0,220.25,51425,14225885.25
2006-05-02,274.0,284.95,271.0,274.05,275.9,276.55,304.0,220.25,60889,16969399.1
2006-05-03,278.0,290.0,270.5,276.55,272.8,275.15,304.0,220.25,109811,30855926.45
2006-05-04,276.0,278.7,261.55,275.15,262.5,263.8,304.0,220.25,56754,15324980.45
2006-05-05,263.8,271.0,255.15,263.8,256.15,258.7,304.0,220.25,53811,14094448.8
2006-05-08,259.0,260.0,242.1,258.7,245.0,244.5,304.0,220.25,136215,33633179.95
2006-05-09,255.0,255.0,246.2,244.5,250.5,250.15,304.0,220.25,57675,14498205.4
2006-05-10,253.9,253.9,243.15,250.15,248.0,247.55,304.0,220.25,38788,9638290.7
2006-05-11,248.0,249.5,243.5,247.55,245.6,244.9,304.0,220.25,13765,3389468.9
2006-05-12,242.8,249.7,242.7,244.9,242.7,243.55,304.0,220.25,14029,3441870.4
2006-05-15,244.0,249.0,234.0,243.55,237.0,238.2,304.0,220.25,40963,9793073.9
2006-05-16,240.25,244.0,224.0,238.2,231.0,228.4,304.0,220.25,127855,29415642.55
2006-05-17,235.0,242.0,230.5,228.4,234.5,235.35,304.0,220.25,25468,6012109.05
2006-05-18,235.9,236.5,226.05,235.35,236.5,231.9,304.0,220.25,65806,15200774.05
2006-05-19,232.1,239.95,205.0,231.9,205.35,211.15,304.0,205.0,50371,11240982.45
2006-05-22,207.0,210.0,170.0,211.15,187.9,186.2,304.0,170.0,25867,4865375.0
2006-05-23,175.1,210.0,175.1,186.2,210.0,205.0,304.0,170.0,27782,5530030.9
2006-05-24,210.0,221.8,197.5,205.0,210.75,211.25,304.0,170.0,36960,7787528.35
2006-05-25,206.0,210.0,206.0,211.25,206.6,206.05,304.0,170.0,12547,2591388.45
2006-05-26,207.15,220.0,207.0,206.05,214.0,214.3,304.0,170.0,16498,3504027.0
2006-05-29,218.95,219.9,205.15,214.3,213.05,211.65,304.0,170.0,16086,3446897.5
2006-05-30,219.0,222.0,204.05,211.65,207.0,205.4,304.0,170.0,29183,6152425.75
2006-05-31,202.0,202.0,190.0,205.4,196.6,196.5,304.0,170.0,19152,3699385.1
2006-06-01,204.0,207.0,181.1,196.5,182.0,187.05,304.0,170.0,16198,3151637.8
2006-06-02,184.0,187.85,174.0,187.05,186.0,183.5,304.0,170.0,14285,2543327.95
2006-06-05,185.5,186.0,178.0,183.5,178.1,180.7,304.0,170.0,10468,1900515.75
2006-06-06,174.0,175.0,165.0,180.7,165.0,166.6,304.0,165.0,12981,2204330.2
2006-06-07,166.75,168.0,148.0,166.6,152.0,151.7,304.0,148.0,13231,2081487.65
2006-06-08,151.0,151.0,121.4,151.7,121.4,122.1,304.0,121.4,15500,1964617.3
2006-06-09,120.0,139.5,120.0,122.1,139.0,135.7,304.0,120.0,16456,2182375.45
2006-06-12,143.0,144.95,135.0,135.7,138.5,139.8,304.0,120.0,9332,1308333.05
2006-06-13,137.0,138.0,128.0,139.8,131.8,132.65,304.0,120.0,15946,2083620.25
2006-06-14,134.95,136.0,119.4,132.65,126.65,127.15,304.0,119.4,22327,2772175.8
2006-06-15,115.0,131.0,115.0,127.15,128.95,128.4,304.0,115.0,5478,697066.55
2006-06-16,135.5,141.25,130.0,128.4,141.25,140.35,304.0,115.0,19711,2712146.45
2006-06-19,149.95,154.4,130.0,140.35,153.9,154.35,304.0,115.0,16615,2517523.35
2006-06-20,152.5,169.8,146.2,154.35,163.0,162.2,304.0,115.0,20090,3282926.45
2006-06-21,166.0,169.9,165.0,162.2,168.0,167.35,304.0,115.0,8071,1353410.8
2006-06-22,170.05,175.75,170.05,167.35,175.75,175.75,304.0,115.0,7833,1372760.9
2006-06-23,173.9,183.0,170.1,175.75,183.0,181.7,304.0,115.0,8841,1587028.1
2006-06-25,177.0,188.0,177.0,181.7,181.5,182.7,304.0,115.0,1707,311359.3
2006-06-26,188.85,188.9,173.6,182.7,173.6,173.6,304.0,115.0,14736,2614321.8
2006-06-27,168.1,168.5,164.95,173.6,164.95,164.95,304.0,115.0,4428,737640.55
2006-06-28,157.0,157.0,156.7,164.95,156.7,156.7,304.0,115.0,3673,575568.1
2006-06-29,149.0,159.9,148.9,156.7,148.9,148.9,304.0,115.0,10757,1653188.35
2006-08-28,148.5,156.6,146.0,149.1,149.15,151.25,304.0,115.0,10547,1591277.85
2006-08-29,148.25,156.0,148.25,151.25,151.1,152.2,304.0,115.0,7328,1132187.3
2006-08-30,150.0,152.6,150.0,152.2,150.0,150.05,304.0,115.0,2137,323262.6
2006-08-31,148.1,157.0,148.05,150.05,148.05,150.15,304.0,115.0,10546,1617535.1
2006-09-01,149.05,151.4,149.05,150.15,150.3,149.95,304.0,115.0,1603,240870.9
2006-09-04,150.7,153.0,149.0,149.95,149.0,149.15,304.0,115.0,2451,369676.05
2006-09-05,146.15,152.8,146.15,149.15,150.65,151.35,304.0,115.0,2571,388069.75
2006-09-06,150.0,158.95,150.0,151.35,158.9,158.15,304.0,115.0,21584,3405076.6
2006-09-07,156.0,163.5,156.0,158.15,162.0,161.85,304.0,115.0,9812,1581985.0
2006-09-08,162.5,163.0,155.0,161.85,158.0,158.05,304.0,115.0,16871,2662041.15
2006-09-11,163.0,164.15,155.0,158.05,155.05,155.95,304.0,115.0,10150,1626567.4
2006-09-12,152.0,157.0,151.5,155.95,152.1,153.8,304.0,115.0,6667,1028374.75
2006-09-13,156.0,160.0,152.1,153.8,155.0,156.65,304.0,115.0,9778,1527801.2
2006-09-14,157.0,157.9,152.5,156.65,154.0,153.15,304.0,115.0,5680,874694.45
2006-09-15,155.9,155.9,148.05,153.15,151.65,151.0,304.0,115.0,11439,1730173.2
2006-09-18,151.0,152.25,144.25,151.0,146.75,145.7,304.0,115.0,11408,1703531.3
2006-09-19,149.85,149.9,147.35,145.7,148.7,147.9,304.0,115.0,3589,533633.95
2006-09-20,146.5,148.7,144.75,147.9,146.0,146.35,304.0,115.0,6246,918067.8
2006-09-21,147.0,147.0,141.5,146.35,142.2,143.05,304.0,115.0,9343,1344802.8
2006-09-22,140.05,144.0,140.05,143.05,142.1,142.3,304.0,115.0,3180,453916.25
2006-09-25,143.0,143.05,139.0,142.3,139.0,139.4,304.0,115.0,5997,843734.15
2006-09-26,139.8,140.5,137.25,139.4,137.25,139.4,304.0,115.0,3630,507092.35
2006-09-27,141.95,142.0,134.1,139.4,134.1,135.35,304.0,115.0,7623,1046531.85
2006-09-28,137.0,138.0,134.1,135.35,134.5,134.9,304.0,115.0,12768,1740856.0
2006-09-29,134.5,141.45,134.0,134.9,140.05,140.6,304.0,115.0,37120,5116768.25
2006-10-03,142.0,142.0,138.0,140.6,138.5,138.55,304.0,115.0,7554,1059760.55
2006-10-04,140.0,141.3,135.0,138.55,135.0,135.45,304.0,115.0,6889,951438.45
2006-10-05,138.95,138.95,136.5,135.45,136.7,137.35,304.0,115.0,7599,1041550.35
2006-10-06,135.05,139.75,135.05,137.35,137.75,137.65,304.0,115.0,7338,1013521.05
2006-10-09,140.65,142.7,138.6,137.65,139.25,141.15,304.0,115.0,26489,3706036.95
2006-10-10,144.75,145.7,141.15,141.15,144.0,143.45,304.0,115.0,23002,3308413.05
2006-10-11,146.75,151.0,143.0,143.45,146.0,145.6,304.0,115.0,29746,4419940.0
2006-10-12,146.5,148.9,142.5,145.6,146.0,143.6,304.0,115.0,39794,5819879.55
2006-10-13,147.75,147.75,142.1,143.6,142.1,142.55,304.0,115.0,18121,2606020.85
2006-10-16,146.7,146.7,137.6,142.55,138.0,138.9,304.0,115.0,28588,4070250.5
2006-10-17,135.1,142.25,134.2,138.9,134.3,135.2,304.0,115.0,27625,3786274.9
2006-10-18,138.75,138.75,134.15,135.2,137.15,137.1,304.0,115.0,8331,1135830.4
2006-10-19,137.0,145.85,135.0,137.1,142.0,142.4,304.0,115.0,34278,4807850.85
2006-10-20,144.5,146.0,140.15,142.4,142.1,141.5,304.0,115.0,10850,1554456.15
2006-10-21,143.4,146.0,142.05,141.5,144.2,144.05,304.0,115.0,8616,1240835.95
2006-10-23,141.0,144.5,139.0,144.05,139.55,140.1,304.0,115.0,8454,1185590.6
2006-10-26,141.95,141.95,138.0,140.1,140.95,140.45,304.0,115.0,9752,1363116.35
2006-10-27,141.0,141.85,135.15,140.45,139.0,139.2,304.0,115.0,6889,962475.4
2006-10-30,136.5,140.0,136.15,139.2,137.0,137.65,304.0,115.0,8537,1184797.05
2006-10-31,136.45,141.0,136.25,137.65,138.9,138.7,304.0,115.0,11159,1544676.8
2006-11-01,139.0,140.05,137.1,138.7,137.1,137.3,304.0,115.0,5362,739808.5
2006-11-02,136.8,143.55,136.8,137.3,141.9,141.85,304.0,115.0,18614,2636392.75
2006-11-03,146.8,149.0,142.75,141.85,146.0,145.15,304.0,115.0,35123,5097965.75
2006-11-06,146.9,148.0,142.0,145.15,142.0,143.0,304.0,115.0,11774,1712310.45
2006-11-07,146.0,146.0,139.0,143.0,139.15,139.8,304.0,115.0,19910,2828902.3
2006-11-08,136.5,151.5,136.5,139.8,143.0,142.2,304.0,115.0,36348,5243405.05
2006-11-09,144.5,145.75,139.05,142.2,141.0,140.1,304.0,115.0,32135,4585887.7
2006-11-10,141.0,142.95,139.25,140.1,139.4,139.9,304.0,115.0,12044,1700469.75
2006-11-13,140.0,144.95,139.0,139.9,140.35,140.6,304.0,115.0,18133,2563922.05
2006-11-14,141.0,144.9,138.5,140.6,138.65,138.9,304.0,115.0,9344,1307734.25
2006-11-15,140.0,140.5,137.25,138.9,137.65,137.85,304.0,115.0,10496,1456628.85
2006-11-16,143.0,143.0,136.55,137.85,137.3,137.9,304.0,115.0,8344,1151463.6
2006-11-17,137.0,139.2,133.0,137.9,133.0,133.5,304.0,115.0,7087,959123.45
2006-11-20,130.0,134.0,127.4,133.5,130.5,132.3,304.0,115.0,13270,1744385.95
2006-11-21,135.0,142.0,135.0,132.3,137.05,136.9,304.0,115.0,22214,3082522.9
2006-11-22,140.95,142.4,136.0,136.9,136.2,136.5,304.0,115.0,13781,1905480.15
2006-11-23,138.0,138.5,134.25,136.5,135.25,134.6,304.0,115.0,10588,1438235.15
2006-11-24,138.5,138.5,131.2,134.6,131.5,132.05,304.0,115.0,12662,1689277.7
2006-11-27,135.0,137.7,133.0,132.05,133.8,133.75,304.0,115.0,16941,2283467.75
2006-11-28,134.9,135.8,132.6,133.75,134.25,133.8,304.0,115.0,6923,929510.95
2006-11-29,133.0,144.6,128.0,133.8,139.95,138.65,304.0,115.0,49421,6805201.8
2006-11-30,144.9,146.0,137.55,138.65,139.2,138.95,304.0,115.0,115532,16515330.5
2006-12-01,140.0,148.0,138.25,138.95,142.0,141.6,304.0,115.0,67523,9689717.4
2006-12-04,142.85,146.0,140.55,141.6,143.0,143.3,304.0,115.0,39201,5617723.25
2006-12-05,145.0,146.5,142.6,143.3,143.75,143.85,304.0,115.0,22203,3208102.7
2006-12-06,143.0,144.5,136.6,143.85,137.5,138.05,304.0,115.0,10836,1519680.1
2006-12-07,138.0,138.5,135.25,138.05,135.5,136.25,304.0,115.0,14168,1934865.35
2006-12-08,135.55,137.0,133.2,136.25,134.5,134.5,304.0,115.0,7837,1059879.4
2006-12-11,132.55,135.0,129.1,134.5,129.1,130.65,304.0,115.0,10015,1317315.25
2006-12-12,132.0,132.0,119.15,130.65,120.3,121.25,304.0,115.0,15832,1996509.3
2006-12-13,128.1,128.1,120.0,121.25,128.0,125.55,304.0,115.0,8109,1002928.8
2006-12-14,129.9,132.75,124.0,125.55,130.0,130.25,304.0,115.0,6775,883591.15
2006-12-15,128.5,133.0,128.5,130.25,129.0,130.5,304.0,115.0,5951,778311.45
2006-12-18,130.6,132.75,129.0,130.5,129.5,129.65,304.0,115.0,3174,412981.65
2006-12-19,131.7,132.0,127.3,129.65,128.0,128.3,304.0,115.0,7054,917664.9
2006-12-20,128.1,132.0,126.15,128.3,126.2,128.0,304.0,115.0,4242,549077.3
2006-12-21,127.0,129.5,127.0,128.0,128.0,127.95,304.0,115.0,3942,506116.45
2006-12-22,126.0,129.75,126.0,127.95,128.75,128.8,304.0,115.0,7588,976350.25
2006-12-26,127.1,154.5,127.1,128.8,150.0,151.75,304.0,115.0,199898,29613595.0
2006-12-27,154.0,155.95,141.85,151.75,143.05,144.15,304.0,115.0,207065,31225416.8
2006-12-28,145.6,145.6,138.3,144.15,138.7,139.6,304.0,115.0,30185,4284231.05
2006-12-29,138.0,145.0,136.35,139.6,136.65,138.05,304.0,115.0,20667,2909205.65
2007-01-02,135.1,142.7,135.1,138.05,141.3,141.7,304.0,115.0,13471,1903872.4
2007-01-03,145.0,145.0,138.1,141.7,141.0,138.7,304.0,115.0,20221,2832392.8
2007-01-04,141.75,144.7,139.15,138.7,139.25,140.2,304.0,115.0,37621,5350364.8
2007-01-05,141.85,143.7,138.7,140.2,139.0,138.9,304.0,115.0,10618,1497444.55
2007-01-08,141.85,141.85,137.15,138.9,140.1,140.25,304.0,115.0,10123,1412587.55
2007-01-09,140.0,142.45,139.0,140.25,139.75,139.45,304.0,115.0,12663,1779365.1
2007-01-10,139.9,141.75,138.0,139.45,138.0,138.3,304.0,115.0,8221,1147703.75
2007-01-11,136.15,139.75,136.15,138.3,139.5,139.5,304.0,115.0,2290,318124.05
2007-01-12,141.4,142.0,139.1,139.5,141.25,140.25,304.0,115.0,9295,1306511.0
2007-01-15,140.65,141.8,138.05,140.25,139.5,139.65,304.0,115.0,15391,2155011.2
2007-01-16,139.5,140.0,139.0,139.65,140.0,139.85,304.0,115.0,5543,774860.25
2007-01-17,138.0,140.0,138.0,139.85,139.2,139.55,304.0,115.0,10548,1471461.1
2007-01-18,138.55,142.8,138.5,139.55,140.0,139.95,304.0,115.0,34741,4866528.7
2007-01-19,140.1,140.1,138.3,139.95,138.6,138.95,304.0,115.0,2875,400316.5
2007-01-22,142.75,142.75,138.1,138.95,138.25,138.4,304.0,115.0,5569,774875.6
2007-01-23,138.05,138.3,136.2,138.4,136.5,136.8,304.0,115.0,3952,542128.35
2007-01-24,136.5,137.9,134.0,136.8,134.1,134.75,304.0,115.0,4811,651883.15
2007-01-25,136.0,137.0,130.65,134.75,132.5,132.3,304.0,115.0,13248,1771508.7
2007-01-29,131.6,135.0,130.25,132.3,131.0,130.95,304.0,115.0,6165,814127.15
2007-01-31,132.0,134.4,130.5,130.95,132.0,133.25,304.0,115.0,5750,763681.3
2007-02-01,134.4,134.4,130.0,133.25,130.4,130.5,304.0,115.0,2790,364773.55
2007-02-02,130.3,133.2,126.4,130.5,127.0,127.2,304.0,115.0,21045,2723814.95
2007-02-05,127.5,131.0,127.5,127.2,128.0,128.1,304.0,115.0,8636,1111955.35
2007-02-06,130.0,131.8,127.7,128.1,130.7,129.45,304.0,115.0,8335,1078244.2
2007-02-07,130.4,132.6,130.15,129.45,131.0,130.9,304.0,115.0,6973,917389.05
2007-02-08,129.0,130.95,127.1,130.9,129.0,128.6,304.0,115.0,4173,536721.55
2007-02-09,131.0,131.0,125.0,128.6,125.15,125.6,304.0,115.0,6325,806199.55
2007-02-12,128.0,128.0,122.0,125.6,123.0,122.8,304.0,115.0,6605,818134.4
2007-02-13,124.4,126.9,121.0,122.8,124.0,122.65,304.0,115.0,2593,322067.55
2007-02-14,124.9,124.9,119.35,122.65,121.25,120.65,304.0,115.0,4434,533992.35
2007-02-15,121.25,125.0,118.55,120.65,125.0,124.3,304.0,115.0,2070,255055.85
2007-02-19,123.55,123.55,122.0,124.3,122.0,122.0,304.0,115.0,4437,543602.15
2007-02-20,124.0,124.0,120.05,122.0,120.25,120.35,304.0,115.0,1148,138793.9
2007-02-21,121.0,121.0,117.45,120.35,119.0,119.05,304.0,115.0,2695,320139.35
2007-02-22,121.0,121.0,118.0,119.05,119.85,118.85,304.0,115.0,2808,334447.4
2007-02-23,120.0,121.0,111.2,118.85,112.75,113.15,304.0,111.2,6128,697654.1
2007-02-26,114.9,116.25,113.0,113.15,113.5,113.9,304.0,111.2,3318,378709.6
2007-02-27,116.0,119.0,114.05,113.9,117.35,117.8,304.0,111.2,5357,626720.55
2007-02-28,116.0,118.8,112.0,117.8,116.0,114.45,304.0,111.2,3642,417518.45
2007-03-01,116.0,117.95,111.0,114.45,113.05,112.5,304.0,111.0,1521,171466.25
2007-03-02,112.05,115.0,112.05,112.5,112.25,113.3,304.0,111.0,1039,117892.25
2007-03-05,113.3,113.3,102.0,113.3,102.0,103.65,304.0,102.0,4642,490644.3
2007-03-06,102.5,107.75,100.0,103.65,100.0,101.3,304.0,100.0,5644,581219.95
2007-03-07,107.95,107.95,92.1,101.3,98.0,98.05,304.0,92.1,6062,604890.9
2007-03-08,116.95,116.95,96.25,98.05,101.35,100.95,304.0,92.1,6067,608796.6
2007-03-09,100.0,103.65,98.5,100.95,101.65,100.1,304.0,92.1,3726,372971.5
2007-03-12,102.95,118.0,100.05,100.1,105.0,103.45,304.0,92.1,3981,413443.9
2007-03-13,109.95,109.95,101.55,103.45,107.5,107.05,304.0,92.1,14794,1578761.35
2007-03-14,97.0,107.0,97.0,107.05,104.45,104.35,304.0,92.1,11767,1193003.45
2007-03-15,106.0,112.0,105.3,104.35,110.0,110.1,304.0,92.1,4811,524849.95
2007-03-16,124.9,124.9,107.5,110.1,109.0,108.65,304.0,92.1,1989,217012.0
2007-03-19,106.0,109.45,106.0,108.65,107.25,107.55,304.0,92.1,5389,582800.15
2007-03-20,110.0,111.95,109.0,107.55,110.65,110.85,304.0,92.1,2318,256906.35
2007-03-21,111.0,113.9,108.2,110.85,109.0,108.4,304.0,92.1,3484,384684.7
2007-03-22,116.9,116.9,109.6,108.4,111.35,110.65,304.0,92.1,2095,231049.5
2007-03-23,110.1,111.65,101.3,110.65,110.35,110.6,304.0,92.1,22421,2476656.75
2007-03-26,112.0,114.85,112.0,110.6,113.0,113.7,304.0,92.1,25778,2903914.15
2007-03-28,113.0,114.8,112.5,113.7,112.5,112.95,304.0,92.1,24121,2721440.5
2007-03-29,109.0,115.0,109.0,112.95,112.25,113.8,304.0,92.1,3658,412386.1
2007-03-30,112.75,115.0,112.5,113.8,113.0,113.45,304.0,92.1,4620,523412.6
2007-04-02,109.25,114.45,109.2,113.45,110.0,109.9,304.0,92.1,2518,277315.65
2007-04-03,113.45,113.45,107.1,109.9,110.0,110.1,304.0,92.1,1437,157225.8
2007-04-04,109.0,110.9,109.0,110.1,109.0,109.6,304.0,92.1,951,104441.1
2007-04-05,109.0,111.7,109.0,109.6,110.4,109.8,304.0,92.1,1347,147603.8
2007-04-09,112.0,112.0,109.0,109.8,109.6,109.35,304.0,92.1,1951,215480.2
2007-04-10,110.0,111.3,108.0,109.35,109.0,109.15,304.0,92.1,1737,190078.2
2007-04-11,109.0,112.0,106.0,109.15,106.0,107.05,304.0,92.1,4670,504019.85
2007-04-12,108.0,110.85,106.05,107.05,106.45,106.55,304.0,92.1,1562,167395.2
2007-04-13,108.0,109.5,106.7,106.55,106.95,107.1,304.0,92.1,1504,162309.6
2007-04-16,108.0,108.5,104.55,107.1,105.3,105.9,304.0,92.1,10618,1126961.65
2007-04-17,105.0,108.5,105.0,105.9,106.9,106.9,304.0,92.1,3653,392096.15
2007-04-18,106.0,108.7,104.75,106.9,106.75,106.75,304.0,92.1,3171,339043.6
2007-04-19,91.5,108.95,91.5,106.75,106.0,105.9,304.0,91.5,1742,184150.35
2007-04-20,103.0,107.0,103.0,105.9,105.0,105.5,304.0,91.5,2444,258713.55
2007-04-23,105.0,107.0,105.0,105.5,105.3,105.3,304.0,91.5,2723,288143.7
2007-04-24,126.0,126.0,103.35,105.3,106.75,107.4,304.0,91.5,2104,225882.85
2007-04-25,106.0,108.0,104.6,107.4,104.85,105.7,304.0,91.5,2538,267671.0
2007-04-26,105.05,107.0,103.5,105.7,103.6,103.9,304.0,91.5,9551,1000730.75
2007-04-27,104.0,104.85,101.95,103.9,102.0,102.0,304.0,91.5,6627,677389.2
2007-04-30,109.0,109.0,102.1,102.0,104.6,104.5,290.0,91.5,1257,132277.9
2007-05-03,105.0,105.05,102.0,104.5,102.0,102.25,290.0,91.5,3538,363498.35
2007-05-04,103.25,103.95,100.15,102.25,101.2,101.35,290.0,91.5,2141,217802.95
2007-05-07,104.0,106.3,102.6,101.35,102.6,102.75,260.0,91.5,863,89162.2
2007-05-08,101.0,104.95,101.0,102.75,101.0,101.5,260.0,91.5,1779,181034.95
2007-05-09,101.0,103.0,100.3,101.5,102.0,102.1,260.0,91.5,3168,321470.65
2007-05-10,103.2,104.0,101.6,102.1,102.5,102.05,260.0,91.5,6397,656845.2
2007-05-11,101.6,105.0,101.6,102.05,104.5,102.75,260.0,91.5,1850,190827.85
2007-05-14,105.0,108.5,105.0,102.75,107.0,107.7,249.0,91.5,7935,848262.45
2007-05-15,109.5,129.25,107.95,107.7,129.25,129.25,249.0,91.5,87819,11025511.75
2007-05-16,132.0,144.4,132.0,129.25,138.1,138.15,249.0,91.5,202850,28248601.5
2007-05-17,140.9,140.9,125.15,138.15,125.5,127.3,249.0,91.5,32915,4344316.0
2007-05-18,130.0,130.0,122.2,127.3,122.85,124.05,249.0,91.5,25314,3191588.5
2007-05-21,125.35,128.75,125.35,124.05,127.05,127.65,222.0,91.5,15357,1956024.4
2007-05-22,125.0,126.9,119.15,127.65,122.0,120.5,222.0,91.5,13583,1677007.25
2007-05-23,123.6,123.6,121.1,120.5,123.0,122.85,222.0,91.5,5812,710356.7
2007-05-24,122.0,125.9,121.3,122.85,122.1,123.45,222.0,91.5,10727,1321250.65
2007-05-25,117.0,137.0,117.0,123.45,126.0,126.25,222.0,91.5,29432,3772253.1
2007-05-28,125.5,128.75,125.5,126.25,128.0,127.05,222.0,91.5,20302,2578105.55
2007-05-29,127.5,127.8,126.0,127.05,126.0,126.0,222.0,91.5,2567,324462.3
2007-05-30,125.5,129.8,125.5,126.0,126.0,126.0,222.0,91.5,3205,404728.65
2007-05-31,127.0,127.9,126.05,126.0,127.9,126.9,222.0,91.5,4759,603204.1
2007-06-01,133.9,133.9,124.1,126.9,130.75,130.1,222.0,91.5,15951,2087423.15
2007-06-04,131.9,143.45,130.5,130.1,141.0,140.8,188.9,91.5,50655,7024607.3
2007-06-05,142.0,143.2,137.1,140.8,140.0,140.15,188.9,91.5,34656,4869486.3
2007-06-06,135.0,144.0,135.0,140.15,137.1,138.0,188.9,91.5,24533,3446022.45
2007-06-07,135.0,141.5,134.1,138.0,140.9,140.0,188.9,91.5,41558,5799560.95
2007-06-08,138.0,140.0,138.0,140.0,138.5,138.35,188.9,91.5,10542,1464669.4
2007-06-11,139.0,140.4,137.0,138.35,137.5,138.75,188.9,91.5,10933,1521777.45
2007-06-12,138.5,139.5,130.6,138.75,132.1,132.3,188.9,91.5,3637,484509.4
2007-06-13,139.0,139.0,132.15,132.3,135.5,134.9,188.9,91.5,2656,358483.45
2007-06-14,123.05,138.5,123.05,134.9,136.65,136.85,188.9,91.5,4035,545721.65
2007-06-15,136.65,142.2,136.65,136.85,140.65,140.3,188.9,91.5,13307,1872366.0
2007-06-18,144.0,151.4,142.6,140.3,146.55,146.05,188.9,91.5,70274,10345031.85
2007-06-19,147.0,161.4,147.0,146.05,156.0,155.75,188.9,91.5,160212,24957667.55
2007-06-20,152.0,160.5,152.0,155.75,158.05,158.0,188.9,91.5,54778,8658906.4
2007-06-21,159.7,162.5,155.15,158.0,156.0,155.9,188.9,91.5,26700,4203187.35
2007-06-22,158.0,158.0,150.1,155.9,150.25,152.75,188.9,91.5,19078,2963239.1
2007-06-25,153.8,157.0,143.0,152.75,156.0,155.0,188.9,91.5,95648,14805197.95
2007-06-26,160.0,160.0,152.1,155.0,156.7,155.95,188.9,91.5,419518,65018533.5
2007-06-27,159.8,187.15,158.05,155.95,174.9,174.55,188.9,91.5,731517,127454086.8
2007-06-28,175.0,179.8,165.0,174.55,166.8,166.35,188.9,91.5,188335,32484291.0
2007-06-29,163.0,172.0,163.0,166.35,166.5,165.5,188.9,91.5,37017,6201317.3
2007-07-02,168.4,170.05,165.0,165.5,166.65,166.2,187.15,91.5,12993,2181794.45
2007-07-03,168.05,182.0,166.1,166.2,174.8,176.0,187.15,91.5,211598,37552875.4
2007-07-04,178.0,178.0,168.4,176.0,169.2,169.55,187.15,91.5,24477,4210916.55
2007-07-05,173.0,173.9,163.15,169.55,169.85,168.1,187.15,91.5,32925,5456744.3
2007-07-06,165.25,173.85,165.0,168.1,165.0,165.6,187.15,91.5,18426,3098580.9
2007-07-09,165.0,172.5,165.0,165.6,169.85,169.3,187.15,91.5,12209,2074166.55
2007-07-10,167.1,170.95,167.1,169.3,168.8,169.0,187.15,91.5,13688,2320453.85
2007-07-11,173.8,174.55,163.0,169.0,168.15,169.6,187.15,91.5,45585,7700758.45
2007-07-12,171.85,172.8,170.25,169.6,171.0,171.2,187.15,91.5,9744,1673096.85
2007-07-13,174.0,174.0,168.0,171.2,168.15,168.3,187.15,91.5,13236,2247684.15
2007-07-16,168.0,169.35,165.7,168.3,168.0,168.45,187.15,91.5,12491,2100567.05
2007-07-17,169.5,172.5,167.2,168.45,168.0,168.05,187.15,91.5,12466,2115690.45
2007-07-18,166.3,178.0,166.3,168.05,170.0,170.6,187.15,91.5,27410,4741441.95
2007-07-19,169.15,183.2,169.15,170.6,175.25,174.9,187.15,91.5,72057,12807630.7
2007-07-20,179.0,180.0,173.0,174.9,178.0,176.85,187.15,91.5,34055,6046717.6
2007-07-23,177.75,178.0,175.35,176.85,178.0,176.4,187.15,91.5,6321,1113536.85
2007-07-24,176.2,177.0,171.15,176.4,173.15,172.95,187.15,91.5,9118,1590808.55
2007-07-25,173.0,175.5,172.0,172.95,174.25,174.5,187.15,91.5,9307,1619855.65
2007-07-26,174.25,175.75,170.0,174.5,174.5,174.6,187.15,91.5,4495,783701.35
2007-07-27,168.5,174.5,166.1,174.6,173.85,173.1,187.15,91.5,18351,3131005.6
2007-07-30,170.4,188.0,170.35,173.1,175.6,175.9,188.0,91.5,43731,7978778.0
2007-07-31,179.95,185.0,177.05,175.9,182.95,183.6,188.0,91.5,21720,3953456.3
2007-08-01,176.1,185.0,175.0,183.6,181.0,180.05,188.0,91.5,29517,5293626.25
2007-08-02,179.0,187.55,179.0,180.05,185.15,184.75,188.0,91.5,14734,2704045.95
2007-08-03,185.0,197.4,185.0,184.75,186.6,187.65,197.4,91.5,55189,10607565.75
2007-08-06,184.3,191.7,180.15,187.65,181.0,182.35,197.4,91.5,30158,5614440.0
2007-08-07,185.0,189.65,181.2,182.35,184.35,183.1,197.4,91.5,23239,4321346.6
2007-08-08,187.0,195.4,185.25,183.1,191.0,188.1,197.4,91.5,29201,5558257.3
2007-08-09,190.0,194.0,185.5,188.1,187.0,187.3,197.4,91.5,12269,2330792.95
2007-08-10,179.05,191.0,176.05,187.3,189.1,189.2,197.4,91.5,9391,1748196.25
2007-08-13,188.0,193.9,187.45,189.2,193.0,192.4,197.4,91.5,15213,2919073.6
2007-08-14,195.0,215.0,194.1,192.4,206.3,207.25,215.0,91.5,126594,26306050.7
2007-08-16,193.0,217.9,192.65,207.25,202.0,202.65,217.9,91.5,57142,11934862.45
2007-08-17,204.8,209.9,196.0,202.65,203.0,203.0,217.9,91.5,21771,4438976.05
2007-08-20,208.05,209.8,200.1,203.0,200.5,202.05,217.9,91.5,11154,2297981.3
2007-08-21,203.0,207.0,186.2,202.05,197.0,192.6,217.9,91.5,10813,2148597.15
2007-08-22,185.0,201.0,185.0,192.6,191.0,192.1,217.9,91.5,16045,3108266.55
2007-08-23,185.0,198.9,185.0,192.1,186.2,187.45,217.9,91.5,8892,1709524.2
2007-08-24,187.2,193.85,186.5,187.45,192.95,191.9,217.9,91.5,11838,2254599.4
2007-08-27,193.0,195.0,182.45,191.9,192.0,192.7,217.9,91.5,4391,833806.35
2007-08-28,190.2,201.0,190.2,192.7,200.0,199.3,217.9,91.5,6843,1351544.15
2007-08-29,196.0,202.5,196.0,199.3,198.0,197.95,217.9,91.5,3120,621771.85
2007-08-30,200.05,204.75,200.0,197.95,200.0,200.0,217.9,91.5,4204,842308.15
2007-08-31,197.95,201.7,197.5,200.0,197.5,197.55,217.9,91.5,2069,412121.3
2007-09-03,200.0,202.5,192.05,197.55,199.55,200.65,217.9,91.5,3114,622480.3
2007-09-04,200.0,206.15,187.1,200.65,205.0,205.0,217.9,91.5,8932,1812672.7
2007-09-05,201.25,204.0,200.0,205.0,200.05,200.15,217.9,91.5,7369,1480162.0
2007-09-06,197.25,199.4,195.35,200.15,195.35,195.5,217.9,91.5,953,187743.15
2007-09-07,195.6,198.0,192.15,195.5,195.0,194.3,217.9,91.5,4064,794406.75
2007-09-10,193.05,205.0,193.0,194.3,199.9,198.8,217.9,91.5,7744,1545675.55
2007-09-11,193.15,202.0,193.15,198.8,200.05,200.05,217.9,91.5,4670,934674.35
2007-09-12,200.05,204.0,200.0,200.05,201.1,203.0,217.9,91.5,8343,1676734.35
2007-09-13,200.25,203.0,200.1,203.0,202.0,201.15,217.9,91.5,3457,696661.55
2007-09-14,200.0,206.0,200.0,201.15,203.25,204.15,217.9,91.5,13052,2637727.75
2007-09-17,201.0,205.0,201.0,204.15,201.05,201.05,217.9,91.5,1325,267118.1
2007-09-18,202.95,203.0,200.45,201.05,200.85,200.95,217.9,91.5,2604,525475.15
2007-09-19,201.0,208.0,201.0,200.95,206.05,205.85,217.9,91.5,22776,4657878.0
2007-09-20,201.8,214.5,201.8,205.85,207.05,207.45,217.9,91.5,13578,2830469.3
2007-09-21,208.0,213.0,203.2,207.45,204.2,204.35,217.9,91.5,6801,1411578.3
2007-09-24,202.0,207.9,201.25,204.35,207.0,206.5,217.9,91.5,9897,2028374.35
2007-09-25,213.0,213.0,202.05,206.5,207.0,207.0,217.9,91.5,5123,1052344.25
2007-09-26,203.0,207.85,203.0,207.0,207.85,206.95,217.9,91.5,7563,1556245.3
2007-09-27,197.0,207.9,197.0,206.95,207.9,206.55,217.9,91.5,10863,2237149.4
2007-09-28,203.05,208.0,203.05,206.55,203.3,203.3,217.9,91.5,2925,599970.9
2007-10-01,203.0,209.0,198.05,203.3,207.0,207.25,217.9,91.5,4373,899076.55
2007-10-03,208.0,209.4,203.25,207.25,207.75,205.85,217.9,91.5,4364,902834.15
2007-10-04,204.9,217.85,203.35,205.85,217.85,215.2,217.9,91.5,13790,2927829.15
2007-10-05,218.0,235.9,215.0,215.2,216.15,216.5,235.9,91.5,15580,3435890.0
2007-10-08,214.0,219.0,208.0,216.5,217.8,214.05,235.9,91.5,7003,1482950.95
2007-10-09,205.05,217.5,205.05,214.05,217.0,216.15,235.9,91.5,7130,1522953.5
2007-10-10,211.05,235.0,211.05,216.15,226.6,227.05,235.9,91.5,37877,8572291.3
2007-10-11,235.0,252.0,231.0,227.05,246.55,247.8,252.0,91.5,91525,22295684.15
2007-10-12,250.0,252.95,235.0,247.8,240.5,236.55,252.95,91.5,36525,8964031.3
2007-10-15,244.95,245.8,238.05,236.55,238.05,239.55,252.95,91.5,15704,3777468.7
2007-10-16,225.55,250.0,225.55,239.55,248.0,244.9,252.95,91.5,13193,3202765.65
2007-10-17,220.0,246.0,212.5,244.9,240.6,243.1,252.95,91.5,10076,2409691.0
2007-10-18,280.0,280.0,240.5,243.1,243.0,243.05,280.0,91.5,13079,3236935.55
2007-10-19,212.0,243.85,212.0,243.05,236.5,236.75,280.0,91.5,5269,1249092.45
2007-10-22,201.0,243.95,201.0,236.75,240.0,240.0,280.0,91.5,1898,452223.0
2007-10-23,243.0,265.0,240.6,240.0,264.0,259.8,280.0,91.5,28619,7295334.35
2007-10-24,267.8,271.0,257.0,259.8,270.5,266.15,280.0,91.5,26489,6970815.2
2007-10-25,265.0,266.95,259.2,266.15,260.0,260.2,280.0,91.5,5000,1314581.85
2007-10-26,260.0,268.0,256.0,260.2,267.0,266.25,280.0,91.5,18053,4735048.7
2007-10-29,260.0,275.0,260.0,266.25,270.0,269.85,280.0,91.5,29695,7797809.95
2007-10-30,272.0,281.0,255.0,269.85,255.0,256.6,281.0,91.5,4449,1177993.75
2007-10-31,248.0,258.0,248.0,256.6,255.0,255.05,281.0,91.5,4857,1234995.2
2007-11-01,259.85,266.1,254.1,255.05,259.9,259.85,281.0,91.5,84889,21669817.35
2007-11-02,255.0,280.0,251.0,259.85,274.0,273.5,281.0,91.5,10671,2873860.75
2007-11-05,280.0,310.0,280.0,273.5,301.0,300.1,310.0,91.5,55316,16386729.45
2007-11-06,309.0,309.0,289.0,300.1,295.0,294.65,310.0,91.5,25110,7388700.85
2007-11-07,282.0,296.0,282.0,294.65,295.0,294.95,310.0,91.5,6645,1954492.6
2007-11-08,285.5,299.75,285.5,294.95,298.0,298.0,310.0,91.5,2768,814934.4
2007-11-09,300.0,309.95,297.75,298.0,303.9,302.3,310.0,91.5,3885,1172740.95
2007-11-12,288.5,304.35,278.65,302.3,304.35,297.85,310.0,91.5,12272,3602279.8
2007-11-13,300.0,321.0,300.0,297.85,316.0,314.3,321.0,91.5,13819,4293454.9
2007-11-14,320.0,322.0,310.0,314.3,315.0,315.25,322.0,91.5,5714,1814242.65
2007-11-15,324.0,324.0,310.0,315.25,320.0,319.25,324.0,91.5,2451,774773.2
2007-11-16,311.0,322.0,311.0,319.25,320.0,319.4,324.0,91.5,2426,767245.2
2007-11-19,322.0,332.0,308.1,319.4,331.0,328.4,332.0,91.5,3786,1233283.2
2007-11-20,329.0,345.0,321.0,328.4,331.25,332.65,345.0,91.5,34904,11453304.4
2007-11-21,333.0,340.0,320.0,332.65,330.0,330.25,345.0,91.5,14690,4832977.6
2007-11-22,325.0,333.0,310.0,330.25,321.0,325.4,345.0,91.5,15285,4986374.7
2007-11-23,325.0,330.0,320.0,325.4,320.0,321.85,345.0,91.5,663,215856.5
2007-11-26,320.0,360.0,320.0,321.85,355.0,351.0,360.0,91.5,21770,7368807.0
2007-11-27,350.0,374.0,345.0,351.0,347.2,352.75,374.0,91.5,2113,739096.55
2007-11-28,380.0,395.0,355.1,352.75,361.1,366.55,395.0,91.5,11697,4429815.5
2007-11-29,405.05,408.6,368.0,366.55,400.0,402.3,408.6,91.5,24745,9824663.4
2007-11-30,410.0,455.0,403.1,402.3,455.0,428.8,455.0,91.5,12632,5311494.2
2007-12-03,455.0,482.0,445.0,428.8,470.95,465.2,482.0,91.5,24418,11413929.35
2007-12-04,485.0,489.1,465.0,465.2,489.0,481.1,489.1,91.5,9280,4454401.5
2007-12-05,498.0,498.0,470.1,481.1,480.0,481.95,498.0,91.5,7724,3723200.65
2007-12-06,504.0,504.0,469.0,481.95,475.0,471.7,504.0,91.5,4991,2386500.5
2007-12-07,475.0,489.95,430.0,471.7,470.0,466.85,504.0,91.5,8647,3896270.3
2007-12-10,480.0,480.0,441.1,466.85,443.0,443.2,504.0,91.5,4106,1867546.65
2007-12-11,448.0,459.0,440.0,443.2,442.0,441.4,504.0,91.5,4536,2038473.8
2007-12-12,454.0,454.65,435.1,441.4,442.0,440.3,504.0,91.5,4769,2115840.55
2007-12-13,465.0,465.0,425.15,440.3,450.0,442.25,504.0,91.5,3365,1467234.35
2007-12-14,449.9,461.0,427.1,442.25,453.9,449.0,504.0,91.5,11360,5091646.35
2007-12-17,415.0,454.0,415.0,449.0,440.0,438.6,504.0,91.5,4055,1777930.7
2007-12-18,455.0,455.0,415.1,438.6,449.0,441.5,504.0,91.5,1917,835655.7
2007-12-19,460.0,524.0,432.1,441.5,449.0,445.2,524.0,91.5,1860,847272.5
2007-12-20,470.0,475.0,423.55,445.2,445.0,438.1,524.0,91.5,2591,1138910.25
2007-12-24,433.0,454.5,433.0,438.1,454.0,451.85,524.0,91.5,5394,2409201.2
2007-12-26,455.0,487.0,442.0,451.85,453.5,453.95,524.0,91.5,2995,1383756.6
2007-12-27,459.0,471.0,455.05,453.95,466.0,464.85,524.0,91.5,2936,1361598.3
2007-12-28,469.9,475.0,464.0,464.85,474.0,470.95,524.0,91.5,5909,2786110.4
2007-12-31,465.0,509.0,465.0,470.95,503.0,498.45,524.0,91.5,13477,6705675.15
2008-01-01,498.0,507.0,487.0,498.45,500.0,503.55,524.0,91.5,5162,2563080.7
2008-01-02,517.0,517.0,483.0,503.55,501.0,501.7,524.0,91.5,2587,1289903.75
2008-01-03,500.0,500.0,481.05,501.7,490.0,490.6,524.0,91.5,2171,1068857.15
2008-01-04,501.35,510.0,489.9,490.6,502.0,495.15,524.0,91.5,1616,800541.95
2008-01-07,490.0,502.0,481.25,495.15,500.0,499.0,524.0,91.5,10737,5347615.5
2008-01-08,502.0,510.0,450.25,499.0,492.0,492.05,524.0,91.5,6638,3261182.65
2008-01-09,475.5,535.0,475.05,492.05,504.0,501.2,535.0,91.5,13261,6703119.2
2008-01-10,528.0,528.0,507.0,501.2,517.0,516.05,535.0,91.5,28855,14810471.4
2008-01-11,521.0,521.0,422.0,516.05,513.0,510.8,535.0,91.5,2469,1237722.95
2008-01-14,499.8,515.0,492.0,510.8,515.0,514.45,535.0,91.5,1000,506664.15
2008-01-15,501.2,517.0,501.0,514.45,515.0,512.9,535.0,91.5,2949,1493425.2
2008-01-16,512.0,518.5,506.0,512.9,517.0,515.3,535.0,91.5,3265,1681804.3
2008-01-17,525.0,525.0,498.15,515.3,519.0,519.1,535.0,91.5,88648,45343708.35
2008-01-18,511.0,524.95,511.0,519.1,524.95,519.75,535.0,91.5,2345,1218495.8
2008-01-21,505.0,518.0,451.05,519.75,480.0,475.25,535.0,91.5,22555,11072748.5
2008-01-22,390.0,444.0,387.0,475.25,410.05,412.4,535.0,91.5,2127,886823.75
2008-01-23,415.0,465.0,415.0,412.4,444.0,448.3,535.0,91.5,736,329632.55
2008-01-24,479.0,479.0,362.05,448.3,422.0,418.5,535.0,91.5,699,297771.55
2008-01-25,450.0,450.0,416.45,418.5,440.0,439.3,535.0,91.5,1170,507233.75
2008-01-28,363.0,470.1,363.0,439.3,435.0,437.15,535.0,91.5,1640,707220.45
2008-01-29,470.0,470.0,440.0,437.15,450.1,449.95,535.0,91.5,500,225336.1
2008-01-30,450.1,460.0,445.0,449.95,458.9,457.85,535.0,91.5,2898,1317395.7
2008-01-31,440.6,465.0,440.6,457.85,460.0,457.15,535.0,91.5,185,83816.1
2008-02-01,440.0,465.0,440.0,457.15,445.1,445.1,535.0,91.5,373,167869.55
2008-02-04,455.0,455.0,450.0,445.1,450.05,450.05,535.0,91.5,511,230319.25
2008-02-05,455.0,474.8,455.0,450.05,474.8,468.15,535.0,91.5,1279,592311.65
2008-02-06,452.0,474.8,452.0,468.15,474.8,470.45,535.0,91.5,578,266661.95
2008-02-07,430.0,475.0,430.0,470.45,474.7,463.4,535.0,91.5,742,343864.7
2008-02-08,450.05,473.9,450.0,463.4,473.9,469.5,535.0,91.5,957,442139.2
2008-02-11,400.0,470.1,400.0,469.5,452.0,455.35,535.0,91.5,2088,949511.0
2008-02-12,450.0,467.8,446.0,455.35,453.0,455.4,535.0,91.5,2109,958329.1
2008-02-13,453.05,458.9,445.05,455.4,447.0,449.7,535.0,91.5,1628,733369.75
2008-02-14,450.15,460.0,450.15,449.7,454.0,454.0,535.0,91.5,894,408191.75
2008-02-15,430.0,459.95,430.0,454.0,453.6,457.0,535.0,91.5,1131,510968.8
2008-02-18,459.0,478.85,459.0,457.0,470.0,464.7,535.0,91.5,608,282247.5
2008-02-19,451.5,520.0,451.5,464.7,470.0,470.0,535.0,91.5,435,206303.75
2008-02-20,460.5,479.85,460.5,470.0,473.0,469.35,535.0,91.5,700,326283.0
2008-02-21,461.05,480.0,461.0,469.35,480.0,471.1,535.0,91.5,665,314546.5
2008-02-22,430.75,480.0,430.75,471.1,478.0,474.9,535.0,91.5,770,360790.3
2008-02-25,466.0,476.95,465.05,474.9,476.0,476.05,535.0,91.5,789,373409.8
2008-02-26,474.95,495.0,472.0,476.05,490.0,490.0,535.0,91.5,550,265826.8
2008-02-27,485.0,485.0,475.0,490.0,477.0,477.4,535.0,91.5,482,231480.9
2008-02-28,473.0,485.0,472.0,477.4,475.0,472.65,535.0,91.5,625,297075.0
2008-02-29,472.0,480.0,469.0,472.65,480.0,479.25,535.0,91.5,277,130399.0
2008-03-03,465.0,474.9,465.0,479.25,470.0,469.65,535.0,91.5,992,466051.5
2008-03-04,460.0,468.9,441.0,469.65,446.0,446.0,535.0,91.5,1479,673142.25
2008-03-05,460.0,460.0,425.0,446.0,430.0,430.0,535.0,91.5,2831,1217357.3
2008-03-07,400.0,429.0,400.0,430.0,427.0,410.5,535.0,91.5,2846,1161264.05
2008-03-10,331.0,415.0,331.0,410.5,405.0,401.25,535.0,91.5,1104,445284.5
2008-03-11,405.0,430.0,401.05,401.25,419.0,419.0,535.0,91.5,448,185290.3
2008-03-12,424.0,424.0,412.0,419.0,419.0,417.85,535.0,91.5,4132,1727275.0
2008-03-13,400.0,425.0,381.0,417.85,410.0,410.45,535.0,91.5,2460,999214.1
2008-03-14,400.0,409.0,380.0,410.45,400.0,400.0,535.0,91.5,3084,1240537.9
2008-03-17,333.6,392.0,333.6,400.0,389.0,383.1,535.0,91.5,1300,486689.0
2008-03-18,360.0,385.0,310.0,383.1,320.0,314.5,535.0,91.5,7552,2609736.0
2008-03-19,330.0,352.0,316.0,314.5,352.0,345.8,535.0,91.5,2072,686206.3
2008-03-24,377.0,377.0,335.0,345.8,347.8,343.65,535.0,91.5,1138,395052.3
2008-03-25,340.0,384.45,337.0,343.65,384.45,366.05,535.0,91.5,1532,545054.5
2008-03-26,379.95,398.75,375.0,366.05,394.0,392.85,535.0,91.5,518,199019.55
2008-03-27,385.0,399.9,381.0,392.85,397.0,391.7,535.0,91.5,12220,4838382.35
2008-03-28,375.0,410.0,375.0,391.7,402.0,405.8,535.0,91.5,401,161357.85
2008-03-31,392.0,428.0,390.0,405.8,428.0,421.0,535.0,91.5,1123,468301.2
2008-04-01,427.0,439.0,425.0,421.0,439.0,439.0,535.0,91.5,292,126840.0
2008-04-02,428.0,460.0,428.0,439.0,440.0,443.5,535.0,91.5,775,349087.0
2008-04-03,380.0,455.0,380.0,443.5,445.0,445.2,535.0,91.5,540,239702.1
2008-04-04,445.0,458.9,435.0,445.2,445.7,442.1,535.0,91.5,1451,644890.45
2008-04-07,435.0,452.95,430.0,442.1,448.9,442.15,535.0,91.5,990,437690.55
2008-04-08,440.0,463.0,405.05,442.15,445.0,447.05,535.0,91.5,1095,489296.15
2008-04-09,458.9,462.0,439.95,447.05,440.0,440.25,535.0,91.5,687,308911.75
2008-04-10,445.0,454.85,430.0,440.25,435.0,435.0,535.0,91.5,608,269807.85
2008-04-11,451.0,452.0,430.0,435.0,440.0,441.25,535.0,91.5,1177,517900.25
2008-04-15,439.0,450.0,432.0,441.25,442.85,436.2,535.0,91.5,397,175527.15
2008-04-16,447.95,447.95,438.0,436.2,444.5,444.5,535.0,91.5,243,107889.5
2008-04-17,451.0,451.0,425.5,444.5,427.0,431.15,535.0,91.5,880,383443.75
2008-04-21,449.0,450.0,410.0,431.15,415.0,421.85,535.0,100.15,1391,592164.7
2008-04-22,424.0,434.8,410.0,421.85,434.8,419.5,535.0,100.15,1437,595636.95
2008-04-23,401.05,425.0,401.05,419.5,412.0,412.1,535.0,100.15,393,162144.0
2008-04-24,417.0,421.0,417.0,412.1,417.0,417.55,535.0,100.15,185,77281.0
2008-04-25,420.0,423.0,410.0,417.55,421.0,416.6,535.0,100.15,1114,467309.5
2008-04-28,417.0,428.0,415.0,416.6,415.95,415.95,535.0,100.15,1309,547353.9
2008-04-29,414.0,417.85,403.0,415.95,410.0,411.6,535.0,100.15,1308,539387.15
2008-04-30,420.0,420.0,401.4,411.6,410.0,409.55,535.0,100.15,575,235842.4
2008-05-02,400.0,419.0,390.55,409.55,400.0,400.9,535.0,100.15,590,236154.4
2008-05-05,405.0,428.0,400.0,400.9,418.0,417.75,535.0,100.3,859,359184.25
2008-05-06,428.95,475.0,411.15,417.75,411.15,411.15,535.0,100.3,2907,1229845.0
2008-05-07,400.0,425.0,400.0,411.15,419.0,418.3,535.0,100.3,659,275998.75
2008-05-08,405.0,420.0,405.0,418.3,419.5,419.5,535.0,100.3,322,133923.8
2008-05-09,415.0,419.0,405.0,419.5,405.0,407.5,535.0,100.3,1766,732754.75
2008-05-12,425.0,427.5,404.0,407.5,412.0,412.0,535.0,105.0,9267,3799208.5
2008-05-13,422.0,423.0,409.0,412.0,410.0,409.85,535.0,105.0,454,188019.0
2008-05-14,423.0,423.0,400.0,409.85,405.0,409.4,535.0,105.0,2100,850342.9
2008-05-15,424.0,424.0,409.0,409.4,414.5,413.3,535.0,105.0,560,231392.0
2008-05-16,424.0,424.0,407.0,413.3,410.0,411.45,535.0,105.0,566,233982.5
2008-05-20,410.0,415.0,409.0,411.45,410.0,411.05,535.0,117.0,593,243859.0
2008-05-21,438.0,438.0,405.0,411.05,412.0,408.8,535.0,117.0,565,231642.6
2008-05-22,419.0,421.0,407.0,408.8,414.0,408.8,535.0,117.0,21205,8689115.8
2008-05-23,418.0,418.0,406.0,408.8,413.0,410.05,535.0,117.0,638,261805.5
2008-05-26,420.0,448.0,405.0,410.05,410.0,409.95,535.0,123.05,848,350290.95
2008-05-27,418.0,419.0,403.0,409.95,408.75,406.2,535.0,123.05,1985,807735.5
2008-05-28,420.0,445.0,401.05,406.2,408.0,405.25,535.0,123.05,1268,515715.5
2008-05-29,429.95,429.95,404.0,405.25,404.0,404.85,535.0,123.05,254,104793.0
2008-05-30,410.0,415.0,405.0,404.85,415.0,412.3,535.0,123.05,590,242512.3
2008-06-02,419.9,419.9,409.0,412.3,409.0,410.5,535.0,123.05,145,59853.0
2008-06-03,405.0,413.0,404.0,410.5,405.0,405.0,535.0,123.05,322,130406.0
2008-06-04,418.95,418.95,403.0,405.0,407.0,405.55,535.0,123.05,531,215088.1
2008-06-05,405.0,410.0,403.0,405.55,404.0,404.8,535.0,123.05,870,352199.5
2008-06-06,405.0,408.0,404.0,404.8,404.0,404.0,535.0,123.05,207,83949.0
2008-06-09,405.0,405.0,352.05,404.0,403.0,403.0,535.0,123.05,1519,588791.6
2008-06-10,405.0,406.0,380.0,403.0,400.0,400.6,535.0,123.05,1579,633098.45
2008-06-11,405.0,408.0,401.0,400.6,402.0,401.75,535.0,123.05,623,251017.0
2008-06-12,405.0,405.0,401.0,401.75,404.0,404.0,535.0,123.05,645,260363.0
2008-06-13,405.0,405.0,372.2,404.0,389.95,379.9,535.0,123.05,1225,490858.45
2008-06-16,403.5,404.0,398.0,379.9,403.0,401.6,535.0,142.6,1091,438828.5
2008-06-17,403.0,410.0,402.0,401.6,405.0,406.1,535.0,142.6,444,178817.0
2008-06-18,408.0,443.0,403.0,406.1,403.0,404.95,535.0,142.6,1058,444896.7
2008-06-19,405.2,410.0,404.0,404.95,410.0,410.0,535.0,142.6,401,162830.95
2008-06-20,409.5,436.0,395.0,410.0,400.05,401.5,535.0,142.6,1508,605154.4
2008-06-23,405.0,405.0,365.55,401.5,400.2,400.95,535.0,143.0,930,371965.15
2008-06-24,405.0,405.0,375.65,400.95,400.0,400.0,535.0,143.0,960,383842.75
2008-06-25,322.6,405.0,322.6,400.0,392.1,400.0,535.0,143.0,477,188938.2
2008-06-26,419.0,419.0,381.8,400.0,400.0,397.7,535.0,143.0,18,7255.7
2008-06-27,370.0,394.5,360.0,397.7,394.5,379.7,535.0,143.0,238,89052.65
2008-06-30,393.7,399.0,348.1,379.7,384.5,380.4,535.0,163.0,399,150851.15
2008-07-01,380.0,380.0,370.0,380.4,370.0,371.05,535.0,163.0,356,133702.7
2008-07-02,391.5,391.5,370.0,371.05,380.0,380.3,535.0,163.0,594,223298.25
2008-07-03,379.0,400.0,370.05,380.3,379.9,380.0,535.0,163.0,164,62713.65
2008-07-04,379.0,379.0,365.0,380.0,377.4,373.25,535.0,163.0,1368,512084.85
2008-07-07,375.0,380.0,360.1,373.25,360.1,371.9,535.0,163.0,1144,432800.85
2008-07-08,389.0,390.0,370.0,371.9,380.0,380.0,535.0,163.0,331,127038.1
2008-07-09,395.0,395.0,365.5,380.0,390.0,385.6,535.0,163.0,743,280361.8
2008-07-10,399.0,399.0,380.0,385.6,385.0,384.7,535.0,163.0,564,217425.4
2008-07-11,399.0,399.0,385.0,384.7,389.9,389.95,535.0,163.0,303,118538.25
2008-07-14,394.95,394.95,394.95,389.95,394.95,394.95,535.0,165.7,100,39495.0
2008-07-15,391.5,391.5,370.0,394.95,370.0,377.85,535.0,165.7,197,75868.9
2008-07-16,395.0,395.0,375.0,377.85,383.9,378.9,535.0,165.7,351,135025.6
2008-07-17,320.55,393.0,320.55,378.9,378.5,378.5,535.0,165.7,483,185448.9
2008-07-18,380.0,382.5,371.0,378.5,380.0,377.7,535.0,165.7,320,121135.5
2008-07-21,392.9,392.9,378.0,377.7,378.0,378.0,535.0,166.1,146,56269.5
2008-07-22,389.25,389.25,370.0,378.0,388.5,388.55,535.0,166.1,153,58337.55
2008-07-23,380.0,393.0,375.05,388.55,381.05,386.45,535.0,166.1,823,313580.15
2008-07-24,381.0,384.95,375.0,386.45,383.75,383.75,535.0,166.1,527,199969.5
2008-07-25,385.0,385.0,380.0,383.75,382.15,382.15,535.0,166.1,163,62135.25
2008-07-28,395.0,395.0,385.0,382.15,389.0,388.8,535.0,170.35,150,58381.65
2008-07-29,380.0,388.5,380.0,388.8,386.5,386.4,535.0,170.35,178,68109.95
2008-07-30,380.0,380.0,380.0,386.4,380.0,380.0,535.0,170.35,51,19380.0
2008-07-31,383.0,390.0,380.0,380.0,386.3,386.3,535.0,170.35,675,259181.0
2008-08-01,390.0,393.0,387.05,386.3,387.25,387.25,535.0,170.35,491,191513.05
2008-08-04,390.0,392.0,390.0,387.25,390.0,390.0,535.0,176.05,60,23465.0
2008-08-05,394.0,394.8,390.0,390.0,390.0,390.0,535.0,176.05,157,61924.6
2008-08-06,394.0,394.0,351.35,390.0,390.5,388.8,535.0,176.05,1128,432844.4
2008-08-07,382.05,395.0,382.05,388.8,395.0,395.0,535.0,176.05,273,107434.7
2008-08-08,444.0,444.0,390.0,395.0,395.0,394.65,535.0,176.05,790,323939.0
2008-08-11,394.9,394.9,392.0,394.65,393.1,393.45,535.0,182.45,80,31484.5
2008-08-12,395.0,395.0,365.1,393.45,393.85,393.85,535.0,182.45,243,91646.05
2008-08-13,393.0,394.95,392.0,393.85,392.0,392.0,535.0,182.45,69,27090.2
2008-08-14,394.0,395.0,387.0,392.0,395.0,394.95,535.0,182.45,807,318433.1
2008-08-18,395.0,395.0,390.0,394.95,390.0,390.0,535.0,182.45,510,201400.0
2008-08-19,394.95,395.0,394.9,390.0,395.0,395.0,535.0,182.45,2000,789955.0
2008-08-20,393.0,395.0,387.15,395.0,390.0,389.35,535.0,182.45,1088,429188.7
2008-08-21,394.75,395.0,389.95,389.35,390.0,390.0,535.0,182.45,11458,4523603.75
2008-08-22,390.0,390.0,390.0,390.0,390.0,390.0,535.0,182.45,51,19890.0
2008-08-25,425.0,425.0,361.9,390.0,371.0,374.1,535.0,182.45,24160,9161798.2
2008-08-26,375.0,394.0,375.0,374.1,393.95,390.75,535.0,182.45,486,188130.1
2008-08-27,395.0,409.0,392.5,390.75,400.55,404.9,535.0,182.45,22953,9083566.85
2008-08-28,413.2,415.0,408.0,404.9,410.0,411.0,535.0,182.45,862,354489.85
2008-08-29,412.0,415.0,383.05,411.0,408.75,409.4,535.0,182.45,15249,6252090.3
2008-09-01,419.0,419.0,391.65,409.4,409.8,409.75,535.0,187.1,59037,23767683.6
2008-09-02,443.7,443.7,403.0,409.75,407.0,406.2,535.0,187.1,1173,481809.1
2008-09-04,407.0,414.5,407.0,406.2,407.1,408.4,535.0,187.1,2887,1181735.15
2008-09-05,407.1,414.0,405.0,408.4,411.0,411.0,535.0,187.1,41450,16908302.1
2008-09-08,417.0,417.0,406.0,411.0,413.7,413.7,535.0,193.0,21639,8871391.5
2008-09-09,418.5,418.5,405.05,413.7,417.0,415.45,535.0,193.0,15856,6492220.55
2008-09-10,418.0,418.0,408.0,415.45,414.55,414.6,535.0,193.0,16233,6655180.2
2008-09-11,407.0,418.0,407.0,414.6,409.0,409.85,535.0,193.0,808,332463.65
2008-09-12,419.8,419.8,406.0,409.85,408.0,409.15,535.0,193.0,367,150915.25
2008-09-15,407.0,418.5,400.05,409.15,408.9,408.9,535.0,197.0,907,370671.05
2008-09-16,408.0,409.8,403.0,408.9,409.8,407.3,535.0,197.0,1470,597393.8
2008-09-17,419.0,419.0,403.0,407.3,407.0,407.0,535.0,197.0,179,73353.5
2008-09-18,403.0,414.45,386.0,407.0,405.2,406.45,535.0,197.0,1835,737736.15
2008-09-19,406.0,414.25,406.0,406.45,407.0,407.0,535.0,197.0,234,95817.5
2008-09-22,408.0,416.5,405.0,407.0,415.5,411.85,535.0,197.0,13687,5597790.0
2008-09-23,414.75,414.75,406.0,411.85,408.0,408.35,535.0,197.0,11009,4507826.0
2008-09-24,413.0,422.0,408.0,408.35,408.0,408.4,535.0,197.0,210,86669.5
2008-09-25,409.0,420.0,408.5,408.4,410.0,410.0,535.0,197.0,11455,4689217.7
2008-09-26,406.0,412.0,404.0,410.0,404.0,405.25,535.0,197.0,22135,9011902.7
2008-09-29,414.0,414.0,385.0,405.25,400.0,400.0,535.0,198.05,4639,1860610.95
2008-09-30,342.55,400.0,342.55,400.0,400.0,399.1,535.0,198.05,2832,1123718.0
2008-10-01,400.0,405.0,380.0,399.1,396.0,397.4,535.0,198.05,1511,602187.15
2008-10-03,414.0,414.0,383.8,397.4,398.0,398.0,535.0,198.05,50537,19710773.45
2008-10-06,396.0,398.0,370.6,398.0,389.0,383.25,535.0,201.0,1363,530219.4
2008-10-07,375.2,400.0,375.05,383.25,399.5,393.65,535.0,201.0,2487,973406.7
2008-10-08,380.0,393.0,377.0,393.65,390.0,388.6,535.0,201.0,1174,450094.45
2008-10-10,375.0,390.0,315.55,388.6,376.4,375.8,535.0,201.0,1414,531183.75
2008-10-13,340.05,384.4,337.0,375.8,384.4,383.3,535.0,201.0,1451,530665.85
2008-10-14,366.0,395.0,366.0,383.3,393.5,391.65,535.0,201.0,1097,415543.75
2008-10-15,374.0,374.0,355.05,391.65,360.0,362.85,535.0,201.0,3140,1146652.0
2008-10-16,327.0,371.7,327.0,362.85,360.0,360.0,535.0,201.0,2967,1065373.95
2008-10-17,380.0,385.0,350.1,360.0,355.0,356.55,535.0,201.0,14133,5327196.3
2008-10-20,364.0,367.9,330.0,356.55,350.0,340.0,535.0,201.0,2585,893645.25
2008-10-21,353.0,364.95,347.0,340.0,362.0,356.25,535.0,201.0,2470,876154.3
2008-10-22,355.0,377.0,330.0,356.25,376.5,369.0,535.0,201.0,5274,1881824.9
2008-10-23,365.0,374.75,360.0,369.0,374.75,370.05,535.0,201.0,2257,829078.45
2008-10-24,365.0,373.0,330.0,370.05,330.0,362.2,535.0,201.0,2078,754314.75
2008-10-27,360.0,360.0,290.5,362.2,348.0,322.2,535.0,248.0,13753,4628639.1
2008-10-28,370.0,375.0,350.0,322.2,363.0,352.65,535.0,248.0,332,118651.4
2008-10-29,337.0,365.0,337.0,352.65,350.0,350.05,535.0,248.0,113,40183.8
2008-10-31,318.0,374.0,318.0,350.05,370.0,368.6,535.0,248.0,922,334686.7
2008-11-03,376.0,376.0,355.15,368.6,371.9,368.75,535.0,278.65,205,75351.05
2008-11-04,369.8,370.0,360.0,368.75,369.0,368.5,535.0,278.65,566,208265.8
2008-11-05,352.0,368.95,350.0,368.5,350.0,359.55,535.0,278.65,480,171638.8
2008-11-06,343.0,369.0,340.0,359.55,365.0,360.05,535.0,278.65,353,126832.9
2008-11-07,359.85,367.0,354.95,360.05,364.8,365.15,535.0,278.65,1319,480318.0
2008-11-10,310.0,374.0,310.0,365.15,360.1,358.35,535.0,278.65,335,119858.75
2008-11-11,362.95,363.0,362.95,358.35,363.0,363.0,535.0,278.65,55,19964.5
2008-11-12,355.0,360.0,355.0,363.0,360.0,360.0,535.0,278.65,123,44225.0
2008-11-14,344.0,360.0,336.5,360.0,355.0,355.0,535.0,278.65,447,157589.75
2008-11-17,340.0,355.0,340.0,355.0,353.9,353.65,535.0,290.5,332,116116.9
2008-11-18,344.0,361.0,339.0,353.65,346.9,345.55,535.0,290.5,706,244080.8
2008-11-19,354.0,354.9,340.0,345.55,340.0,340.0,535.0,290.5,368,126714.25
2008-11-20,348.5,348.5,286.0,340.0,310.0,305.65,535.0,286.0,2217,692631.7
2008-11-21,335.0,335.0,301.3,305.65,314.0,311.3,535.0,286.0,626,196529.0
2008-11-24,301.0,329.8,282.45,311.3,313.0,312.35,535.0,282.45,816,249529.65
2008-11-25,318.95,318.95,300.0,312.35,305.0,305.45,535.0,282.45,218,66749.1
2008-11-26,317.5,317.5,299.95,305.45,300.0,300.0,535.0,282.45,559,169838.65
2008-11-28,319.5,320.0,299.95,300.0,299.95,299.95,535.0,282.45,550,173009.95
2008-12-01,310.0,310.0,286.0,299.95,295.0,294.95,535.0,282.45,560,165052.25
2008-12-02,304.5,304.5,289.0,294.95,293.0,292.95,535.0,282.45,593,174338.4
2008-12-03,307.0,307.0,281.0,292.95,294.9,288.85,535.0,281.0,533,156904.05
2008-12-04,294.8,294.8,285.0,288.85,290.0,290.0,535.0,281.0,422,122456.4
2008-12-05,304.0,305.0,245.0,290.0,290.3,290.1,535.0,245.0,630,182890.15
2008-12-08,277.0,298.5,277.0,290.1,285.0,282.0,535.0,245.0,294,83084.55
2008-12-10,299.0,299.0,276.0,282.0,292.2,288.1,535.0,245.0,1168,334538.65
2008-12-11,294.0,298.0,271.05,288.1,274.0,278.4,535.0,245.0,1468,425150.6
2008-12-12,295.0,295.0,272.35,278.4,289.0,275.0,535.0,245.0,350,97526.25
2008-12-15,290.0,294.95,282.5,275.0,285.0,285.0,535.0,245.0,767,221538.15
2008-12-16,285.0,304.0,279.0,285.0,299.95,296.15,535.0,245.0,403,116607.75
2008-12-17,298.0,307.95,290.0,296.15,298.0,298.1,535.0,245.0,541,160541.75
2008-12-18,305.0,314.1,293.0,298.1,314.0,308.35,535.0,245.0,581,176110.0
2008-12-19,319.0,319.0,295.0,308.35,319.0,313.05,535.0,245.0,448,137908.75
2008-12-22,327.95,328.0,300.15,313.05,310.0,305.5,535.0,245.0,536,164186.35
2008-12-23,313.5,313.5,299.9,305.5,307.75,301.35,535.0,245.0,480,146649.4
2008-12-24,311.1,311.1,305.25,301.35,306.45,306.3,535.0,245.0,54,16579.65
2008-12-26,286.0,302.0,285.5,306.3,302.0,299.2,535.0,245.0,271,80698.5
2008-12-29,325.0,325.0,290.0,299.2,300.0,299.95,535.0,245.0,253,75560.25
2008-12-30,301.0,303.4,293.0,299.95,300.0,301.1,535.0,245.0,436,130669.9
2008-12-31,310.0,314.95,295.0,301.1,312.95,308.1,535.0,245.0,708,217151.9
2009-01-01,308.0,314.0,307.0,308.1,314.0,312.35,535.0,245.0,802,247966.85
2009-01-02,318.0,318.9,307.0,312.35,312.8,312.8,535.0,245.0,331,103937.85
2009-01-05,319.8,319.8,307.0,312.8,314.3,310.55,535.0,245.0,1214,378188.6
2009-01-06,305.05,313.85,305.0,310.55,311.8,310.1,535.0,245.0,643,197864.25
2009-01-07,303.0,311.9,295.0,310.1,304.9,303.6,535.0,245.0,494,149907.9
2009-01-09,282.0,314.5,281.05,303.6,308.0,305.6,535.0,245.0,1052,307433.0
2009-01-12,300.0,300.0,259.0,305.6,259.0,265.85,525.0,245.0,1615,452433.45
2009-01-13,254.0,258.95,243.0,265.85,245.45,248.85,525.0,243.0,711,176102.05
2009-01-14,251.5,251.5,241.05,248.85,245.0,244.95,525.0,241.05,694,170933.1
2009-01-15,249.95,249.95,235.0,244.95,235.05,236.35,525.0,235.0,177,42566.85
2009-01-16,234.1,237.0,222.0,236.35,222.05,223.6,525.0,222.0,465,105479.95
2009-01-19,223.0,243.65,223.0,223.6,237.9,235.8,520.0,222.0,437,103556.3
2009-01-20,230.0,258.0,230.0,235.8,258.0,248.85,520.0,222.0,305,75413.75
2009-01-21,256.8,256.8,247.0,248.85,247.0,247.0,520.0,222.0,52,12991.0
2009-01-22,250.0,256.9,235.0,247.0,255.0,248.35,520.0,222.0,363,89829.65
2009-01-23,250.0,269.95,250.0,248.35,269.0,262.25,520.0,222.0,913,238442.9
2009-01-27,255.1,279.85,255.1,262.25,278.25,275.1,520.0,222.0,160,43596.35
2009-01-28,288.0,289.0,280.0,275.1,288.0,287.05,520.0,222.0,467,133652.75
2009-01-29,285.0,298.0,245.75,287.05,298.0,295.3,520.0,222.0,894,252188.7
2009-01-30,290.0,313.9,287.0,295.3,313.9,300.45,520.0,222.0,722,212916.85
2009-02-02,317.0,317.0,305.0,300.45,316.0,316.0,520.0,222.0,179,55955.95
2009-02-03,316.0,318.95,304.95,316.0,314.0,314.0,520.0,222.0,298,92119.6
2009-02-04,310.0,320.9,300.0,314.0,310.1,313.9,520.0,222.0,575,175660.35
2009-02-05,311.0,311.0,295.0,313.9,300.0,300.0,520.0,222.0,22785,7024665.3
2009-02-06,255.0,304.0,255.0,300.0,290.0,293.45,520.0,222.0,19340,5524982.4
2009-02-09,290.0,310.05,281.0,293.45,305.0,304.55,520.0,222.0,4845,1394008.6
2009-02-10,301.0,304.9,278.0,304.55,278.0,282.1,520.0,222.0,29736,8515783.6
2009-02-11,278.95,295.0,273.0,282.1,290.0,286.0,520.0,222.0,14877,4100725.0
2009-02-12,280.0,296.9,280.0,286.0,295.0,295.0,520.0,222.0,5669,1670615.25
2009-02-13,295.0,315.0,294.9,295.0,305.0,305.75,520.0,222.0,20811,6220576.1
2009-02-16,305.0,310.0,286.1,305.75,296.05,296.3,520.0,222.0,14149,4174274.65
2009-02-17,287.45,299.8,287.45,296.3,297.0,297.5,520.0,222.0,10180,3028068.0
2009-02-18,289.0,299.5,289.0,297.5,290.25,293.95,520.0,222.0,6228,1861323.45
2009-02-19,299.5,300.0,277.1,293.95,277.1,280.25,520.0,222.0,6524,1925365.9
2009-02-20,293.8,293.8,276.0,280.25,276.0,278.5,520.0,222.0,327,91669.5
2009-02-24,278.0,278.0,268.25,278.5,269.0,269.0,495.0,222.0,132,35818.25
2009-02-25,270.75,279.5,270.15,269.0,270.25,270.25,495.0,222.0,55,14961.35
2009-02-26,279.35,279.4,262.1,270.25,262.1,269.55,495.0,222.0,249,67599.3
2009-02-27,265.0,269.0,255.1,269.55,259.7,259.7,495.0,222.0,218,57143.1
2009-03-02,251.1,251.1,240.05,259.7,241.0,241.0,475.0,222.0,310,76243.65
2009-03-03,230.0,245.95,210.15,241.0,222.0,222.15,475.0,210.15,359,81603.15
2009-03-04,247.95,247.95,226.0,222.15,231.0,232.0,475.0,210.15,4496,1036174.6
2009-03-05,232.0,233.25,223.9,232.0,231.6,231.6,475.0,210.15,206,47347.3
2009-03-06,223.05,223.05,223.05,231.6,223.05,223.05,475.0,210.15,52,11598.6
2009-03-09,223.05,244.8,204.5,223.05,226.0,223.5,475.0,204.5,488,109463.05
2009-03-12,232.0,233.0,195.35,223.5,195.35,200.35,475.0,195.35,533,112287.95
2009-03-13,208.35,208.35,195.1,200.35,197.95,198.55,475.0,195.1,88,17327.25
2009-03-16,199.0,199.0,180.0,198.55,197.3,197.3,475.0,180.0,80,15672.25
2009-03-17,199.4,199.4,199.4,197.3,199.4,199.4,475.0,180.0,15,2991.0
2009-03-18,188.2,214.8,186.4,199.4,201.0,201.0,475.0,180.0,406,81563.55
2009-03-19,201.0,201.0,192.0,201.0,198.3,195.15,475.0,180.0,3,591.3
2009-03-20,207.95,207.95,202.0,195.15,205.0,205.0,475.0,180.0,23,4738.5
2009-03-23,192.4,216.4,192.4,205.0,194.2,194.65,475.0,180.0,400,81137.45
2009-03-24,194.4,212.85,194.4,194.65,195.2,195.2,475.0,180.0,568,116336.7
2009-03-25,205.0,208.0,200.0,195.2,208.0,208.0,475.0,180.0,61,12324.95
2009-03-26,202.0,202.0,202.0,208.0,202.0,202.0,475.0,180.0,18,3636.0
2009-03-27,202.0,202.0,197.0,202.0,197.0,197.0,475.0,180.0,9,1802.0
2009-03-30,193.5,195.0,193.5,197.0,195.0,195.0,475.0,180.0,209,40723.5
2009-03-31,199.0,216.0,199.0,195.0,212.75,212.05,475.0,180.0,258,53568.25
2009-04-02,205.0,210.9,200.45,212.05,201.0,201.0,475.0,180.0,181,37015.15
2009-04-06,223.5,229.9,202.0,201.0,202.0,204.95,475.0,180.0,90,19635.25
2009-04-08,199.0,216.95,199.0,204.95,216.95,216.95,475.0,180.0,130,27479.7
2009-04-09,207.15,214.9,207.0,216.95,209.0,209.0,475.0,180.0,64,13285.9
2009-04-13,193.55,235.5,193.55,209.0,218.0,217.0,475.0,180.0,810,173790.0
2009-04-15,218.0,235.0,218.0,217.0,235.0,235.0,475.0,180.0,122,28320.0
2009-04-16,238.45,238.45,220.05,235.0,220.05,220.05,475.0,180.0,292,68347.75
2009-04-17,201.0,255.0,201.0,220.05,227.0,234.35,475.0,180.0,1500,336585.9
2009-04-20,270.0,273.9,230.0,234.35,249.0,245.5,475.0,180.0,150,38056.55
2009-04-21,249.95,250.0,235.0,245.5,250.0,238.6,475.0,180.0,343,84243.25
2009-04-22,248.0,254.9,248.0,238.6,251.0,251.0,475.0,180.0,10098,2514637.4
2009-04-23,239.35,260.0,239.0,251.0,250.0,245.8,475.0,180.0,378,93873.15
2009-04-24,266.95,295.0,232.15,245.8,295.0,288.45,475.0,180.0,2227,604410.35
2009-04-27,295.0,304.6,272.1,288.45,275.15,275.15,475.0,180.0,1153,335344.1
2009-04-28,277.0,290.0,273.1,275.15,274.0,274.0,475.0,180.0,164,45126.0
2009-04-29,280.0,280.0,280.0,274.0,280.0,280.0,475.0,180.0,10,2800.0
2009-05-04,260.0,274.0,255.05,280.0,269.1,269.95,475.0,180.0,182,48743.9
2009-05-05,279.9,285.95,268.25,269.95,269.0,269.0,475.0,180.0,106,29369.75
2009-05-06,269.5,270.0,253.15,269.0,260.0,260.0,475.0,180.0,291,76510.15
2009-05-07,275.0,311.0,263.0,260.0,311.0,296.7,475.0,180.0,812,235896.3
2009-05-08,278.6,291.0,278.4,296.7,290.0,290.0,475.0,180.0,276,79582.0
2009-05-11,288.0,300.0,283.2,290.0,300.0,299.95,448.0,180.0,520,154083.55
2009-05-12,283.8,283.8,283.8,299.95,283.8,283.8,448.0,180.0,10,2838.0
2009-05-13,289.5,289.5,280.5,283.8,280.5,280.5,448.0,180.0,60,17163.5
2009-05-14,289.0,289.0,260.35,280.5,265.0,265.0,448.0,180.0,1068,298059.9
2009-05-15,275.0,275.0,275.0,265.0,275.0,275.0,448.0,180.0,250,68750.0
2009-05-19,275.3,298.95,275.3,275.0,292.0,292.0,448.0,180.0,256,74150.15
2009-05-20,306.6,310.0,270.0,292.0,300.0,295.4,448.0,180.0,5227,1562630.0
2009-05-21,329.5,329.5,292.45,295.4,292.5,292.5,448.0,180.0,19689,6102082.95
2009-05-22,293.2,305.0,285.0,292.5,305.0,287.1,448.0,180.0,2833,813809.35
2009-05-25,305.0,320.0,285.75,287.1,310.0,310.2,448.0,180.0,87,27372.75
2009-05-26,310.0,310.0,296.65,310.2,309.5,301.3,448.0,180.0,363,111014.0
2009-05-27,307.95,307.95,298.35,301.3,307.75,307.75,448.0,180.0,2005,607639.75
2009-05-28,310.0,317.95,310.0,307.75,314.95,314.95,448.0,180.0,90,27966.65
2009-05-29,270.05,332.0,270.05,314.95,301.05,307.45,448.0,180.0,290,89488.95
2009-06-01,300.0,310.0,300.0,307.45,309.8,309.3,444.0,180.0,8559,2636324.05
2009-06-02,309.0,321.0,309.0,309.3,316.0,316.0,444.0,180.0,1403,442713.95
2009-06-03,317.0,318.0,306.05,316.0,310.0,310.0,444.0,180.0,2172,681437.05
2009-06-04,296.0,316.85,271.5,310.0,272.0,290.2,444.0,180.0,5611,1687996.9
2009-06-05,290.0,294.5,243.0,290.2,251.8,247.25,444.0,180.0,47454,12025386.0
2009-06-08,252.0,264.95,240.05,247.25,244.3,240.75,444.0,180.0,28172,7035799.8
2009-06-09,250.0,261.0,236.65,240.75,260.0,256.05,444.0,180.0,1983,499965.3
2009-06-10,250.0,307.3,250.0,256.05,303.0,303.35,444.0,180.0,32400,9235662.85
2009-06-11,306.0,310.0,278.0,303.35,279.1,284.25,444.0,180.0,9674,2830997.35
2009-06-12,298.5,316.0,281.3,284.25,293.0,286.8,444.0,180.0,24116,7286113.65
2009-06-15,280.0,291.75,275.3,286.8,278.0,278.55,444.0,180.0,1945,552981.1
2009-06-16,277.95,288.0,270.0,278.55,276.0,279.45,444.0,180.0,1332,369758.6
2009-06-17,274.1,284.95,260.1,279.45,268.0,264.35,444.0,180.0,3013,813670.9
2009-06-18,254.0,277.0,251.3,264.35,251.5,252.45,444.0,180.0,2369,611102.25
2009-06-19,254.05,268.65,252.0,252.45,268.65,262.8,444.0,180.0,7108,1836529.35
2009-06-22,259.9,262.9,254.0,262.8,254.3,257.95,444.0,180.0,866,223010.15
2009-06-23,248.0,260.0,248.0,257.95,260.0,258.35,444.0,180.0,594,150301.25
2009-06-24,251.0,256.85,240.15,258.35,251.25,252.1,444.0,180.0,1156,285906.95
2009-06-25,256.5,265.0,256.5,252.1,260.0,260.4,444.0,180.0,446,116437.55
2009-06-26,260.0,268.0,260.0,260.4,260.45,261.25,444.0,180.0,322,85051.5
2009-06-29,278.0,294.0,263.2,261.25,283.0,282.3,444.0,180.0,4894,1360182.8
2009-06-30,294.0,295.0,278.1,282.3,284.9,281.15,444.0,180.0,1794,508492.25
2009-07-01,283.0,294.75,274.0,281.15,274.0,275.15,444.0,180.0,313,86981.15
2009-07-02,280.0,284.0,280.0,275.15,280.0,282.45,444.0,180.0,265,74430.4
2009-07-03,285.0,285.0,273.05,282.45,280.6,280.6,444.0,180.0,1035,293135.3
2009-07-06,284.0,289.95,270.05,280.6,278.0,276.0,444.0,180.0,762,211037.7
2009-07-07,269.3,277.0,269.0,276.0,270.0,270.15,444.0,180.0,258,70682.0
2009-07-08,275.0,275.0,264.1,270.15,275.0,273.25,444.0,180.0,441,118700.05
2009-07-09,265.0,269.0,254.3,273.25,263.7,264.55,444.0,180.0,1634,426428.3
2009-07-10,269.05,274.0,263.1,264.55,263.1,269.35,444.0,180.0,295,79465.7
2009-07-13,258.05,271.0,257.0,269.35,261.0,261.0,444.0,180.0,2085,558351.55
2009-07-14,265.0,275.0,235.15,261.0,270.0,274.85,444.0,180.0,1565,418981.55
2009-07-15,274.85,285.0,265.1,274.85,283.0,282.95,444.0,180.0,1605,451066.8
2009-07-16,282.55,292.0,281.0,282.95,292.0,290.9,444.0,180.0,1681,481885.85
2009-07-17,295.0,300.0,287.2,290.9,300.0,297.2,444.0,180.0,1825,535940.0
2009-07-20,300.0,308.0,300.0,297.2,303.0,303.0,444.0,180.0,665,201911.2
2009-07-21,308.0,312.0,303.0,303.0,311.4,308.25,444.0,180.0,562,173077.4
2009-07-22,312.8,319.0,310.0,308.25,310.2,313.85,444.0,180.0,1195,374476.35
2009-07-23,310.0,320.0,310.0,313.85,310.0,310.6,444.0,180.0,495,155793.1
2009-07-24,317.0,319.95,309.0,310.6,310.0,310.85,444.0,180.0,1012,316957.9
2009-07-27,311.0,327.0,310.1,310.85,321.4,323.5,444.0,180.0,2559,816055.0
2009-07-28,324.05,334.8,313.5,323.5,330.0,329.85,444.0,180.0,1147,374383.35
2009-07-29,335.0,337.0,325.1,329.85,326.0,334.1,444.0,180.0,868,287282.05
2009-07-30,317.5,338.0,317.5,334.1,338.0,338.0,444.0,180.0,195,65373.55
2009-07-31,340.0,344.7,322.1,338.0,322.1,322.1,444.0,180.0,2484,824292.65
2009-08-03,334.8,345.0,325.0,322.1,340.0,338.75,444.0,180.0,1672,562228.1
2009-08-04,330.0,334.95,325.0,338.75,330.0,330.0,444.0,180.0,1396,460325.2
2009-08-05,326.0,337.95,326.0,330.0,330.6,334.95,444.0,180.0,27807,9093286.05
2009-08-06,321.35,335.0,321.35,334.95,327.0,329.8,444.0,180.0,3674,1217172.3
2009-08-07,329.0,352.0,325.1,329.8,334.0,334.8,444.0,180.0,14465,4928476.9
2009-08-10,358.8,358.8,319.0,334.8,335.0,328.6,443.7,180.0,3277,1088408.65
2009-08-11,325.1,337.85,325.05,328.6,337.0,337.0,443.7,180.0,934,308508.4
2009-08-12,328.0,345.0,326.0,337.0,345.0,341.8,443.7,180.0,754,251799.65
2009-08-13,344.6,350.0,336.0,341.8,349.7,346.05,443.7,180.0,2121,727845.0
2009-08-14,340.05,349.95,340.0,346.05,345.0,345.45,443.7,180.0,4308,1470232.4
2009-08-17,330.05,343.0,315.15,345.45,335.0,330.7,443.7,180.0,1520,505838.4
2009-08-18,327.0,340.1,327.0,330.7,340.0,340.05,443.7,180.0,1465,496855.55
2009-08-19,332.0,342.85,332.0,340.05,337.0,339.15,443.7,180.0,1392,471037.6
2009-08-20,342.0,344.05,335.0,339.15,335.0,340.15,443.7,180.0,4198,1429206.25
2009-08-21,334.0,342.0,334.0,340.15,338.0,338.0,443.7,180.0,764,259420.35
2009-08-24,333.3,340.25,331.1,338.0,336.0,334.45,443.7,180.0,524,175956.1
2009-08-25,334.25,340.8,334.25,334.45,338.0,337.1,443.7,180.0,570,193415.95
2009-08-26,341.0,353.0,335.15,337.1,340.0,342.85,443.7,180.0,1454,501689.2
2009-08-27,338.05,365.0,327.05,342.85,342.05,342.05,443.7,180.0,1546,549526.85
2009-08-28,344.2,350.0,338.0,342.05,345.0,344.35,443.7,180.0,954,328581.2
2009-08-31,332.2,345.0,332.15,344.35,345.0,345.0,443.7,180.0,928,319642.1
2009-09-01,331.1,346.0,331.1,345.0,343.8,338.0,443.7,180.0,1772,609545.85
2009-09-02,322.05,353.0,322.05,338.0,335.0,335.0,443.7,180.0,1648,559826.85
2009-09-03,325.05,349.8,320.0,335.0,342.05,342.6,443.7,180.0,418,143268.1
2009-09-04,340.0,349.75,335.0,342.6,343.85,340.55,443.7,180.0,814,278374.85
2009-09-07,356.8,356.8,335.5,340.55,345.0,344.2,422.0,180.0,891,306974.65
2009-09-08,347.15,407.65,341.1,344.2,373.0,369.65,422.0,180.0,21962,8414987.3
2009-09-09,353.0,385.4,353.0,369.65,375.0,379.3,422.0,180.0,1799,671028.65
2009-09-10,380.0,384.7,355.0,379.3,366.2,367.95,422.0,180.0,855,317832.9
2009-09-11,378.9,378.9,357.0,367.95,363.0,365.9,422.0,180.0,1056,383095.6
2009-09-14,370.0,370.0,358.2,365.9,365.0,364.8,422.0,180.0,836,302458.8
2009-09-15,380.0,394.0,359.0,364.8,390.0,384.3,422.0,180.0,6781,2515822.0
2009-09-16,382.0,385.0,375.05,384.3,379.0,379.2,422.0,180.0,762,290382.35
2009-09-17,380.0,380.0,370.0,379.2,379.55,377.8,422.0,180.0,562,210208.75
2009-09-18,356.95,383.95,356.95,377.8,373.5,373.5,422.0,180.0,364,135157.45
2009-09-22,373.5,393.95,362.15,373.5,365.0,363.7,422.0,180.0,1168,436106.25
2009-09-23,394.2,394.2,358.55,363.7,362.0,364.45,422.0,180.0,1031,379583.45
2009-09-24,353.2,365.0,349.0,364.45,350.0,351.75,422.0,180.0,1695,602876.15
2009-09-25,355.0,380.0,355.0,351.75,362.0,366.6,422.0,180.0,73102,26499514.1
2009-09-29,366.0,370.5,357.4,366.6,358.0,360.3,414.0,180.0,3957,1433051.45
2009-09-30,365.0,365.0,357.15,360.3,360.0,360.5,414.0,180.0,3823,1383324.3
2009-10-01,356.0,364.0,356.0,360.5,357.05,361.9,414.0,180.0,37687,13641808.25
2009-10-05,360.5,367.75,345.05,361.9,350.05,350.0,407.65,180.0,818,290152.7
2009-10-06,345.25,350.15,340.05,350.0,347.35,347.7,407.65,180.0,581,201546.75
2009-10-07,348.05,357.95,341.5,347.7,342.0,345.0,407.65,180.0,312,108609.55
2009-10-08,342.15,355.85,342.15,345.0,345.0,349.8,407.65,180.0,1568,544478.65
2009-10-09,359.9,359.9,343.0,349.8,345.0,346.35,407.65,180.0,210,72920.3
2009-10-12,343.0,357.0,343.0,346.35,352.0,351.05,407.65,180.0,172,60091.55
2009-10-14,360.0,360.0,342.6,351.05,344.05,344.45,407.65,180.0,1353,473949.8
2009-10-15,359.0,359.0,343.05,344.45,345.0,345.0,407.65,180.0,130,44989.35
2009-10-16,372.95,379.75,352.0,345.0,369.0,361.4,407.65,180.0,7870,2885795.35
2009-10-17,384.8,400.0,372.95,361.4,390.0,391.3,407.65,180.0,8724,3408302.35
2009-10-20,390.0,399.1,383.05,391.3,398.0,396.95,407.65,180.0,8656,3434757.75
2009-10-21,390.0,395.85,378.05,396.95,390.0,390.0,407.65,180.0,1340,515743.55
2009-10-22,389.0,391.0,375.0,390.0,375.0,375.0,407.65,180.0,370,142371.1
2009-10-23,371.25,371.25,366.6,375.0,370.0,370.0,407.65,180.0,84,31070.45
2009-10-26,360.0,370.1,360.0,370.0,361.25,364.05,407.65,180.0,641,235454.0
2009-10-27,349.0,368.5,341.55,364.05,350.5,351.3,407.65,180.0,319,111926.35
2009-10-28,330.6,368.5,330.6,351.3,365.0,362.05,407.65,180.0,1539,554143.05
2009-10-29,397.0,397.0,331.15,362.05,360.0,356.05,407.65,180.0,3555,1262467.75
2009-10-30,365.0,365.0,349.0,356.05,355.25,355.0,407.65,180.0,3813,1361894.75
2009-11-03,324.2,359.0,324.2,355.0,339.9,350.45,407.65,180.0,3039,1066975.1
2009-11-04,350.0,365.0,342.5,350.45,342.5,348.5,407.65,180.0,5711,2007858.5
2009-11-05,358.85,358.85,336.1,348.5,344.9,344.3,407.65,180.0,1719,592102.9
2009-11-06,360.95,361.0,344.0,344.3,354.6,353.05,407.65,180.0,2175,776608.05
2009-11-09,348.0,355.05,346.0,353.05,352.5,346.65,407.65,180.0,256,88927.2
2009-11-10,316.3,357.95,316.3,346.65,353.45,351.8,407.65,180.0,450,158046.95
2009-11-11,350.0,365.0,346.0,351.8,359.0,355.5,407.65,180.0,4875,1715343.9
2009-11-12,352.5,360.05,345.0,355.5,359.2,359.05,407.65,180.0,1939,695193.5
2009-11-13,366.0,375.0,350.6,359.05,370.0,369.05,407.65,180.0,14864,5414362.25
2009-11-16,360.0,368.0,355.2,369.05,360.0,360.2,407.65,180.0,2586,934960.25
2009-11-17,358.0,359.9,352.15,360.2,359.9,357.85,407.65,180.0,464,165760.45
2009-11-18,359.9,364.85,355.0,357.85,355.0,355.3,407.65,180.0,2456,878005.9
2009-11-19,360.0,388.0,356.0,355.3,369.0,365.3,407.65,180.0,8585,3163913.05
2009-11-20,371.9,389.0,351.1,365.3,385.0,379.45,407.65,180.0,8456,3164710.55
2009-11-23,387.95,390.0,366.0,379.45,382.2,387.4,407.65,180.0,1813,698870.65
2009-11-24,383.0,390.0,376.05,387.4,390.0,388.5,407.65,180.0,1135,441059.0
2009-11-25,395.0,404.9,370.0,388.5,380.0,380.1,407.65,180.0,5394,2101477.1
2009-11-26,380.0,389.9,365.0,380.1,370.0,370.7,407.65,180.0,1709,637064.9
2009-11-27,356.0,375.0,356.0,370.7,369.5,369.3,407.65,180.0,3286,1193381.1
2009-11-30,370.1,376.85,365.3,369.3,368.5,369.4,407.65,180.0,5351,1977314.15
2009-12-01,371.0,385.0,371.0,369.4,384.95,382.65,407.65,180.0,5184,1974508.7
2009-12-02,390.0,405.0,385.0,382.65,393.5,398.15,407.65,180.0,7750,3062148.55
2009-12-03,400.0,405.0,393.0,398.15,399.0,400.65,407.65,180.0,5279,2104947.15
2009-12-04,401.0,405.0,395.1,400.65,400.0,399.9,407.65,180.0,3829,1534537.6
2009-12-07,395.0,406.2,393.0,399.9,406.2,403.65,407.65,180.0,6614,2657925.05
2009-12-08,403.0,415.2,400.25,403.65,415.0,412.45,415.2,180.0,6874,2822177.45
2009-12-09,413.5,416.0,410.0,412.45,416.0,415.95,416.0,180.0,19018,7891591.9
2009-12-10,419.95,429.5,415.0,415.95,421.0,423.45,429.5,180.0,9929,4195389.35
2009-12-11,424.95,434.0,418.15,423.45,420.0,424.35,434.0,180.0,43482,18485279.75
2009-12-14,424.0,424.0,414.05,424.35,420.0,418.05,434.0,180.0,4469,1873032.15
2009-12-15,425.0,425.0,416.0,418.05,421.0,419.4,434.0,180.0,3639,1536994.4
2009-12-16,420.0,425.0,419.0,419.4,420.0,420.95,434.0,180.0,4351,1840004.6
2009-12-17,423.9,466.0,421.25,420.95,425.0,425.2,466.0,180.0,523156,234337077.45
2009-12-18,421.0,441.7,415.55,425.2,415.55,418.7,466.0,180.0,128553,55313345.35
2009-12-21,419.9,438.7,419.1,418.7,421.95,421.3,466.0,180.0,52418,22520945.45
2009-12-22,429.0,433.0,416.35,421.3,416.35,419.1,466.0,180.0,19903,8451833.25
2009-12-23,424.4,424.4,410.15,419.1,416.45,414.5,466.0,180.0,18577,7728842.95
2009-12-24,419.0,419.0,402.75,414.5,410.5,410.4,466.0,180.0,10258,4219132.2
2009-12-29,410.0,413.45,400.35,410.4,403.9,403.95,466.0,180.0,7220,2945077.55
2009-12-30,406.0,406.0,391.05,403.95,403.95,403.15,466.0,180.0,9603,3834914.9
2009-12-31,405.0,410.0,396.0,403.15,396.25,399.0,466.0,180.0,8017,3232354.4
2010-01-04,401.0,435.0,393.25,399.0,413.05,415.7,466.0,180.0,87846,36838438.1
2010-01-05,420.15,422.0,406.15,415.7,406.15,409.65,466.0,180.0,12680,5215726.35
2010-01-06,412.0,415.0,405.0,409.65,411.0,411.05,466.0,180.0,4021,1645037.5
2010-01-07,403.05,416.0,402.6,411.05,411.95,411.05,466.0,180.0,13997,5761543.9
2010-01-08,411.05,414.5,400.05,411.05,404.0,404.9,466.0,180.0,7243,2938634.3
2010-01-11,410.0,423.0,402.0,404.9,410.0,411.25,466.0,180.0,35477,14761588.9
2010-01-12,417.0,438.2,405.55,411.25,421.0,419.35,466.0,180.0,81533,35004965.7
2010-01-13,420.0,448.0,416.0,419.35,427.0,427.65,466.0,180.0,185471,81524447.85
2010-01-14,430.0,439.0,425.0,427.65,435.0,435.6,466.0,180.0,91969,39781968.3
2010-01-15,443.0,450.0,432.45,435.6,446.0,444.45,466.0,180.0,32404,14383970.35
2010-01-18,422.0,458.0,399.5,444.45,446.1,446.0,466.0,180.0,8614,3822878.75
2010-01-19,449.95,449.95,426.5,446.0,431.0,432.6,466.0,180.0,3172,1393292.25
2010-01-20,438.0,439.0,426.55,432.6,429.0,429.5,466.0,180.0,1108,480850.35
2010-01-21,429.0,429.0,405.0,429.5,405.0,409.1,466.0,180.0,5139,2160853.95
2010-01-22,402.0,434.8,400.0,409.1,422.0,426.75,466.0,180.0,11328,4738694.7
2010-01-25,430.0,431.95,410.0,426.75,416.9,413.4,466.0,180.0,4504,1921025.6
2010-01-27,428.8,428.8,400.0,413.4,405.0,405.0,466.0,180.0,5344,2167426.9
2010-01-28,419.85,433.0,415.0,405.0,420.0,420.0,466.0,180.0,9178,3882662.2
2010-01-29,428.9,428.9,410.0,420.0,428.0,421.85,466.0,180.0,36207,15218143.4
2010-02-01,421.0,429.35,421.0,421.85,422.4,423.2,466.0,180.0,415,176059.85
2010-02-02,426.6,430.0,424.4,423.2,424.4,424.4,466.0,180.0,794,338043.0
2010-02-03,429.9,432.0,420.5,424.4,426.0,426.4,466.0,180.0,3903,1658704.45
2010-02-04,414.05,460.0,414.0,426.4,430.0,432.05,466.0,180.0,8919,3950765.35
2010-02-05,415.05,435.1,415.0,432.05,428.0,431.5,466.0,180.0,2570,1100810.5
2010-02-06,457.7,480.0,416.25,431.5,433.55,433.55,480.0,180.0,4514,2037810.0
2010-02-08,430.0,441.0,428.65,433.55,430.0,430.0,480.0,180.0,1040,447165.35
2010-02-09,430.0,437.0,425.0,430.0,433.1,433.8,480.0,180.0,1680,723888.35
2010-02-10,430.5,443.0,430.5,433.8,443.0,438.8,480.0,180.0,2910,1278301.65
2010-02-11,445.0,466.0,431.55,438.8,452.0,452.0,480.0,180.0,12024,5476158.05
2010-02-15,466.0,466.0,438.1,452.0,452.0,456.0,480.0,180.0,4115,1886310.45
2010-02-16,460.0,462.0,455.05,456.0,460.0,459.25,480.0,180.0,2692,1237680.1
2010-02-17,451.3,461.0,450.0,459.25,450.0,452.1,480.0,180.0,7888,3577698.35
2010-02-18,455.6,455.6,430.0,452.1,430.0,431.7,480.0,180.0,2266,994541.1
2010-02-19,427.45,439.7,411.05,431.7,420.2,425.3,480.0,180.0,1642,698081.35
2010-02-22,431.1,433.0,416.0,425.3,420.0,420.05,480.0,180.0,3121,1327148.9
2010-02-23,400.15,434.5,400.15,420.05,420.2,420.95,480.0,180.0,1187,499072.25
2010-02-24,411.65,427.95,409.0,420.95,427.9,423.05,480.0,180.0,2772,1154968.3
2010-02-25,421.05,424.0,415.45,423.05,421.5,420.4,480.0,180.0,950,398960.0
2010-02-26,422.0,450.0,420.0,420.4,435.0,441.0,480.0,180.0,2815,1217228.1
2010-03-02,445.0,450.0,436.0,441.0,439.0,445.4,480.0,180.0,1495,663770.5
2010-03-03,445.0,453.9,445.0,445.4,448.5,447.95,480.0,180.0,710,318165.8
2010-03-04,450.0,461.0,445.05,447.95,450.5,451.85,480.0,180.0,6310,2854447.55
2010-03-05,459.0,459.95,448.0,451.85,452.1,452.1,480.0,180.0,994,450858.75
2010-03-08,450.0,452.0,446.0,452.1,450.8,448.7,480.0,180.0,1907,858054.0
2010-03-09,449.95,451.9,444.3,448.7,445.0,444.75,480.0,180.0,446,199839.75
2010-03-10,445.0,452.5,438.15,444.75,440.0,440.0,480.0,180.0,2117,939604.6
2010-03-11,445.0,445.0,436.5,440.0,443.0,443.4,480.0,180.0,997,441156.95
2010-03-12,444.0,454.95,435.0,443.4,436.15,438.45,480.0,180.0,7482,3357252.0
2010-03-15,448.0,448.0,421.55,438.45,421.55,428.4,480.0,180.0,748,324510.9
2010-03-16,420.55,427.45,420.0,428.4,421.6,424.25,480.0,180.0,3383,1428859.2
2010-03-17,439.7,439.7,425.0,424.25,425.0,425.0,480.0,180.0,1874,797673.05
2010-03-18,426.0,429.0,421.25,425.0,426.0,426.0,480.0,180.0,151,63928.65
2010-03-19,439.8,439.8,422.05,426.0,423.1,426.7,480.0,180.0,321,137234.65
2010-03-22,429.8,447.4,416.0,426.7,435.0,432.5,480.0,192.4,1314,561817.35
2010-03-23,425.5,437.0,425.5,432.5,434.85,430.7,480.0,192.4,1295,561236.85
2010-03-25,428.15,440.0,425.0,430.7,440.0,436.75,480.0,192.4,680,292192.2
2010-03-26,430.35,439.0,430.2,436.75,432.0,432.05,480.0,192.4,1011,437799.15
2010-03-29,421.1,434.45,421.1,432.05,430.0,430.0,480.0,193.5,536,230292.3
2010-03-30,426.05,436.75,425.05,430.0,425.15,425.75,480.0,193.5,226,96456.7
2010-03-31,430.0,434.8,425.05,425.75,434.0,431.5,480.0,193.5,1741,748510.3
2010-04-01,437.0,437.0,425.0,431.5,425.0,425.95,480.0,193.5,341,145335.05
2010-04-05,427.35,432.75,425.1,425.95,432.75,428.15,480.0,193.55,1378,588858.5
2010-04-06,436.0,436.0,430.0,428.15,430.0,430.0,480.0,193.55,123,52896.0
2010-04-07,436.0,448.95,426.0,430.0,440.0,437.5,480.0,193.55,2014,874217.05
2010-04-08,450.0,450.0,431.5,437.5,431.5,431.6,480.0,193.55,512,221814.3
2010-04-09,430.0,431.1,430.0,431.6,431.0,431.0,480.0,193.55,1732,745233.0
2010-04-12,430.55,441.9,421.0,431.0,421.0,424.05,480.0,193.55,220,94052.5
2010-04-13,425.0,429.0,425.0,424.05,425.0,425.9,480.0,193.55,369,156857.0
2010-04-15,424.55,424.55,410.0,425.9,415.0,416.9,480.0,193.55,490,206364.6
2010-04-16,420.25,437.95,416.15,416.9,429.95,429.95,480.0,193.55,40315,17317295.4
2010-04-19,420.0,427.95,420.0,429.95,420.0,420.0,480.0,230.0,924,388718.2
2010-04-20,422.0,426.0,418.15,420.0,426.0,425.05,480.0,230.0,435,183588.15
2010-04-21,423.75,429.0,420.0,425.05,425.95,423.45,480.0,230.0,1573,661364.85
2010-04-22,411.5,429.95,411.5,423.45,428.0,426.2,480.0,230.0,2193,931945.95
2010-04-23,415.05,422.0,415.05,426.2,420.7,420.7,480.0,230.0,175,73720.8
2010-04-26,421.85,421.85,398.0,420.7,400.0,402.8,480.0,235.15,22441,9095032.4
2010-04-27,399.7,436.0,399.45,402.8,418.05,419.8,480.0,235.15,80835,34330718.5
2010-04-28,420.0,436.0,416.0,419.8,432.0,431.0,480.0,235.15,15448,6587333.85
2010-04-29,432.0,466.95,432.0,431.0,440.0,438.95,480.0,235.15,63409,28565020.4
2010-04-30,442.0,442.55,422.5,438.95,424.0,429.95,480.0,235.15,3645,1588208.3
2010-05-03,425.0,425.0,418.0,429.95,420.0,419.8,480.0,235.15,1937,817330.85
2010-05-04,420.0,426.7,406.0,419.8,409.0,408.8,480.0,235.15,1917,796620.6
2010-05-05,408.8,418.5,387.5,408.8,410.0,416.55,480.0,235.15,4069,1638716.95
2010-05-06,412.0,435.0,403.0,416.55,420.0,420.0,480.0,235.15,1500,624528.95
2010-05-07,410.0,438.0,366.15,420.0,433.5,430.45,480.0,235.15,99169,40602927.75
2010-05-10,448.95,455.0,430.0,430.45,432.0,436.1,480.0,235.15,74573,33289839.6
2010-05-11,438.0,447.8,421.15,436.1,421.15,430.2,480.0,235.15,7613,3330040.65
2010-05-12,422.55,435.9,420.0,430.2,430.0,428.45,480.0,235.15,3205,1376076.0
2010-05-13,430.0,459.0,426.1,428.45,428.9,434.35,480.0,235.15,60452,27052620.35
2010-05-14,430.8,440.0,411.5,434.35,415.5,421.5,480.0,235.15,14138,6060827.55
2010-05-17,419.9,428.0,405.25,421.5,415.9,411.25,480.0,235.15,2949,1217804.6
2010-05-18,407.0,422.9,407.0,411.25,417.0,413.4,480.0,235.15,3449,1436742.7
2010-05-19,410.0,413.95,401.1,413.4,401.1,403.3,480.0,235.15,2479,1013004.85
2010-05-20,403.45,415.1,403.45,403.3,410.0,410.1,480.0,235.15,2419,990964.1
2010-05-21,395.0,410.0,387.0,410.1,410.0,406.65,480.0,235.15,2960,1184877.2
2010-05-24,410.05,418.0,407.0,406.65,407.0,408.65,480.0,235.15,2387,985449.6
2010-05-25,414.0,415.0,395.0,408.65,395.1,395.5,480.0,235.15,1263,509217.2
2010-05-26,398.1,418.0,398.1,395.5,410.0,411.75,480.0,235.15,3074,1252469.8
2010-05-27,404.05,418.95,404.05,411.75,415.0,413.45,480.0,235.15,4097,1686676.2
2010-05-28,487.9,487.9,411.05,413.45,415.0,414.95,487.9,235.15,1384,580239.6
2010-05-31,409.55,426.0,408.1,414.95,411.4,413.5,487.9,235.15,728,304576.0
2010-06-01,412.05,412.3,405.1,413.5,405.1,407.3,487.9,235.15,2196,900559.05
2010-06-02,407.25,413.7,407.2,407.3,413.65,413.65,487.9,235.15,31,12694.7
2010-06-03,415.9,422.05,405.1,413.65,405.1,408.85,487.9,235.15,1615,671696.3
2010-06-04,405.1,414.45,405.0,408.85,405.0,405.1,487.9,235.15,1309,531109.8
2010-06-07,401.0,409.6,400.0,405.1,408.8,405.55,487.9,235.15,553,224558.0
2010-06-08,401.0,417.95,401.0,405.55,402.0,404.85,487.9,235.15,389,157416.05
2010-06-09,412.95,413.0,406.1,404.85,407.0,407.3,487.9,235.15,1908,777429.9
2010-06-10,415.0,418.0,406.25,407.3,407.0,407.05,487.9,235.15,775,315670.75
2010-06-11,410.0,411.0,408.0,407.05,410.0,409.45,487.9,235.15,1298,530150.9
2010-06-14,410.0,411.45,410.0,409.45,411.0,410.65,487.9,235.15,91,37353.95
2010-06-15,410.0,415.1,410.0,410.65,410.1,410.1,487.9,235.15,354,145379.85
2010-06-16,397.5,418.0,397.5,410.1,411.0,412.5,487.9,235.15,684,281558.1
2010-06-17,403.1,425.0,396.0,412.5,415.0,417.7,487.9,235.15,60475,24749776.85
2010-06-18,409.25,412.4,404.0,417.7,409.9,407.05,487.9,235.15,1997,818105.9
2010-06-21,412.4,425.0,412.4,407.05,420.0,420.8,487.9,235.15,4885,2039807.65
2010-06-22,428.7,428.7,407.5,420.8,410.0,408.7,487.9,235.15,5008,2067042.75
2010-06-23,408.0,414.95,403.35,408.7,405.6,406.0,487.9,235.15,2200,893901.05
2010-06-24,419.85,426.95,406.1,406.0,408.9,409.95,487.9,235.15,13346,5590316.8
2010-06-25,414.95,414.95,408.5,409.95,410.0,410.2,487.9,235.15,1908,782932.25
2010-06-28,411.3,411.3,410.0,410.2,410.0,410.0,487.9,235.15,1255,514790.2
2010-06-29,412.0,412.0,407.0,410.0,410.0,410.05,487.9,235.15,2414,990157.65
2010-06-30,410.0,413.0,409.9,410.05,410.0,410.1,487.9,235.15,918,376523.0
2010-07-01,417.7,420.0,411.0,410.1,418.0,415.4,487.9,235.15,3208,1332967.6
2010-07-02,415.0,423.0,415.0,415.4,415.0,415.0,487.9,235.15,1107,459587.3
2010-07-05,415.0,419.8,415.0,415.0,415.0,415.0,487.9,235.15,1121,465402.8
2010-07-06,415.05,424.9,411.0,415.0,420.0,420.0,487.9,235.15,1131,472943.1
2010-07-07,423.75,424.75,415.7,420.0,420.0,420.0,487.9,235.15,76434,32105828.6
2010-07-08,420.0,424.95,420.0,420.0,420.0,420.05,487.9,235.15,46659,19691311.35
2010-07-09,337.0,425.0,337.0,420.05,425.0,417.9,487.9,235.15,4632,1943156.25
2010-07-12,415.0,421.0,415.0,417.9,421.0,421.0,487.9,235.15,364,151813.95
2010-07-13,415.7,420.0,415.7,421.0,417.0,417.0,487.9,235.15,899,375628.45
2010-07-14,415.15,419.75,415.0,417.0,415.0,415.05,487.9,235.15,854,355432.25
2010-07-15,415.0,425.15,415.0,415.05,425.0,423.2,487.9,235.15,3349,1409031.8
2010-07-16,419.05,427.0,417.6,423.2,422.05,422.05,487.9,235.15,1354,569595.4
2010-07-19,412.2,428.0,412.2,422.05,428.0,425.3,487.9,300.0,3927,1659230.7
2010-07-20,421.05,430.0,421.05,425.3,430.0,428.05,487.9,300.0,2147,914626.95
2010-07-21,420.05,428.0,420.0,428.05,422.0,422.5,487.9,300.0,1360,572339.55
2010-07-22,421.05,432.0,421.0,422.5,430.0,428.75,487.9,300.0,711,304267.05
2010-07-23,423.45,432.0,423.45,428.75,428.0,428.95,487.9,300.0,2966,1274661.5
2010-07-26,432.0,435.0,425.0,428.95,425.0,427.15,487.9,310.1,515,221691.5
2010-07-27,419.0,424.95,415.1,427.15,420.0,420.65,487.9,310.1,25878,10869721.15
2010-07-28,420.65,429.9,419.9,420.65,425.2,425.2,487.9,310.1,82294,34574597.4
2010-07-29,429.5,429.5,415.0,425.2,415.0,419.0,487.9,310.1,649,275661.65
2010-07-30,419.0,434.8,415.0,419.0,432.0,431.5,487.9,310.1,3721,1580673.75
2010-08-02,480.0,480.0,420.2,431.5,438.9,437.95,487.9,315.15,2291,986243.8
2010-08-03,440.0,440.0,426.35,437.95,428.05,432.3,487.9,315.15,1314,573605.95
2010-08-04,426.5,449.95,426.5,432.3,439.0,440.2,487.9,315.15,2583,1141012.25
2010-08-05,449.0,450.0,439.0,440.2,443.5,441.7,487.9,315.15,10944,4868436.95
2010-08-06,449.95,457.0,447.05,441.7,448.0,449.7,487.9,315.15,7105,3204442.5
2010-08-09,454.0,457.9,446.25,449.7,446.65,447.55,487.9,315.15,3035,1370234.4
2010-08-10,444.6,453.9,444.6,447.55,449.1,449.2,487.9,315.15,1545,693751.1
2010-08-11,449.0,455.5,435.5,449.2,450.0,449.95,487.9,315.15,2765,1241318.85
2010-08-12,430.5,455.0,430.5,449.95,447.0,447.0,487.9,315.15,1252,564222.2
2010-08-13,446.2,452.0,443.0,447.0,451.65,446.2,487.9,315.15,1459,653906.05
2010-08-16,451.55,453.95,445.0,446.2,445.0,446.0,487.9,315.15,1373,616023.35
2010-08-17,445.0,450.0,445.0,446.0,449.0,447.9,487.9,315.15,549,246531.65
2010-08-18,450.0,450.0,440.1,447.9,444.0,444.05,487.9,315.15,1943,870233.3
2010-08-19,441.4,450.0,441.4,444.05,445.0,444.95,487.9,315.15,3326,1484023.0
2010-08-20,439.0,447.95,438.5,444.95,445.0,445.0,487.9,315.15,1691,752053.25
2010-08-23,440.0,449.0,435.1,445.0,442.0,441.15,487.9,316.3,2502,1109972.25
2010-08-24,427.0,442.6,427.0,441.15,430.0,430.55,487.9,316.3,2890,1261296.75
2010-08-25,427.35,450.0,422.65,430.55,450.0,442.55,487.9,316.3,3409,1471166.45
2010-08-26,447.0,447.0,435.2,442.55,445.0,440.25,487.9,316.3,332,146052.65
2010-08-27,449.9,450.0,425.0,440.25,430.0,431.35,487.9,316.3,1606,701310.9
2010-08-30,449.3,449.3,427.75,431.35,440.0,438.3,487.9,316.3,1799,789326.95
2010-08-31,448.0,450.05,436.1,438.3,440.0,440.2,487.9,316.3,4624,2048975.7
2010-09-01,445.0,445.0,438.8,440.2,441.15,444.15,487.9,316.3,4776,2108338.25
2010-09-02,450.0,465.0,449.0,444.15,455.4,451.4,487.9,316.3,64675,29322949.15
2010-09-03,461.9,484.9,453.1,451.4,478.0,476.6,487.9,316.3,66271,30931492.65
2010-09-06,470.05,498.0,470.05,476.6,495.0,494.9,498.0,316.3,30798,15209540.9
2010-09-07,500.0,540.0,500.0,494.9,522.0,519.5,540.0,316.3,76233,39799381.7
2010-09-08,510.0,523.8,510.0,519.5,517.25,518.35,540.0,316.3,14905,7749493.3
2010-09-09,520.0,520.0,503.0,518.35,505.1,507.6,540.0,316.3,2140,1093326.65
2010-09-13,502.5,524.9,502.0,507.6,510.0,511.4,540.0,316.3,4045,2068843.65
2010-09-14,510.25,519.0,505.0,511.4,505.0,506.75,540.0,316.3,7971,4051510.7
2010-09-15,502.35,515.0,502.0,506.75,502.0,502.75,540.0,316.3,4091,2072119.25
2010-09-16,498.05,502.0,482.0,502.75,482.0,483.4,540.0,316.3,4376,2156688.3
2010-09-17,487.0,504.0,487.0,483.4,499.0,498.85,540.0,316.3,2779,1384368.85
2010-09-20,500.0,502.0,487.55,498.85,490.0,497.35,540.0,316.3,20926,10415806.2
2010-09-21,493.0,498.4,474.95,497.35,492.1,491.3,540.0,316.3,6458,3165261.25
2010-09-22,497.0,498.0,490.65,491.3,491.9,491.9,540.0,316.3,955,469669.5
2010-09-23,469.0,490.0,469.0,491.9,482.0,488.95,540.0,316.3,43553,21117105.45
2010-09-24,485.0,500.0,485.0,488.95,500.0,497.7,540.0,316.3,11573,5698345.1
2010-09-27,497.0,511.8,491.5,497.7,506.0,507.7,540.0,316.3,8240,4129605.95
2010-09-28,536.0,536.0,500.0,507.7,501.0,503.95,540.0,316.3,4139,2096150.35
2010-09-29,525.0,525.0,498.4,503.95,503.1,504.75,540.0,316.3,8520,4316073.45
2010-09-30,519.1,520.0,495.0,504.75,506.0,506.0,540.0,316.3,9121,4622896.95
2010-10-01,512.9,512.9,500.05,506.0,508.0,507.6,540.0,316.3,6288,3190682.2
2010-10-04,512.0,515.0,506.0,507.6,515.0,511.0,540.0,316.3,12813,6532569.85
2010-10-05,501.15,513.8,496.5,511.0,512.0,506.0,540.0,316.3,15323,7801373.8
2010-10-06,514.5,515.0,506.0,506.0,513.7,513.2,540.0,316.3,16226,8294816.55
2010-10-07,516.8,521.0,508.2,513.2,521.0,514.5,540.0,316.3,23628,12152041.15
2010-10-08,520.25,525.0,511.3,514.5,515.1,516.65,540.0,316.3,11115,5752257.0
2010-10-11,516.65,534.2,510.55,516.65,516.0,522.25,540.0,316.3,8356,4357323.45
2010-10-12,540.0,540.0,516.65,522.25,525.0,526.1,540.0,316.3,7193,3806175.2
2010-10-13,527.0,539.0,522.5,526.1,525.0,525.85,540.0,316.3,4723,2503558.9
2010-10-14,526.0,534.8,514.0,525.85,519.1,519.4,540.0,316.3,2569,1344629.95
2010-10-15,519.0,531.3,513.05,519.4,525.0,527.3,540.0,316.3,28715,15108184.95
2010-10-18,526.5,528.65,516.0,527.3,516.2,522.5,540.0,316.3,3467,1811385.4
2010-10-19,518.0,528.2,515.6,522.5,525.0,524.95,540.0,316.3,31485,16525682.85
2010-10-20,519.0,524.95,503.5,524.95,511.0,511.25,540.0,316.3,1968,1010755.8
2010-10-21,511.3,518.0,505.0,511.25,505.0,506.85,540.0,316.3,1186,603008.75
2010-10-22,508.05,518.0,500.0,506.85,515.0,513.7,540.0,316.3,1337,679031.1
2010-10-25,527.4,527.4,510.25,513.7,518.95,518.05,540.0,316.3,1680,866491.35
2010-10-26,485.0,526.45,485.0,518.05,510.0,512.35,540.0,316.3,8128,4077246.05
2010-10-27,520.0,528.3,511.0,512.35,520.0,516.6,540.0,316.3,27550,14268840.75
2010-10-28,524.5,527.0,513.15,516.6,518.0,521.9,540.0,316.3,27667,14340107.1
2010-10-29,518.0,535.0,516.55,521.9,535.0,528.4,540.0,316.3,6292,3324422.0
2010-11-01,535.0,550.0,530.0,528.4,535.0,537.8,550.0,316.3,6030,3271373.15
2010-11-02,545.0,558.8,541.1,537.8,558.0,556.05,558.8,316.3,3615,1985253.75
2010-11-03,558.0,595.0,558.0,556.05,580.05,585.15,595.0,316.3,9710,5632668.2
2010-11-04,567.0,595.0,567.0,585.15,589.8,586.8,595.0,316.3,5235,3050938.95
2010-11-05,596.0,600.0,590.0,586.8,591.0,594.9,600.0,316.3,1372,816338.7
2010-11-08,595.05,598.95,585.3,594.9,591.15,595.85,600.0,316.3,2136,1266561.7
2010-11-09,599.75,599.75,585.25,595.85,585.25,588.5,600.0,316.3,1701,1004194.75
2010-11-10,594.1,600.0,585.05,588.5,600.0,597.65,600.0,316.3,1535,914383.55
2010-11-11,591.0,599.0,587.2,597.65,595.0,593.4,600.0,316.3,1151,684484.15
2010-11-12,588.35,610.0,586.05,593.4,603.9,601.1,610.0,316.3,2342,1402285.9
2010-11-15,601.0,618.0,585.0,601.1,590.0,589.95,618.0,337.0,2282,1350370.7
2010-11-16,589.0,615.0,589.0,589.95,605.0,606.65,618.0,337.0,2869,1724943.25
2010-11-18,613.95,620.0,592.1,606.65,615.2,614.4,620.0,337.0,2876,1743632.7
2010-11-19,603.65,620.0,601.5,614.4,615.0,614.9,620.0,337.0,1752,1069115.95
2010-11-22,606.1,618.85,600.1,614.9,615.9,612.75,620.0,337.0,1731,1054800.0
2010-11-23,612.0,630.0,610.0,612.75,629.0,622.9,630.0,337.0,1953,1209491.6
2010-11-24,615.6,630.0,615.55,622.9,624.0,624.0,630.0,337.0,2769,1729472.0
2010-11-25,639.0,640.0,620.5,624.0,625.0,630.05,640.0,337.0,2360,1482702.2
2010-11-26,630.0,639.0,610.0,630.05,620.05,620.9,640.0,337.0,3155,1968291.15
2010-11-29,615.0,640.0,615.0,620.9,640.0,636.5,640.0,337.0,1256,793435.65
2010-11-30,638.6,643.0,630.6,636.5,643.0,643.0,643.0,337.0,1531,979537.85
2010-12-01,630.0,654.0,630.0,643.0,653.95,652.65,654.0,337.0,1319,858065.05
2010-12-02,670.0,670.0,635.0,652.65,645.0,651.75,670.0,337.0,3643,2388220.7
2010-12-03,643.7,649.75,632.35,651.75,640.0,636.85,670.0,337.0,2281,1459730.9
2010-12-06,638.45,645.0,590.0,636.85,597.0,599.65,670.0,337.0,7552,4576083.6
2010-12-07,594.0,625.0,585.7,599.65,620.0,614.75,670.0,337.0,899,540695.4
2010-12-08,626.1,630.0,593.15,614.75,625.0,614.2,670.0,337.0,4231,2627968.95
2010-12-09,600.2,606.9,549.0,614.2,549.0,567.1,670.0,337.0,6645,3867892.75
2010-12-10,555.0,593.5,541.0,567.1,575.0,574.95,670.0,337.0,22980,13131201.55
2010-12-13,575.0,575.0,567.75,574.95,574.95,574.4,670.0,337.0,4706,2704880.45
2010-12-14,560.1,585.0,560.1,574.4,572.0,574.9,670.0,337.0,7484,4304656.1
2010-12-15,574.9,575.0,558.05,574.9,575.0,574.6,670.0,337.0,7302,4191632.7
2010-12-16,574.0,575.0,570.15,574.6,575.0,573.8,670.0,337.0,2034,1169038.3
2010-12-20,570.0,575.0,560.0,573.8,568.0,573.0,670.0,337.0,1415,807230.1
2010-12-21,553.05,574.55,553.05,573.0,572.85,567.1,670.0,337.0,2061,1171293.55
2010-12-22,571.8,578.9,571.7,567.1,578.9,572.15,670.0,337.0,376,215092.7
2010-12-23,580.0,580.0,570.1,572.15,570.1,574.35,670.0,337.0,1896,1092355.9
2010-12-24,565.3,585.0,565.05,574.35,584.0,581.8,670.0,337.0,1493,859101.35
2010-12-27,581.0,590.0,566.5,581.8,570.0,572.15,670.0,337.0,1506,862242.25
2010-12-28,566.0,576.95,566.0,572.15,570.25,573.1,670.0,337.0,1875,1073582.9
2010-12-29,567.4,579.9,561.35,573.1,561.4,564.2,670.0,337.0,2268,1285544.8
2010-12-30,574.95,600.0,562.3,564.2,565.0,576.65,670.0,337.0,13539,7794392.65
2010-12-31,574.95,574.95,555.0,576.65,558.0,559.7,670.0,337.0,4202,2369870.9
2011-01-03,568.65,568.65,540.0,559.7,555.55,555.6,670.0,337.0,5468,3033042.95
2011-01-04,564.65,564.65,531.75,555.6,534.5,543.4,670.0,337.0,15753,8713515.0
2011-01-05,540.0,555.0,540.0,543.4,543.2,545.35,670.0,337.0,18101,9876752.7
2011-01-06,532.55,558.05,532.55,545.35,552.0,549.7,670.0,337.0,18018,9906079.75
2011-01-07,550.1,554.95,539.0,549.7,550.0,550.3,670.0,337.0,5528,3025221.45
2011-01-10,561.0,561.0,536.15,550.3,545.0,545.7,670.0,337.0,21830,11882255.6
2011-01-11,540.55,556.05,540.55,545.7,547.25,552.8,670.0,337.0,44538,24287130.55
2011-01-12,555.0,574.75,542.1,552.8,546.0,546.8,670.0,337.0,53212,29011678.05
2011-01-13,543.15,551.0,539.95,546.8,548.7,545.0,670.0,337.0,510,277008.6
2011-01-14,545.0,556.0,535.5,545.0,556.0,553.45,670.0,337.0,1652,908402.05
2011-01-17,541.05,559.9,541.05,553.45,559.9,559.9,670.0,337.0,221,121008.65
2011-01-18,552.2,565.0,541.1,559.9,564.95,551.8,670.0,337.0,766,421774.2
2011-01-19,544.05,560.1,541.1,551.8,550.2,552.2,670.0,337.0,1090,597820.0
2011-01-20,550.0,560.0,544.95,552.2,560.0,558.8,670.0,337.0,11650,6406949.2
2011-01-21,561.0,575.05,556.0,558.8,575.05,567.8,670.0,337.0,2535,1439232.65
2011-01-24,578.95,578.95,570.0,567.8,576.3,575.5,670.0,337.0,424,243546.8
2011-01-25,579.0,579.0,555.0,575.5,572.0,574.15,670.0,337.0,3552,2033810.85
2011-01-27,585.0,585.0,558.25,574.15,575.0,575.45,670.0,337.0,1360,781920.5
2011-01-28,555.0,572.95,540.0,575.45,555.0,551.45,670.0,337.0,4437,2431540.65
2011-01-31,528.0,554.0,506.05,551.45,554.0,554.0,670.0,337.0,978,536089.85
2011-02-01,547.6,553.95,536.2,554.0,550.0,549.45,670.0,337.0,1977,1082032.1
2011-02-02,550.0,588.0,545.0,549.45,550.0,550.4,670.0,337.0,347,191366.8
2011-02-03,550.0,570.0,520.0,550.4,570.0,554.15,670.0,337.0,3984,2163243.5
2011-02-04,550.0,560.0,550.0,554.15,560.0,560.0,670.0,337.0,2,1110.0
2011-02-07,551.0,572.95,545.0,560.0,545.0,550.45,670.0,337.0,696,385382.5
2011-02-08,546.0,558.35,540.0,550.45,555.0,552.8,670.0,337.0,52672,28974752.15
2011-02-09,541.1,554.0,533.15,552.8,549.0,547.25,670.0,337.0,4641,2536703.75
2011-02-10,567.1,567.1,540.0,547.25,550.0,547.05,670.0,337.0,24502,13410022.95
2011-02-11,545.0,554.0,545.0,547.05,554.0,554.0,670.0,337.0,367,202818.0
2011-02-14,575.0,575.0,549.95,554.0,574.0,569.75,670.0,337.0,2015,1138854.7
2011-02-15,574.0,574.0,560.05,569.75,565.0,569.5,670.0,337.0,1753,992607.1
2011-02-16,574.7,575.5,560.4,569.5,575.5,575.5,670.0,337.0,379,217058.75
2011-02-17,521.0,572.85,521.0,575.5,558.5,559.7,670.0,337.0,100,56583.05
2011-02-18,579.5,579.5,555.0,559.7,560.0,562.95,670.0,337.0,1392,791190.4
2011-02-21,574.5,574.5,545.0,562.95,547.65,554.15,670.0,337.0,2046,1132757.7
2011-02-22,547.0,555.0,547.0,554.15,555.0,550.55,670.0,337.0,1075,591712.0
2011-02-23,558.3,560.05,552.25,550.55,552.25,552.25,670.0,337.0,166,92580.9
2011-02-24,550.0,560.0,537.35,552.25,549.75,549.75,670.0,337.0,114,62157.15
2011-02-25,550.0,564.95,539.05,549.75,550.0,560.8,670.0,337.0,968,534461.0
2011-02-28,579.0,582.0,552.65,560.8,582.0,572.75,670.0,337.0,2230,1274863.35
2011-03-01,567.05,615.0,567.05,572.75,614.95,598.2,670.0,337.0,2994,1782214.15
2011-03-03,586.35,600.2,581.0,598.2,595.0,595.0,670.0,337.0,476,280500.5
2011-03-04,578.55,609.9,567.15,595.0,609.9,598.7,670.0,337.0,7232,4290213.85
2011-03-07,573.25,598.65,573.25,598.7,597.9,595.05,670.0,337.0,3242,1928043.65
2011-03-08,605.0,605.0,583.0,595.05,596.0,595.3,670.0,337.0,6511,3829066.25
2011-03-09,610.0,610.0,591.0,595.3,600.0,596.65,670.0,337.0,474,285443.4
2011-03-10,602.0,602.0,587.0,596.65,587.0,594.05,670.0,337.0,71,41974.55
2011-03-11,614.95,614.95,582.2,594.05,593.0,592.85,670.0,337.0,358,212488.5
2011-03-14,592.0,611.0,582.15,592.85,610.0,606.4,670.0,337.0,1289,772858.55
2011-03-15,599.85,605.0,586.05,606.4,603.0,599.75,670.0,337.0,192,115015.5
2011-03-16,590.2,615.0,590.2,599.75,614.85,611.6,670.0,337.0,790,482972.4
2011-03-17,592.5,614.0,592.5,611.6,607.5,606.85,670.0,337.0,828,499148.65
2011-03-18,613.0,613.0,605.05,606.85,611.95,607.0,670.0,337.0,668,407297.2
2011-03-21,592.0,603.0,592.0,607.0,603.0,602.7,670.0,337.0,47,28242.15
2011-03-22,590.25,600.0,590.25,602.7,598.6,598.6,670.0,337.0,154,91656.75
2011-03-23,599.95,600.0,592.25,598.6,592.25,592.25,670.0,337.0,212,126799.2
2011-03-24,598.75,598.75,582.15,592.25,582.15,582.2,670.0,337.0,74,43517.15
2011-03-25,580.0,599.8,580.0,582.2,599.8,599.8,670.0,337.0,22,12967.75
2011-03-28,584.3,599.95,584.3,599.8,585.05,590.05,670.0,337.0,91,53694.6
2011-03-29,584.45,599.9,572.25,590.05,595.0,584.4,670.0,337.0,2279,1341663.0
2011-03-30,590.0,603.95,585.0,584.4,600.0,600.15,670.0,337.0,838,496370.65
2011-03-31,610.0,610.0,580.0,600.15,580.0,583.25,670.0,337.0,6485,3803573.2
2011-04-01,585.05,585.05,580.0,583.25,580.0,580.35,670.0,337.0,591,343482.15
2011-04-04,575.05,610.0,575.0,580.35,600.0,596.2,670.0,337.0,2641,1548825.45
2011-04-05,599.0,609.9,599.0,596.2,609.85,606.45,670.0,337.0,349,210774.55
2011-04-06,585.0,603.0,585.0,606.45,585.45,589.25,670.0,337.0,12561,7526451.8
2011-04-07,590.0,597.9,585.0,589.25,594.85,590.3,670.0,337.0,599,353293.5
2011-04-08,585.25,595.85,576.2,590.3,576.45,576.45,670.0,337.0,1203,701014.5
2011-04-11,580.0,580.0,571.0,576.45,580.0,580.0,670.0,337.0,1240,715731.2
2011-04-13,585.0,585.0,577.05,580.0,581.9,581.3,670.0,337.0,8326,4843239.65
2011-04-15,572.2,582.0,572.15,581.3,578.0,580.75,670.0,337.0,1537,890638.0
2011-04-18,575.0,584.95,573.25,580.75,580.0,579.25,670.0,337.0,6068,3512437.3
2011-04-19,574.4,582.9,572.05,579.25,579.6,579.55,670.0,337.0,296,170308.8
2011-04-20,579.95,582.35,579.95,579.55,580.05,580.1,670.0,337.0,3863,2240547.3
2011-04-21,580.05,587.25,580.05,580.1,580.05,580.05,670.0,337.0,82,47572.8
2011-04-25,576.1,588.5,575.0,580.05,588.5,586.8,670.0,337.0,1256,725476.0
2011-04-26,586.5,586.5,580.1,586.8,583.05,585.9,670.0,337.0,227,132425.25
2011-04-27,590.0,599.0,581.5,585.9,582.15,582.85,670.0,337.0,861,502974.2
2011-04-28,597.9,597.9,582.75,582.85,583.0,583.25,670.0,337.0,264,155543.15
2011-04-29,589.75,589.75,585.05,583.25,585.05,585.05,670.0,337.0,400,234960.0
2011-05-02,578.05,587.5,575.05,585.05,587.5,586.3,670.0,337.0,792,461791.9
2011-05-03,589.95,589.95,580.05,586.3,580.05,580.05,670.0,337.0,12,7060.1
2011-05-04,590.0,590.0,577.45,580.05,589.0,588.5,670.0,337.0,87,51169.85
2011-05-05,589.0,594.95,580.0,588.5,590.0,587.65,670.0,337.0,1010,594226.85
2011-05-06,585.05,589.0,585.0,587.65,585.0,585.0,670.0,337.0,80412,47041070.0
2011-05-09,590.0,595.0,583.3,585.0,586.5,586.5,670.0,337.0,106,62280.55
2011-05-10,597.1,597.1,587.0,586.5,593.15,590.8,670.0,337.0,260,154374.25
2011-05-12,593.0,599.0,591.3,590.8,594.5,594.5,670.0,337.0,425,252974.35
2011-05-13,586.5,605.0,586.5,594.5,590.7,590.7,670.0,337.0,419,250938.35
2011-05-16,610.0,610.0,599.9,590.7,605.0,601.8,670.0,337.0,307,185472.25
2011-05-17,600.1,601.5,592.0,601.8,597.1,597.1,670.0,337.0,675,404352.75
2011-05-18,590.05,601.0,590.05,597.1,595.05,597.0,670.0,337.0,823,491131.0
2011-05-19,600.0,607.95,592.1,597.0,600.55,602.75,670.0,337.0,1538,923435.85
2011-05-20,608.0,615.05,596.0,602.75,614.0,613.55,670.0,337.0,1396,841787.85
2011-05-23,600.05,615.0,600.0,613.55,600.0,611.6,670.0,337.0,462,281301.35
2011-05-24,611.0,620.0,600.25,611.6,603.0,605.15,670.0,337.0,317,192794.8
2011-05-25,603.0,611.55,603.0,605.15,610.0,610.0,670.0,337.0,139,84401.55
2011-05-26,610.0,612.0,610.0,610.0,612.0,612.0,670.0,337.0,397,242359.3
2011-05-27,611.0,620.05,603.05,612.0,620.0,616.9,670.0,337.0,1049,644804.9
2011-05-30,607.35,623.0,607.35,616.9,616.0,618.3,670.0,337.0,506,313157.85
2011-05-31,615.0,630.0,612.0,618.3,630.0,624.3,670.0,337.0,267,165198.75
2011-06-01,630.0,645.0,625.0,624.3,630.0,630.3,670.0,337.0,3079,1950828.75
2011-06-02,634.9,635.0,625.5,630.3,626.0,630.5,670.0,337.0,1208,763899.95
2011-06-03,644.0,644.0,625.0,630.5,631.5,634.75,670.0,337.0,377,239603.4
2011-06-06,580.0,647.7,580.0,634.75,628.0,630.3,670.0,337.0,373,237026.7
2011-06-07,625.0,630.0,620.0,630.3,620.0,620.05,670.0,412.2,601,374900.15
2011-06-08,612.0,630.0,606.35,620.05,625.0,625.05,670.0,412.2,488,303649.9
2011-06-09,625.0,625.0,625.0,625.05,625.0,625.0,670.0,415.0,37,23125.0
2011-06-10,632.5,638.95,625.0,625.0,634.0,635.05,670.0,420.2,2315,1463513.75
2011-06-13,633.0,639.7,625.0,635.05,626.45,626.45,670.0,422.65,164,103713.25
2011-06-14,644.75,644.75,631.05,626.45,631.05,643.05,670.0,422.65,269,171569.3
2011-06-15,640.0,643.2,634.0,643.05,640.0,640.0,670.0,422.65,132,84453.2
2011-06-16,635.0,639.8,627.0,640.0,637.95,632.65,670.0,427.75,258,163595.6
2011-06-17,632.65,639.0,632.65,632.65,639.0,635.25,670.0,469.0,105,66593.25
2011-06-20,639.95,639.95,625.0,635.25,635.0,634.9,670.0,469.0,5945,3774616.6
2011-06-21,627.0,640.0,627.0,634.9,631.0,631.0,670.0,469.0,43,27236.0
2011-06-22,648.0,648.0,630.0,631.0,633.95,630.2,670.0,485.0,264,167433.25
2011-06-23,644.3,644.3,625.0,630.2,630.0,627.2,670.0,485.0,654,413558.0
2011-06-24,630.0,630.0,627.0,627.2,630.0,630.0,670.0,485.0,2051,1292114.3
2011-06-27,632.0,632.0,614.0,630.0,614.0,614.35,670.0,485.0,1062,657731.85
2011-06-28,600.05,626.95,595.0,614.35,620.0,621.0,670.0,485.0,1480,903778.75
2011-06-29,620.0,630.0,615.15,621.0,621.0,625.0,670.0,506.05,6165,3825352.25
2011-06-30,621.0,625.0,620.0,625.0,625.0,625.0,670.0,506.05,215,133890.5
2011-07-01,630.0,642.0,625.0,625.0,634.0,628.55,670.0,506.05,2679,1682904.65
2011-07-04,510.0,634.95,510.0,628.55,632.0,632.0,670.0,506.05,394,247054.3
2011-07-05,628.0,639.95,628.0,632.0,639.95,639.35,670.0,506.05,91,58041.3
2011-07-06,648.7,648.7,635.1,639.35,639.45,636.6,648.7,506.05,248,158494.85
2011-07-07,649.75,649.75,632.0,636.6,640.0,640.0,649.75,506.05,710,454073.9
2011-07-08,634.0,640.0,634.0,640.0,635.0,635.0,649.75,506.05,379,241779.5
2011-07-11,637.0,643.55,630.0,635.0,643.55,643.55,670.0,412.2,326,207221.75
2011-07-12,632.3,641.9,632.25,643.55,641.9,641.4,670.0,412.2,1545,988379.5
2011-07-13,640.0,648.65,640.0,641.4,645.0,645.0,670.0,412.2,1663,1072452.2
2011-07-14,630.1,657.0,630.1,645.0,645.0,645.35,670.0,412.2,57784,37301906.75
2011-07-15,646.0,646.85,645.0,645.35,646.75,646.75,670.0,412.2,1037,668918.75
2011-07-18,649.45,653.0,645.0,646.75,653.0,651.5,670.0,412.2,171,110813.5
2011-07-19,652.0,675.0,645.25,651.5,660.0,659.65,675.0,412.2,3403,2243648.9
2011-07-20,663.0,669.9,652.1,659.65,652.15,653.05,675.0,412.2,1859,1225209.0
2011-07-21,650.1,660.0,649.9,653.05,650.0,649.95,675.0,412.2,2822,1834380.5
2011-07-22,669.3,669.3,653.0,649.95,655.0,655.0,675.0,412.2,211,138229.5
2011-07-25,673.95,673.95,656.05,655.0,656.1,657.3,675.0,415.0,2985,1971168.1
2011-07-26,653.5,678.0,653.5,657.3,675.0,671.55,678.0,415.0,10105,6678630.35
2011-07-27,680.0,684.0,665.0,671.55,667.1,668.95,684.0,415.0,1495,998357.2
2011-07-28,665.0,687.0,665.0,668.95,670.05,670.65,687.0,415.0,1864,1252152.6
2011-07-29,678.95,678.95,670.0,670.65,670.0,671.15,687.0,415.0,116,77986.15
2011-08-01,700.0,797.0,688.0,671.15,735.0,731.75,797.0,420.2,13974,10299696.65
2011-08-02,740.0,744.85,728.1,731.75,736.0,734.35,797.0,420.2,5836,4283605.9
2011-08-03,732.0,750.0,707.0,734.35,731.0,730.85,797.0,420.2,3606,2633467.5
2011-08-04,730.0,731.0,719.8,730.85,725.0,725.05,797.0,420.2,2915,2117556.65
2011-08-05,715.0,723.0,706.0,725.05,714.0,713.45,797.0,420.2,1160,825968.1
2011-08-08,715.0,778.0,686.4,713.45,714.0,721.55,797.0,422.65,4842,3538663.15
2011-08-09,692.0,730.0,690.15,721.55,730.0,719.7,797.0,422.65,1093,784074.8
2011-08-10,720.5,758.9,720.5,719.7,741.0,740.65,797.0,422.65,17861,13194518.1
2011-08-11,732.0,746.95,731.05,740.65,741.0,740.4,797.0,422.65,11120,8193248.5
2011-08-12,750.0,759.0,732.0,740.4,745.0,744.55,797.0,422.65,9339,6968505.3
2011-08-16,749.0,760.9,737.0,744.55,737.0,738.1,797.0,422.65,405,299517.2
2011-08-17,735.0,750.05,725.0,738.1,748.9,748.55,797.0,422.65,2149,1585156.6
2011-08-18,749.0,750.0,734.0,748.55,744.95,744.8,797.0,422.65,2284,1689199.05
2011-08-19,735.0,746.95,713.0,744.8,725.0,736.55,797.0,422.65,3205,2333697.4
2011-08-22,730.0,750.05,726.05,736.55,733.15,744.6,797.0,422.65,1983,1465556.45
2011-08-23,735.05,748.8,734.3,744.6,748.8,744.9,797.0,422.65,3014,2232385.8
2011-08-24,749.0,749.0,736.3,744.9,743.0,743.5,797.0,422.65,1763,1306822.95
2011-08-25,744.5,744.5,735.0,743.5,736.15,736.8,797.0,422.65,443,326311.2
2011-08-26,738.05,741.0,731.0,736.8,737.5,732.35,797.0,422.65,1326,979687.25
2011-08-29,725.05,740.0,725.05,732.35,735.55,739.55,797.0,427.75,120,87975.4
2011-08-30,759.8,762.0,737.25,739.55,760.0,750.2,797.0,427.75,745,558908.8
2011-09-02,760.0,773.0,745.0,750.2,773.0,767.0,797.0,427.75,2787,2100211.2
2011-09-05,775.0,789.0,756.5,767.0,760.15,763.95,797.0,469.0,6702,5131074.0
2011-09-06,765.0,769.9,752.1,763.95,755.0,758.0,797.0,469.0,3116,2363914.2
2011-09-07,774.95,774.95,748.1,758.0,748.2,750.0,797.0,469.0,8241,6187628.3
2011-09-08,740.05,759.8,724.95,750.0,741.5,748.25,797.0,469.0,7076,5239209.65
2011-09-09,772.3,772.3,734.05,748.25,758.0,757.7,797.0,469.0,1351,1016771.6
2011-09-12,740.3,760.0,740.25,757.7,741.0,746.3,797.0,469.0,632,472781.3
2011-09-13,759.8,760.0,742.05,746.3,759.0,752.3,797.0,469.0,2709,2035176.55
2011-09-14,759.7,776.0,744.0,752.3,776.0,766.15,797.0,469.0,1791,1367791.85
2011-09-15,773.75,773.75,753.05,766.15,764.05,768.35,797.0,469.0,367,281332.15
2011-09-16,770.0,799.0,755.1,768.35,765.0,771.05,799.0,469.0,21407,16770037.4
2011-09-19,783.95,783.95,750.0,771.05,754.0,753.7,799.0,469.0,1490,1139994.2
2011-09-20,745.05,775.5,745.05,753.7,775.0,772.9,799.0,469.0,4107,3132648.55
2011-09-21,770.0,777.0,751.0,772.9,773.95,772.35,799.0,469.0,4846,3690002.9
2011-09-22,753.3,779.0,753.0,772.35,760.0,763.2,799.0,469.0,5208,3982355.2
2011-09-23,750.0,759.0,720.0,763.2,750.0,750.3,799.0,469.0,2418,1788294.2
2011-09-26,750.0,775.0,750.0,750.3,755.1,760.4,799.0,485.0,4688,3581355.4
2011-09-27,760.0,770.0,752.05,760.4,769.5,764.65,799.0,485.0,849,651205.7
2011-09-28,757.2,775.0,754.2,764.65,765.0,767.65,799.0,485.0,3510,2691260.75
2011-09-29,759.05,770.0,756.6,767.65,765.0,766.0,799.0,485.0,2609,1992572.35
2011-09-30,765.6,769.5,755.15,766.0,760.0,760.0,799.0,485.0,5467,4171226.6
2011-10-03,756.05,770.0,752.2,760.0,770.0,763.5,799.0,485.0,2712,2066341.25
2011-10-04,757.35,775.0,751.0,763.5,765.0,766.5,799.0,485.0,5831,4453138.25
2011-10-05,765.0,769.9,760.0,766.5,760.15,760.8,799.0,485.0,1180,902355.95
2011-10-07,784.95,784.95,756.5,760.8,777.0,779.55,799.0,485.0,7314,5643090.1
2011-10-10,778.0,799.0,773.25,779.55,790.0,790.8,799.0,485.0,14429,11334946.25
2011-10-11,800.0,804.5,790.0,790.8,793.05,798.95,804.5,485.0,5314,4240826.35
2011-10-12,797.0,800.0,760.1,798.95,790.1,798.2,804.5,485.0,10901,8548388.0
2011-10-13,798.0,799.0,780.0,798.2,780.0,783.65,804.5,485.0,1127,894533.35
2011-10-14,783.7,795.0,780.15,783.65,794.9,793.4,804.5,485.0,688,544424.55
2011-10-17,778.2,795.0,778.2,793.4,795.0,794.0,804.5,485.0,396,312468.0
2011-10-18,778.6,794.95,778.6,794.0,785.5,790.55,804.5,485.0,918,727644.9
2011-10-19,790.0,799.9,785.25,790.55,790.1,790.1,804.5,485.0,4634,3676194.65
2011-10-20,791.0,798.95,785.0,790.1,795.0,792.75,804.5,485.0,5386,4267752.7
2011-10-21,775.0,799.0,775.0,792.75,789.1,790.3,804.5,485.0,4537,3598254.4
2011-10-24,790.0,804.8,785.1,790.3,794.0,799.9,804.8,485.0,12121,9622540.95
2011-10-25,794.05,823.0,794.05,799.9,800.5,817.35,823.0,485.0,5684,4573790.0
2011-10-26,825.0,825.0,806.85,817.35,823.95,818.4,825.0,485.0,4186,3426382.65
2011-10-28,824.4,824.4,810.35,818.4,815.2,822.85,825.0,485.0,2493,2035739.65
2011-10-31,823.25,823.25,795.05,822.85,808.0,810.4,825.0,506.05,6588,5335702.5
2011-11-01,809.0,816.6,801.0,810.4,815.0,814.95,825.0,506.05,2619,2119188.25
2011-11-02,804.0,819.0,804.0,814.95,815.0,814.7,825.0,506.05,3067,2490062.45
2011-11-03,809.15,822.0,809.15,814.7,821.9,817.15,825.0,506.05,5823,4756576.0
2011-11-04,831.0,850.0,805.0,817.15,820.0,818.15,850.0,506.05,5539,4534182.05
2011-11-08,820.1,829.9,812.0,818.15,819.4,817.3,850.0,506.05,2868,2349236.4
2011-11-09,812.2,825.05,810.1,817.3,820.0,819.95,850.0,506.05,3364,2751945.2
2011-11-11,833.0,833.0,818.05,819.95,828.0,826.8,850.0,506.05,3079,2554851.85
2011-11-14,839.95,839.95,795.3,826.8,804.0,800.0,850.0,506.05,2367,1938686.2
2011-11-15,797.0,810.0,762.9,800.0,800.0,797.3,850.0,506.05,2943,2333611.4
2011-11-16,780.05,784.05,765.5,797.3,765.6,771.05,850.0,506.05,1138,881510.9
2011-11-17,762.15,783.0,741.25,771.05,745.0,752.8,850.0,506.05,17352,13305775.0
2011-11-18,752.0,764.9,738.1,752.8,751.0,754.0,850.0,506.05,3770,2841292.7
2011-11-21,754.0,761.0,723.25,754.0,760.0,747.5,850.0,506.05,3736,2810027.2
2011-11-22,721.05,763.9,721.05,747.5,736.0,734.6,850.0,506.05,26106,19368211.55
2011-11-23,711.05,723.9,680.25,734.6,722.0,708.7,850.0,506.05,8227,5809240.1
2011-11-24,720.1,725.0,685.0,708.7,725.0,714.3,850.0,506.05,8574,6080839.15
2011-11-25,711.0,734.0,700.7,714.3,720.0,719.9,850.0,506.05,1970,1418552.55
2011-11-28,726.05,750.0,726.0,719.9,730.0,737.05,850.0,506.05,4872,3592754.65
2011-11-29,720.25,748.35,720.25,737.05,735.0,732.75,850.0,506.05,2278,1687270.85
2011-11-30,739.0,740.0,720.0,732.75,720.0,728.8,850.0,506.05,1960,1436802.9
2011-12-01,732.65,748.45,731.05,728.8,740.0,741.4,850.0,506.05,4011,2972041.2
2011-12-02,744.0,761.5,731.25,741.4,750.0,754.25,850.0,506.05,3954,2980344.2
2011-12-05,762.8,763.0,745.5,754.25,760.0,755.9,850.0,506.05,6611,4986695.5
2011-12-07,755.9,771.5,750.0,755.9,754.95,754.9,850.0,506.05,8988,6836701.15
2011-12-08,750.0,763.95,745.25,754.9,750.0,758.85,850.0,506.05,630,477645.0
2011-12-09,755.0,784.0,746.2,758.85,779.95,771.35,850.0,506.05,1157,887096.55
2011-12-12,798.0,798.0,756.0,771.35,765.0,763.3,850.0,506.05,5452,4189606.25
2011-12-13,760.0,775.0,760.0,763.3,770.0,768.8,850.0,506.05,8751,6712881.3
2011-12-14,756.4,769.0,750.1,768.8,759.95,755.7,850.0,506.05,3290,2509732.45
2011-12-15,750.0,759.95,743.5,755.7,759.5,752.55,850.0,506.05,1750,1316442.3
2011-12-16,762.8,762.8,741.5,752.55,741.55,752.3,850.0,506.05,2162,1626369.25
2011-12-19,745.0,745.0,725.05,752.3,731.15,739.5,850.0,506.05,799,590450.9
2011-12-20,743.95,754.0,727.6,739.5,754.0,749.7,850.0,506.05,1472,1098498.5
2011-12-21,750.0,769.0,750.0,749.7,760.0,762.9,850.0,506.05,2408,1834835.4
2011-12-22,756.0,767.0,755.0,762.9,755.0,765.1,850.0,506.05,641,490655.4
2011-12-23,764.95,768.0,755.05,765.1,757.0,758.55,850.0,506.05,1207,919605.0
2011-12-26,772.0,772.0,745.1,758.55,765.0,762.35,850.0,506.05,108,82329.05
2011-12-27,763.0,765.0,750.1,762.35,751.0,762.45,850.0,506.05,239,182223.85
2011-12-28,765.0,765.0,750.0,762.45,763.85,761.65,850.0,506.05,11,8371.2
2011-12-29,750.1,760.0,750.05,761.65,750.05,751.3,850.0,506.05,198,148935.7
2011-12-30,746.05,770.05,746.05,751.3,770.05,763.9,850.0,506.05,886,671653.2
2012-01-02,770.0,770.05,751.4,763.9,755.1,762.65,850.0,506.05,3744,2847336.5
2012-01-03,770.5,785.0,760.0,762.65,771.95,772.5,850.0,506.05,1054,810493.7
2012-01-04,774.95,784.0,760.7,772.5,776.0,770.85,850.0,506.05,5912,4577284.05
2012-01-05,766.75,778.8,763.1,770.85,770.0,766.3,850.0,506.05,3598,2778752.95
2012-01-06,760.15,775.0,755.0,766.3,755.0,763.0,850.0,506.05,89,68049.7
2012-01-07,741.05,755.0,741.05,763.0,754.0,754.15,850.0,506.05,13,9751.8
2012-01-09,769.0,778.4,765.05,754.15,775.95,771.25,850.0,506.05,64,49555.5
2012-01-10,775.0,778.35,763.3,771.25,769.0,771.25,850.0,506.05,8281,6383871.75
2012-01-11,768.0,770.0,768.0,771.25,770.0,770.0,850.0,506.05,26,19970.0
2012-01-12,768.0,794.95,763.05,770.0,794.95,780.1,850.0,506.05,1234,960982.5
2012-01-13,798.65,798.65,780.0,780.1,790.0,789.65,850.0,506.05,517,404492.05
2012-01-16,774.1,789.95,774.1,789.65,789.95,789.95,850.0,506.05,12,9320.9
2012-01-17,781.05,800.0,778.15,789.95,784.0,790.05,850.0,506.05,265,209358.45
2012-01-18,800.0,860.0,765.7,790.05,820.0,814.4,860.0,506.05,10675,8571153.9
2012-01-19,821.0,844.9,811.6,814.4,826.9,817.65,860.0,506.05,154,126869.45
2012-01-20,825.0,841.0,802.0,817.65,820.0,819.9,860.0,506.05,1326,1082074.65
2012-01-23,825.0,825.0,820.0,819.9,823.0,823.0,860.0,506.05,302,247806.0
2012-01-24,840.0,840.0,814.05,823.0,815.0,815.0,860.0,506.05,614,501065.0
2012-01-25,828.85,828.85,806.0,815.0,807.0,807.05,860.0,506.05,1039,841902.05
2012-01-27,801.5,830.0,763.55,807.05,763.55,791.65,860.0,506.05,6096,4845440.25
2012-01-30,784.95,784.95,765.7,791.65,780.0,778.8,860.0,506.05,715,555580.8
2012-01-31,788.75,798.95,779.0,778.8,782.25,793.25,860.0,506.05,1251,991471.7
2012-02-01,790.0,820.0,790.0,793.25,820.0,818.75,860.0,506.05,1430,1151619.65
2012-02-02,830.0,833.0,811.85,818.75,833.0,829.6,860.0,506.05,3461,2840572.3
2012-02-03,830.0,837.05,820.0,829.6,830.0,830.2,860.0,506.05,1283,1063349.6
2012-02-06,837.0,837.0,803.5,830.2,820.0,827.15,860.0,510.0,2466,2039763.75
2012-02-07,827.15,827.15,810.0,827.15,812.6,812.65,860.0,510.0,143,116551.85
2012-02-08,824.95,824.95,818.0,812.65,818.0,818.0,860.0,510.0,109,89189.95
2012-02-09,815.0,825.0,811.0,818.0,820.0,820.55,860.0,510.0,1348,1105411.6
2012-02-10,813.3,820.0,781.05,820.55,808.0,799.95,860.0,510.0,614,492278.55
2012-02-13,805.0,837.0,803.0,799.95,828.1,834.0,860.0,510.0,2439,1995756.5
2012-02-14,849.0,865.0,835.0,834.0,835.0,843.3,865.0,510.0,11759,9952726.95
2012-02-15,860.0,875.0,845.0,843.3,848.0,857.65,875.0,510.0,15760,13465440.9
2012-02-16,850.0,868.0,849.9,857.65,860.0,863.1,875.0,510.0,8314,7141866.05
2012-02-17,874.5,876.4,860.0,863.1,864.1,871.7,876.4,510.0,12269,10623613.05
2012-02-21,871.7,874.5,833.15,871.7,840.45,843.95,876.4,510.0,11385,9718874.6
2012-02-22,850.0,869.8,830.0,843.95,850.0,850.2,876.4,510.0,13088,11110564.05
2012-02-23,840.0,855.0,840.0,850.2,841.5,841.8,876.4,510.0,5706,4824665.7
2012-02-24,845.0,858.75,841.5,841.8,845.0,845.7,876.4,510.0,5448,4618581.6
2012-02-27,860.0,860.0,833.0,845.7,835.15,836.65,876.4,510.0,3564,3011575.95
2012-02-28,841.0,855.0,836.7,836.65,836.7,841.1,876.4,510.0,4562,3869857.9
2012-02-29,840.0,852.95,835.5,841.1,836.25,849.5,876.4,510.0,9067,7644917.5
2012-03-01,849.2,852.9,837.5,849.5,850.0,851.75,876.4,510.0,7337,6202479.5
2012-03-02,854.3,855.0,840.25,851.75,845.25,850.7,876.4,510.0,1640,1394746.8
2012-03-03,857.0,858.0,857.0,850.7,857.95,857.65,876.4,510.0,3,2572.95
2012-03-05,860.0,862.0,837.6,857.65,844.5,840.25,876.4,510.0,2113,1781871.35
2012-03-06,849.0,849.0,835.0,840.25,835.0,837.9,876.4,510.0,1728,1456220.45
2012-03-07,836.15,841.75,830.0,837.9,830.0,835.4,876.4,510.0,1769,1477162.2
2012-03-09,850.0,853.0,835.05,835.4,848.5,847.75,876.4,510.0,1247,1059701.85
2012-03-12,845.25,852.5,842.0,847.75,842.0,842.75,876.4,510.0,4848,4108857.9
2012-03-13,850.0,854.75,835.0,842.75,835.0,837.3,876.4,510.0,8237,6944029.8
2012-03-14,851.5,851.5,830.0,837.3,840.05,840.45,876.4,510.0,5138,4339727.85
2012-03-15,848.5,848.5,835.0,840.45,835.0,840.4,876.4,510.0,4383,3682804.55
2012-03-16,840.0,848.0,796.1,840.4,840.0,814.85,876.4,510.0,9544,7915894.1
2012-03-19,830.25,843.0,820.2,814.85,835.15,836.7,876.4,510.0,5414,4518814.25
2012-03-20,840.0,847.45,835.3,836.7,842.0,844.7,876.4,510.0,5222,4398061.75
2012-03-21,845.0,858.45,835.05,844.7,844.95,846.2,876.4,510.0,9243,7846972.15
2012-03-22,840.2,853.9,831.5,846.2,832.0,835.05,876.4,510.0,13319,11260751.85
2012-03-23,840.0,848.0,821.5,835.05,827.0,831.15,876.4,510.0,10798,9037994.95
2012-03-26,821.6,845.0,821.6,831.15,826.0,829.7,876.4,510.0,18913,15818021.1
2012-03-27,827.3,843.8,822.0,829.7,835.0,837.7,876.4,510.0,12941,10796235.3
2012-03-28,840.0,840.15,825.5,837.7,825.55,826.75,876.4,510.0,6904,5731116.9
2012-03-29,837.95,843.0,825.7,826.75,843.0,838.5,876.4,510.0,6449,5381468.55
2012-03-30,841.0,851.0,831.5,838.5,835.0,839.3,876.4,510.0,8724,7343107.15
2012-04-02,847.0,847.0,827.1,839.3,839.95,835.45,876.4,510.0,5576,4645260.2
2012-04-03,844.0,849.0,831.8,835.45,849.0,839.4,876.4,510.0,5488,4603240.6
2012-04-04,839.0,845.0,831.1,839.4,834.1,834.35,876.4,510.0,2365,1988343.75
2012-04-09,840.0,844.95,828.1,834.35,830.0,832.65,876.4,510.0,5566,4661507.8
2012-04-10,835.0,841.0,831.0,832.65,831.0,833.05,876.4,510.0,4897,4097691.4
2012-04-11,830.0,837.0,801.5,833.05,801.5,812.5,876.4,510.0,7294,5990518.9
2012-04-12,810.0,813.9,768.0,812.5,770.0,774.35,876.4,510.0,13701,10715536.65
2012-04-13,778.0,778.15,740.0,774.35,760.0,758.0,876.4,510.0,7535,5722827.75
2012-04-16,767.7,805.0,762.0,758.0,796.0,790.65,876.4,510.0,7072,5447196.4
2012-04-17,778.05,821.0,778.05,790.65,820.0,815.65,876.4,510.0,6275,5019044.45
2012-04-18,810.0,850.1,810.0,815.65,850.05,842.7,876.4,510.0,6579,5445622.85
2012-04-19,825.4,850.0,825.0,842.7,825.0,834.1,876.4,510.0,6384,5365847.3
2012-04-20,840.0,840.0,822.0,834.1,822.65,829.5,876.4,510.0,7684,6386257.2
2012-04-23,832.5,839.0,825.0,829.5,825.05,825.35,876.4,510.0,5689,4732272.1
2012-04-24,830.0,831.05,820.05,825.35,825.0,825.0,876.4,510.0,57669,47599122.9
2012-04-25,820.0,825.0,805.0,825.0,814.95,817.4,876.4,510.0,16028,13030755.65
2012-04-26,820.0,832.95,810.0,817.4,815.2,819.75,876.4,510.0,11339,9308366.2
2012-04-27,830.0,839.95,800.1,819.75,815.0,803.9,876.4,510.0,9390,7692387.55
2012-04-28,812.0,855.0,799.95,803.9,850.0,816.6,876.4,510.0,5041,4106919.45
2012-04-30,825.0,849.0,812.0,816.6,847.95,847.5,876.4,510.0,12924,10794359.85
2012-05-02,850.0,858.0,830.05,847.5,850.0,846.9,876.4,510.0,14424,12206505.6
2012-05-03,830.05,857.5,830.05,846.9,837.0,839.75,876.4,510.0,10171,8594065.1
2012-05-04,832.0,844.9,826.5,839.75,840.0,841.75,876.4,510.0,6761,5664466.9
2012-05-07,840.0,860.3,815.2,841.75,850.0,853.7,876.4,510.0,11962,10033970.9
2012-05-08,830.0,857.9,830.0,853.7,830.5,835.3,876.4,510.0,6576,5560006.2
2012-05-09,832.0,845.0,830.0,835.3,830.0,832.3,876.4,510.0,5510,4632737.55
2012-05-10,811.0,846.85,810.0,832.3,829.75,823.85,876.4,510.0,6935,5765661.95
2012-05-11,834.1,836.55,791.2,823.85,820.05,823.25,876.4,510.0,8266,6781330.05
2012-05-14,805.0,836.9,805.0,823.25,820.0,817.05,876.4,510.0,6200,5051260.25
2012-05-15,826.0,826.0,806.05,817.05,808.6,812.85,876.4,510.0,5849,4773850.0
2012-05-16,813.0,829.85,804.05,812.85,815.0,818.05,876.4,510.0,7025,5734285.7
2012-05-17,815.0,833.0,805.5,818.05,806.2,806.7,876.4,510.0,5908,4873203.75
2012-05-18,812.0,818.8,804.0,806.7,805.0,808.2,876.4,510.0,6631,5370468.7
2012-05-21,810.05,855.0,806.35,808.2,842.95,836.2,876.4,510.0,5993,4985703.85
2012-05-22,838.0,870.0,835.1,836.2,850.0,849.1,876.4,510.0,13972,11918378.7
2012-05-23,865.0,865.0,834.0,849.1,850.0,847.85,876.4,510.0,6669,5647093.7
2012-05-24,850.0,850.05,835.05,847.85,841.0,845.15,876.4,510.0,8422,7135309.65
2012-05-25,841.0,850.0,831.15,845.15,850.0,845.0,876.4,510.0,6412,5417641.85
2012-05-28,860.0,860.0,813.65,845.0,825.0,828.8,876.4,510.0,18811,15886993.9
2012-05-29,830.0,859.0,828.5,828.8,835.0,838.8,876.4,510.0,8460,7126454.2
2012-05-30,849.9,849.9,820.0,838.8,821.1,824.9,876.4,510.0,5726,4779418.35
2012-05-31,834.8,858.6,815.0,824.9,855.7,851.9,876.4,510.0,7732,6435655.95
2012-06-01,874.0,874.0,831.35,851.9,860.05,854.5,876.4,510.0,6798,5727953.0
2012-06-04,850.0,850.0,835.0,854.5,836.0,837.4,876.4,510.0,5990,5040101.9
2012-06-05,825.0,854.95,825.0,837.4,845.0,843.55,876.4,510.0,5548,4677533.15
2012-06-06,842.5,855.0,838.0,843.55,853.5,849.35,876.4,510.0,5593,4720363.85
2012-06-07,840.05,869.5,840.05,849.35,868.9,867.25,876.4,510.0,7170,6125170.5
2012-06-08,860.0,873.9,775.0,867.25,872.95,871.75,876.4,510.0,10864,9308700.15
2012-06-11,870.0,883.0,866.1,871.75,870.0,872.95,883.0,510.0,5555,4867874.2
2012-06-12,860.05,875.0,860.0,872.95,862.0,865.85,883.0,510.0,6291,5463075.0
2012-06-13,870.0,877.5,841.0,865.85,871.15,872.0,883.0,510.0,9672,8382444.6
2012-06-14,870.0,893.6,869.0,872.0,891.9,889.45,893.6,510.0,7634,6745724.45
2012-06-15,865.0,900.5,852.0,889.45,900.3,896.5,900.5,510.0,11386,10116578.45
2012-06-18,890.0,913.0,880.15,896.5,909.9,895.5,913.0,510.0,14068,12675801.65
2012-06-19,882.3,915.0,870.0,895.5,907.1,903.85,915.0,510.0,8907,8005146.5
2012-06-20,897.25,947.0,897.0,903.85,920.0,917.85,947.0,510.0,10277,9434788.7
2012-06-21,901.15,943.95,884.95,917.85,928.0,920.9,947.0,510.0,64281,58275051.65
2012-06-22,923.2,949.55,920.0,920.9,923.05,928.55,949.55,510.0,24520,22968418.75
2012-06-25,930.0,948.0,912.5,928.55,941.9,943.65,949.55,510.0,18865,17741286.2
2012-06-26,941.9,943.95,932.0,943.65,939.9,937.7,949.55,510.0,5994,5628630.95
2012-06-27,948.0,948.0,912.0,937.7,912.0,915.55,949.55,510.0,8310,7699229.95
2012-06-28,919.0,919.0,880.05,915.55,880.1,893.75,949.55,510.0,10207,9140715.65
2012-06-29,892.05,935.0,883.2,893.75,932.55,923.75,949.55,510.0,12674,11483228.6
2012-07-02,924.0,935.0,908.0,923.75,916.7,922.55,949.55,510.0,12668,11672336.85
2012-07-03,934.95,943.0,913.55,922.55,915.6,922.0,949.55,510.0,57508,53061833.7
2012-07-04,925.05,935.0,915.0,922.0,915.0,918.1,949.55,510.0,5363,4944886.5
2012-07-05,913.0,935.05,905.05,918.1,910.0,913.55,949.55,510.0,11694,10825742.85
2012-07-06,901.5,930.7,901.5,913.55,920.0,923.95,949.55,510.0,9412,8626605.5
2012-07-09,929.0,930.0,912.85,923.95,929.5,926.15,949.55,630.0,6675,6161155.05
2012-07-10,930.0,935.0,920.1,926.15,935.0,934.75,949.55,630.0,7879,7331141.25
2012-07-11,934.85,940.0,922.7,934.75,937.75,932.05,949.55,630.0,11443,10687046.45
2012-07-12,928.5,931.0,915.25,932.05,930.95,925.65,949.55,630.0,5708,5275643.9
2012-07-13,925.85,938.45,916.05,925.65,917.0,918.4,949.55,630.0,5984,5558083.85
2012-07-16,925.5,930.0,915.15,918.4,915.5,921.95,949.55,645.0,5848,5412864.75
2012-07-17,928.95,939.0,918.05,921.95,934.0,930.65,949.55,645.0,13081,12123757.75
2012-07-18,930.0,938.0,922.7,930.65,932.0,933.55,949.55,645.0,7105,6607798.2
2012-07-19,935.0,935.0,925.0,933.55,929.0,927.4,949.55,645.0,5794,5386854.2
2012-07-20,930.0,933.55,916.5,927.4,930.0,921.35,949.55,645.0,5483,5093162.75
2012-07-23,930.05,935.7,902.0,921.35,911.0,913.05,949.55,653.5,17655,16156328.95
2012-07-24,920.0,938.0,906.05,913.05,913.15,919.8,949.55,653.5,10255,9436198.15
2012-07-25,929.5,935.05,913.3,919.8,934.2,930.6,949.55,653.5,11290,10426883.65
2012-07-26,939.0,940.0,920.3,930.6,931.0,930.65,949.55,653.5,6577,6137159.75
2012-07-27,923.55,941.9,923.55,930.65,935.7,930.35,949.55,653.5,6329,5898778.05
2012-07-30,928.5,939.95,921.6,930.35,934.95,927.55,949.55,680.25,6040,5633618.7
2012-07-31,945.9,948.0,921.0,927.55,934.85,932.55,949.55,680.25,18156,17041312.05
2012-08-01,925.0,940.0,925.0,932.55,934.95,930.7,949.55,680.25,5657,5277753.7
2012-08-02,932.5,934.9,892.05,930.7,932.5,928.1,949.55,680.25,67452,61984470.45
2012-08-03,931.0,934.3,922.0,928.1,933.5,929.0,949.55,680.25,6082,5661887.15
2012-08-06,930.5,935.0,925.2,929.0,932.1,935.0,949.55,680.25,9681,9031015.65
2012-08-07,935.0,964.35,932.1,935.0,958.0,950.9,964.35,680.25,22272,20939133.75
2012-08-08,950.95,965.0,948.0,950.9,958.0,959.6,965.0,680.25,5586,5364608.1
2012-08-09,969.0,975.0,950.25,959.6,968.0,970.35,975.0,680.25,6154,5923742.15
2012-08-10,961.0,984.95,961.0,970.35,970.0,973.45,984.95,680.25,6163,5957940.5
2012-08-13,973.95,979.95,969.1,973.45,979.65,971.95,984.95,680.25,5626,5479095.6
2012-08-14,972.1,997.65,972.1,971.95,978.5,984.3,997.65,680.25,9980,9834115.8
2012-08-16,991.95,1024.8,971.5,984.3,1011.0,1008.0,1024.8,680.25,43466,42469830.6
2012-08-17,1020.0,1022.0,966.2,1008.0,978.0,975.2,1024.8,680.25,10861,10868020.4
2012-08-21,1025.0,1025.0,974.5,975.2,1001.1,1004.0,1025.0,680.25,8016,7964313.6
2012-08-22,1025.0,1025.0,990.0,1004.0,990.0,990.8,1025.0,680.25,6490,6505035.85
2012-08-23,990.45,999.95,971.0,990.8,999.5,992.65,1025.0,680.25,7769,7692805.35
2012-08-24,1025.0,1025.0,997.1,992.65,1020.0,1012.95,1025.0,680.25,9443,9570800.55
2012-08-27,1001.0,1018.95,999.0,1012.95,1002.55,1008.55,1025.0,680.25,6065,6131774.8
2012-08-28,1018.8,1018.8,989.1,1008.55,989.1,992.5,1025.0,680.25,18847,18789399.7
2012-08-29,1000.05,1006.0,987.0,992.5,990.5,987.8,1025.0,680.25,5399,5367173.35
2012-08-30,1016.0,1016.0,971.1,987.8,986.5,986.7,1025.0,680.25,5847,5769017.8
2012-08-31,975.05,990.0,975.0,986.7,982.0,980.8,1025.0,680.25,5968,5850957.75
2012-09-03,980.05,1009.0,975.05,980.8,1004.0,1002.8,1025.0,680.25,6525,6508584.5
2012-09-04,991.0,1000.0,975.25,1002.8,983.0,978.5,1025.0,680.25,7010,6927438.05
2012-09-05,997.0,997.5,955.05,978.5,963.7,962.35,1025.0,680.25,7160,6974131.55
2012-09-06,956.05,986.0,942.1,962.35,965.0,969.25,1025.0,680.25,11487,10945951.7
2012-09-07,980.0,992.0,971.0,969.25,981.55,987.15,1025.0,680.25,6255,6141248.6
2012-09-08,985.0,988.5,984.0,987.15,986.0,986.0,1025.0,680.25,2515,2480112.75
2012-09-10,985.0,994.3,970.0,986.0,975.7,983.4,1025.0,680.25,7189,7108868.65
2012-09-11,985.0,987.0,975.05,983.4,985.0,982.55,1025.0,680.25,5327,5228002.55
2012-09-12,980.25,990.0,970.85,982.55,985.0,988.15,1025.0,680.25,6438,6329497.55
2012-09-13,989.95,997.0,977.3,988.15,981.0,984.9,1025.0,680.25,5899,5814890.65
2012-09-14,990.05,991.0,972.0,984.9,972.0,976.65,1025.0,680.25,5387,5292341.3
2012-09-17,966.0,989.6,966.0,976.65,975.0,978.7,1025.0,680.25,6054,5934285.8
2012-09-18,988.0,994.7,965.0,978.7,994.0,983.65,1025.0,680.25,9924,9674612.95
2012-09-20,975.0,994.95,975.0,983.65,978.6,987.1,1025.0,680.25,6517,6416355.05
2012-09-21,985.0,990.0,976.05,987.1,976.3,980.6,1025.0,680.25,6533,6441311.55
2012-09-24,985.0,995.0,975.0,980.6,995.0,988.9,1025.0,680.25,7274,7182140.3
2012-09-25,983.0,995.0,980.05,988.9,987.0,987.15,1025.0,680.25,6805,6718569.35
2012-09-26,980.0,1004.7,977.0,987.15,1002.7,999.1,1025.0,680.25,5910,5834560.8
2012-09-27,1005.0,1005.0,985.05,999.1,985.05,989.4,1025.0,680.25,6393,6320876.2
2012-09-28,990.1,991.0,960.0,989.4,980.0,981.1,1025.0,680.25,7444,7344452.6
2012-10-01,975.0,990.0,971.0,981.1,980.0,980.85,1025.0,680.25,6796,6691679.85
2012-10-03,970.0,994.0,965.0,980.85,994.0,990.45,1025.0,680.25,16562,16376147.55
2012-10-04,994.8,1009.95,975.5,990.45,975.5,992.55,1025.0,680.25,10298,10175791.05
2012-10-05,981.0,993.95,980.0,992.55,981.15,986.0,1025.0,680.25,6473,6378047.7
2012-10-08,976.05,989.9,976.05,986.0,989.8,989.0,1025.0,680.25,5934,5850577.75
2012-10-09,992.0,993.95,981.1,989.0,991.0,990.25,1025.0,680.25,5373,5314092.3
2012-10-10,980.05,1009.3,980.05,990.25,989.0,984.35,1025.0,680.25,6768,6681905.6
2012-10-11,975.25,989.95,975.25,984.35,984.0,985.8,1025.0,680.25,7739,7616637.1
2012-10-12,990.0,992.0,979.15,985.8,989.0,985.25,1025.0,680.25,6402,6307574.2
2012-10-15,975.5,994.9,973.9,985.25,987.0,986.6,1025.0,680.25,8160,8051817.1
2012-10-16,986.1,990.0,868.0,986.6,990.0,976.0,1025.0,680.25,7846,7595338.45
2012-10-17,965.0,988.0,965.0,976.0,973.0,974.0,1025.0,680.25,6310,6179177.45
2012-10-18,1000.0,1002.0,974.15,974.0,993.0,992.45,1025.0,680.25,7784,7668028.15
2012-10-19,990.0,998.0,976.55,992.45,996.0,993.2,1025.0,680.25,6585,6505930.15
2012-10-22,999.9,1007.0,975.2,993.2,1006.0,1001.25,1025.0,680.25,6755,6711233.1
2012-10-23,1007.0,1007.0,985.0,1001.25,985.0,993.85,1025.0,680.25,5856,5831321.45
2012-10-25,994.95,1000.0,980.05,993.85,982.7,989.95,1025.0,680.25,6867,6796700.8
2012-10-26,980.05,996.95,973.0,989.95,996.95,989.7,1025.0,680.25,7594,7474305.8
2012-10-29,999.95,999.95,976.0,989.7,976.0,985.75,1025.0,680.25,5562,5494362.2
2012-10-30,982.05,990.0,970.6,985.75,987.95,981.55,1025.0,680.25,5916,5828004.0
2012-10-31,976.1,987.85,971.0,981.55,976.2,978.65,1025.0,680.25,6122,6009345.45
2012-11-01,991.0,991.0,975.15,978.65,990.0,987.6,1025.0,680.25,5577,5485749.6
2012-11-02,1003.95,1003.95,980.05,987.6,994.0,991.85,1025.0,680.25,5833,5748846.6
2012-11-05,990.0,993.85,972.05,991.85,976.2,984.4,1025.0,680.25,6312,6215236.85
2012-11-06,990.05,999.0,975.3,984.4,983.0,987.4,1025.0,680.25,6795,6714122.8
2012-11-07,980.0,994.2,980.0,987.4,987.0,981.45,1025.0,680.25,5626,5549507.15
2012-11-08,985.0,990.0,977.2,981.45,984.75,979.65,1025.0,680.25,5796,5701231.8
2012-11-09,994.0,994.0,970.0,979.65,970.3,976.45,1025.0,680.25,6090,5984581.7
2012-11-12,984.15,985.0,951.45,976.45,978.05,969.2,1025.0,680.25,7948,7700768.6
2012-11-13,980.0,985.0,965.0,969.2,985.0,973.45,1025.0,680.25,2716,2650740.6
2012-11-15,1019.85,1019.85,957.05,973.45,969.95,969.15,1025.0,680.25,12955,12565272.45
2012-11-16,979.9,979.9,955.0,969.15,955.0,964.3,1025.0,680.25,8358,8102220.15
2012-11-19,968.0,975.0,945.0,964.3,970.0,957.15,1025.0,680.25,6980,6667766.95
2012-11-20,972.95,973.0,940.55,957.15,950.0,952.5,1025.0,680.25,6686,6383393.95
2012-11-21,940.05,961.95,930.1,952.5,939.95,937.35,1025.0,680.25,6596,6224353.6
2012-11-22,945.5,962.0,941.65,937.35,951.2,958.05,1025.0,680.25,9601,9154122.35
2012-11-23,976.9,976.9,950.15,958.05,951.2,957.8,1025.0,680.25,6333,6068319.55
2012-11-26,959.0,975.45,950.0,957.8,951.05,959.35,1025.0,720.0,6506,6234141.45
2012-11-27,944.0,970.0,940.0,959.35,950.05,959.45,1025.0,720.0,9246,8816648.25
2012-11-29,960.0,965.0,950.0,959.45,950.0,954.55,1025.0,720.0,5629,5388220.15
2012-11-30,976.0,989.9,950.35,954.55,968.85,973.9,1025.0,720.0,35616,34394549.05
2012-12-03,980.05,985.0,960.05,973.9,981.1,983.2,1025.0,725.05,8708,8502672.45
2012-12-04,985.0,1070.0,976.0,983.2,992.0,993.8,1070.0,725.05,12943,12998986.45
2012-12-05,1016.5,1035.05,985.05,993.8,1000.05,1004.6,1070.0,725.05,11008,11140553.75
2012-12-06,1010.05,1026.85,1000.0,1004.6,1009.05,1013.3,1070.0,725.05,8019,8142480.5
2012-12-07,990.05,1020.0,990.05,1013.3,1019.25,1018.85,1070.0,725.05,6541,6638539.8
2012-12-10,1018.85,1040.0,998.0,1018.85,1006.0,1004.2,1070.0,725.05,6683,6770295.9
2012-12-11,1020.0,1037.0,990.0,1004.2,1000.0,1004.55,1070.0,725.05,7694,7776182.95
2012-12-12,1010.0,1019.45,990.0,1004.55,1009.3,1011.55,1070.0,725.05,6927,6945065.35
2012-12-13,1019.45,1019.5,980.85,1011.55,990.0,996.6,1070.0,725.05,7036,7076876.05
2012-12-14,1010.0,1011.0,985.3,996.6,999.5,998.85,1070.0,725.05,6518,6502176.5
2012-12-17,999.95,1010.0,974.0,998.85,992.0,987.45,1070.0,725.05,9207,9118090.2
2012-12-18,985.0,996.95,970.15,987.45,980.0,979.6,1070.0,725.05,9489,9350447.0
2012-12-19,971.1,984.0,971.0,979.6,980.0,979.7,1070.0,725.05,11804,11543102.5
2012-12-20,992.95,994.0,960.0,979.7,964.95,977.25,1070.0,725.05,7185,7031734.7
2012-12-21,965.05,984.95,965.0,977.25,965.55,967.6,1070.0,725.05,5517,5360044.85
2012-12-24,963.0,968.8,941.1,967.6,941.25,948.15,1070.0,740.0,7816,7443240.1
2012-12-26,940.0,978.0,931.0,948.15,978.0,975.75,1070.0,740.0,12117,11596501.8
2012-12-27,978.0,998.9,965.55,975.75,989.0,982.3,1070.0,740.0,7625,7463978.35
2012-12-28,970.05,995.0,946.95,982.3,962.0,964.4,1070.0,740.0,28665,27709619.65
2012-12-31,963.95,983.0,951.5,964.4,953.95,958.45,1070.0,740.0,13966,13419019.55
2013-01-01,958.5,976.9,955.05,958.45,957.0,959.6,1070.0,740.0,12426,11939461.05
2013-01-02,956.05,971.9,945.55,959.6,955.0,958.5,1070.0,740.0,7983,7630301.1
2013-01-03,971.95,972.0,954.5,958.5,965.0,967.5,1070.0,740.0,6626,6368598.8
2013-01-04,988.0,995.95,955.1,967.5,994.0,981.75,1070.0,740.0,8077,7848711.35
2013-01-07,988.5,995.0,970.7,981.75,988.0,984.95,1070.0,740.0,7047,6928192.6
2013-01-08,972.0,994.0,965.45,984.95,974.95,972.25,1070.0,740.0,6705,6547515.65
2013-01-09,968.0,985.0,968.0,972.25,975.0,974.95,1070.0,740.0,13774,13456912.8
2013-01-10,972.0,984.95,966.0,974.95,981.95,979.0,1070.0,740.0,6528,6355621.7
2013-01-11,990.0,1006.95,975.05,979.0,1004.0,1001.75,1070.0,740.0,7000,6927070.0
2013-01-14,1008.9,1008.9,981.5,1001.75,995.0,998.65,1070.0,740.0,30293,30207771.3
2013-01-15,989.0,1007.0,981.55,998.65,1000.0,1002.1,1070.0,740.0,9870,9841154.25
2013-01-16,999.95,1000.0,982.5,1002.1,985.0,994.65,1070.0,740.0,13920,13847857.85
2013-01-17,1006.95,1007.0,981.15,994.65,1005.0,997.8,1070.0,740.0,10934,10875401.25
2013-01-18,995.5,1008.0,989.2,997.8,1007.0,1000.45,1070.0,740.0,9088,9058404.0
2013-01-21,1007.0,1010.0,989.95,1000.45,1000.0,1006.7,1070.0,740.0,6396,6409296.2
2013-01-22,1010.0,1019.0,990.05,1006.7,1015.0,1015.05,1070.0,740.0,6899,6905503.65
2013-01-23,1014.8,1017.0,997.1,1015.05,1015.0,1011.05,1070.0,740.0,6126,6154373.2
2013-01-24,1010.8,1020.0,995.0,1011.05,1010.0,1012.05,1070.0,740.0,5908,5930940.45
2013-01-25,1025.0,1045.0,996.0,1012.05,1045.0,1043.85,1070.0,740.0,7980,8111635.85
2013-01-28,1043.85,1048.4,1013.1,1043.85,1040.0,1037.4,1070.0,740.0,6096,6254723.2
2013-01-29,1021.05,1054.0,1015.1,1037.4,1050.0,1047.0,1070.0,740.0,7486,7737404.9
2013-01-30,1030.0,1057.9,1025.0,1047.0,1056.0,1049.25,1070.0,740.0,6266,6517196.3
2013-01-31,1028.0,1068.85,1028.0,1049.25,1065.0,1060.15,1070.0,740.0,5668,5952752.7
2013-02-01,1052.0,1075.0,1046.0,1060.15,1073.95,1064.2,1075.0,740.0,6173,6520526.65
2013-02-04,1053.0,1080.0,1040.0,1064.2,1050.0,1054.0,1080.0,740.0,11462,12126483.0
2013-02-05,1072.0,1080.05,1048.0,1054.0,1055.05,1055.1,1080.05,740.0,11356,12078118.6
2013-02-06,1062.7,1075.0,1017.15,1055.1,1070.0,1055.5,1080.05,740.0,10501,11057474.0
2013-02-07,1065.0,1078.9,1058.0,1055.5,1065.2,1069.25,1080.05,740.0,6341,6769871.9
2013-02-08,1080.0,1080.0,1051.5,1069.25,1054.05,1057.95,1080.05,740.0,6997,7429603.35
2013-02-11,1064.1,1069.95,1051.0,1057.95,1052.0,1055.1,1080.05,740.0,5503,5859845.95
2013-02-12,1055.75,1069.0,1050.0,1055.1,1050.0,1055.45,1080.05,740.0,5661,5993336.6
2013-02-13,1057.5,1070.0,1050.1,1055.45,1052.0,1054.2,1080.05,740.0,5473,5805405.95
2013-02-14,1047.05,1066.0,983.0,1054.2,998.6,1007.45,1080.05,740.0,12520,12800445.35
2013-02-15,1000.0,1034.75,1000.0,1007.45,1029.95,1021.35,1080.05,740.0,5784,5863643.65
2013-02-18,1021.0,1075.75,1012.95,1021.35,1025.0,1043.7,1080.05,740.0,18130,18803885.7
2013-02-19,1056.95,1094.7,1043.0,1043.7,1091.95,1082.7,1094.7,740.0,36272,38308160.55
2013-02-20,1055.0,1084.45,1039.0,1082.7,1079.0,1069.9,1094.7,740.0,9451,10027614.6
2013-02-21,1060.0,1079.75,1034.0,1069.9,1065.0,1053.8,1094.7,740.0,9167,9730313.5
2013-02-22,1041.0,1067.9,1031.5,1053.8,1058.0,1051.4,1094.7,740.0,8134,8533871.4
2013-02-25,1045.0,1048.0,981.6,1051.4,990.0,998.9,1094.7,740.0,23973,24110854.65
2013-02-26,992.05,1025.0,946.0,998.9,982.0,1001.25,1094.7,740.0,14903,14600816.5
2013-02-27,994.8,999.9,961.15,1001.25,980.0,977.05,1094.7,740.0,12847,12549964.15
2013-02-28,977.1,999.9,950.0,977.05,990.0,990.85,1094.7,740.0,16847,16404878.15
2013-03-01,990.0,990.0,961.1,990.85,967.0,973.9,1094.7,740.0,8728,8539237.3
2013-03-04,975.0,990.0,945.0,973.9,950.0,949.95,1094.7,740.0,10204,9771689.7
2013-03-05,979.9,979.9,936.0,949.95,955.0,952.85,1094.7,740.0,6869,6531748.05
2013-03-06,952.85,969.5,944.0,952.85,950.0,957.2,1094.7,740.0,7202,6845116.55
2013-03-07,959.95,960.0,944.0,957.2,950.0,949.45,1094.7,740.0,6086,5785663.3
2013-03-08,950.0,956.75,941.05,949.45,949.5,948.15,1094.7,740.0,6969,6608486.2
2013-03-11,952.95,962.75,938.1,948.15,943.0,948.3,1094.7,740.0,11923,11305687.55
2013-03-12,949.1,970.0,939.0,948.3,950.0,953.25,1094.7,740.0,10526,9984978.15
2013-03-13,950.0,975.0,940.0,953.25,970.0,972.85,1094.7,740.0,8196,7792611.95
2013-03-14,970.0,982.3,961.1,972.85,965.1,970.35,1094.7,740.0,6669,6464751.8
2013-03-15,985.0,985.0,968.1,970.35,972.45,973.2,1094.7,740.0,6820,6640470.7
2013-03-18,973.0,982.0,946.6,973.2,979.0,971.5,1094.7,740.0,6255,6073534.7
2013-03-19,971.0,985.0,970.0,971.5,980.0,979.8,1094.7,740.0,5398,5260789.2
2013-03-20,982.0,982.3,966.0,979.8,966.0,971.0,1094.7,740.0,5530,5397610.65
2013-03-21,974.5,997.0,955.0,971.0,975.0,973.4,1094.7,740.0,5407,5276558.85
2013-03-22,972.0,996.95,962.4,973.4,983.05,987.35,1094.7,740.0,10578,10360913.1
2013-03-25,992.5,1000.0,980.0,987.35,999.0,993.85,1094.7,740.0,8051,7975609.15
2013-03-26,992.0,1030.0,989.5,993.85,1020.0,1019.5,1094.7,740.0,10544,10618961.55
2013-03-28,1001.0,1032.0,930.0,1019.5,1029.0,1029.85,1094.7,740.0,6251,6346689.95
2013-04-01,1030.0,1034.0,1001.15,1029.85,1027.7,1026.6,1094.7,740.0,5727,5865277.85
2013-04-02,1025.0,1029.85,1012.8,1026.6,1025.0,1022.0,1094.7,740.0,5332,5458602.6
2013-04-03,1025.0,1029.55,1000.0,1022.0,1000.05,1016.85,1094.7,740.0,5345,5446032.6
2013-04-04,1015.0,1025.0,996.0,1016.85,1023.0,1018.15,1094.7,740.0,5648,5760277.35
2013-04-05,1018.5,1024.9,1003.55,1018.15,1005.1,1006.6,1094.7,740.0,5154,5222706.05
2013-04-08,1002.0,1041.8,1001.0,1006.6,1020.0,1020.0,1094.7,740.0,5260,5337250.3
2013-04-09,1020.05,1020.1,1010.0,1020.0,1019.9,1018.05,1094.7,740.0,5563,5650609.35
2013-04-10,1010.0,1040.0,1009.0,1018.05,1020.0,1024.55,1094.7,740.0,10565,10824674.3
2013-04-11,1022.0,1040.0,1010.05,1024.55,1040.0,1038.7,1094.7,740.0,7579,7772009.3
2013-04-12,1022.0,1038.35,1021.5,1038.7,1025.0,1029.7,1094.7,740.0,5689,5852408.45
2013-04-15,1026.9,1040.0,1011.0,1029.7,1020.1,1022.5,1094.7,762.0,5258,5399860.7
2013-04-16,1033.0,1037.5,1002.15,1022.5,1009.0,1009.5,1094.7,762.0,5281,5413897.6
2013-04-17,1009.6,1037.9,1001.0,1009.5,1037.9,1033.1,1094.7,762.0,6806,6904450.75
2013-04-18,1022.0,1042.2,1014.95,1033.1,1038.8,1031.85,1094.7,762.0,5629,5782178.85
2013-04-22,1032.0,1034.5,1011.05,1031.85,1015.0,1022.6,1094.7,775.0,5628,5763158.55
2013-04-23,1025.0,1031.0,1005.0,1022.6,1005.0,1018.65,1094.7,775.0,6267,6385805.85
2013-04-25,1020.2,1032.95,961.0,1018.65,1017.0,1014.5,1094.7,775.0,12234,12408054.0
2013-04-26,1013.0,1023.0,990.0,1014.5,1013.85,1007.5,1094.7,775.0,7504,7526539.95
2013-04-29,1010.0,1018.95,992.0,1007.5,1001.2,1007.95,1094.7,775.0,6066,6119999.1
2013-04-30,1010.05,1026.5,1001.05,1007.95,1001.05,1017.45,1094.7,775.0,7741,7843598.0
2013-05-02,1004.0,1025.0,990.05,1017.45,996.0,1002.05,1094.7,775.0,15540,15645160.0
2013-05-03,1000.0,1017.0,978.5,1002.05,997.0,1001.45,1094.7,775.0,6078,6077542.75
2013-05-06,990.0,1015.0,990.0,1001.45,993.5,995.2,1094.7,775.0,8487,8487843.9
2013-05-07,1000.0,1009.95,985.05,995.2,999.95,995.55,1094.7,775.0,8638,8623620.3
2013-05-08,995.0,1034.0,977.0,995.55,1030.0,1018.5,1094.7,775.0,13126,13162306.1
2013-05-09,1021.5,1026.0,981.45,1018.5,985.0,989.15,1094.7,775.0,11266,11279786.65
2013-05-10,989.95,991.95,970.0,989.15,970.0,976.65,1094.7,775.0,9000,8824422.4
2013-05-11,990.0,990.0,975.0,976.65,988.7,988.15,1094.7,775.0,2559,2509592.55
2013-05-13,990.5,990.5,923.35,988.15,935.6,935.6,1094.7,775.0,14231,13440338.6
2013-05-14,935.95,959.75,890.05,935.6,950.0,937.05,1094.7,775.0,22247,20144751.5
2013-05-15,955.0,965.0,902.0,937.05,910.0,914.55,1094.7,775.0,12858,11959075.6
2013-05-16,915.0,924.65,892.35,914.55,900.0,918.05,1094.7,775.0,10064,9148718.05
2013-05-17,896.05,915.0,876.0,918.05,886.0,908.65,1094.7,775.0,10758,9709127.85
2013-05-20,900.0,900.0,881.15,908.65,886.0,891.95,1094.7,775.0,5873,5259682.05
2013-05-21,890.0,908.0,890.0,891.95,900.0,900.0,1094.7,775.0,5547,4989794.85
2013-05-22,900.05,915.55,890.05,900.0,900.0,901.7,1094.7,775.0,8350,7504551.5
2013-05-23,901.0,904.0,859.95,901.7,900.0,899.25,1094.7,775.0,9851,8712587.05
2013-05-24,875.0,897.0,862.75,899.25,878.0,887.8,1094.7,775.0,10213,8986151.45
2013-05-27,890.0,930.0,882.35,887.8,885.1,887.5,1094.7,775.0,5578,5004113.75
2013-05-28,885.0,923.0,880.0,887.5,899.0,892.75,1094.7,775.0,6408,5706051.75
2013-05-29,899.0,899.0,866.2,892.75,871.9,879.4,1094.7,775.0,9905,8738508.15
2013-05-30,894.0,896.0,851.1,879.4,890.0,890.95,1094.7,775.0,14404,12702066.7
2013-05-31,873.2,914.15,871.3,890.95,905.0,906.6,1094.7,775.0,9022,8083342.55
2013-06-03,905.0,929.8,891.0,906.6,892.0,898.9,1094.7,775.0,6253,5679652.3
2013-06-04,899.0,914.0,880.2,898.9,910.0,910.0,1094.7,775.0,9537,8607472.2
2013-06-05,908.0,915.0,892.05,910.0,915.0,909.2,1094.7,775.0,6756,6107199.4
2013-06-06,907.0,907.5,891.0,909.2,891.0,898.2,1094.7,775.0,6123,5503915.3
2013-06-07,903.0,915.65,884.0,898.2,892.0,897.8,1094.7,775.0,7632,6838506.3
2013-06-10,898.95,912.0,895.0,897.8,907.95,907.15,1094.7,841.0,5810,5251109.2
2013-06-11,905.0,909.0,875.75,907.15,895.0,897.45,1094.7,841.0,7627,6832189.5
2013-06-12,898.95,922.0,881.0,897.45,911.05,912.45,1094.7,841.0,12182,10980835.7
2013-06-13,895.85,921.0,889.0,912.45,905.05,909.95,1094.7,841.0,12522,11384016.35
2013-06-14,905.0,923.05,895.65,909.95,921.0,920.65,1094.7,841.0,7119,6477104.5
2013-06-17,913.5,930.0,900.2,920.65,927.4,920.55,1094.7,851.1,6295,5766442.9
2013-06-18,919.0,929.15,912.45,920.55,923.05,924.6,1094.7,851.1,5576,5155965.25
2013-06-19,923.5,939.0,923.5,924.6,926.0,928.3,1094.7,851.1,5688,5284838.25
2013-06-20,930.0,934.85,925.0,928.3,934.85,931.55,1094.7,851.1,5337,4962718.7
2013-06-21,919.95,952.5,918.0,931.55,940.0,947.9,1094.7,851.1,6727,6290153.1
2013-06-24,909.0,948.5,909.0,947.9,926.9,928.8,1094.7,851.1,12613,11831469.45
2013-06-25,935.0,949.3,925.5,928.8,940.0,938.0,1094.7,851.1,9223,8646899.1
2013-06-26,940.0,949.1,921.1,938.0,948.75,942.75,1094.7,851.1,12087,11352739.65
2013-06-27,943.0,944.8,920.0,942.75,920.0,932.5,1094.7,851.1,6345,5938225.95
2013-06-28,945.0,948.95,922.75,932.5,937.0,928.35,1094.7,851.1,5954,5594693.3
2013-07-01,936.0,949.0,925.1,928.35,945.0,945.5,1094.7,851.1,5865,5493994.9
2013-07-02,942.95,946.95,932.0,945.5,937.0,943.3,1094.7,851.1,5920,5564197.6
2013-07-03,941.0,946.8,930.3,943.3,942.0,941.05,1094.7,851.1,13293,12490016.2
2013-07-04,936.0,940.0,933.0,941.05,936.0,937.15,1094.7,851.1,5553,5203984.4
2013-07-05,932.15,941.0,925.0,937.15,925.0,928.4,1094.7,851.1,5728,5357429.1
2013-07-08,928.95,967.95,920.0,928.4,949.9,945.4,1094.7,851.1,10236,9575221.8
2013-07-09,940.0,954.0,925.05,945.4,940.0,945.95,1094.7,851.1,10608,9932007.3
2013-07-10,947.0,950.0,933.0,945.95,939.0,940.05,1094.7,851.1,5569,5250369.5
2013-07-11,944.0,953.0,936.0,940.05,936.0,947.55,1094.7,851.1,5444,5119560.8
2013-07-12,930.0,952.0,926.0,947.55,935.0,930.95,1094.7,851.1,5539,5199595.25
2013-07-15,931.45,943.0,923.0,930.95,935.0,941.4,1094.7,851.1,9418,8793658.8
2013-07-16,937.5,941.0,925.0,941.4,930.0,934.3,1094.7,851.1,5284,4944713.4
2013-07-17,929.9,936.5,915.45,934.3,915.45,923.95,1094.7,851.1,5730,5325351.75
2013-07-18,925.0,944.5,920.0,923.95,944.5,941.95,1094.7,851.1,7111,6620394.4
2013-07-19,924.25,949.95,920.5,941.95,925.0,925.05,1094.7,851.1,5187,4854041.9
2013-07-22,926.0,935.0,923.1,925.05,934.95,926.6,1094.7,851.1,5395,5003868.0
2013-07-23,927.0,943.0,899.65,926.6,915.1,917.45,1094.7,851.1,7174,6637492.75
2013-07-24,927.0,927.0,893.0,917.45,893.0,898.5,1094.7,851.1,6313,5755227.8
2013-07-25,890.0,904.5,889.05,898.5,889.1,889.35,1094.7,851.1,5254,4683857.05
2013-07-26,889.0,890.0,878.0,889.35,878.0,879.85,1094.7,851.1,5330,4722240.5
2013-07-29,882.5,882.5,861.0,879.85,861.0,861.8,1094.7,851.1,5472,4780010.35
2013-07-30,871.1,871.1,842.0,861.8,851.0,857.95,1094.7,842.0,6873,5876552.15
2013-07-31,850.0,855.0,825.05,857.95,825.1,828.05,1094.7,825.05,5847,4908133.95
2013-08-01,878.0,878.0,830.0,828.05,870.0,869.05,1094.7,825.05,5943,5029028.15
2013-08-02,873.0,895.5,873.0,869.05,891.0,884.45,1094.7,825.05,10114,8946059.8
2013-08-05,886.0,899.85,861.0,884.45,862.5,864.4,1094.7,825.05,5200,4555843.7
2013-08-06,898.85,898.9,842.3,864.4,851.0,858.4,1094.7,825.05,5407,4663256.4
2013-08-07,862.0,874.6,840.2,858.4,847.2,847.4,1094.7,825.05,5079,4344125.45
2013-08-08,840.05,874.95,834.0,847.4,863.0,872.05,1094.7,825.05,5205,4445000.7
2013-08-12,862.0,879.95,860.0,872.05,879.95,873.25,1094.7,825.05,5186,4513388.2
2013-08-13,880.65,889.0,861.0,873.25,861.25,861.45,1094.7,825.05,5369,4694395.75
2013-08-14,862.0,881.0,862.0,861.45,862.0,867.0,1094.7,825.05,5117,4440403.3
2013-08-16,870.0,878.05,855.05,867.0,857.0,861.4,1094.7,825.05,5630,4857242.6
2013-08-19,878.0,878.0,851.0,861.4,851.55,852.25,1094.7,825.05,5287,4531262.7
2013-08-20,850.05,859.95,841.1,852.25,841.2,844.8,1094.7,825.05,5607,4766213.95
2013-08-21,863.5,868.0,830.5,844.8,850.0,843.9,1094.7,825.05,5276,4480321.45
2013-08-22,850.0,850.0,825.0,843.9,825.0,827.4,1094.7,825.0,5725,4809373.15
2013-08-23,840.0,840.0,807.65,827.4,809.55,816.95,1094.7,807.65,8226,6759915.2
2013-08-26,824.95,825.0,760.0,816.95,770.0,769.95,1094.7,760.0,7777,6239457.35
2013-08-27,770.05,772.0,761.6,769.95,769.95,766.45,1094.7,760.0,5539,4247779.75
2013-08-28,760.05,760.05,735.1,766.45,735.1,746.8,1094.7,735.1,5691,4270577.9
2013-08-29,750.0,766.95,747.0,746.8,766.95,759.9,1094.7,735.1,6601,4978844.45
2013-08-30,761.0,838.95,756.0,759.9,827.0,827.7,1094.7,735.1,10635,8698404.0
2013-09-02,770.05,828.65,770.05,827.7,828.65,821.95,1094.7,735.1,8347,6794617.1
2013-09-03,810.0,859.0,750.05,821.95,859.0,852.35,1094.7,735.1,12359,10312080.95
2013-09-04,849.9,899.9,832.8,852.35,894.95,893.25,1094.7,735.1,6324,5531905.8
2013-09-05,893.5,924.7,893.35,893.25,910.0,915.6,1094.7,735.1,5479,5004762.65
2013-09-06,900.0,915.0,871.35,915.6,875.05,890.9,1094.7,735.1,5270,4744352.95
2013-09-10,895.05,920.0,870.0,890.9,919.95,903.0,1094.7,735.1,5568,4968311.75
2013-09-11,903.0,923.0,872.0,903.0,890.0,906.4,1094.7,735.1,5672,5034062.0
2013-09-12,873.05,905.0,873.05,906.4,888.0,893.9,1094.7,735.1,5172,4628254.7
2013-09-13,892.0,893.0,865.25,893.9,865.25,876.35,1094.7,735.1,5242,4623303.45
2013-09-16,881.0,895.65,867.0,876.35,867.0,871.2,1094.7,735.1,5268,4648678.35
2013-09-17,869.0,896.95,858.0,871.2,895.0,890.15,1094.7,735.1,5312,4603741.75
2013-09-18,871.0,929.0,871.0,890.15,875.1,877.2,1094.7,735.1,5617,5036954.8
2013-09-19,900.0,910.05,880.0,877.2,910.0,902.5,1094.7,735.1,11217,10027639.95
2013-09-20,903.0,924.0,899.95,902.5,924.0,921.35,1094.7,735.1,5651,5132245.15
2013-09-23,919.95,944.75,901.4,921.35,930.0,932.75,1094.7,735.1,11096,10230446.4
2013-09-24,949.0,949.0,910.6,932.75,911.0,923.85,1094.7,735.1,5193,4805010.65
2013-09-25,920.5,940.0,900.0,923.85,912.95,907.3,1094.7,735.1,16866,15646608.25
2013-09-26,924.0,931.4,884.0,907.3,890.0,893.1,1094.7,735.1,6261,5687468.9
2013-09-27,923.0,924.7,880.0,893.1,915.15,921.75,1094.7,735.1,12259,11090475.3
2013-09-30,921.0,932.0,895.0,921.75,925.25,930.5,1094.7,735.1,8081,7402596.1
2013-10-01,937.95,947.0,903.0,930.5,943.95,946.2,1094.7,735.1,9580,8904691.5
2013-10-03,881.05,950.0,881.05,946.2,945.0,945.1,1094.7,735.1,8715,8202722.85
2013-10-04,934.95,970.0,934.95,945.1,960.05,967.05,1094.7,735.1,10279,9766244.9
2013-10-07,975.0,977.75,935.0,967.05,969.95,963.2,1094.7,735.1,12820,12291267.5
2013-10-08,974.5,999.8,960.0,963.2,989.0,976.6,1094.7,735.1,7225,7116435.45
2013-10-09,990.0,1020.0,930.0,976.6,1020.0,1009.95,1094.7,735.1,10938,10862556.85
2013-10-10,1020.0,1045.0,990.05,1009.95,1005.0,1005.75,1094.7,735.1,15666,15835340.25
2013-10-11,1035.0,1035.0,1000.0,1005.75,1019.65,1014.5,1094.7,735.1,15043,15349870.6
2013-10-14,1010.0,1036.95,975.0,1014.5,1010.0,1002.35,1094.7,735.1,14151,14344917.9
2013-10-15,1019.0,1024.25,994.95,1002.35,1005.0,1009.25,1094.7,735.1,13935,14058630.95
2013-10-17,1020.0,1024.95,1001.0,1009.25,1019.0,1015.75,1094.7,735.1,10604,10727714.65
2013-10-18,1038.5,1038.5,1001.2,1015.75,1015.0,1019.1,1094.7,735.1,10938,11059697.55
2013-10-21,1018.5,1025.0,1000.0,1019.1,1000.0,1008.8,1094.7,735.1,7102,7178018.25
2013-10-22,990.0,1017.5,990.0,1008.8,1004.85,1003.25,1094.7,735.1,5598,5603073.05
2013-10-23,1000.0,1001.0,972.5,1003.25,985.0,986.4,1094.7,735.1,5686,5638518.1
2013-10-24,1000.2,1000.2,972.0,986.4,997.85,989.25,1094.7,735.1,6217,6151540.95
2013-10-25,901.15,997.35,901.15,989.25,995.0,985.6,1094.7,735.1,5348,5263964.8
2013-10-28,995.0,1012.65,970.0,985.6,988.55,979.7,1094.7,735.1,5494,5424430.55
2013-10-29,936.0,997.75,936.0,979.7,990.0,986.15,1094.7,735.1,6444,6320032.9
2013-10-30,963.15,993.0,963.15,986.15,970.05,980.0,1094.7,735.1,5299,5211745.25
2013-10-31,960.6,996.0,960.6,980.0,995.0,988.9,1094.7,735.1,9681,9545362.85
2013-11-01,955.0,995.0,955.0,988.9,972.3,988.85,1094.7,735.1,13329,13174600.35
2013-11-03,985.0,1009.0,984.0,988.85,1009.0,1006.45,1094.7,735.1,3128,3108457.75
2013-11-05,999.05,1006.1,981.0,1006.45,985.5,988.85,1094.7,735.1,5767,5724120.6
2013-11-06,998.0,998.0,970.0,988.85,974.0,975.85,1094.7,735.1,19265,18964575.95
2013-11-07,990.0,990.0,970.0,975.85,975.0,981.6,1094.7,735.1,11564,11352264.3
2013-11-08,982.0,985.0,971.0,981.6,971.0,979.7,1094.7,735.1,6319,6194335.55
2013-11-11,965.0,984.0,950.05,979.7,968.0,965.2,1094.7,735.1,5493,5355833.7
2013-11-12,980.5,980.5,935.1,965.2,947.6,946.0,1094.7,735.1,6010,5808904.3
2013-11-13,955.0,966.0,911.25,946.0,915.0,919.25,1094.7,735.1,5398,5039455.95
2013-11-14,943.0,943.0,921.1,919.25,925.0,926.35,1094.7,735.1,5827,5425513.85
2013-11-18,948.0,948.0,901.0,926.35,914.5,915.35,1094.7,735.1,5525,5123182.25
2013-11-19,922.0,922.0,888.0,915.35,888.0,894.05,1094.7,735.1,6605,5931518.8
2013-11-20,895.0,896.0,870.1,894.05,870.1,874.0,1094.7,735.1,7450,6559493.7
2013-11-21,870.0,871.0,847.55,874.0,847.55,856.45,1094.7,735.1,14205,12271155.95
2013-11-22,857.0,858.0,820.05,856.45,839.95,833.05,1094.7,735.1,8071,6833744.2
2013-11-25,833.05,853.6,804.0,833.05,845.0,844.15,1094.7,735.1,10615,8799258.1
2013-11-26,860.0,947.75,845.0,844.15,877.5,900.6,1094.7,735.1,25189,22852922.7
2013-11-27,912.3,924.0,880.0,900.6,897.95,890.75,1094.7,735.1,6524,5894361.15
2013-11-28,905.0,919.0,899.8,890.75,915.3,905.1,1094.7,735.1,6394,5823873.75
2013-11-29,920.0,930.0,901.0,905.1,910.0,905.9,1094.7,735.1,5703,5257476.9
2013-12-02,922.0,930.0,910.2,905.9,929.35,918.9,1094.7,735.1,5823,5340104.5
2013-12-03,935.0,939.0,917.0,918.9,930.0,932.5,1094.7,735.1,5567,5139091.5
2013-12-04,946.0,946.0,913.0,932.5,913.0,915.75,1094.7,735.1,5269,4865127.5
2013-12-05,916.0,939.0,900.0,915.75,914.9,913.5,1094.7,735.1,5869,5374549.95
2013-12-06,910.95,927.95,895.0,913.5,909.0,902.7,1094.7,735.1,5450,4950740.9
2013-12-09,911.15,929.95,895.55,902.7,912.0,909.9,1094.7,735.1,18569,17016871.15
2013-12-10,915.0,926.0,890.0,909.9,907.9,899.1,1094.7,735.1,15332,13913732.45
2013-12-11,888.0,952.0,885.05,899.1,950.0,925.6,1094.7,735.1,6846,6152901.5
2013-12-12,941.0,941.0,906.95,925.6,920.0,921.15,1094.7,735.1,6021,5558388.75
2013-12-13,920.1,924.0,902.15,921.15,910.0,910.15,1094.7,735.1,6655,6069315.7
2013-12-16,911.0,920.0,901.4,910.15,917.0,908.2,1094.7,735.1,5543,5024933.95
2013-12-17,922.05,923.8,899.95,908.2,920.0,918.95,1094.7,735.1,5801,5301870.7
2013-12-18,920.0,926.6,908.0,918.95,925.0,920.8,1094.7,735.1,4695,4302944.15
2013-12-19,922.05,926.0,884.9,920.8,900.0,889.35,1094.7,735.1,7612,6908055.9
2013-12-20,912.0,912.0,874.95,889.35,908.0,888.25,1094.7,735.1,15527,13927675.9
2013-12-23,893.1,908.75,890.0,888.25,890.0,897.85,1094.7,735.1,17699,15929283.0
2013-12-24,897.85,908.0,891.0,897.85,908.0,900.95,1094.7,735.1,5279,4741546.5
2013-12-26,891.0,909.0,884.0,900.95,885.0,887.6,1094.7,735.1,6082,5449778.95
2013-12-27,900.0,911.0,882.0,887.6,884.0,893.15,1094.7,735.1,15224,13666596.75
2013-12-30,900.0,911.95,888.2,893.15,904.0,898.15,1094.7,735.1,5797,5188202.05
2013-12-31,900.0,917.0,890.0,898.15,910.0,902.15,1094.7,735.1,61197,55053806.1
2014-01-01,900.1,930.05,897.0,902.15,897.0,899.15,1094.7,735.1,7704,6977250.15
2014-01-02,903.0,920.0,895.0,899.15,910.0,909.35,1094.7,735.1,5767,5216560.65
2014-01-03,902.0,916.0,891.0,909.35,908.0,901.85,1094.7,735.1,5338,4826744.55
2014-01-06,901.15,916.8,881.95,901.85,890.2,894.0,1094.7,735.1,6075,5458067.85
2014-01-07,911.0,912.0,877.0,894.0,877.0,881.5,1094.7,735.1,5742,5128481.35
2014-01-08,882.0,900.0,880.05,881.5,900.0,895.45,1094.7,735.1,5590,4956197.3
2014-01-09,914.0,925.0,890.0,895.45,892.0,898.25,1094.7,735.1,5873,5263611.45
2014-01-10,901.05,918.0,880.35,898.25,915.0,905.35,1094.7,735.1,6356,5729454.05
2014-01-13,910.0,920.0,891.0,905.35,909.95,905.3,1094.7,735.1,6492,5886522.1
2014-01-14,905.05,921.9,893.0,905.3,919.0,915.1,1094.7,735.1,5246,4747843.1
2014-01-15,915.0,923.0,894.0,915.1,904.85,896.7,1094.7,735.1,5662,5131319.7
2014-01-16,897.95,912.0,890.25,896.7,890.25,893.35,1094.7,735.1,5389,4854322.7
2014-01-17,895.65,910.0,885.0,893.35,890.0,892.2,1094.7,735.1,5232,4694423.65
2014-01-20,894.0,905.1,876.5,892.2,885.0,888.45,1094.7,735.1,5250,4695158.05
2014-01-21,890.0,894.5,876.0,888.45,885.0,882.2,1094.7,735.1,5426,4814752.1
2014-01-22,880.0,889.9,874.0,882.2,878.0,879.0,1094.7,735.1,7210,6360365.85
2014-01-23,880.0,890.05,870.05,879.0,876.05,881.95,1094.7,735.1,7626,6699328.15
2014-01-24,871.05,907.6,870.0,881.95,877.5,888.15,1094.7,735.1,5965,5255661.7
2014-01-27,882.4,900.0,850.05,888.15,899.0,896.35,1094.7,735.1,5915,5228141.35
2014-01-28,901.0,919.0,885.0,896.35,919.0,909.55,1094.7,735.1,5525,4942997.25
2014-01-29,919.0,919.0,887.95,909.55,890.0,890.0,1094.7,735.1,5277,4770981.85
2014-01-30,890.5,906.0,874.1,890.0,881.0,881.0,1094.7,735.1,5467,4870097.25
2014-01-31,885.0,904.95,876.55,881.0,904.95,890.2,1094.7,735.1,5280,4683821.35
2014-02-03,890.5,929.9,880.0,890.2,902.0,912.35,1094.7,735.1,5698,5181166.35
2014-02-04,912.0,922.95,895.0,912.35,902.0,913.9,1094.7,735.1,5374,4900724.2
2014-02-05,915.0,921.9,900.0,913.9,902.0,913.25,1094.7,735.1,5223,4760569.6
2014-02-06,915.0,918.0,895.5,913.25,895.5,900.45,1094.7,735.1,5491,4980108.2
2014-02-07,901.1,915.4,885.05,900.45,885.05,889.65,1094.7,735.1,5374,4818869.0
2014-02-10,890.35,918.85,880.6,889.65,882.0,885.3,1094.7,735.1,5644,5023188.05
2014-02-11,886.0,909.0,866.6,885.3,882.0,889.4,1094.7,735.1,5148,4573980.1
2014-02-12,899.8,913.95,878.0,889.4,886.2,890.1,1094.7,735.1,10499,9414759.3
2014-02-13,875.0,907.0,870.0,890.1,881.0,888.0,1094.7,735.1,5186,4589440.55
2014-02-14,890.0,899.95,882.1,888.0,896.95,896.0,1094.7,735.1,5160,4583788.4
2014-02-17,896.9,920.95,881.1,896.0,890.0,900.9,1094.7,735.1,5450,4921961.3
2014-02-18,902.0,907.95,885.0,900.9,890.0,890.0,1094.7,735.1,5335,4792729.05
2014-02-19,892.4,908.95,885.0,890.0,908.95,887.6,1094.7,735.1,5142,4601632.45
2014-02-20,902.0,902.0,869.95,887.6,870.0,870.55,1094.7,735.1,5954,5270711.45
2014-02-21,873.0,894.0,865.5,870.55,875.2,882.4,1094.7,735.1,5363,4708960.15
2014-02-24,880.0,894.0,871.2,882.4,871.2,876.7,1048.0,735.1,5120,4511178.05
2014-02-25,870.6,889.1,868.0,876.7,871.0,872.05,1048.0,735.1,5606,4922102.65
2014-02-26,885.4,885.45,868.0,872.05,872.0,877.35,1048.0,735.1,5292,4656346.45
2014-02-28,885.05,900.0,877.35,877.35,880.0,897.9,1048.0,735.1,13690,12121016.0
2014-03-03,890.0,912.0,878.55,897.9,900.0,889.1,1045.0,735.1,5328,4766359.55
2014-03-04,890.0,898.65,880.1,889.1,885.2,887.95,1045.0,735.1,5880,5232419.35
2014-03-05,888.45,906.95,881.35,887.95,890.0,892.45,1045.0,735.1,13260,11821290.65
2014-03-06,892.0,900.85,884.0,892.45,900.0,893.15,1045.0,735.1,11884,10601892.95
2014-03-07,910.0,924.95,890.3,893.15,919.95,918.5,1045.0,735.1,5581,5004603.85
2014-03-10,918.5,961.7,918.5,918.5,961.7,946.9,1045.0,735.1,7923,7380502.4
2014-03-11,958.5,969.95,930.0,946.9,930.0,930.15,1045.0,735.1,6764,6366322.05
2014-03-12,931.95,946.0,928.95,930.15,930.3,933.55,1045.0,735.1,5327,4968624.9
2014-03-13,933.95,933.95,913.1,933.55,920.0,920.05,1045.0,735.1,10641,9787768.0
2014-03-14,901.8,917.95,900.0,920.05,908.15,906.2,1045.0,735.1,99463,89950575.7
2014-03-18,893.95,909.95,881.25,906.2,883.05,883.3,1045.0,735.1,3846,3421409.8
2014-03-19,894.0,894.0,872.2,883.3,875.0,875.0,1045.0,735.1,3169,2777037.95
2014-03-20,889.5,889.5,871.5,875.0,872.0,875.05,1045.0,735.1,1814,1591281.05
2014-03-21,888.5,888.5,850.0,875.05,850.0,853.1,1045.0,735.1,3188,2749720.3
2014-03-22,855.1,873.0,850.85,853.1,854.0,859.65,1045.0,735.1,870,746434.45
2014-03-24,862.5,874.85,846.1,859.65,869.95,859.9,1045.0,735.1,9286,7991673.25
2014-03-25,863.0,870.0,850.0,859.9,853.05,853.2,1045.0,735.1,8354,7203411.0
2014-03-26,860.0,860.0,840.0,853.2,849.5,842.45,1045.0,735.1,3517,2991747.5
2014-03-27,840.05,856.0,840.05,842.45,856.0,850.0,1045.0,735.1,5607,4771450.55
2014-03-28,854.95,863.0,850.0,850.0,860.0,861.2,1045.0,735.1,5923,5091204.15
2014-03-31,864.0,909.8,851.25,861.2,876.15,882.8,1045.0,735.1,13307,11612951.6
2014-04-01,885.0,898.9,861.0,882.8,861.05,862.6,1045.0,735.1,2870,2502097.1
2014-04-02,864.05,899.5,860.0,862.6,894.0,894.5,1045.0,735.1,4785,4220529.95
2014-04-03,890.45,915.55,870.4,894.5,893.0,897.85,1045.0,735.1,2551,2285479.9
2014-04-04,900.05,926.0,883.0,897.85,911.1,914.05,1045.0,735.1,2507,2267649.9
2014-04-07,905.0,915.0,905.0,914.05,905.0,907.8,1045.0,735.1,1885,1713755.95
2014-04-09,911.05,924.5,900.0,907.8,920.0,920.0,1045.0,735.1,5866,5379418.0
2014-04-10,911.2,948.4,911.2,920.0,930.05,930.25,1045.0,735.1,4297,3989968.6
2014-04-11,930.0,951.0,914.0,930.25,950.0,944.0,1045.0,735.1,2309,2163597.1
2014-04-15,943.0,964.0,925.1,944.0,954.0,954.0,1045.0,735.1,2298,2174155.25
2014-04-16,953.0,984.0,941.15,954.0,976.45,978.5,1045.0,735.1,80595,78837306.9
2014-04-17,1000.0,1000.0,960.55,978.5,981.05,988.55,1045.0,735.1,2213,2187824.95
2014-04-21,999.0,1060.0,980.0,988.55,1050.0,1048.7,1060.0,735.1,9435,9750004.55
2014-04-22,1079.7,1105.0,1036.0,1048.7,1040.0,1057.7,1105.0,735.1,8452,9016013.7
2014-04-23,1030.0,1049.0,991.0,1057.7,1017.0,1011.05,1105.0,735.1,2749,2792314.55
2014-04-25,1029.95,1029.95,1000.0,1011.05,1024.0,1021.05,1105.0,735.1,2267,2297184.95
2014-04-28,1020.0,1050.0,1015.0,1021.05,1049.8,1042.2,1105.0,735.1,7385,7593431.05
2014-04-29,1045.0,1167.45,1003.25,1042.2,1131.0,1149.35,1167.45,735.1,21935,24770601.1
2014-04-30,1149.35,1179.85,1060.0,1149.35,1075.0,1098.1,1179.85,735.1,22374,25434042.95
2014-05-02,1118.0,1129.9,1073.0,1098.1,1108.0,1108.0,1179.85,735.1,58336,63625770.8
2014-05-05,1124.9,1228.0,1110.0,1108.0,1190.0,1194.0,1228.0,735.1,39594,46961809.6
2014-05-06,1199.0,1249.9,1190.0,1194.0,1222.0,1217.75,1249.9,735.1,7384,9028450.0
2014-05-07,1195.0,1227.0,1161.0,1217.75,1161.5,1168.3,1249.9,735.1,3508,4173869.05
2014-05-08,1170.0,1219.0,1170.0,1168.3,1203.0,1207.55,1249.9,735.1,9721,11513702.1
2014-05-09,1197.0,1204.9,1162.2,1207.55,1185.0,1185.65,1249.9,735.1,4735,5608422.25
2014-05-12,1242.0,1242.0,1150.5,1185.65,1190.0,1189.2,1249.9,735.1,8653,10251360.5
2014-05-13,1175.0,1210.8,1170.0,1189.2,1204.0,1200.8,1249.9,735.1,4085,4867166.85
2014-05-14,1195.0,1247.55,1195.0,1200.8,1225.0,1219.35,1249.9,735.1,6194,7594119.8
2014-05-15,1200.0,1242.5,1199.0,1219.35,1202.1,1211.8,1249.9,735.1,4478,5442687.15
2014-05-16,1181.6,1269.9,1180.0,1211.8,1231.0,1239.7,1269.9,735.1,6170,7634309.05
2014-05-19,1240.0,1300.05,1237.1,1239.7,1273.05,1287.4,1300.05,735.1,10350,13122241.9
2014-05-20,1345.0,1438.0,1291.0,1287.4,1425.0,1383.35,1438.0,735.1,11626,15666334.95
2014-05-21,1400.0,1475.0,1400.0,1383.35,1475.0,1462.2,1475.0,735.1,19668,28553828.65
2014-05-22,1479.0,1490.8,1445.0,1462.2,1450.0,1462.75,1490.8,735.1,19384,28484696.0
2014-05-23,1451.0,1535.0,1451.0,1462.75,1529.0,1524.95,1535.0,735.1,83179,124810653.25
2014-05-26,1549.95,1630.0,1500.0,1524.95,1520.0,1526.3,1630.0,735.1,4987,7664462.05
2014-05-27,1565.95,1575.0,1421.15,1526.3,1525.0,1528.4,1630.0,735.1,15610,23684611.3
2014-05-28,1500.2,1559.8,1487.95,1528.4,1546.0,1532.6,1630.0,735.1,2913,4438838.3
2014-05-29,1508.0,1577.0,1508.0,1532.6,1560.0,1560.3,1630.0,735.1,19695,30077883.25
2014-05-30,1549.95,1606.95,1426.0,1560.3,1476.9,1463.2,1630.0,735.1,62059,91001383.8
2014-06-02,1475.5,1575.0,1471.0,1463.2,1575.0,1561.5,1630.0,735.1,6503,9950252.2
2014-06-03,1773.0,1773.0,1560.0,1561.5,1570.0,1568.8,1773.0,735.1,3268,5166300.95
2014-06-04,1500.05,1580.0,1500.05,1568.8,1580.0,1579.2,1773.0,735.1,3724,5810351.75
2014-06-05,1575.0,1599.0,1516.2,1579.2,1590.0,1590.3,1773.0,735.1,3326,5237723.95
2014-06-06,1649.0,1649.0,1525.0,1590.3,1584.0,1583.35,1773.0,735.1,4139,6563636.7
2014-06-09,1551.0,1650.0,1520.0,1583.35,1615.1,1636.25,1773.0,735.1,6056,9841985.8
2014-06-10,1600.0,1672.0,1600.0,1636.25,1661.0,1670.65,1773.0,735.1,26118,42293593.75
2014-06-11,1670.0,1745.0,1656.0,1670.65,1737.9,1712.9,1773.0,735.1,4086,6945445.0
2014-06-12,1701.05,1874.0,1700.0,1712.9,1802.1,1841.5,1874.0,735.1,13735,24760145.2
2014-06-13,1841.0,1935.0,1830.0,1841.5,1869.0,1864.55,1935.0,735.1,9421,17795328.4
2014-06-16,1871.4,2068.9,1840.05,1864.55,1951.0,1948.55,2068.9,735.1,26394,51529237.15
2014-06-17,1986.95,2019.0,1962.0,1948.55,2018.0,1997.35,2068.9,735.1,4783,9529504.6
2014-06-18,2019.35,2187.0,2015.0,1997.35,2120.0,2138.65,2187.0,735.1,22491,48127754.6
2014-06-19,2140.0,2250.0,2030.0,2138.65,2058.05,2055.4,2250.0,735.1,7100,15077117.1
2014-06-20,2065.0,2065.0,1902.15,2055.4,1951.1,1963.25,2250.0,735.1,7133,13984284.4
2014-06-23,1998.95,2000.0,1910.0,1963.25,1973.0,1989.25,2250.0,735.1,5138,10216339.4
2014-06-24,1915.0,2227.0,1915.0,1989.25,2092.5,2116.15,2250.0,735.1,10578,22405670.85
2014-06-25,2116.0,2214.0,2050.05,2116.15,2109.0,2112.1,2250.0,735.1,10098,21928969.75
2014-06-26,2165.0,2165.0,2021.15,2112.1,2056.0,2065.75,2250.0,735.1,9014,18618379.15
2014-06-27,2080.0,2123.95,2020.0,2065.75,2027.7,2035.75,2250.0,735.1,4656,9558376.2
2014-08-06,2155.0,2172.9,2110.0,2149.3,2150.0,2149.75,2250.0,735.1,4945,10594277.9
2014-08-07,2182.95,2185.0,2131.0,2149.75,2150.0,2149.45,2250.0,735.1,2155,4633152.3
2014-08-08,2149.95,2157.9,2080.05,2149.45,2110.0,2110.0,2250.0,735.1,533,1126507.75
2014-08-11,2111.05,2140.0,2111.0,2110.0,2130.0,2130.2,2250.0,735.1,894,1899719.85
2014-08-12,2090.1,2130.0,2050.0,2130.2,2095.0,2098.45,2250.0,735.1,5138,10765880.25
2014-08-13,2028.0,2090.6,1994.0,2098.45,2000.0,2013.0,2250.0,735.1,4224,8609341.65
2014-08-14,1990.0,2012.05,1965.0,2013.0,1980.05,1998.75,2250.0,735.1,2286,4564231.65
2014-08-18,1975.0,2090.0,1960.0,1998.75,2020.0,2009.15,2250.0,735.1,6105,12278485.0
2014-08-19,2035.0,2070.0,2020.0,2009.15,2020.1,2020.1,2250.0,735.1,1700,3471124.7
2014-08-20,2040.0,2040.0,2001.0,2020.1,2001.0,2007.9,2250.0,735.1,2473,5017481.2
2014-08-21,1993.05,2080.0,1991.0,2007.9,2020.1,2028.6,2250.0,735.1,6500,13195718.95
2014-08-22,2028.05,2069.0,2006.25,2028.6,2015.0,2017.45,2250.0,735.1,1319,2666078.4
2014-08-25,2000.0,2046.95,1971.0,2017.45,1980.0,1975.0,2250.0,735.1,2548,5043489.85
2014-08-26,2000.0,2019.95,1910.0,1975.0,2000.0,2000.0,2250.0,735.1,359,714301.8
2014-08-27,2018.0,2048.9,2002.0,2000.0,2045.0,2040.7,2250.0,735.1,2475,5040083.2
2014-08-28,2050.0,2142.7,2020.0,2040.7,2080.0,2079.85,2250.0,735.1,3525,7386005.4
2014-09-01,2080.0,2108.0,2040.05,2079.85,2085.0,2092.1,2250.0,750.05,1290,2687154.45
2014-09-02,2100.0,2150.0,2100.0,2092.1,2135.0,2124.65,2250.0,750.05,11159,23462352.6
2014-09-03,2135.0,2173.95,2100.0,2124.65,2134.7,2116.15,2250.0,750.05,9412,20063367.25
2014-09-04,2120.05,2220.0,2075.0,2116.15,2101.0,2092.35,2250.0,750.05,5543,11813417.95
2014-09-05,2100.0,2163.1,2100.0,2092.35,2130.0,2129.05,2250.0,750.05,3133,6671896.95
2014-09-08,2035.0,2250.0,2035.0,2129.05,2220.0,2217.4,2250.0,804.0,4584,10097330.55
2014-09-09,2240.0,2379.0,2180.05,2217.4,2329.0,2336.25,2379.0,804.0,9060,21130139.75
2014-09-10,2350.0,2499.0,2292.0,2336.25,2360.0,2353.3,2499.0,804.0,7962,18758807.1
2014-09-11,2301.5,2460.0,2301.5,2353.3,2424.95,2434.7,2499.0,804.0,4795,11606356.2
2014-09-12,2440.0,2468.95,2381.15,2434.7,2400.0,2426.9,2499.0,804.0,3656,8834001.65
2014-09-15,2449.8,2449.8,2350.0,2426.9,2448.0,2415.1,2499.0,804.0,1903,4555023.9
2014-09-16,2429.75,2429.75,2186.0,2415.1,2200.0,2276.3,2499.0,804.0,2119,5000733.6
2014-09-17,2300.0,2415.0,2153.1,2276.3,2360.05,2388.95,2499.0,804.0,2053,4746547.4
2014-09-18,2472.8,2472.8,2332.5,2388.95,2415.0,2434.6,2499.0,804.0,1813,4414844.75
2014-09-19,2450.0,2462.95,2377.75,2434.6,2429.0,2423.1,2499.0,804.0,552,1330012.45
2014-09-22,2401.0,2650.0,2399.0,2423.1,2545.0,2563.4,2650.0,804.0,4524,11441501.7
2014-09-23,2560.0,2610.0,2449.95,2563.4,2475.0,2472.2,2650.0,804.0,3723,9451985.55
2014-09-24,2480.0,2557.85,2420.0,2472.2,2420.0,2439.85,2650.0,804.0,1888,4663779.3
2014-09-25,2440.0,2485.0,2260.0,2439.85,2351.25,2365.75,2650.0,804.0,1450,3417603.3
2014-09-26,2351.25,2443.95,2236.0,2365.75,2411.0,2418.7,2650.0,804.0,842,2005396.6
2014-09-29,2403.45,2450.0,2380.4,2418.7,2425.0,2422.55,2650.0,804.0,1150,2786142.05
2014-09-30,2468.0,2468.0,2315.0,2422.55,2391.0,2397.8,2650.0,804.0,1673,3995037.65
2014-10-01,2399.0,2413.0,2326.2,2397.8,2369.95,2386.65,2650.0,804.0,1512,3574877.6
2014-10-07,2386.0,2405.0,2331.1,2386.65,2373.95,2347.6,2650.0,804.0,410,967214.75
2014-10-08,2326.0,2439.0,2325.15,2347.6,2400.0,2405.95,2650.0,804.0,1249,2981959.95
2014-10-09,2381.9,2431.0,2355.0,2405.95,2431.0,2429.3,2650.0,804.0,733,1764133.15
2014-10-10,2350.0,2489.95,2350.0,2429.3,2460.0,2451.9,2650.0,804.0,3973,9730266.65
2014-10-13,2351.05,2479.75,2351.05,2451.9,2450.0,2443.8,2650.0,804.0,521,1255259.45
2014-10-14,2450.0,2466.45,2393.75,2443.8,2431.0,2429.55,2650.0,804.0,669,1628957.5
2014-10-16,2430.0,2470.0,2389.85,2429.55,2400.0,2406.85,2650.0,804.0,2176,5270515.4
2014-10-17,2390.15,2461.5,2389.05,2406.85,2450.0,2450.0,2650.0,804.0,11518,28207511.7
2014-10-20,2499.0,2499.0,2392.0,2450.0,2410.0,2432.9,2650.0,804.0,402,974440.0
2014-10-21,2450.0,2450.0,2380.05,2432.9,2434.2,2432.9,2650.0,804.0,743,1805350.9
2014-10-22,2447.3,2449.95,2388.55,2432.9,2420.0,2420.5,2650.0,804.0,876,2116563.5
2014-10-23,2497.95,2497.95,2421.0,2420.5,2450.0,2443.9,2650.0,804.0,144,352885.4
2014-10-27,2402.0,2459.95,2401.1,2443.9,2436.0,2433.45,2650.0,804.0,764,1860488.2
2014-10-28,2412.5,2436.0,2394.0,2433.45,2425.5,2427.95,2650.0,804.0,2787,6771120.8
2014-10-29,2417.6,2467.0,2406.0,2427.95,2463.0,2464.25,2650.0,804.0,18352,45067652.45
2014-10-30,2440.05,2490.0,2440.05,2464.25,2490.0,2470.35,2650.0,804.0,2670,6605525.15
2014-10-31,2405.05,2569.8,2405.05,2470.35,2515.0,2511.25,2650.0,804.0,3173,7970139.4
2014-11-03,2535.0,2578.05,2535.0,2511.25,2550.0,2570.75,2650.0,804.0,3260,8320354.1
2014-11-05,2550.0,2608.0,2550.0,2570.75,2581.0,2595.4,2650.0,804.0,1097,2844948.1
2014-11-07,2601.0,2674.95,2571.0,2595.4,2585.0,2590.55,2674.95,804.0,1990,5176952.85
2014-11-10,2601.3,2620.0,2220.5,2590.55,2560.0,2562.85,2674.95,804.0,2558,6523092.55
2014-11-11,2562.15,2562.25,2451.05,2562.85,2500.0,2499.1,2674.95,804.0,12314,30848962.15
2014-11-12,2500.0,2622.0,2461.1,2499.1,2555.85,2550.95,2674.95,804.0,6166,15784685.25
2014-11-13,2545.4,2579.0,2500.0,2550.95,2515.0,2510.7,2674.95,804.0,5410,13738603.95
2014-11-14,2528.0,2555.0,2451.0,2510.7,2548.0,2527.5,2674.95,804.0,1411,3535471.0
2014-11-17,2645.0,2678.1,2461.05,2527.5,2659.05,2649.8,2678.1,804.0,11891,31476885.65
2014-11-18,2600.3,2675.0,2600.3,2649.8,2659.5,2639.95,2678.1,804.0,2649,6980341.65
2014-11-19,2624.95,2678.85,2552.0,2639.95,2570.0,2573.3,2678.85,804.0,457,1186124.9
2014-11-20,2502.3,2665.15,2502.3,2573.3,2650.0,2650.0,2678.85,804.0,16810,44205423.6
2014-11-21,2623.5,2669.9,2611.85,2650.0,2654.1,2649.6,2678.85,804.0,315,835695.45
2014-11-24,2650.0,2700.0,2599.8,2649.6,2700.0,2690.1,2700.0,804.0,1703,4549310.1
2014-11-25,2689.9,2697.95,2553.7,2690.1,2602.0,2599.2,2700.0,804.0,868,2266850.55
2014-11-26,2653.75,2655.0,2556.0,2599.2,2565.0,2572.4,2700.0,804.0,330,860401.15
2014-11-27,2550.0,2650.0,2550.0,2572.4,2650.0,2635.65,2700.0,804.0,5192,13667405.5
2014-11-28,2601.05,2671.8,2580.0,2635.65,2649.1,2669.45,2700.0,804.0,908,2385866.5
2014-12-01,2601.25,2639.95,2570.0,2669.45,2590.0,2579.65,2700.0,840.0,1638,4244218.4
2014-12-02,2637.0,2639.95,2555.05,2579.65,2597.0,2597.0,2700.0,840.0,297,768476.0
2014-12-03,2605.0,2670.0,2605.0,2597.0,2670.0,2666.6,2700.0,840.0,745,1970144.8
2014-12-04,2664.95,2827.5,2629.95,2666.6,2810.0,2796.05,2827.5,840.0,5248,14400038.25
2014-12-05,2797.2,2850.05,2797.2,2796.05,2814.0,2813.55,2850.05,840.0,3552,10098109.8
2014-12-08,2839.55,2900.0,2781.15,2813.55,2872.0,2869.05,2900.0,840.0,3263,9320606.95
2014-12-09,2898.8,2900.0,2715.5,2869.05,2798.0,2789.05,2900.0,840.0,1837,5219279.15
2014-12-10,2798.0,2850.0,2721.05,2789.05,2840.0,2844.45,2900.0,840.0,1353,3768325.8
2014-12-11,2776.0,2876.0,2776.0,2844.45,2849.7,2848.85,2900.0,840.0,897,2536727.8
2014-12-12,2850.0,2888.0,2835.0,2848.85,2885.0,2879.25,2900.0,840.0,1859,5314455.5
2014-12-15,2850.15,2891.0,2834.0,2879.25,2873.0,2874.15,2900.0,840.0,1166,3348021.95
2014-12-16,2861.2,2869.0,2703.9,2874.15,2767.75,2731.5,2900.0,840.0,1276,3537043.65
2014-12-17,2778.85,2849.9,2650.0,2731.5,2810.9,2844.25,2900.0,840.0,3465,9548420.85
2014-12-18,2861.95,2899.9,2815.1,2844.25,2815.1,2834.75,2900.0,840.0,877,2500349.65
2014-12-19,2816.0,2881.4,2800.5,2834.75,2800.5,2847.5,2900.0,840.0,4657,13276943.7
2014-12-22,2865.0,2865.0,2771.0,2847.5,2800.0,2800.9,2900.0,840.0,748,2094543.0
2014-12-23,2809.95,2809.95,2701.0,2800.9,2779.0,2770.75,2900.0,840.0,1077,3001727.9
2014-12-24,2784.85,2784.85,2726.0,2770.75,2748.0,2734.9,2900.0,840.0,679,1876008.65
2014-12-26,2750.0,2750.0,2700.0,2734.9,2734.0,2732.85,2900.0,840.0,738,2015963.9
2014-12-29,2749.95,2769.95,2703.1,2732.85,2707.1,2712.05,2900.0,840.0,679,1849658.55
2014-12-30,2729.0,2729.0,2677.0,2712.05,2677.0,2684.75,2900.0,840.0,2808,7565435.5
2014-12-31,2695.0,2795.0,2668.0,2684.75,2694.0,2696.4,2900.0,840.0,4988,13481845.45
2015-01-01,2700.05,2715.0,2650.0,2696.4,2700.0,2696.85,2900.0,840.0,4963,13274747.65
2015-01-02,2680.0,2729.9,2680.0,2696.85,2710.05,2712.3,2900.0,840.0,3224,8731305.6
2015-01-05,2729.0,2790.0,2691.0,2712.3,2790.0,2772.85,2900.0,840.0,1429,3912039.5
2015-01-06,2756.05,2756.05,2695.0,2772.85,2715.0,2718.65,2900.0,840.0,2624,7102118.0
2015-01-07,2700.15,2783.7,2700.15,2718.65,2783.7,2766.0,2900.0,840.0,2353,6411509.1
2015-01-08,2798.95,2993.0,2775.0,2766.0,2886.0,2875.05,2993.0,840.0,2613,7605648.1
2015-01-09,2816.25,3000.0,2816.25,2875.05,2910.05,2924.15,3000.0,840.0,1425,4206325.2
2015-01-12,2997.9,3050.0,2951.9,2924.15,2962.0,2977.95,3050.0,840.0,1943,5835857.55
2015-01-13,3095.0,3095.0,2985.0,2977.95,3000.0,3004.5,3095.0,840.0,1146,3464495.4
2015-01-14,3049.0,3050.0,2976.0,3004.5,2987.0,2995.85,3095.0,840.0,864,2596389.9
2015-01-15,3025.0,3044.0,2911.0,2995.85,3025.0,2963.5,3095.0,840.0,773,2304703.55
2015-01-16,2934.35,3050.0,2934.35,2963.5,3020.0,3006.0,3095.0,840.0,377,1127126.85
2015-01-19,3059.9,3090.0,3010.0,3006.0,3080.0,3082.15,3095.0,840.0,2436,7491003.7
2015-01-20,3098.85,3098.85,2965.75,3082.15,3081.0,3083.25,3098.85,840.0,2343,7146517.3
2015-01-21,3033.0,3125.0,3033.0,3083.25,3097.0,3092.55,3125.0,840.0,2971,9200565.1
2015-01-22,3112.15,3112.15,3040.0,3092.55,3041.0,3053.8,3125.0,840.0,2402,7401717.05
2015-01-23,3094.95,3105.0,3021.05,3053.8,3060.0,3090.5,3125.0,840.0,3202,9874006.0
2015-01-27,3109.0,3174.95,3071.0,3090.5,3089.5,3082.85,3174.95,840.0,1645,5138999.7
2015-01-28,3015.1,3125.0,3015.0,3082.85,3100.0,3089.8,3174.95,840.0,3261,10084130.85
2015-01-29,3126.55,3126.6,3079.95,3089.8,3090.0,3097.15,3174.95,840.0,1628,5048328.35
2015-01-30,3119.85,3150.0,3051.05,3097.15,3099.0,3100.55,3174.95,840.0,4374,13513889.7
2015-02-02,3066.45,3149.7,3050.95,3100.55,3095.0,3092.9,3174.95,840.0,1906,5902719.8
2015-02-03,3099.95,3134.95,3071.0,3092.9,3100.0,3096.95,3174.95,840.0,523,1619969.4
2015-02-04,3120.0,3149.0,3081.5,3096.95,3086.0,3086.75,3174.95,840.0,1382,4286943.6
2015-02-05,3129.9,3129.9,3050.75,3086.75,3050.75,3071.0,3174.95,840.0,2897,8999563.05
2015-02-06,3100.0,3100.0,3031.0,3071.0,3081.0,3075.65,3174.95,840.0,364,1114119.95
2015-02-09,3000.0,3074.25,3000.0,3075.65,3074.25,3069.35,3174.95,840.0,895,2713893.9
2015-02-10,3069.35,3115.0,3015.0,3069.35,3055.0,3055.6,3174.95,840.0,1680,5189170.85
2015-02-11,3094.9,3098.0,3030.5,3055.6,3030.5,3039.9,3174.95,840.0,10451,31781865.6
2015-02-12,3050.05,3110.0,3040.05,3039.9,3040.05,3055.8,3174.95,840.0,1714,5286973.4
2015-02-13,3098.95,3099.0,3030.0,3055.8,3050.0,3049.25,3174.95,840.0,8580,26189049.65
2015-02-16,3109.0,3109.0,3051.0,3049.25,3090.0,3086.65,3174.95,840.0,1086,3350309.85
2015-02-18,3127.85,3127.85,3050.0,3086.65,3120.0,3082.7,3174.95,840.0,9009,27864716.4
2015-02-19,3129.95,3409.0,3100.0,3082.7,3201.0,3236.35,3409.0,840.0,3715,12067653.15
2015-02-20,3236.35,3620.0,3236.35,3236.35,3405.0,3424.55,3620.0,840.0,14685,50782252.05
2015-02-23,3420.0,3524.05,3326.0,3424.55,3350.0,3352.35,3620.0,840.0,5626,19428183.75
2015-02-24,3395.0,3436.0,3312.0,3352.35,3324.0,3329.8,3620.0,840.0,1777,5967027.1
2015-02-25,3330.0,3395.0,3185.0,3329.8,3186.1,3226.35,3620.0,840.0,4329,14363325.2
2015-02-26,3226.2,3300.0,3200.0,3226.35,3235.0,3247.85,3620.0,840.0,1000,3233306.4
2015-02-27,3259.9,3350.05,3247.8,3247.85,3315.0,3314.15,3620.0,840.0,4403,14652717.65
2015-02-28,3375.0,3438.8,3232.1,3314.15,3270.0,3286.6,3620.0,840.0,3372,11218214.7
2015-03-02,3360.0,3360.0,3191.75,3286.6,3202.0,3224.35,3620.0,840.0,7031,22727385.25
2015-03-03,3202.05,3241.25,3151.75,3224.35,3207.1,3228.95,3620.0,840.0,1059,3410332.15
2015-03-04,3250.0,3262.0,3161.15,3228.95,3220.0,3214.15,3620.0,840.0,8758,28025151.25
2015-03-05,3176.25,3299.0,3176.25,3214.15,3265.0,3259.05,3620.0,840.0,1747,5658011.45
2015-03-09,3424.0,3424.0,3200.0,3259.05,3305.0,3279.95,3620.0,840.0,2358,7707735.4
2015-03-10,3210.0,3310.0,3210.0,3279.95,3280.0,3277.65,3620.0,840.0,1462,4783509.55
2015-03-11,3276.55,3359.0,3244.8,3277.65,3340.0,3346.65,3620.0,840.0,1547,5131356.45
2015-03-12,3399.6,3405.0,3301.05,3346.65,3400.0,3390.4,3620.0,840.0,1410,4761345.8
2015-03-13,3460.0,3460.0,3310.0,3390.4,3310.0,3362.85,3620.0,840.0,55029,187076287.45
2015-03-16,3340.05,3618.55,3335.0,3362.85,3495.0,3489.45,3620.0,840.0,32445,108980199.6
2015-03-17,3489.45,3532.85,3380.8,3489.45,3481.95,3467.85,3620.0,840.0,2227,7686554.4
2015-03-18,3458.65,3490.0,3380.0,3467.85,3430.0,3428.9,3620.0,840.0,1001,3436911.15
2015-03-19,3426.9,3496.15,3254.05,3428.9,3390.0,3344.9,3620.0,840.0,12472,42746337.35
2015-03-20,3400.0,3400.0,3200.0,3344.9,3300.0,3231.95,3620.0,840.0,1261,4147738.55
2015-03-23,3275.6,3300.0,3245.9,3231.95,3296.0,3269.75,3620.0,840.0,17800,58039180.45
2015-03-24,3267.15,3267.15,3200.0,3269.75,3201.0,3221.9,3620.0,840.0,578,1870633.8
2015-03-25,3265.4,3390.0,3255.0,3221.9,3300.0,3305.2,3620.0,840.0,854,2849240.8
2015-03-26,3300.05,3337.0,3256.05,3305.2,3261.0,3265.0,3620.0,840.0,30559,100983779.3
2015-03-27,3299.9,3299.9,3201.45,3265.0,3240.0,3245.0,3620.0,840.0,89721,291143462.45
2015-03-30,3275.0,3435.0,3270.1,3245.0,3420.1,3369.7,3620.0,851.25,1064,3597945.1
2015-03-31,3370.0,3500.0,3369.9,3369.7,3400.0,3402.55,3620.0,851.25,1647,5683809.95
2015-04-01,3419.95,3448.45,3380.05,3402.55,3380.05,3403.9,3620.0,851.25,2785,9479103.85
2015-04-06,3430.0,3489.95,3400.0,3403.9,3450.0,3447.75,3620.0,900.0,2182,7511274.25
2015-04-07,3499.95,3654.6,3363.15,3447.75,3500.0,3497.15,3654.6,900.0,2424,8493665.75
2015-04-08,3560.0,3662.0,3510.0,3497.15,3520.95,3542.8,3662.0,900.0,4455,15984378.5
2015-04-09,3500.0,3880.05,3500.0,3542.8,3648.0,3648.1,3880.05,900.0,5716,21224812.65
2015-04-10,3700.0,3826.2,3652.7,3648.1,3735.0,3692.15,3880.05,900.0,14517,54042367.1
2015-04-13,3800.0,3819.0,3710.3,3692.15,3809.0,3799.35,3880.05,925.1,1680,6372614.7
2015-04-15,3844.0,3879.0,3701.05,3799.35,3795.0,3810.3,3880.05,925.1,2517,9602221.45
2015-04-16,3831.95,3855.5,3740.0,3810.3,3750.0,3750.8,3880.05,925.1,1395,5254206.8
2015-04-17,3800.0,3838.95,3667.0,3750.8,3667.0,3738.9,3880.05,925.1,2709,10250339.35
2015-04-20,3741.95,3773.95,3550.0,3738.9,3568.0,3560.6,3880.05,980.0,2421,8695836.5
2015-04-21,3699.95,3699.95,3485.0,3560.6,3494.55,3494.55,3880.05,980.0,26904,94694327.75
2015-04-22,3475.0,3550.0,3475.0,3494.55,3519.0,3514.75,3880.05,980.0,791,2779117.65
2015-04-23,3550.0,3590.0,3499.0,3514.75,3536.55,3505.35,3880.05,980.0,667,2343327.0
2015-04-24,3480.15,3599.95,3392.0,3505.35,3415.0,3404.2,3880.05,980.0,1744,5998409.4
2015-04-27,3639.95,3639.95,3251.0,3404.2,3470.0,3386.15,3880.05,1003.25,1519,5194592.8
2015-04-28,3265.6,3493.9,3265.6,3386.15,3389.05,3389.1,3880.05,1003.25,5388,18391863.65
2015-04-29,3330.25,3428.55,3272.7,3389.1,3359.0,3378.2,3880.05,1003.25,921,3098963.65
2015-04-30,3359.0,3465.0,3359.0,3378.2,3390.0,3387.15,3880.05,1003.25,1014,3455741.25
2015-05-04,3475.0,3599.0,3405.15,3387.15,3460.0,3482.6,3880.05,1110.0,817,2873867.05
2015-05-05,3579.9,3590.0,3486.95,3482.6,3589.0,3580.1,3880.05,1110.0,10511,37315882.25
2015-05-06,3482.15,3587.95,3401.1,3580.1,3407.0,3424.15,3880.05,1110.0,1117,3862793.6
2015-05-07,3469.95,3470.0,3389.0,3424.15,3410.0,3410.55,3880.05,1110.0,13632,46678480.15
2015-05-08,3354.95,3460.0,3255.1,3410.55,3320.0,3332.1,3880.05,1110.0,1764,5962324.3
2015-05-11,3400.0,3450.0,3333.35,3332.1,3360.0,3352.45,3880.05,1150.5,800,2699044.4
2015-05-12,3345.05,3413.9,3330.0,3352.45,3400.0,3388.15,3880.05,1150.5,1030,3480839.9
2015-05-14,3395.05,3438.0,3341.2,3399.85,3400.0,3414.1,3880.05,1150.5,2364,8038989.65
2015-05-15,3422.25,3422.25,3365.0,3414.1,3380.0,3376.7,3880.05,1150.5,6028,20452863.95
2015-05-18,3350.55,3485.0,3350.0,3376.7,3390.0,3385.0,3880.05,1237.1,2451,8316737.95
2015-05-19,3448.7,3448.7,3375.0,3385.0,3400.0,3399.9,3880.05,1237.1,10790,36683630.8
2015-05-20,3379.95,3499.0,3379.95,3399.9,3448.0,3436.55,3880.05,1237.1,1588,5433585.05
2015-05-21,3470.05,3475.0,3418.0,3436.55,3420.0,3426.15,3880.05,1237.1,363,1246633.1
2015-05-22,3428.2,3499.0,3321.0,3426.15,3490.0,3478.45,3880.05,1237.1,44617,154228472.25
2015-05-25,3498.45,3580.0,3481.95,3478.45,3550.0,3542.05,3880.05,1421.15,5104,18073571.85
2015-05-26,3540.0,3540.0,3450.0,3542.05,3450.0,3451.15,3880.05,1421.15,860,2986360.0
2015-05-27,3450.0,3539.95,3415.05,3451.15,3500.0,3462.5,3880.05,1421.15,73795,254784020.5
2015-05-28,3452.05,3500.0,3410.0,3462.5,3500.0,3491.5,3880.05,1421.15,4597,15820070.5
2015-05-29,3503.55,3519.85,3436.1,3491.5,3469.95,3464.2,3880.05,1421.15,9342,32659188.2
2015-06-01,3464.95,3590.0,3464.95,3464.2,3480.1,3497.5,3880.05,1471.0,1073,3786740.65
2015-06-02,3480.1,3501.15,3450.0,3497.5,3450.0,3450.1,3880.05,1471.0,10920,37780345.7
2015-06-03,3429.95,3520.0,3380.0,3450.1,3406.0,3388.65,3880.05,1471.0,831,2863558.45
2015-06-04,3398.05,3430.0,3351.1,3388.65,3400.0,3419.8,3880.05,1471.0,50575,172953358.1
2015-06-05,3451.05,3540.0,3450.0,3419.8,3505.25,3501.85,3880.05,1471.0,1821,6351482.7
2015-06-08,3454.95,3514.0,3429.0,3501.85,3505.0,3497.4,3880.05,1520.0,425,1483030.55
2015-06-09,3435.1,3524.95,3431.0,3497.4,3474.1,3464.1,3880.05,1520.0,1602,5538465.1
2015-06-10,3438.1,3537.0,3438.1,3464.1,3525.0,3506.95,3880.05,1520.0,18856,65973087.3
2015-06-11,3515.4,3600.05,3490.25,3506.95,3518.0,3514.45,3880.05,1520.0,923,3263928.65
2015-06-12,3477.6,3550.0,3474.0,3514.45,3549.9,3542.75,3880.05,1520.0,40314,141505071.4
2015-06-15,3531.6,3571.0,3451.0,3542.75,3564.8,3559.15,3880.05,1821.75,515,1813421.9
2015-06-16,3600.0,3600.0,3486.2,3559.15,3505.1,3510.25,3880.05,1821.75,4652,16533819.55
2015-06-17,3575.0,3651.65,3537.5,3510.25,3621.15,3624.85,3880.05,1821.75,4757,17063356.9
2015-06-18,3649.0,3740.0,3644.5,3624.85,3688.75,3689.75,3880.05,1821.75,1585,5861950.6
2015-06-19,3742.95,3750.0,3687.0,3689.75,3695.0,3698.4,3880.05,1821.75,2540,9421533.25
2015-06-22,3770.0,3811.4,3666.35,3698.4,3750.0,3746.9,3880.05,1821.75,1423,5344575.1
2015-06-23,3820.0,3820.0,3710.7,3746.9,3770.0,3763.15,3880.05,1821.75,1293,4862209.8
2015-06-24,3760.0,3775.0,3711.0,3763.15,3736.25,3743.35,3880.05,1821.75,2327,8740269.1
2015-06-25,3736.25,3736.25,3654.0,3743.35,3689.0,3680.4,3880.05,1821.75,596,2198679.7
2015-06-26,3680.0,3710.05,3652.0,3680.4,3698.0,3684.2,3880.05,1821.75,339,1249003.95
2015-06-29,3680.0,3680.0,3590.0,3684.2,3622.0,3638.7,3880.05,1821.75,15267,54972194.2
2015-06-30,3693.75,3720.0,3551.0,3638.7,3710.0,3712.75,3880.05,1821.75,1737,6368670.75
2015-07-01,3745.0,3745.0,3636.0,3712.75,3705.0,3669.7,3880.05,1821.75,3203,11786998.4
2015-07-02,3661.1,3800.0,3625.0,3669.7,3775.0,3773.9,3880.05,1821.75,2602,9697695.1
2015-07-03,3800.0,3800.05,3705.1,3773.9,3715.0,3744.2,3880.05,1821.75,1511,5684454.45
2015-07-06,3681.1,3817.0,3681.1,3744.2,3810.0,3807.0,3880.05,1821.75,2644,9999273.15
2015-07-07,3799.95,3840.5,3780.0,3807.0,3830.0,3828.7,3880.05,1821.75,1384,5284973.0
2015-07-08,3884.95,3884.95,3751.0,3828.7,3760.0,3775.35,3884.95,1821.75,11302,43199139.15
2015-07-09,3797.0,3797.0,3710.1,3775.35,3787.0,3785.25,3884.95,1821.75,9551,36002381.5
2015-07-10,3772.25,3859.85,3750.0,3785.25,3859.85,3820.35,3884.95,1821.75,837,3185485.25
2015-07-13,3850.0,3900.0,3815.05,3820.35,3872.0,3882.8,3900.0,1821.75,3404,13228474.25
2015-07-14,3910.0,3950.0,3880.05,3882.8,3950.0,3944.35,3950.0,1821.75,1755,6892656.75
2015-07-15,3950.0,4040.0,3942.9,3944.35,4039.0,4025.05,4040.0,1821.75,1874,7498430.2
2015-07-16,4070.0,4301.05,4052.9,4025.05,4080.0,4100.4,4301.05,1821.75,2828,11804705.05
2015-07-17,4100.4,4200.05,4000.0,4100.4,4030.0,4029.7,4301.05,1821.75,1828,7507802.8
2015-07-20,4081.0,4127.35,3911.0,4029.7,3998.05,3998.7,4301.05,1910.0,1953,7863520.9
2015-07-21,3987.95,3988.0,3883.75,3998.7,3900.0,3903.0,4301.05,1910.0,4322,16967384.55
2015-07-22,3885.0,4000.0,3850.1,3903.0,3899.95,3882.7,4301.05,1910.0,1012,3978166.7
2015-07-23,3914.85,4000.0,3835.0,3882.7,3841.0,3849.55,4301.05,1910.0,1214,4723129.4
2015-07-24,3899.0,3899.0,3796.0,3849.55,3810.0,3806.45,4301.05,1910.0,1370,5242579.05
2015-07-27,3806.45,3810.05,3750.0,3806.45,3764.9,3761.0,4301.05,1910.0,6326,23900867.5
2015-07-28,3789.9,3799.95,3752.5,3761.0,3775.0,3775.55,4301.05,1910.0,2255,8511642.95
2015-07-29,3775.05,3882.45,3752.15,3775.55,3847.0,3832.85,4301.05,1910.0,10676,40792108.75
2015-07-30,3874.9,3910.0,3855.0,3832.85,3890.0,3868.15,4301.05,1910.0,4505,17528969.7
2015-07-31,4039.95,4039.95,3870.1,3868.15,3900.0,3903.2,4301.05,1910.0,1501,5890540.4
2015-08-03,3975.0,4000.0,3875.05,3903.2,3960.0,3957.1,4301.05,1910.0,1376,5467167.1
2015-08-04,3998.9,4027.05,3794.1,3957.1,3820.0,3810.1,4301.05,1910.0,2292,8837394.55
2015-08-06,3774.95,3774.95,3680.05,3739.95,3681.0,3691.2,4301.05,1910.0,10014,37161563.1
2015-08-07,3691.05,3724.8,3675.0,3691.2,3685.0,3694.0,4301.05,1910.0,1168,4315305.55
2015-08-10,3700.0,3890.0,3694.0,3694.0,3730.0,3783.75,4301.05,1910.0,1908,7220956.8
2015-08-11,3815.0,3815.0,3630.0,3783.75,3640.0,3654.45,4301.05,1910.0,1570,5777457.4
2015-08-12,3655.0,3738.95,3500.0,3654.45,3505.05,3516.15,4301.05,1910.0,4377,15529865.35
2015-08-13,3501.0,3597.0,3460.0,3516.15,3470.0,3462.6,4301.05,1910.0,3181,11172361.8
2015-08-14,3440.8,3560.0,3440.8,3462.6,3524.95,3525.3,4301.05,1910.0,2684,9444262.45
2015-08-17,3461.45,3549.75,3461.45,3525.3,3508.8,3477.0,4301.05,1910.0,982,3429707.85
2015-08-18,3550.95,3575.0,3500.0,3477.0,3559.0,3546.1,4301.05,1910.0,415,1471057.0
2015-08-19,3598.6,3800.0,3546.05,3546.1,3565.1,3584.95,4301.05,1910.0,825,2968928.45
2015-08-20,3584.2,3647.0,3425.0,3584.95,3490.0,3447.5,4301.05,1910.0,1067,3739195.1
2015-08-21,3447.5,3500.0,3320.0,3447.5,3450.0,3455.85,4301.05,1910.0,23288,80885982.55
2015-08-24,3360.05,3499.95,3299.05,3455.85,3438.0,3370.65,4301.05,1910.0,5388,18089649.2
2015-08-25,3400.0,3948.0,3282.0,3370.65,3540.0,3524.0,4301.05,1910.0,5535,19107151.25
2015-08-26,3550.0,3550.0,3350.1,3524.0,3490.0,3471.95,4301.05,1910.0,1555,5368832.75
2015-08-27,3510.95,3580.0,3440.1,3471.95,3561.0,3547.3,4301.05,1910.0,2730,9562021.8
2015-08-28,3549.95,3550.0,3455.1,3547.3,3510.0,3501.65,4301.05,1910.0,2159,7622549.15
2015-08-31,3430.65,3496.15,3405.0,3501.65,3460.0,3436.5,4301.05,2035.0,107881,373252942.7
2015-09-01,3400.0,3429.9,3315.0,3436.5,3375.0,3354.3,4301.05,2035.0,7304,24640686.7
2015-09-02,3363.9,3448.95,3308.85,3354.3,3380.0,3348.8,4301.05,2035.0,2531,8487706.6
2015-09-03,3366.45,3455.0,3366.45,3348.8,3400.0,3399.7,4301.05,2035.0,653,2219877.35
2015-09-04,3366.0,3550.0,3300.0,3399.7,3500.0,3504.15,4301.05,2035.0,3024,10255706.3
2015-09-07,3549.75,3675.0,3425.0,3504.15,3675.0,3549.9,4301.05,2035.0,1748,6164808.9
2015-09-08,3451.0,3560.0,3450.0,3549.9,3480.0,3529.1,4301.05,2035.0,1070,3749501.1
2015-09-09,3574.5,3574.8,3500.0,3529.1,3500.0,3508.55,4301.05,2035.0,268,945842.55
2015-09-10,3475.0,3520.0,3432.45,3508.55,3495.05,3511.95,4301.05,2035.0,539,1889455.6
2015-09-11,3435.1,3514.95,3435.1,3511.95,3514.95,3508.0,4301.05,2035.0,341,1193618.4
2015-09-14,3599.0,3599.05,3506.25,3508.0,3585.0,3576.2,4301.05,2153.1,1019,3628625.25
2015-09-15,3569.95,3569.95,3502.15,3576.2,3530.75,3517.45,4301.05,2153.1,423,1489723.45
2015-09-16,3523.45,3600.0,3465.1,3517.45,3575.0,3525.3,4301.05,2153.1,753,2635335.65
2015-09-18,3551.0,3597.95,3430.1,3525.3,3575.0,3550.8,4301.05,2153.1,1467,5198605.25
2015-09-21,3551.0,3583.95,3475.0,3550.8,3520.0,3542.95,4301.05,2220.5,6433,22963485.0
2015-09-22,3580.0,3580.25,3540.05,3542.95,3560.0,3551.45,4301.05,2220.5,937,3342674.45
2015-09-23,3578.85,3578.85,3501.2,3551.45,3569.9,3552.25,4301.05,2220.5,287,1018342.4
2015-09-24,3589.0,3650.0,3552.0,3552.25,3625.0,3624.75,4301.05,2220.5,6019,21766149.65
2015-09-28,3624.0,3670.0,3561.0,3624.75,3561.0,3571.2,4301.05,2220.5,402,1452339.8
2015-09-29,3599.0,3599.0,3525.05,3571.2,3565.0,3574.85,4301.05,2220.5,707,2529538.6
2015-09-30,3574.05,3574.05,3475.0,3574.85,3500.0,3499.95,4301.05,2220.5,7461,26129602.6
2015-10-01,3500.0,3500.0,3420.0,3499.95,3455.0,3442.4,4301.05,2220.5,1941,6695317.8
2015-10-05,3443.05,3500.0,3390.0,3442.4,3499.0,3482.8,4301.05,2220.5,1204,4170126.7
2015-10-06,3435.0,3500.0,3435.0,3482.8,3435.0,3447.05,4301.05,2220.5,1120,3862911.15
2015-10-07,3447.05,3500.0,3447.05,3447.05,3498.0,3483.05,4301.05,2220.5,630,2192395.55
2015-10-08,3448.0,3494.9,3440.05,3483.05,3460.05,3472.05,4301.05,2220.5,533,1845805.35
2015-10-09,3500.0,3500.0,3450.3,3472.05,3495.45,3485.9,4301.05,2220.5,185,643475.35
2015-10-12,3534.95,3534.95,3401.1,3485.9,3426.0,3422.0,4301.05,2220.5,1001,3440552.7
2015-10-13,3400.0,3484.95,3353.55,3422.0,3428.0,3428.25,4301.05,2220.5,663,2277761.45
2015-10-14,3425.1,3449.85,3405.05,3428.25,3417.0,3413.75,4301.05,2220.5,1488,5094074.6
2015-10-15,3474.85,3474.85,3351.1,3413.75,3352.0,3371.2,4301.05,2220.5,965,3275934.8
2015-10-16,3377.75,3400.0,3360.0,3371.2,3400.0,3392.5,4301.05,2220.5,1041,3519066.0
2015-10-19,3393.0,3449.95,3371.1,3392.5,3399.0,3385.55,4301.05,2220.5,418,1419539.1
2015-10-20,3405.0,3440.0,3378.0,3385.55,3396.0,3399.15,4301.05,2220.5,83697,284740674.65
2015-10-21,3400.0,3474.0,3383.0,3399.15,3447.85,3423.95,4301.05,2220.5,392,1341525.95
2015-10-23,3452.65,3465.0,3426.05,3423.95,3465.0,3459.45,4301.05,2220.5,259,893753.8
2015-10-26,3477.2,3495.0,3284.7,3459.45,3350.0,3346.75,4301.05,2220.5,2299,7776528.0
2015-10-27,3345.0,3509.0,3271.0,3346.75,3470.0,3484.1,4301.05,2220.5,11885,41160079.7
2015-10-28,3490.0,3563.95,3480.0,3484.1,3482.0,3496.3,4301.05,2220.5,2767,9787151.9
2015-10-29,3515.0,3515.0,3452.1,3496.3,3460.0,3455.95,4301.05,2220.5,884,3062466.65
2015-10-30,3450.0,3450.0,3350.0,3455.95,3352.1,3371.8,4301.05,2220.5,1878,6339798.85
2015-11-02,3384.9,3400.05,3315.75,3371.8,3395.0,3380.15,4301.05,2220.5,1539,5159026.0
2015-11-03,3400.0,3419.15,3300.0,3380.15,3379.0,3362.85,4301.05,2220.5,2699,9055296.45
2015-11-04,3380.95,3420.0,3352.0,3362.85,3365.0,3372.1,4301.05,2220.5,1413,4802479.6
2015-11-05,3355.1,3355.35,3320.0,3372.1,3325.0,3328.55,4301.05,2220.5,1526,5101118.65
2015-11-06,3338.95,3372.6,3312.0,3328.55,3320.0,3318.05,4301.05,2220.5,801,2674633.45
2015-11-09,3337.95,3360.0,3255.0,3318.05,3300.0,3327.15,4301.05,2220.5,1862,6196763.45
2015-11-10,3311.05,3348.9,3271.0,3327.15,3290.0,3294.3,4301.05,2220.5,8146,26892293.3
2015-11-11,3335.95,3380.0,3324.2,3294.3,3350.0,3357.35,4301.05,2220.5,547,1829818.45
2015-11-13,3307.4,3330.45,3285.0,3357.35,3293.0,3293.95,4301.05,2220.5,3553,11721586.3
2015-11-16,3293.0,3300.05,3250.15,3293.95,3260.0,3263.2,4301.05,2461.05,2647,8672070.6
2015-11-17,3263.05,3296.95,3263.05,3263.2,3280.0,3279.9,4301.05,2461.05,29667,97301690.2
2015-11-18,3334.55,3334.55,3240.0,3279.9,3250.0,3252.4,4301.05,2461.05,1199,3908202.65
2015-11-19,3252.05,3275.0,3201.0,3252.4,3264.0,3263.35,4301.05,2461.05,491,1597328.35
2015-11-20,3264.05,3300.0,3260.0,3263.35,3300.0,3299.9,4301.05,2461.05,3271,10779872.25
2015-11-23,3310.0,3310.0,3252.0,3299.9,3280.0,3286.9,4301.05,2550.0,475,1561014.6
2015-11-24,3315.2,3315.2,3255.0,3286.9,3275.0,3275.5,4301.05,2550.0,425,1394572.6
2015-11-26,3258.0,3334.05,3258.0,3275.5,3300.0,3290.9,4301.05,2550.0,1661,5463215.6
2015-11-27,3290.0,3297.95,3240.0,3290.9,3297.5,3263.35,4301.05,2550.0,2053,6688740.2
2015-11-30,3302.05,3302.05,3243.0,3263.35,3270.0,3285.35,4301.05,2555.05,5635,18575266.15
2015-12-01,3320.05,3330.0,3251.0,3285.35,3285.0,3279.35,4301.05,2555.05,969,3188328.1
2015-12-02,3279.05,3350.05,3279.0,3279.35,3300.0,3299.65,4301.05,2555.05,1368,4513586.8
2015-12-03,3304.95,3324.0,3231.0,3299.65,3239.1,3240.35,4301.05,2555.05,21463,69573481.25
2015-12-04,3328.6,3328.65,3192.75,3240.35,3213.1,3214.8,4301.05,2555.05,15456,49789915.15
2015-12-07,3265.05,3265.05,3182.95,3214.8,3226.0,3225.95,4301.05,2650.0,586,1893088.9
2015-12-08,3194.0,3245.0,3194.0,3225.95,3200.0,3200.75,4301.05,2650.0,1734,5573167.65
2015-12-09,3242.05,3242.05,3190.0,3200.75,3201.0,3209.1,4301.05,2650.0,3496,11183347.2
2015-12-10,3209.05,3350.0,3151.05,3209.1,3190.0,3191.45,4301.05,2650.0,1974,6310800.6
2015-12-11,3191.05,3211.0,3156.0,3191.45,3194.95,3179.6,4301.05,2650.0,828,2639076.9
2015-12-14,3189.05,3212.05,3164.2,3179.6,3175.0,3181.5,4301.05,2650.0,1255,4009955.5
2015-12-15,3165.0,3214.6,3156.05,3181.5,3210.0,3209.1,4301.05,2650.0,2800,8956503.9
2015-12-16,3220.05,3226.9,3184.0,3209.1,3200.0,3198.8,4301.05,2650.0,2519,8059134.95
2015-12-17,3568.0,3588.0,3285.0,3198.8,3299.0,3326.5,4301.05,2650.0,41680,141645090.15
2015-12-18,3299.0,3319.95,3238.0,3326.5,3275.0,3290.05,4301.05,2650.0,4199,13795740.95
2015-12-21,3367.0,3367.0,3240.0,3290.05,3300.0,3302.75,4301.05,2650.0,3170,10412207.95
2015-12-22,3300.0,3333.0,3201.1,3302.75,3310.0,3305.95,4301.05,2650.0,2677,8787953.8
2015-12-23,3271.05,3334.9,3271.05,3305.95,3315.0,3315.35,4301.05,2650.0,2131,7065581.7
2015-12-24,3305.05,3421.0,3281.5,3315.35,3400.0,3403.05,4301.05,2650.0,3613,12185801.1
2015-12-28,3352.15,3425.0,3321.0,3403.05,3418.0,3411.25,4301.05,2650.0,1372,4648581.25
2015-12-29,3411.0,3435.0,3373.05,3411.25,3435.0,3395.35,4301.05,2650.0,30839,104707696.85
2015-12-30,3395.05,3486.95,3381.1,3395.35,3475.0,3465.8,4301.05,2650.0,1907,6558572.9
2015-12-31,3459.95,3540.0,3440.0,3465.8,3525.0,3523.45,4301.05,2650.0,5510,19266459.05
2016-01-01,3550.0,3650.0,3524.35,3523.45,3650.0,3626.15,4301.05,2650.0,1941,6984784.2
2016-01-04,3610.0,3670.0,3577.05,3626.15,3600.0,3596.6,4301.05,2691.0,3900,14057511.55
2016-01-05,3581.05,3700.0,3581.05,3596.6,3675.0,3683.75,4301.05,2691.0,1661,6050902.4
2016-01-06,3645.05,3750.05,3645.05,3683.75,3669.1,3666.95,4301.05,2691.0,1497,5523542.5
2016-01-07,3605.0,3740.0,3457.0,3666.95,3570.0,3500.3,4301.05,2691.0,3292,11795467.4
2016-01-08,3599.95,3600.0,3503.1,3500.3,3599.0,3588.55,4301.05,2691.0,782,2783650.8
2016-01-11,3600.0,3680.0,3550.0,3588.55,3560.0,3581.3,4301.05,2911.0,796,2871747.3
2016-01-12,3579.05,3605.0,3471.0,3581.3,3471.0,3483.7,4301.05,2911.0,1051,3718136.7
2016-01-13,3499.95,3535.0,3385.0,3483.7,3499.95,3421.0,4301.05,2911.0,5252,17989047.9
2016-01-14,3388.05,3474.9,3312.0,3421.0,3410.0,3402.05,4301.05,2911.0,9093,30893514.45
2016-01-15,3452.0,3500.45,3350.0,3402.05,3375.0,3362.85,4301.05,2911.0,1436,4886649.95
2016-01-18,3359.95,3365.0,3211.0,3362.85,3220.0,3220.6,4301.05,2965.75,6279,20533081.9
2016-01-19,3200.05,3333.55,3185.0,3220.6,3185.0,3209.9,4301.05,2965.75,24203,77651748.75
2016-01-20,3249.95,3250.0,3101.0,3209.9,3115.0,3153.45,4301.05,2965.75,2191,6918812.8
2016-01-21,3153.0,3200.0,3100.0,3153.45,3130.0,3144.4,4301.05,2965.75,1298,4087685.9
2016-01-22,3130.05,3239.4,3129.95,3144.4,3200.0,3197.05,4301.05,2965.75,1551,4979967.85
2016-01-25,3250.0,3251.25,3160.0,3197.05,3180.0,3168.75,4301.05,3000.0,1071,3418915.1
2016-01-27,3191.0,3197.7,3136.1,3168.75,3172.0,3174.45,4301.05,3000.0,392,1242408.6
2016-01-28,3200.0,3200.0,3145.0,3174.45,3150.0,3155.4,4301.05,3000.0,1187,3765763.75
2016-01-29,3098.05,3110.0,2989.95,3155.4,3110.0,3081.75,4301.05,2989.95,20184,61140047.55
2016-02-01,3110.0,3244.0,3101.05,3081.75,3199.95,3195.1,4301.05,2989.95,6281,20108314.2
2016-02-02,3219.0,3250.0,3200.0,3195.1,3220.0,3238.1,4301.05,2989.95,619,1994711.2
2016-02-03,3200.0,3205.3,3066.05,3238.1,3111.0,3116.15,4301.05,2989.95,4301,13507755.75
2016-02-04,3136.0,3225.05,3060.0,3116.15,3089.9,3070.85,4301.05,2989.95,6628,20677606.9
2016-02-05,3141.4,3169.0,3039.75,3070.85,3099.0,3099.0,4301.05,2989.95,7020,21807285.75
2016-02-08,3068.0,3177.0,3015.0,3099.0,3164.0,3129.3,4301.05,2989.95,1371,4274247.05
2016-02-09,3045.0,3149.0,3045.0,3129.3,3100.0,3104.25,4301.05,2989.95,634,1972994.0
2016-02-10,3104.0,3167.0,3063.55,3104.25,3129.0,3114.55,4301.05,2989.95,942,2930019.25
2016-02-11,3114.05,3180.0,3060.0,3114.55,3070.0,3062.9,4301.05,2989.95,23571,73218429.1
2016-02-12,3074.0,3079.95,3000.0,3062.9,3053.0,3058.8,4301.05,2989.95,11402,34548382.8
2016-02-15,3055.0,3230.0,3055.0,3058.8,3210.0,3191.6,4301.05,2989.95,2600,8210026.0
2016-02-16,3180.0,3278.0,3161.0,3191.6,3200.0,3197.9,4301.05,2989.95,1372,4408768.25
2016-02-17,3196.95,3234.95,3106.0,3197.9,3200.0,3215.75,4301.05,2989.95,1526,4884835.15
2016-02-18,3212.5,3315.0,3212.5,3215.75,3270.0,3281.7,4301.05,2989.95,5894,19423479.3
2016-02-19,3354.0,3354.0,3210.0,3281.7,3240.0,3244.1,4301.05,2989.95,385,1262171.4
2016-02-22,3243.0,3343.0,3230.0,3244.1,3275.0,3274.85,4301.05,2989.95,544,1786353.9
2016-02-23,3260.0,3339.9,3153.0,3274.85,3153.0,3182.95,4301.05,2989.95,1153,3706877.6
2016-02-24,3122.0,3299.0,3122.0,3182.95,3281.0,3255.8,4301.05,2989.95,11591,37409256.05
2016-02-25,3240.05,3375.0,3240.05,3255.8,3319.75,3300.4,4301.05,2989.95,3642,12035932.4
2016-02-26,3283.0,3375.0,3150.0,3300.4,3170.0,3183.7,4301.05,2989.95,1510,4871051.65
2016-02-29,3190.0,3190.0,2835.3,3183.7,3100.0,3023.75,4301.05,2835.3,27750,82789348.8
2016-03-01,3000.05,3180.0,3000.05,3023.75,3112.0,3101.95,4301.05,2835.3,6793,21311708.45
2016-03-02,3229.95,3230.0,3101.0,3101.95,3115.0,3117.35,4301.05,2835.3,895,2811732.2
2016-03-03,3115.0,3240.0,3105.2,3117.35,3149.05,3124.3,4301.05,2835.3,1520,4773894.5
2016-03-04,3165.4,3198.45,3101.0,3124.3,3149.9,3151.6,4301.05,2835.3,1585,4983761.6
2016-03-08,3215.0,3215.0,3094.0,3151.6,3109.0,3107.85,4301.05,2835.3,879,2744172.5
2016-03-09,3079.0,3135.0,3052.1,3107.85,3090.0,3103.45,4301.05,2835.3,842,2624781.6
2016-03-10,3164.0,3164.0,3053.5,3103.45,3066.0,3075.6,4301.05,2835.3,496,1534479.95
2016-03-11,3074.05,3225.95,3055.05,3075.6,3165.05,3165.6,4301.05,2835.3,578,1816602.15
2016-03-14,3218.0,3251.0,3110.0,3165.6,3200.0,3156.9,4301.05,2835.3,1177,3731816.55
2016-03-15,3171.0,3188.9,3062.0,3156.9,3086.0,3112.15,4301.05,2835.3,269,842573.95
2016-03-16,3169.55,3277.0,3107.9,3112.15,3248.0,3240.55,4301.05,2835.3,802,2584344.8
2016-03-17,3250.95,3350.0,3195.0,3240.55,3306.0,3322.35,4301.05,2835.3,2346,7643284.05
2016-03-18,3306.0,3443.0,3300.0,3322.35,3410.0,3405.05,4301.05,2835.3,2106,7134998.5
2016-03-21,3450.0,3520.0,3364.05,3405.05,3500.0,3464.85,4301.05,2835.3,1807,6220850.05
2016-03-22,3470.0,3488.0,3407.0,3464.85,3441.0,3424.85,4301.05,2835.3,1376,4766809.55
2016-03-23,3400.0,3435.0,3361.0,3424.85,3361.0,3365.05,4301.05,2835.3,1235,4168691.6
2016-03-28,3313.0,3417.0,3313.0,3365.05,3376.5,3378.35,4301.05,2835.3,1444,4898331.65
2016-03-29,3302.05,3409.9,3302.05,3378.35,3407.7,3392.65,4301.05,2835.3,187,634167.85
2016-03-30,3400.0,3498.0,3400.0,3392.65,3498.0,3468.35,4301.05,2835.3,1539,5306805.05
2016-03-31,3450.0,3499.0,3420.0,3468.35,3460.0,3458.0,4301.05,2835.3,1770,6127383.0
2016-04-01,3423.0,3480.0,3416.0,3458.0,3460.0,3459.7,4301.05,2835.3,734,2537252.4
2016-04-04,3484.9,3485.0,3405.0,3459.7,3405.0,3418.3,4301.05,2835.3,895,3077128.15
2016-04-05,3399.0,3480.95,3325.7,3418.3,3464.0,3439.2,4301.05,2835.3,1391,4713036.05
2016-04-06,3400.15,3473.0,3400.1,3439.2,3440.0,3461.65,4301.05,2835.3,386,1331622.0
2016-04-07,3415.0,3448.95,3399.95,3461.65,3437.0,3416.2,4301.05,2835.3,283,966337.55
2016-04-08,3351.25,3480.0,3351.2,3416.2,3460.0,3435.55,4301.05,2835.3,372,1266318.15
2016-04-11,3435.55,3480.0,3426.1,3435.55,3478.0,3460.5,4301.05,2835.3,409,1413743.35
2016-04-12,3449.95,3495.0,3410.1,3460.5,3464.0,3459.75,4301.05,2835.3,644,2219852.85
2016-04-13,3425.0,3475.0,3425.0,3459.75,3428.0,3441.55,4301.05,2835.3,1512,5213814.85
2016-04-18,3442.0,3484.0,3407.0,3441.55,3410.5,3448.6,4301.05,2835.3,1638,5643671.05
2016-04-20,3410.5,3469.0,3410.5,3448.6,3451.0,3450.75,4301.05,2835.3,266,920197.65
2016-04-21,3433.0,3494.95,3428.0,3450.75,3428.0,3453.25,4301.05,2835.3,601,2071880.95
2016-04-22,3426.0,3469.95,3426.0,3453.25,3465.0,3464.5,4301.05,2835.3,460,1587056.55
2016-04-25,3440.0,3464.0,3421.0,3464.5,3449.0,3448.9,4301.05,2835.3,446,1536009.5
2016-04-26,3437.65,3498.5,3325.0,3448.9,3375.0,3366.05,4301.05,2835.3,4842,16637942.45
2016-04-27,3389.0,3448.95,3385.0,3366.05,3385.65,3394.95,4301.05,2835.3,21623,73899670.9
2016-04-28,3420.0,3420.0,3377.0,3394.95,3398.0,3393.85,4301.05,2835.3,518,1757588.9
2016-04-29,3393.0,3409.0,3370.05,3393.85,3409.0,3393.25,4301.05,2835.3,678,2298580.55
2016-05-02,3417.9,3434.4,3389.95,3393.25,3434.4,3432.9,4301.05,2835.3,174,595310.8
2016-05-03,3388.0,3439.95,3330.5,3432.9,3374.95,3359.2,4301.05,2835.3,898,3040646.5
2016-05-04,3335.3,3373.85,3320.75,3359.2,3325.0,3328.1,4301.05,2835.3,216,721583.3
2016-05-05,3375.0,3398.7,3320.0,3328.1,3321.4,3337.45,4301.05,2835.3,266,890004.2
2016-05-06,3395.0,3395.0,3330.05,3337.45,3337.0,3347.2,4301.05,2835.3,272,909561.5
2016-05-09,3347.0,3347.0,3320.0,3347.2,3339.95,3337.6,4301.05,2835.3,705,2352455.55
2016-05-10,3344.95,3347.0,3321.1,3337.6,3340.0,3340.0,4301.05,2835.3,1386,4619691.4
2016-05-11,3321.05,3381.8,3285.0,3340.0,3339.3,3327.25,4301.05,2835.3,357,1187490.75
2016-05-12,3327.0,3378.95,3291.2,3327.25,3300.05,3325.9,4301.05,2835.3,474,1584416.05
2016-05-13,3303.0,3349.85,3302.0,3325.9,3310.05,3327.9,4301.05,2835.3,284,944548.35
2016-05-16,3340.0,3365.0,3300.0,3327.9,3300.05,3321.4,4301.05,2835.3,1266,4226603.6
2016-05-17,3400.0,3425.0,3320.0,3321.4,3330.0,3339.15,4301.05,2835.3,7178,24112710.5
2016-05-18,3339.15,3368.0,3290.0,3339.15,3290.0,3301.7,4301.05,2835.3,1496,4983107.05
2016-05-19,3358.0,3358.0,3250.0,3301.7,3320.0,3286.0,4301.05,2835.3,801,2636491.6
2016-05-20,3319.0,3348.0,3252.75,3286.0,3269.25,3261.35,4301.05,2835.3,1593,5267873.85
2016-05-23,3305.0,3305.0,3263.0,3261.35,3267.5,3279.5,4301.05,2835.3,584,1918965.85
2016-05-24,3299.0,3299.0,3190.0,3279.5,3195.0,3209.7,4301.05,2835.3,1147,3702887.8
2016-05-25,3284.0,3284.0,3191.85,3209.7,3209.0,3208.1,4301.05,2835.3,514,1648299.45
2016-05-26,3181.4,3260.0,3170.0,3208.1,3231.95,3221.7,4301.05,2835.3,5564,17911998.25
2016-05-27,3221.0,3251.0,3207.05,3221.7,3211.0,3220.0,4301.05,2835.3,413,1331145.05
2016-05-30,3220.0,3259.0,3171.0,3220.0,3189.9,3195.75,4301.05,2835.3,565,1812711.05
2016-05-31,3224.95,3224.95,3135.0,3195.75,3135.0,3149.8,4301.05,2835.3,6793,21405421.65
2016-06-01,3151.0,3191.8,3151.0,3149.8,3153.0,3157.25,4301.05,2835.3,547,1733547.75
2016-06-02,3157.25,3199.0,3141.0,3157.25,3149.95,3149.2,4301.05,2835.3,1053,3323758.55
2016-06-03,3179.95,3179.95,3110.0,3149.2,3120.0,3126.1,4301.05,2835.3,871,2730821.15
2016-06-06,3150.0,3158.05,3120.0,3126.1,3120.0,3127.3,4301.05,2835.3,517,1621290.1
2016-06-07,3159.95,3159.95,3081.05,3127.3,3090.0,3094.75,4301.05,2835.3,809,2507603.8
2016-06-08,3138.95,3148.75,3085.0,3094.75,3099.0,3099.9,4301.05,2835.3,2076,6448355.35
2016-06-09,3100.05,3137.8,3067.05,3099.9,3094.5,3080.55,4301.05,2835.3,828,2559706.95
2016-06-10,3139.0,3290.5,3083.05,3080.55,3162.05,3178.55,4301.05,2835.3,29191,94031476.1
2016-06-13,3160.0,3178.05,3086.0,3178.55,3090.0,3098.85,4301.05,2835.3,5350,16661504.4
2016-06-14,3081.05,3121.0,3078.0,3098.85,3119.5,3105.15,4301.05,2835.3,873,2712858.85
2016-06-15,3129.95,3139.65,3101.15,3105.15,3110.2,3118.95,4301.05,2835.3,6103,19038551.8
2016-06-16,3118.0,3172.0,3085.05,3118.95,3139.9,3147.75,4301.05,2835.3,1390,4365093.35
2016-06-17,3170.0,3188.0,3111.0,3147.75,3111.1,3119.2,4301.05,2835.3,1240,3908593.7
2016-06-20,3119.0,3150.0,3090.0,3119.2,3150.0,3148.45,4301.05,2835.3,5181,16300875.0
2016-06-21,3148.0,3155.1,3117.0,3148.45,3150.0,3149.6,4301.05,2835.3,6294,19791760.4
2016-06-22,3149.0,3150.0,3115.0,3149.6,3130.0,3120.4,4301.05,2835.3,772,2417594.5
2016-06-23,3150.0,3150.0,3090.0,3120.4,3106.05,3117.15,4301.05,2835.3,294,915514.55
2016-06-24,3090.0,3115.0,2990.05,3117.15,3039.0,3039.75,4301.05,2835.3,3211,9792770.4
2016-06-27,3011.0,3064.9,2991.05,3039.75,2995.0,2998.7,4301.05,2835.3,4051,12169827.0
2016-06-28,2997.0,3099.95,2997.0,2998.7,3099.95,3075.35,4301.05,2835.3,1449,4420031.65
2016-06-29,3120.0,3150.0,3075.5,3075.35,3135.0,3148.55,4301.05,2835.3,1086,3400256.55
2016-06-30,3170.45,3195.0,3117.0,3148.55,3125.0,3149.05,4301.05,2835.3,88690,279398687.3
2016-07-01,3149.0,3299.95,3149.0,3149.05,3231.0,3224.05,4301.05,2835.3,7647,24487189.65
2016-07-04,3250.0,3289.95,3204.0,3224.05,3230.0,3229.05,4301.05,2835.3,2419,7853103.9
2016-07-05,3277.0,3289.0,3235.0,3229.05,3235.0,3240.25,4301.05,2835.3,2395,7795830.0
2016-07-07,3289.0,3289.0,3225.0,3240.25,3240.0,3237.95,4301.05,2835.3,2217,7189209.4
2016-07-08,3237.0,3275.0,3225.0,3237.95,3250.0,3248.75,4301.05,2835.3,1508,4895253.4
2016-07-11,3289.0,3290.0,3231.0,3248.75,3260.0,3255.25,4301.05,2835.3,3390,11076488.25
2016-07-12,3290.0,3290.0,3235.0,3255.25,3235.0,3245.8,4301.05,2835.3,5606,18216055.55
2016-07-13,655.0,659.7,640.0,3245.8,648.0,649.55,4301.05,640.0,17751,11524579.95
2016-07-14,659.0,759.45,653.0,649.55,688.2,688.7,4301.05,640.0,370976,264191960.35
2016-07-15,689.5,707.85,675.0,688.7,684.25,684.25,4301.05,640.0,73133,50406847.75
2016-07-18,693.0,699.0,665.0,684.25,670.0,671.55,4127.35,640.0,35531,24300568.25
2016-07-19,671.55,684.0,665.0,671.55,668.4,666.65,4127.35,640.0,13008,8713828.05
2016-07-20,667.0,699.7,665.0,666.65,678.5,678.55,4127.35,640.0,43127,29556548.45
2016-07-21,682.0,682.0,670.0,678.55,673.0,673.25,4127.35,640.0,14717,9955367.05
2016-07-22,673.25,680.0,667.0,673.25,668.0,670.0,4127.35,640.0,30627,20562844.2
2016-07-25,670.0,679.8,668.1,670.0,670.2,675.45,4039.95,640.0,16988,11454604.4
2016-07-26,670.0,680.0,670.0,675.45,672.25,672.9,4039.95,640.0,9929,6699385.75
2016-07-27,675.0,675.55,658.45,672.9,659.0,662.45,4039.95,640.0,20015,13348822.05
2016-07-28,664.9,668.0,649.8,662.45,655.0,651.9,4039.95,640.0,19995,13132715.3
2016-07-29,655.0,668.0,652.35,651.9,660.0,658.75,4039.95,640.0,11668,7688308.8
2016-08-01,655.5,665.0,644.3,658.75,650.0,650.4,4027.05,640.0,21229,13828026.5
2016-08-02,650.0,656.9,644.3,650.4,648.4,646.95,4027.05,640.0,13587,8872087.15
2016-08-03,650.0,655.0,640.25,646.95,644.95,642.65,4027.05,640.0,8789,5686592.0
2016-08-04,643.0,649.0,640.6,642.65,641.0,642.5,4027.05,640.0,3954,2549198.1
2016-08-05,640.0,641.75,631.0,642.5,631.0,633.7,4027.05,631.0,36495,23156666.8
2016-08-08,635.0,635.0,620.25,633.7,625.0,625.65,3948.0,620.25,23566,14824794.1
2016-08-09,626.0,630.0,622.05,625.65,625.0,626.95,3948.0,620.25,13673,8575756.9
2016-08-10,640.0,640.0,595.0,626.95,616.85,607.4,3948.0,595.0,39308,23890150.9
2016-08-11,616.85,625.0,615.0,607.4,616.0,616.5,3948.0,595.0,20629,12786946.3
2016-08-12,622.0,634.0,617.0,616.5,620.0,619.6,3948.0,595.0,10524,6538661.95
2016-08-16,620.0,620.0,611.0,619.6,615.0,614.55,3948.0,595.0,21172,13020533.95
2016-08-17,616.2,616.2,596.0,614.55,602.0,600.0,3948.0,595.0,55258,33326888.85
2016-08-18,606.9,606.9,595.05,600.0,599.0,598.7,3948.0,595.0,16436,9852065.3
2016-08-19,601.0,604.9,593.0,598.7,598.95,594.2,3948.0,593.0,168469,100088957.4
2016-08-22,600.0,643.7,588.0,594.2,623.0,622.6,3948.0,588.0,38870,24271339.9
2016-08-23,624.75,628.8,606.6,622.6,616.0,615.45,3948.0,588.0,9205,5690505.0
2016-08-24,625.95,638.9,621.0,615.45,629.0,626.5,3948.0,588.0,144544,91379820.2
2016-08-25,635.0,635.0,626.5,626.5,631.15,630.4,3948.0,588.0,29623,18773839.9
2016-08-26,630.5,634.95,620.25,630.4,622.5,625.1,3948.0,588.0,6594,4145374.1
2016-08-29,625.0,638.0,620.2,625.1,629.0,633.25,3750.05,588.0,11272,7097274.85
2016-08-30,635.0,655.0,601.0,633.25,650.0,650.35,3750.05,588.0,35751,23007729.3
2016-08-31,654.9,668.95,648.0,650.35,656.1,658.6,3750.05,588.0,46751,30854199.1
2016-09-01,658.0,667.3,640.25,658.6,650.0,649.75,3750.05,588.0,19485,12786772.6
2016-09-02,645.1,659.0,636.0,649.75,640.0,640.2,3750.05,588.0,131507,85309741.9
2016-09-06,654.9,654.95,640.0,640.2,641.3,645.1,3750.05,588.0,20165,12971392.85
2016-09-07,652.0,659.0,635.0,645.1,642.0,640.05,3750.05,588.0,46400,30065919.9
2016-09-08,648.95,649.0,639.0,640.05,641.0,643.4,3750.05,588.0,28778,18523391.0
2016-09-09,645.05,650.05,632.0,643.4,643.0,640.25,3750.05,588.0,16671,10726379.4
2016-09-12,635.95,638.8,626.0,640.25,630.0,630.5,3750.05,588.0,14015,8843230.05
2016-09-14,637.9,640.0,620.1,630.5,638.0,637.8,3750.05,588.0,15324,9722880.85
2016-09-15,638.0,649.0,636.0,637.8,640.25,639.2,3750.05,588.0,39612,25368503.15
2016-09-16,645.95,648.0,641.0,639.2,641.1,642.4,3750.05,588.0,32875,21204564.6
2016-09-19,643.0,650.0,640.0,642.4,645.0,644.9,3750.05,588.0,11719,7541169.25
2016-09-20,645.05,649.75,640.5,644.9,647.0,645.75,3750.05,588.0,33444,21587888.25
2016-09-21,647.5,657.0,644.3,645.75,646.4,649.05,3750.05,588.0,13959,9083669.4
2016-09-22,653.0,669.7,648.0,649.05,658.0,657.95,3750.05,588.0,14373,9461505.2
2016-09-23,657.0,671.9,645.2,657.95,650.0,648.9,3750.05,588.0,20296,13402602.5
2016-09-26,657.95,663.9,645.25,648.9,647.25,649.95,3750.05,588.0,24018,15730721.65
2016-09-27,650.45,659.5,643.0,649.95,645.5,647.15,3750.05,588.0,9424,6148617.15
2016-09-28,653.85,655.0,643.0,647.15,647.0,649.7,3750.05,588.0,6574,4266794.7
2016-09-29,650.3,655.0,632.1,649.7,638.7,635.25,3750.05,588.0,240520,152997634.8
2016-09-30,647.95,654.9,625.0,635.25,650.0,650.2,3750.05,588.0,11464,7399752.85
2016-10-03,644.05,664.95,644.05,650.2,660.0,657.25,3750.05,588.0,10256,6748216.0
2016-10-04,660.0,663.65,653.45,657.25,661.0,656.0,3750.05,588.0,231845,152143535.65
2016-10-05,664.95,670.95,660.0,656.0,665.0,664.8,3750.05,588.0,12036,8014616.15
2016-10-06,665.0,677.0,661.0,664.8,667.8,664.8,3750.05,588.0,15911,10648116.5
2016-10-07,660.1,676.0,660.1,664.8,667.0,668.15,3750.05,588.0,13688,9181747.65
2016-10-10,676.95,684.6,668.3,668.15,680.0,681.1,3750.05,588.0,16926,11493278.7
2016-10-13,681.0,682.95,661.0,681.1,670.85,673.85,3750.05,588.0,18859,12742218.2
2016-10-14,680.0,681.0,670.1,673.85,680.0,677.05,3750.05,588.0,12438,8380084.65
2016-10-17,677.05,685.0,671.2,677.05,671.2,674.25,3750.05,588.0,8581,5834946.85
2016-10-18,680.25,682.0,673.5,674.25,678.1,679.15,3750.05,588.0,4326,2937270.1
2016-10-19,679.0,685.0,670.0,679.15,672.0,670.9,3750.05,588.0,6913,4668728.85
2016-10-20,670.0,678.0,658.4,670.9,658.7,661.05,3750.05,588.0,14648,9783720.55
2016-10-21,674.6,674.6,658.0,661.05,659.0,659.7,3750.05,588.0,9375,6218512.7
2016-10-24,670.15,670.2,648.05,659.7,650.0,649.65,3750.05,588.0,15699,10348427.5
2016-10-25,655.0,658.9,645.25,649.65,649.5,648.7,3750.05,588.0,14935,9717258.55
2016-10-26,653.0,669.9,646.1,648.7,657.1,658.4,3750.05,588.0,28617,18837841.45
2016-10-27,671.65,671.65,650.15,658.4,660.0,660.4,3750.05,588.0,17582,11621769.35
2016-10-28,663.0,670.0,660.0,660.4,664.3,662.95,3750.05,588.0,9709,6438732.55
2016-10-30,673.95,677.0,662.95,662.95,677.0,674.0,3750.05,588.0,5907,3971889.75
2016-11-01,674.0,700.0,667.0,674.0,692.05,692.65,3750.05,588.0,21232,14502052.6
2016-11-02,691.95,702.0,675.25,692.65,691.0,690.95,3750.05,588.0,29868,20586771.15
2016-11-03,696.0,708.0,676.35,690.95,683.05,682.1,3750.05,588.0,21010,14628457.9
2016-11-04,679.0,682.0,662.2,682.1,672.9,668.95,3750.05,588.0,9941,6710333.45
2016-11-07,673.1,684.9,670.1,668.95,673.05,673.6,3750.05,588.0,6381,4333215.55
2016-11-08,684.0,691.0,675.0,673.6,689.0,688.7,3750.05,588.0,17727,12094587.8
2016-11-09,642.0,690.0,640.0,688.7,686.0,687.95,3750.05,588.0,16513,11029335.75
2016-11-10,699.0,703.3,681.1,687.95,693.5,693.3,3750.05,588.0,17993,12512420.35
2016-11-11,693.0,696.55,678.35,693.3,680.0,682.2,3750.05,588.0,6594,4536484.45
2016-11-15,680.0,681.35,660.0,682.2,670.0,666.2,3750.05,588.0,10602,7044958.1
2016-11-16,675.0,675.0,660.0,666.2,662.0,662.55,3750.05,588.0,4105,2728366.9
2016-11-17,689.0,689.0,655.25,662.55,675.0,676.05,3750.05,588.0,14654,9843946.55
2016-11-18,680.0,680.0,670.0,676.05,677.0,674.4,3750.05,588.0,3490,2362215.8
2016-11-21,680.0,680.0,650.0,674.4,652.3,651.15,3750.05,588.0,9182,6028201.9
2016-11-22,655.0,684.0,651.15,651.15,680.0,675.9,3750.05,588.0,12043,7998323.25
2016-11-23,675.85,675.9,650.4,675.9,651.5,652.95,3750.05,588.0,24333,15955611.6
2016-11-24,655.0,655.0,630.0,652.95,631.95,632.85,3750.05,588.0,35217,22464524.05
2016-11-25,630.05,646.9,630.05,632.85,630.1,633.9,3750.05,588.0,10444,6630605.9
2016-11-28,634.0,676.0,634.0,633.9,672.0,666.05,3750.05,588.0,14899,9789183.15
2016-11-29,668.0,680.0,651.0,666.05,670.0,670.1,3750.05,588.0,9259,6173495.85
2016-11-30,657.0,685.0,652.1,670.1,660.0,664.15,3750.05,588.0,14448,9635251.4
2016-12-01,657.0,670.05,657.0,664.15,666.0,666.15,3750.05,588.0,9228,6150651.45
2016-12-02,655.0,665.3,654.1,666.15,654.1,656.85,3750.05,588.0,8417,5570862.1
2016-12-05,651.05,660.35,647.0,656.85,653.0,650.75,3750.05,588.0,17001,11069765.15
2016-12-06,648.35,664.0,648.35,650.75,656.0,656.6,3750.05,588.0,4985,3291491.95
2016-12-07,657.95,665.0,655.0,656.6,655.05,655.3,3750.05,588.0,10017,6582795.6
2016-12-08,659.75,669.0,653.0,655.3,660.0,659.5,3750.05,588.0,11376,7519165.4
2016-12-09,669.95,674.0,658.05,659.5,659.0,662.0,3750.05,588.0,10353,6897717.0
2016-12-12,668.4,668.4,658.3,662.0,665.05,665.05,3750.05,588.0,4492,2981513.7
2016-12-13,668.35,686.55,663.0,665.05,683.0,681.3,3750.05,588.0,6640,4497137.8
2016-12-14,679.95,684.0,663.0,681.3,680.0,680.9,3750.05,588.0,4163,2823009.0
2016-12-15,680.95,684.0,675.0,680.9,683.0,681.4,3750.05,588.0,8247,5616178.55
2016-12-16,689.45,689.45,675.0,681.4,684.95,680.7,3750.05,588.0,17662,11978065.45
2016-12-19,679.45,685.05,677.0,680.7,682.05,681.5,3750.05,588.0,6673,4539727.35
2016-12-20,679.8,686.0,675.0,681.5,685.95,680.6,3750.05,588.0,5904,4012818.55
2016-12-21,680.05,689.85,670.25,680.6,681.55,680.8,3750.05,588.0,4334,2956514.9
2016-12-22,682.0,682.0,662.0,680.8,665.1,666.05,3750.05,588.0,5918,3966405.25
2016-12-23,682.6,682.6,660.0,666.05,661.95,660.65,3750.05,588.0,5345,3552281.65
2016-12-26,669.95,669.95,655.0,660.65,656.0,656.7,3750.05,588.0,2344,1545185.4
2016-12-27,669.95,669.95,657.15,656.7,662.0,661.95,3750.05,588.0,2153,1421470.8
2016-12-28,661.75,667.65,650.0,661.95,660.0,660.0,3750.05,588.0,20928,13795471.4
2016-12-29,669.95,673.9,657.6,660.0,671.0,671.1,3750.05,588.0,4435,2965738.0
2016-12-30,673.65,685.05,672.0,671.1,672.0,674.9,3750.05,588.0,2526,1714299.25
2017-01-02,680.0,690.0,676.55,674.9,690.0,680.6,3750.05,588.0,31473,21419110.55
2017-01-03,680.65,783.5,672.1,680.6,716.55,713.75,3750.05,588.0,172189,123377278.1
2017-01-04,715.0,740.0,704.05,713.75,713.0,713.0,3750.05,588.0,44539,32157342.5
2017-01-05,715.0,727.7,701.1,713.0,715.0,714.85,3750.05,588.0,23685,16891014.0
2017-01-06,716.05,720.0,697.0,714.85,704.9,702.15,3750.05,588.0,11368,8030604.05
2017-01-09,704.9,711.55,692.05,702.15,700.0,699.05,3680.0,588.0,12308,8617311.45
2017-01-10,692.0,709.0,692.0,699.05,694.0,693.0,3680.0,588.0,77906,54167463.9
2017-01-11,707.95,707.95,690.2,693.0,697.0,697.35,3680.0,588.0,6637,4633218.05
2017-01-12,696.55,703.0,692.0,697.35,693.95,694.2,3680.0,588.0,3460,2415857.0
2017-01-13,693.95,705.0,693.95,694.2,705.0,701.85,3680.0,588.0,5421,3791251.75
2017-01-16,702.0,715.05,699.1,701.85,705.0,704.05,3520.0,588.0,51122,36039748.5
2017-01-17,709.85,714.9,701.0,704.05,703.65,702.2,3520.0,588.0,64339,45201366.95
2017-01-18,713.95,720.0,704.0,702.2,705.8,707.3,3520.0,588.0,3317,2353405.35
2017-01-19,705.0,720.0,705.0,707.3,719.0,717.95,3520.0,588.0,8344,5970326.9
2017-01-20,706.0,718.0,696.5,717.95,696.5,700.35,3520.0,588.0,5390,3796224.05
2017-01-23,709.95,710.0,691.1,700.35,700.0,700.45,3520.0,588.0,2943,2061452.0
2017-01-24,705.45,714.95,703.0,700.45,703.1,704.2,3520.0,588.0,3831,2705713.85
2017-01-25,715.4,715.85,702.15,704.2,705.0,705.3,3520.0,588.0,3010,2124987.15
2017-01-27,700.05,715.0,700.05,705.3,708.0,710.85,3520.0,588.0,19054,13551485.4
2017-01-30,708.0,710.0,698.75,710.85,703.35,701.15,3520.0,588.0,6510,4588827.35
2017-01-31,700.0,705.0,693.1,701.15,694.4,695.2,3520.0,588.0,4504,3140335.25
2017-02-01,703.5,712.0,695.1,695.2,711.0,708.4,3520.0,588.0,10451,7377150.5
2017-02-02,717.0,724.0,705.05,708.4,709.0,711.2,3520.0,588.0,8742,6248449.1
2017-02-03,707.55,739.85,707.55,711.2,734.0,735.55,3520.0,588.0,16351,11961601.75
2017-02-06,735.5,745.0,716.9,735.55,725.0,722.05,3520.0,588.0,5469,4004132.95
2017-02-07,730.0,736.05,715.0,722.05,725.0,727.8,3520.0,588.0,11066,8035289.9
2017-02-08,734.5,742.0,710.15,727.8,716.0,719.8,3520.0,588.0,7087,5134506.15
2017-02-09,732.35,732.35,710.35,719.8,725.0,727.7,3520.0,588.0,2086,1511288.05
2017-02-10,734.95,734.95,720.0,727.7,724.0,727.75,3520.0,588.0,5861,4236752.85
2017-02-13,737.5,740.0,706.0,727.75,721.0,717.05,3520.0,588.0,7311,5256073.5
2017-02-14,724.95,740.0,705.0,717.05,725.0,731.45,3520.0,588.0,11423,8254052.5
2017-02-15,738.5,738.5,717.95,731.45,722.0,723.1,3520.0,588.0,5714,4137114.95
2017-02-16,727.95,729.55,720.1,723.1,729.0,726.4,3520.0,588.0,2834,2054457.75
2017-02-17,730.2,735.0,720.55,726.4,732.0,731.2,3520.0,588.0,10444,7633377.65
2017-02-20,734.15,743.0,721.6,731.2,739.0,736.4,3520.0,588.0,13721,10067085.5
2017-02-21,744.95,745.0,720.0,736.4,735.0,736.2,3520.0,588.0,11807,8681951.25
2017-02-22,743.95,747.8,735.1,736.2,737.8,737.65,3520.0,588.0,11486,8512045.4
2017-02-23,744.65,744.9,726.7,737.65,726.8,729.25,3520.0,588.0,7590,5590114.65
2017-02-27,728.95,728.95,713.45,729.25,720.0,721.3,3520.0,588.0,8858,6374136.1
2017-02-28,722.55,728.7,711.0,721.3,717.0,714.95,3520.0,588.0,129656,92757658.85
2017-03-01,719.45,731.9,712.9,714.95,715.5,717.2,3520.0,588.0,9806,7071763.35
2017-03-02,725.15,726.6,710.0,717.2,718.0,713.6,3520.0,588.0,136066,97426384.65
2017-03-03,720.75,736.9,712.4,713.6,734.0,728.95,3520.0,588.0,26222,19124222.25
2017-03-06,732.95,736.0,719.0,728.95,724.0,724.15,3520.0,588.0,7235,5256594.05
2017-03-07,727.0,730.7,717.5,724.15,727.0,727.9,3520.0,588.0,30290,21926215.05
2017-03-08,734.0,735.0,721.35,727.9,728.0,728.05,3520.0,588.0,7979,5810079.1
2017-03-09,729.95,731.95,719.45,728.05,722.0,721.7,3520.0,588.0,12874,9303572.55
2017-03-10,721.95,729.5,714.25,721.7,721.55,720.65,3520.0,588.0,5050,3640939.5
2017-03-14,733.95,736.0,720.1,720.65,724.0,721.6,3520.0,588.0,20671,15017893.65
2017-03-15,726.35,729.5,722.1,721.6,728.0,727.8,3520.0,588.0,9532,6920802.0
2017-03-16,725.05,733.95,722.0,727.8,733.95,732.25,3520.0,588.0,9546,6960892.6
2017-03-17,735.0,742.0,730.0,732.25,738.35,736.8,3520.0,588.0,17718,13033078.65
2017-03-20,731.0,744.0,730.0,736.8,740.5,740.05,3520.0,588.0,22384,16525765.5
2017-03-21,737.6,743.0,731.05,740.05,734.0,733.35,3520.0,588.0,14272,10497838.05
2017-03-22,732.95,741.0,725.0,733.35,733.0,736.6,3520.0,588.0,14291,10417621.55
2017-03-23,733.95,739.5,725.35,736.6,731.0,731.2,3520.0,588.0,8337,6088299.65
2017-03-24,739.95,740.95,725.1,731.2,740.0,737.6,3520.0,588.0,48311,35319981.15
2017-03-27,740.05,749.95,733.55,737.6,748.0,746.8,3499.0,588.0,8993,6696306.15
2017-03-28,736.35,753.0,736.0,746.8,750.2,750.05,3499.0,588.0,6984,5211064.15
2017-03-29,750.0,759.9,747.0,750.05,755.0,754.2,3499.0,588.0,7229,5451524.15
2017-03-30,759.6,768.0,753.45,754.2,756.5,757.4,3499.0,588.0,8657,6601017.95
2017-03-31,761.75,796.0,755.1,757.4,786.5,788.2,3499.0,588.0,32462,25358468.9
2017-04-03,788.2,794.4,759.8,788.2,769.0,772.9,3498.5,588.0,29986,23301693.65
2017-04-05,784.9,915.0,765.05,772.9,820.0,817.7,3498.5,588.0,84316,70367998.7
2017-04-06,820.5,848.5,810.0,817.7,815.0,814.25,3498.5,588.0,28922,23865763.95
2017-04-07,818.95,840.0,814.8,814.25,830.0,824.65,3498.5,588.0,22556,18707581.25
2017-04-10,825.55,850.0,825.55,824.65,849.0,848.8,3498.5,588.0,16768,14136434.95
2017-04-11,858.0,871.95,848.05,848.8,858.5,856.7,3498.5,588.0,35707,30727818.0
2017-04-12,856.3,859.85,829.5,856.7,834.0,835.5,3498.5,588.0,12761,10802155.1
2017-04-13,830.05,848.2,821.0,835.5,824.0,824.2,3498.5,588.0,14847,12303874.25
2017-04-17,839.95,846.0,821.1,824.2,825.0,825.05,3498.5,588.0,17910,14842219.15
2017-04-18,817.75,830.95,810.0,825.05,810.05,816.35,3498.5,588.0,10430,8606416.7
2017-04-19,812.75,824.95,792.05,816.35,808.0,806.65,3498.5,588.0,9575,7741758.5
2017-04-20,817.0,819.0,805.05,806.65,809.2,811.15,3498.5,588.0,4022,3267355.25
2017-04-21,827.65,827.65,792.5,811.15,804.0,801.0,3498.5,588.0,13148,10647619.35
2017-04-24,808.6,820.0,802.1,801.0,820.0,813.25,3498.5,588.0,16711,13607021.1
2017-04-25,825.0,825.0,802.55,813.25,810.05,814.75,3498.5,588.0,55886,45567796.95
2017-04-26,810.7,817.05,800.0,814.75,812.9,809.0,3498.5,588.0,14188,11477412.75
2017-04-27,815.0,815.0,802.05,809.0,805.0,804.2,3498.5,588.0,7801,6280639.65
2017-04-28,804.25,805.7,795.05,804.2,803.0,801.6,3498.5,588.0,12770,10232892.45
2017-05-02,805.0,810.0,781.0,801.6,790.0,790.1,3439.95,588.0,15593,12391721.75
2017-05-03,801.0,801.0,772.05,790.1,780.2,781.4,3439.95,588.0,12893,10169581.35
2017-05-04,775.0,790.45,773.0,781.4,780.0,780.75,3439.95,588.0,15261,11951190.8
2017-05-05,792.0,792.0,780.0,780.75,781.0,781.15,3439.95,588.0,12504,9799434.85
2017-05-08,795.0,795.0,781.15,781.15,782.2,783.6,3425.0,588.0,4915,3873229.9
2017-05-09,791.95,791.95,781.0,783.6,787.0,789.2,3425.0,588.0,9363,7386121.3
2017-05-10,793.0,801.0,790.0,789.2,797.0,799.1,3425.0,588.0,13554,10834106.9
2017-05-11,802.0,812.2,792.0,799.1,798.7,799.65,3425.0,588.0,16434,13201087.15
2017-05-12,808.0,810.0,796.75,799.65,809.2,806.45,3425.0,588.0,19807,15913254.3
2017-05-15,809.2,839.0,809.0,806.45,822.0,824.5,3425.0,588.0,27980,23186717.05
2017-05-16,825.0,839.15,811.05,824.5,816.5,815.05,3425.0,588.0,7786,6406014.15
2017-05-17,829.9,829.9,820.0,815.05,822.0,822.9,3425.0,588.0,7570,6237809.0
2017-05-18,829.95,829.95,801.3,822.9,817.0,815.55,3425.0,588.0,22130,18074160.0
2017-05-19,825.0,828.0,815.0,815.55,822.0,823.95,3425.0,588.0,29547,24249598.45
2017-05-22,829.95,830.05,820.2,823.95,825.0,824.4,3305.0,588.0,8363,6900761.8
2017-05-23,825.0,832.9,820.0,824.4,825.0,822.9,3305.0,588.0,5139,4221763.85
2017-05-24,825.0,827.2,820.0,822.9,826.0,824.5,3305.0,588.0,12664,10439823.7
2017-05-25,830.0,830.0,824.0,824.5,828.8,828.3,3305.0,588.0,36286,29967592.3
2017-05-26,829.0,843.7,829.0,828.3,835.0,835.45,3305.0,588.0,16751,14054439.3
2017-05-29,840.9,847.5,835.0,835.45,835.0,838.0,3299.95,588.0,15902,13371215.4
2017-05-30,836.0,842.9,825.0,838.0,830.05,831.8,3299.95,588.0,9254,7703376.2
2017-05-31,831.85,836.0,825.3,831.8,831.2,831.1,3299.95,588.0,21942,18234855.25
2017-06-01,844.55,844.95,825.0,831.1,827.05,827.2,3299.95,588.0,22620,18727418.3
2017-06-02,822.1,833.4,822.1,827.2,825.0,825.1,3299.95,588.0,23775,19635534.8
2017-06-05,825.0,845.0,825.0,825.1,826.1,827.1,3299.95,588.0,8808,7287851.7
2017-06-06,840.65,840.65,820.0,827.1,823.0,824.6,3299.95,588.0,12159,10038263.75
2017-06-07,823.0,843.0,823.0,824.6,830.05,834.25,3299.95,588.0,4795,4000352.8
2017-06-08,834.3,841.45,825.15,834.25,829.0,829.4,3299.95,588.0,178364,148156490.4
2017-06-09,825.1,833.2,825.1,829.4,829.0,828.85,3299.95,588.0,5590,4636930.1
2017-06-12,829.0,830.2,816.1,828.85,826.0,829.45,3299.95,588.0,114779,94253677.45
2017-06-13,824.95,830.05,824.0,829.45,830.0,829.8,3299.95,588.0,8447,7001572.95
2017-06-14,844.9,844.9,820.0,829.8,820.0,822.85,3299.95,588.0,4697,3872985.7
2017-06-15,842.95,843.5,820.0,822.85,828.95,820.1,3299.95,588.0,28425,23371672.0
2017-06-16,830.0,830.0,820.15,820.1,822.5,822.75,3299.95,588.0,3563,2935578.75
2017-06-19,844.9,844.9,816.85,822.75,829.95,827.8,3299.95,588.0,22433,18524830.55
2017-06-20,824.7,844.0,823.0,827.8,823.5,824.2,3299.95,588.0,171055,142032343.75
2017-06-21,832.55,832.55,819.05,824.2,820.25,820.5,3299.95,588.0,6255,5140639.9
2017-06-22,821.3,827.95,820.0,820.5,822.0,820.9,3299.95,588.0,6906,5684025.45
2017-06-23,820.0,827.0,808.0,820.9,812.9,812.9,3299.95,588.0,5947,4859437.55
2017-06-27,808.5,818.2,801.0,812.9,813.0,812.95,3299.95,588.0,14439,11723242.85
2017-06-28,804.5,824.4,800.3,812.95,822.0,819.55,3299.95,588.0,7079,5800164.8
2017-06-29,819.7,820.1,810.4,819.55,810.5,816.75,3299.95,588.0,12247,10016192.65
2017-06-30,821.0,830.0,800.25,816.75,825.0,824.65,3299.95,588.0,10770,8775447.55
2017-07-03,844.0,844.0,812.3,824.65,823.8,820.95,3290.0,588.0,4021,3313933.0
2017-07-04,825.0,825.0,812.0,820.95,812.0,815.5,3290.0,588.0,3378,2761601.8
2017-07-05,824.95,824.95,807.0,815.5,824.0,818.5,3290.0,588.0,4568,3723559.65
2017-07-06,823.6,827.0,821.3,818.5,824.0,824.4,3290.0,588.0,5796,4774755.05
2017-07-07,823.6,905.65,814.8,824.4,844.0,844.35,3290.0,588.0,313372,263814615.9
2017-07-10,844.35,860.0,836.85,844.35,847.1,852.4,3290.0,588.0,3835,3268331.5
2017-07-11,860.0,875.0,850.65,852.4,856.0,855.05,3290.0,588.0,21085,18155781.85
2017-07-12,868.95,869.5,855.1,855.05,864.0,859.25,3290.0,588.0,17071,14682779.65
2017-07-13,868.4,868.4,850.0,859.25,860.0,859.1,3290.0,588.0,23527,20257687.8
2017-07-14,859.1,865.5,847.3,859.1,850.5,851.3,3290.0,588.0,6329,5398522.55
2017-07-17,847.3,864.7,845.1,851.3,847.0,848.25,915.0,588.0,29812,25341052.6
2017-07-18,835.5,870.0,835.5,848.25,860.0,863.0,915.0,588.0,18699,16105263.4
2017-07-19,862.95,874.9,850.1,863.0,872.0,870.4,915.0,588.0,10691,9266504.7
2017-07-20,873.95,889.0,857.65,870.4,881.0,876.2,915.0,588.0,20379,17912098.8
2017-07-21,877.05,900.0,877.05,876.2,890.0,891.75,915.0,588.0,68686,61290763.8
2017-07-24,893.05,920.0,885.0,891.75,897.0,897.0,920.0,588.0,36514,32994299.95
2017-07-25,897.0,915.0,885.0,897.0,898.3,891.75,920.0,588.0,12584,11289558.9
2017-07-26,894.5,905.0,893.0,891.75,898.0,898.5,920.0,588.0,15650,14040666.05
2017-07-27,900.05,913.75,892.0,898.5,896.0,895.15,920.0,588.0,8916,8034423.9
2017-07-28,914.0,914.0,890.05,895.15,899.85,899.1,920.0,588.0,5226,4685777.9
2017-07-31,909.0,909.0,891.1,899.1,892.65,897.85,920.0,588.0,6200,5555734.8
2017-08-01,905.0,905.0,893.0,897.85,894.0,894.35,920.0,588.0,3613,3241832.7
2017-08-02,880.6,904.0,880.6,894.35,892.1,898.65,920.0,588.0,5836,5238219.05
2017-08-03,893.5,897.0,885.0,898.65,885.0,887.95,920.0,588.0,5552,4945464.85
2017-08-04,894.95,899.0,881.0,887.95,882.0,882.2,920.0,588.0,4071,3599210.55
2017-08-07,897.25,897.25,882.35,882.2,892.0,890.8,920.0,588.0,5277,4695422.15
2017-08-08,895.0,899.9,876.0,890.8,886.0,885.25,920.0,588.0,8686,7676127.2
2017-08-09,890.0,890.0,870.85,885.25,871.5,875.4,920.0,588.0,18256,15997074.05
2017-08-10,860.05,887.85,848.8,875.4,871.55,870.6,920.0,588.0,19439,16891262.35
2017-08-11,865.0,875.0,855.2,870.6,870.0,870.05,920.0,588.0,14518,12576895.8
2017-08-14,877.9,891.3,869.0,870.05,870.0,874.35,920.0,588.0,13300,11658061.1
2017-08-16,882.55,882.55,870.0,874.35,870.0,873.0,920.0,588.0,99202,86623446.7
2017-08-17,870.1,879.9,865.1,873.0,870.0,867.15,920.0,588.0,9639,8379717.0
2017-08-18,868.4,876.0,860.0,867.15,867.9,863.7,920.0,588.0,3652,3159910.8
2017-08-21,871.95,872.0,848.0,863.7,850.05,855.0,920.0,588.0,31549,26884408.9
2017-08-22,850.05,869.95,833.0,855.0,856.95,856.75,920.0,588.0,10331,8844436.8
2017-08-23,867.9,867.95,853.0,856.75,856.0,855.75,920.0,588.0,7554,6475154.2
2017-08-24,860.05,889.0,856.05,855.75,875.0,879.8,920.0,588.0,7298,6377032.75
2017-08-28,893.5,905.25,880.45,879.8,896.95,898.55,920.0,601.0,6956,6233030.6
2017-08-29,902.0,902.35,879.25,898.55,885.55,887.8,920.0,601.0,7888,7018118.75
2017-08-30,878.05,900.0,878.05,887.8,885.45,889.7,920.0,601.0,6175,5501033.75
2017-08-31,881.0,891.95,874.95,889.7,885.0,883.95,920.0,601.0,4691,4139628.9
2017-09-01,888.95,889.0,879.3,883.95,882.0,882.45,920.0,601.0,2564,2263369.2
2017-09-04,894.9,895.15,874.0,882.45,881.05,885.2,920.0,620.1,6492,5748373.55
2017-09-05,876.4,884.75,876.2,885.2,877.0,879.0,920.0,620.1,3726,3280355.4
2017-09-06,879.6,888.5,873.05,879.0,875.0,877.8,920.0,620.1,7051,6191250.2
2017-09-07,878.05,890.0,873.15,877.8,875.0,882.9,920.0,620.1,7754,6822825.45
2017-09-08,880.45,881.05,860.1,882.9,876.9,872.95,920.0,620.1,666865,582140361.8
2017-09-11,880.0,883.1,872.05,872.95,880.0,880.2,920.0,620.1,15129,13295452.2
2017-09-12,884.95,895.15,876.05,880.2,890.0,890.9,920.0,620.1,8083,7169984.7
2017-09-13,892.0,925.0,891.0,890.9,910.0,904.5,925.0,620.1,37439,34165679.6
2017-09-14,910.0,948.1,900.0,904.5,920.4,929.15,948.1,620.1,17822,16492514.3
2017-09-15,938.3,941.35,920.1,929.15,930.0,936.15,948.1,620.1,10448,9764881.35
2017-09-18,946.0,960.0,940.0,936.15,940.0,944.7,960.0,625.0,12539,11910639.3
2017-09-19,960.0,961.85,938.2,944.7,938.2,942.55,961.85,625.0,7983,7557234.55
2017-09-20,954.5,954.5,926.45,942.55,940.0,937.1,961.85,625.0,5344,5015130.3
2017-09-21,927.2,957.0,927.0,937.1,932.0,937.45,961.85,625.0,15730,14794625.35
2017-09-22,937.4,938.4,911.2,937.45,923.0,916.75,961.85,625.0,7382,6840750.35
2017-09-25,921.0,929.0,894.45,916.75,913.7,914.35,961.85,625.0,11601,10572037.75
2017-09-26,928.1,928.1,909.65,914.35,922.0,915.3,961.85,625.0,6751,6183283.45
2017-09-27,916.7,921.0,903.0,915.3,903.0,908.9,961.85,625.0,108289,98476993.65
2017-09-28,904.0,915.0,895.1,908.9,907.0,900.3,961.85,625.0,7315,6610135.65
2017-09-29,909.8,914.5,900.0,900.3,910.0,905.3,961.85,625.0,14221,12939056.0
2017-10-03,921.0,921.0,901.1,905.3,909.1,911.7,961.85,630.0,4136,3776266.65
2017-10-04,926.75,926.75,895.3,911.7,915.5,915.25,961.85,630.0,4539,4137590.6
2017-10-05,915.05,923.0,910.0,915.25,921.45,920.4,961.85,630.0,10324,9478914.7
2017-10-06,920.4,947.55,913.1,920.4,947.0,940.7,961.85,630.0,19178,17726042.7
2017-10-09,945.0,1118.35,930.3,940.7,1000.0,1001.5,1118.35,630.0,94391,94809966.6
2017-10-10,1010.1,1035.0,1005.0,1001.5,1010.0,1010.2,1118.35,630.0,27724,28229917.15
2017-10-11,1010.3,1024.0,985.0,1010.2,999.0,997.85,1118.35,630.0,52372,52943161.6
2017-10-12,1004.7,1009.0,993.5,997.85,995.5,999.65,1118.35,630.0,8090,8086938.7
2017-10-13,1006.85,1006.85,991.1,999.65,997.55,994.1,1118.35,630.0,5939,5913989.6
2017-10-16,990.0,1005.0,970.0,994.1,989.0,987.25,1118.35,630.0,12635,12574752.5
2017-10-17,994.8,1000.0,980.0,987.25,982.25,985.5,1118.35,630.0,15751,15567747.7
2017-10-18,985.55,1000.0,981.1,985.5,995.0,995.0,1118.35,630.0,43105,42806538.6
2017-10-19,1005.0,1008.0,955.2,995.0,995.0,997.3,1118.35,630.0,4653,4622703.25
2017-10-23,1010.5,1010.5,986.1,997.3,995.0,987.25,1118.35,630.0,75773,75658721.0
2017-10-24,995.0,997.0,979.25,987.25,990.0,992.6,1118.35,630.0,5547,5497364.9
2017-10-25,1007.0,1007.0,982.5,992.6,992.0,992.05,1118.35,630.0,10952,10863279.25
2017-10-26,999.4,1000.0,994.0,992.05,995.0,995.35,1118.35,630.0,5924,5915053.3
2017-10-27,995.0,1039.4,986.5,995.35,1001.0,1000.0,1118.35,630.0,30480,30658831.75
2017-10-30,1005.0,1039.0,995.0,1000.0,1030.0,1030.3,1118.35,630.0,18907,19117401.8
2017-10-31,1030.0,1044.95,1014.85,1030.3,1025.0,1027.3,1118.35,630.0,32357,33247281.15
2017-11-01,1039.0,1040.0,1020.0,1027.3,1034.0,1032.75,1118.35,630.0,7113,7320775.5
2017-11-02,1100.0,1100.0,1045.55,1032.75,1059.0,1060.45,1118.35,630.0,107779,115414498.1
2017-11-03,1076.4,1080.0,1060.0,1060.45,1071.95,1069.35,1118.35,630.0,17944,19134073.4
2017-11-06,1061.4,1080.95,1061.4,1069.35,1062.0,1066.3,1118.35,630.0,13017,13975498.65
2017-11-07,1070.0,1070.0,1046.0,1066.3,1061.0,1057.3,1118.35,630.0,7787,8236415.3
2017-11-08,1058.05,1068.0,1046.65,1057.3,1050.4,1051.4,1118.35,630.0,7036,7444864.2
2017-11-09,1056.8,1075.0,1053.95,1051.4,1062.8,1063.2,1118.35,630.0,6401,6800572.65
2017-11-10,1072.4,1072.4,1058.95,1063.2,1063.0,1068.05,1118.35,630.0,4087,4357561.9
2017-11-13,1074.25,1100.0,1067.25,1068.05,1090.1,1091.35,1118.35,630.0,17960,19569254.15
2017-11-14,1082.05,1099.95,1075.0,1091.35,1080.0,1079.8,1118.35,630.0,7453,8111801.65
2017-11-15,1099.9,1110.0,1077.0,1079.8,1088.0,1080.2,1118.35,630.0,14199,15523804.4
2017-11-16,1075.0,1152.0,1075.0,1080.2,1129.0,1125.5,1152.0,630.0,41819,47086788.35
2017-11-17,1158.0,1170.0,1121.75,1125.5,1165.0,1160.45,1170.0,630.0,36664,42281699.6
2017-11-20,1177.55,1196.95,1165.0,1160.45,1180.0,1185.5,1196.95,630.0,58016,68946778.25
2017-11-21,1191.0,1210.05,1180.05,1185.5,1188.0,1188.4,1210.05,630.0,89427,106746802.2
2017-11-22,1200.0,1204.9,1118.7,1188.4,1160.0,1169.8,1210.05,630.0,20344,23784359.25
2017-11-23,1165.0,1185.0,1159.05,1169.8,1181.0,1177.9,1210.05,630.0,4663,5485029.15
2017-11-24,1174.1,1185.0,1167.05,1177.9,1179.0,1174.1,1210.05,630.0,12171,14371232.8
2017-11-27,1185.0,1191.7,1169.0,1174.1,1170.0,1173.3,1210.05,634.0,11261,13279234.25
2017-11-28,1180.0,1185.05,1166.0,1173.3,1170.0,1169.75,1210.05,634.0,5148,6041845.2
2017-11-29,1170.0,1170.05,1160.0,1169.75,1166.85,1165.8,1210.05,634.0,6149,7165864.15
2017-11-30,1165.05,1166.95,1155.0,1165.8,1159.0,1158.4,1210.05,634.0,5342,6194110.2
2017-12-01,1156.05,1160.65,1150.0,1158.4,1150.0,1151.5,1210.05,634.0,9705,11228420.55
2017-12-04,1164.0,1164.95,1126.0,1151.5,1131.95,1139.35,1210.05,647.0,6822,7829658.05
2017-12-05,1135.0,1155.0,1100.0,1139.35,1141.95,1137.15,1210.05,647.0,11271,12632939.55
2017-12-06,1141.95,1142.0,1103.6,1137.15,1120.6,1127.25,1210.05,647.0,6113,6891061.95
2017-12-07,1162.0,1272.8,1130.0,1127.25,1142.0,1140.6,1272.8,647.0,54344,63374541.5
2017-12-08,1167.95,1179.0,1146.85,1140.6,1161.0,1165.4,1272.8,647.0,23461,27312858.75
2017-12-11,1166.9,1183.95,1141.15,1165.4,1162.0,1160.3,1272.8,650.0,16127,18750555.4
2017-12-12,1169.95,1169.95,1144.9,1160.3,1155.0,1149.9,1272.8,650.0,6874,7920608.2
2017-12-13,1158.05,1159.95,1140.0,1149.9,1141.0,1142.1,1272.8,650.0,3676,4222441.3
2017-12-14,1139.05,1160.85,1135.0,1142.1,1155.0,1154.75,1272.8,650.0,5948,6839350.45
2017-12-15,1154.0,1185.0,1154.0,1154.75,1165.25,1167.7,1272.8,650.0,16433,19288430.25
2017-12-18,1178.1,1178.1,1119.95,1167.7,1157.5,1159.95,1272.8,650.0,11595,13422927.7
2017-12-19,1164.95,1195.0,1160.0,1159.95,1178.0,1177.9,1272.8,650.0,9248,10890991.05
2017-12-20,1185.0,1185.6,1170.0,1177.9,1175.0,1177.0,1272.8,650.0,252827,297613421.15
2017-12-21,1200.0,1228.0,1181.0,1177.0,1185.0,1184.75,1272.8,650.0,32636,38971616.25
2017-12-22,1194.9,1194.9,1171.5,1184.75,1173.0,1178.2,1272.8,650.0,32154,38128617.55
2017-12-26,1186.0,1190.9,1178.0,1178.2,1188.45,1188.7,1272.8,650.0,11971,14188727.45
2017-12-27,1194.0,1203.0,1181.0,1188.7,1190.0,1189.15,1272.8,650.0,12297,14644688.4
2017-12-28,1193.0,1208.95,1180.0,1189.15,1182.55,1184.5,1272.8,650.0,7560,8976234.3
2017-12-29,1181.05,1200.0,1176.05,1184.5,1180.0,1180.15,1272.8,650.0,386685,456353826.1
2018-01-01,1182.95,1198.0,1178.1,1180.15,1187.8,1186.2,1272.8,672.1,4437,5265644.75
2018-01-02,1183.0,1196.95,1160.0,1186.2,1174.0,1172.85,1272.8,672.1,15298,17939024.35
2018-01-03,1189.9,1189.9,1171.05,1172.85,1176.0,1178.6,1272.8,672.1,6850,8080259.3
2018-01-04,1178.55,1193.1,1172.1,1178.6,1181.0,1182.4,1272.8,672.1,8110,9607301.2
2018-01-05,1183.05,1189.9,1175.0,1182.4,1177.7,1179.0,1272.8,672.1,6423,7575796.7
2018-01-08,1193.2,1193.2,1160.0,1179.0,1175.0,1171.95,1272.8,690.2,10273,12058217.65
2018-01-09,1183.0,1224.9,1166.45,1171.95,1179.15,1175.1,1272.8,690.2,50194,59833282.65
2018-01-10,1165.15,1184.95,1161.15,1175.1,1167.3,1166.65,1272.8,690.2,11122,13006484.75
2018-01-11,1163.05,1180.0,1163.0,1166.65,1169.05,1171.45,1272.8,690.2,9559,11200430.55
2018-01-12,1171.45,1175.95,1160.0,1171.45,1160.0,1160.7,1272.8,690.2,22009,25633235.0
2018-01-15,1171.0,1172.95,1159.95,1160.7,1163.0,1163.7,1272.8,691.1,10675,12434808.2
2018-01-16,1165.05,1170.0,1142.6,1163.7,1159.0,1157.65,1272.8,691.1,17855,20618531.8
2018-01-17,1168.95,1168.95,1140.0,1157.65,1155.0,1154.6,1272.8,691.1,27208,31340759.5
2018-01-18,1150.0,1154.85,1125.2,1154.6,1140.0,1134.15,1272.8,691.1,19605,22489645.45
2018-01-19,1134.15,1144.95,1118.0,1134.15,1139.0,1137.45,1272.8,691.1,942057,1073049994.15
2018-01-22,1147.0,1147.0,1122.45,1137.45,1133.2,1128.05,1272.8,691.1,11082,12597923.25
2018-01-23,1128.05,1142.0,1125.0,1128.05,1142.0,1140.0,1272.8,691.1,19570,22296805.8
2018-01-24,1150.0,1150.0,1121.0,1140.0,1124.0,1125.2,1272.8,691.1,67280,75815352.6
2018-01-25,1124.0,1134.7,1099.0,1125.2,1107.0,1103.6,1272.8,691.1,8727,9716912.6
2018-01-29,1103.6,1103.6,1090.0,1103.6,1097.0,1095.75,1272.8,693.1,8239,9032446.4
2018-01-30,1095.75,1102.0,1060.05,1095.75,1089.9,1086.05,1272.8,693.1,22065,23851969.4
2018-01-31,1093.95,1094.0,1062.5,1086.05,1070.0,1069.15,1272.8,693.1,9061,9710652.7
2018-02-01,1081.5,1097.95,1005.0,1069.15,1088.95,1083.6,1272.8,693.1,16091,17347546.8
2018-02-02,1085.0,1085.0,1050.0,1083.6,1075.0,1073.7,1272.8,693.1,18196,19414508.0
2018-02-05,1060.0,1060.0,990.0,1073.7,1029.0,1034.75,1272.8,705.0,75504,77544278.55
2018-02-06,990.0,1029.0,980.0,1034.75,1019.7,1021.3,1272.8,705.0,54025,53978732.1
2018-02-07,1020.0,1075.95,1020.0,1021.3,1048.0,1046.8,1272.8,705.0,9298,9732693.7
2018-02-08,1046.8,1064.0,1037.75,1046.8,1045.0,1050.05,1272.8,705.0,7833,8222799.2
2018-02-09,1049.0,1049.95,1026.5,1050.05,1035.0,1035.4,1272.8,705.0,3411,3549096.5
2018-02-12,1068.0,1068.0,1035.0,1035.4,1035.0,1036.85,1272.8,705.0,4786,4983487.5
2018-02-14,1045.0,1071.5,1039.25,1036.85,1070.5,1060.2,1272.8,705.0,6301,6672925.1
2018-02-15,1074.0,1089.0,1051.0,1060.2,1060.0,1056.45,1272.8,705.0,7654,8142709.2
2018-02-16,1057.0,1067.0,1050.0,1056.45,1059.1,1055.7,1272.8,705.0,4177,4424025.85
2018-02-19,1061.3,1061.3,1035.0,1055.7,1038.0,1038.45,1272.8,710.0,4267,4449500.25
2018-02-20,1050.0,1050.0,1022.0,1038.45,1022.0,1029.7,1272.8,710.0,22999,23690193.35
2018-02-21,1039.8,1039.8,1011.8,1029.7,1028.9,1026.1,1272.8,710.0,12208,12487400.4
2018-02-22,1032.9,1032.9,1006.15,1026.1,1010.0,1010.3,1272.8,710.0,31723,32052825.3
2018-02-23,1024.95,1024.95,1008.0,1010.3,1020.0,1014.5,1272.8,710.0,31263,31627037.05
2018-02-26,1031.45,1031.45,1015.0,1014.5,1026.0,1026.65,1272.8,710.0,14137,14403742.0
2018-02-27,1035.0,1035.0,1011.0,1026.65,1019.45,1024.05,1272.8,710.0,9395,9643159.45
2018-02-28,1033.0,1035.0,1018.5,1024.05,1035.0,1026.95,1272.8,710.0,5794,5952230.2
2018-03-01,1033.0,1033.0,1021.0,1026.95,1021.0,1023.65,1272.8,710.0,8622,8863553.2
2018-03-05,1022.0,1035.0,1006.15,1023.65,1025.55,1025.65,1272.8,714.25,12111,12248463.35
2018-03-06,1022.05,1035.0,1010.0,1025.65,1010.0,1011.2,1272.8,714.25,16426,16824595.1
2018-03-07,1005.0,1012.7,995.1,1011.2,1000.05,1001.65,1272.8,714.25,10960,11020496.7
2018-03-08,992.25,1005.0,978.05,1001.65,985.0,981.2,1272.8,714.25,15905,15673338.8
2018-03-09,975.1,1005.0,975.1,981.2,985.0,997.8,1272.8,714.25,44509,44359373.05
2018-03-12,1000.0,1009.0,979.95,997.8,986.75,988.75,1272.8,720.1,12029,11942181.55
2018-03-13,990.05,1002.35,990.05,988.75,995.05,998.1,1272.8,720.1,7047,7033199.7
2018-03-14,995.0,1000.05,985.4,998.1,986.2,989.55,1272.8,720.1,4777,4743143.1
2018-03-15,986.0,1011.0,986.0,989.55,1002.45,1000.2,1272.8,720.1,95222,94979296.75
2018-03-16,1002.5,1016.65,1000.0,1000.2,1001.0,1000.9,1272.8,720.1,3550,3566735.25
2018-03-19,1013.8,1023.45,995.25,1000.9,1016.0,1017.3,1272.8,725.0,9313,9386906.0
2018-03-20,1012.0,1049.0,1002.05,1017.3,1015.0,1017.95,1272.8,725.0,18187,18475527.65
2018-03-21,1033.15,1033.15,1012.5,1017.95,1015.45,1016.35,1272.8,725.0,6501,6641866.75
2018-03-22,1016.25,1018.9,1005.0,1016.35,1005.8,1007.9,1272.8,725.0,2532,2561113.65
2018-03-23,990.0,1030.0,990.0,1007.9,1014.0,1003.75,1272.8,725.0,6607,6629799.0
2018-03-26,1016.0,1035.15,1000.0,1003.75,1027.45,1026.5,1272.8,733.55,10414,10611133.95
2018-03-27,1021.1,1059.4,1021.05,1026.5,1059.4,1052.0,1272.8,733.55,5345,5570416.15
2018-03-28,1052.0,1081.5,1047.1,1052.0,1065.0,1068.55,1272.8,733.55,13578,14476437.05
2018-04-02,1052.0,1082.8,1052.0,1068.55,1062.0,1067.6,1272.8,759.8,32367,34599616.4
2018-04-03,1065.25,1094.0,1035.0,1067.6,1094.0,1080.3,1272.8,759.8,9594,10252881.05
2018-04-04,1096.45,1096.45,1056.1,1080.3,1070.0,1064.4,1272.8,759.8,44358,47534355.25
2018-04-05,1079.0,1079.0,1056.05,1064.4,1063.0,1070.05,1272.8,759.8,9748,10404095.45
2018-04-06,1064.8,1075.0,1064.8,1070.05,1068.0,1068.0,1272.8,759.8,1459,1561574.45
2018-04-09,1075.0,1079.2,1067.35,1068.0,1075.0,1077.0,1272.8,772.05,20435,22000251.9
2018-04-10,1070.0,1080.9,1052.6,1077.0,1075.0,1078.7,1272.8,772.05,21544,23162175.9
2018-04-11,1072.7,1076.95,1061.6,1078.7,1074.0,1074.4,1272.8,772.05,11249,12076565.25
2018-04-12,1074.0,1074.0,1065.05,1074.4,1073.0,1073.15,1272.8,772.05,1998,2142461.25
2018-04-13,1084.0,1084.0,1065.1,1073.15,1065.6,1065.3,1272.8,772.05,18524,19854057.35
2018-04-16,1064.8,1075.0,1063.9,1065.3,1069.9,1069.9,1272.8,772.05,34607,37003754.4
2018-04-17,1069.0,1070.0,1007.95,1069.9,1070.0,1059.55,1272.8,772.05,52151,54927717.0
2018-04-18,1058.25,1066.0,1028.5,1059.55,1044.0,1043.6,1272.8,772.05,10569,11013844.05
2018-04-19,1047.6,1047.6,1020.0,1043.6,1027.0,1024.85,1272.8,772.05,34239,35172117.3
2018-04-20,1015.0,1051.0,1015.0,1024.85,1040.0,1044.2,1272.8,772.05,32685,33661983.1
2018-04-23,1055.0,1055.0,1031.0,1044.2,1045.05,1042.75,1272.8,772.05,18154,18880122.15
2018-04-24,1044.95,1051.0,1040.0,1042.75,1045.0,1045.05,1272.8,772.05,8782,9161067.6
2018-04-25,1048.65,1056.0,1024.55,1045.05,1050.0,1049.2,1272.8,772.05,10680,11098675.4
2018-04-26,1051.2,1070.0,1037.0,1049.2,1057.0,1058.25,1272.8,772.05,47570,49900290.3
2018-04-27,1061.8,1067.45,1060.0,1058.25,1064.8,1061.0,1272.8,772.05,10951,11612610.75
2018-04-30,1064.4,1070.0,1061.35,1061.0,1066.15,1063.7,1272.8,772.05,1429,1523211.7
2018-05-02,1066.75,1073.6,1061.0,1063.7,1070.0,1068.55,1272.8,772.05,2714,2898578.7
2018-05-03,1069.75,1069.75,1030.35,1068.55,1058.0,1060.25,1272.8,772.05,12124,12753821.65
2018-05-04,1060.25,1061.2,1042.6,1060.25,1056.6,1054.2,1272.8,772.05,1660,1743424.2
2018-05-07,1053.65,1068.0,1044.0,1054.2,1051.0,1047.3,1272.8,781.0,4393,4627847.25
2018-05-08,1049.4,1070.0,1040.0,1047.3,1058.0,1058.65,1272.8,781.0,7645,8120789.6
2018-05-09,1054.0,1063.9,1048.8,1058.65,1054.0,1054.75,1272.8,781.0,2690,2846584.85
2018-05-10,1058.0,1068.0,1045.0,1054.75,1068.0,1058.1,1272.8,781.0,10592,11198211.15
2018-05-11,1058.1,1084.95,1044.8,1058.1,1064.5,1070.0,1272.8,781.0,421726,451185509.75
2018-05-14,1060.0,1084.0,1010.0,1070.0,1079.95,1068.6,1272.8,800.25,15840,16915454.0
2018-05-15,1065.0,1113.0,1065.0,1068.6,1087.1,1090.55,1272.8,800.25,23209,25396853.45
2018-05-16,1100.0,1161.8,1089.95,1090.55,1100.0,1104.3,1272.8,800.25,57524,64000272.0
2018-05-17,1104.3,1125.0,1101.1,1104.3,1109.95,1116.85,1272.8,800.25,13935,15554527.3
2018-05-18,1117.05,1145.0,1110.5,1116.85,1145.0,1137.3,1272.8,800.25,16891,18996704.65
2018-05-21,1134.0,1145.0,1107.0,1137.3,1118.0,1114.15,1272.8,800.25,7182,8085048.25
2018-05-22,1091.0,1124.2,1068.0,1114.15,1119.9,1114.55,1272.8,800.25,89843,98834938.1
2018-05-23,1115.0,1136.9,1107.05,1114.55,1114.5,1109.75,1272.8,800.25,12285,13765935.6
2018-05-24,1113.35,1128.45,1108.0,1109.75,1116.0,1118.25,1272.8,800.25,132738,147668753.05
2018-05-25,1115.35,1151.0,1112.85,1118.25,1140.0,1145.95,1272.8,800.25,13076,14907578.4
2018-05-28,1160.0,1175.15,1136.6,1145.95,1161.0,1169.5,1272.8,800.25,8335,9729982.45
2018-05-29,1169.4,1169.45,1152.05,1169.5,1159.9,1153.75,1272.8,800.25,3112,3607700.1
2018-05-30,1151.65,1175.5,1148.9,1153.75,1166.0,1166.0,1272.8,800.25,6917,8042043.0
2018-05-31,1175.8,1175.8,1157.05,1166.0,1165.05,1170.65,1272.8,800.25,5735,6696871.65
2018-06-01,1156.0,1175.0,1156.0,1170.65,1165.0,1163.8,1272.8,800.25,4716,5500371.65
2018-06-04,1162.95,1165.0,1117.25,1163.8,1122.1,1124.1,1272.8,800.25,10771,12298880.6
2018-06-05,1124.1,1124.1,1072.0,1124.1,1099.0,1085.7,1272.8,800.25,40606,43827749.45
2018-06-06,1061.0,1163.95,1061.0,1085.7,1160.0,1151.15,1272.8,800.25,13573,15305545.35
2018-06-07,1165.0,1174.9,1150.0,1151.15,1171.0,1170.6,1272.8,800.25,49412,57320190.65
2018-06-08,1175.0,1175.0,1140.3,1170.6,1140.3,1157.65,1272.8,800.25,9903,11462868.15
2018-06-11,1151.8,1173.15,1142.65,1157.65,1160.0,1155.5,1272.8,800.25,10766,12522485.95
2018-06-12,1156.55,1196.0,1156.55,1155.5,1175.1,1186.0,1272.8,800.25,31268,36730897.45
2018-06-13,1189.0,1190.0,1180.0,1186.0,1188.85,1186.25,1272.8,800.25,25185,29736252.75
2018-06-14,1186.85,1190.5,1176.0,1186.25,1187.0,1183.9,1272.8,800.25,4861,5768558.65
2018-06-15,1183.5,1187.15,1171.0,1183.9,1171.0,1183.5,1272.8,800.25,3126,3684884.35
2018-06-18,1170.0,1185.0,1161.0,1183.5,1161.0,1174.1,1272.8,800.25,6331,7448690.85
2018-06-19,1172.9,1173.95,1125.05,1174.1,1136.0,1138.5,1272.8,800.25,113786,129175564.25
2018-06-20,1144.1,1166.0,1113.35,1138.5,1162.0,1159.0,1272.8,800.25,8568,9773619.35
2018-06-21,1155.15,1167.25,1142.15,1159.0,1165.0,1151.75,1272.8,800.25,35303,40942821.35
2018-06-22,1151.15,1169.5,1145.1,1151.75,1155.15,1166.75,1272.8,800.25,6323,7354928.35
2018-06-25,1170.0,1179.8,1157.0,1166.75,1179.8,1170.55,1272.8,800.25,3384,3947839.55
2018-06-26,1172.15,1174.95,1159.1,1170.55,1161.5,1162.05,1272.8,800.25,2238,2612307.65
2018-06-27,1163.5,1185.0,1157.5,1162.05,1161.1,1161.75,1272.8,800.25,5252,6144606.9
2018-06-28,1161.0,1161.85,1108.0,1161.75,1120.0,1119.75,1272.8,800.25,5763,6527938.1
2018-06-29,1120.05,1139.9,1110.0,1119.75,1127.0,1128.1,1272.8,800.25,6674,7525174.6
2018-07-02,1126.85,1133.0,1101.95,1128.1,1105.5,1105.2,1272.8,807.0,5888,6543384.65
2018-07-03,1105.1,1184.95,1105.1,1105.2,1133.0,1145.25,1272.8,807.0,24735,28467622.9
2018-07-04,1160.0,1169.85,1126.45,1145.25,1153.0,1158.75,1272.8,807.0,5569,6384345.75
2018-07-05,1159.3,1159.3,1130.0,1158.75,1135.05,1134.5,1272.8,807.0,1015,1157433.05
2018-07-06,1135.05,1175.8,1130.05,1134.5,1135.15,1142.6,1272.8,807.0,11775,13634194.4
2018-07-09,1138.0,1184.0,1138.0,1142.6,1163.85,1166.35,1272.8,833.0,4899,5693142.6
2018-07-10,1169.95,1171.7,1136.85,1166.35,1142.0,1140.3,1272.8,833.0,4827,5580968.8
2018-07-11,1135.0,1145.0,1124.0,1140.3,1127.5,1126.35,1272.8,833.0,3219,3643540.25
2018-07-12,1127.5,1159.95,1126.0,1126.35,1154.85,1155.85,1272.8,833.0,7032,8080947.3
2018-07-13,1150.0,1159.95,1131.0,1155.85,1140.6,1143.25,1272.8,833.0,5300,6092309.95
2018-07-16,1148.9,1153.95,1115.0,1143.25,1117.05,1121.05,1272.8,833.0,5699,6445425.35
2018-07-17,1108.0,1127.0,1105.0,1121.05,1110.0,1109.85,1272.8,833.0,7870,8753708.35
2018-07-18,1123.0,1138.95,1094.0,1109.85,1100.0,1103.75,1272.8,833.0,3875,4304800.55
2018-07-19,1103.9,1115.35,1083.0,1103.75,1083.5,1086.45,1272.8,833.0,8657,9461792.75
2018-07-20,1091.8,1095.0,1059.0,1086.45,1070.15,1079.0,1272.8,833.0,382502,408174079.85
2018-07-23,1086.0,1119.7,1085.0,1079.0,1113.0,1091.25,1272.8,833.0,9438,10330479.0
2018-07-24,1090.0,1125.75,1085.0,1091.25,1096.0,1104.5,1272.8,833.0,7300,8084834.25
2018-07-25,1121.05,1124.45,1085.1,1104.5,1091.0,1097.45,1272.8,833.0,3940,4351181.75
2018-07-26,1092.0,1113.0,1090.0,1097.45,1105.0,1101.85,1272.8,833.0,3864,4257612.6
2018-07-27,1097.3,1165.7,1095.0,1101.85,1165.0,1155.85,1272.8,833.0,11706,13379001.2
2018-07-30,1158.0,1218.8,1150.0,1155.85,1198.8,1192.35,1272.8,833.0,32899,39340789.4
2018-07-31,1182.15,1198.95,1155.0,1192.35,1196.0,1194.05,1272.8,833.0,10655,12511371.95
2018-08-01,1215.0,1250.0,1195.0,1194.05,1246.0,1238.7,1272.8,833.0,101401,122277747.4
2018-08-02,1239.0,1291.0,1213.6,1238.7,1264.0,1267.65,1291.0,833.0,25772,32626663.75
2018-08-03,1277.4,1300.0,1255.55,1267.65,1270.0,1281.0,1300.0,833.0,18953,24297988.95
2018-08-06,1300.0,1300.0,1255.5,1281.0,1259.55,1259.7,1300.0,833.0,13136,16838964.35
2018-08-07,1272.6,1282.95,1236.1,1259.7,1276.05,1276.65,1300.0,833.0,10196,12912983.7
2018-08-08,1276.65,1295.0,1276.0,1276.65,1276.0,1278.45,1300.0,833.0,8314,10679869.95
2018-08-09,1278.65,1292.0,1250.05,1278.45,1280.0,1259.25,1300.0,833.0,6929,8804412.7
2018-08-10,1260.25,1286.0,1242.3,1259.25,1281.0,1280.25,1300.0,833.0,6101,7715441.35
2018-08-13,1278.0,1278.0,1227.1,1280.25,1240.0,1241.1,1300.0,833.0,7748,9644069.1
2018-08-14,1232.0,1260.0,1225.35,1241.1,1236.0,1243.15,1300.0,833.0,7724,9566545.3
2018-08-16,1259.95,1259.95,1230.05,1243.15,1234.0,1233.75,1300.0,833.0,3798,4730324.5
2018-08-17,1250.0,1250.0,1218.05,1233.75,1220.0,1222.0,1300.0,833.0,6430,7905292.35
2018-08-20,1224.0,1234.0,1201.4,1222.0,1209.0,1206.9,1300.0,833.0,8258,10043171.7
2018-08-21,1205.0,1224.9,1182.5,1206.9,1213.0,1217.25,1300.0,833.0,8737,10497389.65
2018-08-23,1224.9,1229.95,1201.0,1217.25,1201.6,1203.05,1300.0,833.0,3738,4516584.6
2018-08-24,1202.25,1220.0,1187.1,1203.05,1205.4,1197.85,1300.0,833.0,5899,7069913.15
2018-08-27,1185.35,1239.95,1174.0,1197.85,1216.0,1210.35,1300.0,860.1,14736,17576684.4
2018-08-28,1216.55,1216.55,1195.0,1210.35,1206.0,1203.8,1300.0,860.1,2943,3546305.45
2018-08-29,1190.0,1196.0,1176.0,1203.8,1176.0,1179.5,1300.0,860.1,21297,25170782.6
2018-08-30,1186.1,1186.1,1160.0,1179.5,1174.0,1169.05,1300.0,860.1,20588,24071794.25
2018-08-31,1174.25,1181.0,1150.5,1169.05,1170.0,1168.4,1300.0,860.1,9349,10920760.0
2018-09-03,1179.0,1192.0,1164.85,1168.4,1179.0,1176.75,1300.0,860.1,12804,15040543.35
2018-09-04,1170.1,1179.5,1154.3,1176.75,1172.65,1176.05,1300.0,860.1,12378,14477585.45
2018-09-05,1155.0,1180.8,1155.0,1176.05,1156.0,1164.65,1300.0,860.1,20236,23738085.65
2018-09-06,1181.9,1182.1,1151.65,1164.65,1165.0,1165.15,1300.0,860.1,3126,3635813.25
2018-09-07,1169.85,1169.9,1152.0,1165.15,1152.0,1156.35,1300.0,860.1,2305,2673329.25
2018-09-10,1156.0,1157.5,1127.0,1156.35,1150.0,1149.9,1300.0,872.05,14007,16072702.95
2018-09-11,1144.1,1154.45,1121.0,1149.9,1121.1,1128.2,1300.0,872.05,2134,2424427.45
2018-09-12,1128.7,1138.75,1109.95,1128.2,1113.0,1124.5,1300.0,872.05,20355,22924196.9
2018-09-14,1126.0,1129.8,1103.0,1124.5,1107.0,1113.95,1300.0,872.05,21525,24070258.45
2018-09-17,1097.25,1139.9,1094.4,1113.95,1104.55,1109.6,1300.0,894.45,17240,19117048.1
2018-09-18,1119.95,1126.1,1053.8,1109.6,1069.95,1078.35,1300.0,894.45,16602,18167625.55
2018-09-19,1078.35,1102.95,1062.15,1078.35,1085.5,1088.9,1300.0,894.45,11139,12121784.2
2018-09-21,1093.95,1110.25,1070.0,1088.9,1099.0,1099.3,1300.0,894.45,23378,25560956.0
2018-09-24,1099.9,1115.75,1070.0,1099.3,1070.0,1079.3,1300.0,894.45,7543,8183977.2
2018-09-25,1065.7,1073.7,1053.0,1079.3,1053.0,1058.0,1300.0,894.45,11367,12072508.7
2018-09-26,1058.0,1063.7,1041.2,1058.0,1045.0,1044.65,1300.0,894.45,30369,31878400.9
2018-09-27,1040.05,1045.0,1016.0,1044.65,1045.0,1030.7,1300.0,894.45,25327,26080721.35
2018-09-28,1044.75,1074.5,1027.0,1030.7,1050.0,1060.1,1300.0,894.45,9405,9821132.6
2018-10-01,1044.25,1045.35,1010.0,1060.1,1034.6,1028.4,1300.0,895.3,41548,42461684.65
2018-10-03,1030.0,1075.75,1013.0,1028.4,1052.0,1067.5,1300.0,895.3,4136,4285177.4
2018-10-04,1070.0,1070.0,1025.05,1067.5,1031.0,1034.2,1300.0,895.3,4439,4594341.4
2018-10-05,1003.0,1039.15,1003.0,1034.2,1025.0,1025.25,1300.0,895.3,7040,7220497.6
2018-10-08,1010.0,1033.7,1001.0,1025.25,1010.0,1013.6,1300.0,930.3,5173,5263095.6
2018-10-09,1023.5,1023.5,1002.5,1013.6,1005.0,1009.45,1300.0,930.3,2979,3013976.35
2018-10-10,1012.3,1027.15,1007.1,1009.45,1024.95,1022.3,1300.0,930.3,3228,3287193.0
2018-10-11,1006.05,1020.0,991.05,1022.3,1018.0,1011.0,1300.0,930.3,3421,3447439.8
2018-10-12,1017.7,1023.0,1004.0,1011.0,1008.0,1009.05,1300.0,930.3,53637,54180380.7
2018-10-15,1009.0,1013.55,980.0,1009.05,984.0,983.15,1300.0,955.2,31736,31533677.85
2018-10-16,997.85,1015.0,988.95,983.15,1010.0,1008.0,1300.0,955.2,3152,3170222.85
2018-10-17,1023.95,1024.0,999.65,1008.0,1000.0,1004.4,1300.0,955.2,3604,3638998.25
2018-10-19,1019.45,1020.0,955.0,1004.4,999.0,996.9,1300.0,955.0,28404,27686450.85
2018-10-22,990.0,1005.0,962.0,996.9,965.0,963.15,1300.0,955.0,5351,5233221.75
2018-10-23,966.2,975.0,945.0,963.15,960.0,959.75,1300.0,945.0,21137,20320859.3
2018-10-24,974.05,982.05,957.0,959.75,970.0,967.95,1300.0,945.0,4118,3975600.7
2018-10-25,965.95,967.0,949.0,967.95,960.0,956.8,1300.0,945.0,7779,7437925.45
2018-10-26,953.2,959.0,941.0,956.8,945.0,945.1,1300.0,941.0,8216,7779259.85
2018-10-29,945.0,984.0,941.0,945.1,951.0,961.75,1300.0,941.0,22350,21490060.4
2018-10-30,973.05,989.0,958.0,961.75,989.0,968.9,1300.0,941.0,38846,37588420.0
2018-10-31,979.8,1016.0,969.0,968.9,1002.0,1002.65,1300.0,941.0,17171,16779756.35
2018-11-01,1003.05,1042.7,980.0,1002.65,985.0,992.3,1300.0,941.0,7604,7740646.5
2018-11-02,982.1,1007.15,982.1,992.3,993.05,995.45,1300.0,941.0,4372,4359681.25
2018-11-05,1016.2,1034.95,992.35,995.45,1030.0,1021.7,1300.0,941.0,3157,3202427.05
2018-11-06,1034.0,1034.0,999.0,1021.7,1011.0,1003.6,1300.0,941.0,3515,3577603.15
2018-11-07,1027.95,1037.9,1001.05,1003.6,1032.05,1031.0,1300.0,941.0,876,898610.2
2018-11-09,1020.05,1028.15,1005.0,1031.0,1006.0,1013.7,1300.0,941.0,1275,1294233.15
2018-11-12,1016.0,1034.15,999.05,1013.7,1001.0,1008.6,1300.0,941.0,6752,6847264.0
2018-11-13,1010.1,1021.0,1000.0,1008.6,1006.0,1014.05,1300.0,941.0,1391,1405968.5
2018-11-14,1029.0,1029.0,1003.65,1014.05,1028.5,1023.7,1300.0,941.0,1496,1522190.45
2018-11-15,1021.5,1023.9,983.6,1023.7,1015.0,1007.1,1300.0,941.0,8686,8772818.7
2018-11-16,1020.0,1025.05,998.0,1007.1,998.0,1002.5,1300.0,941.0,5616,5646893.25
2018-11-19,1003.0,1007.95,993.65,1002.5,1000.5,1000.25,1300.0,941.0,8119,8120403.05
2018-11-20,1000.25,1014.6,985.0,1000.25,999.0,995.6,1300.0,941.0,9941,9908941.35
2018-11-21,1001.55,1030.05,1000.0,995.6,1019.8,1012.1,1300.0,941.0,2824,2867682.65
2018-11-22,1018.1,1039.9,1015.1,1012.1,1025.0,1025.1,1300.0,941.0,5781,5935880.5
2018-11-26,1011.0,1029.65,1003.15,1025.1,1008.0,1006.75,1300.0,941.0,2422,2447177.85
2018-11-27,1012.9,1028.0,1012.9,1006.75,1028.0,1023.5,1300.0,941.0,1665,1696602.65
2018-11-28,1025.95,1025.95,994.0,1023.5,1005.05,1005.3,1300.0,941.0,59050,59073482.95
2018-11-29,1004.0,1040.35,992.0,1005.3,999.45,996.7,1300.0,941.0,45519,45558178.35
2018-11-30,991.0,1041.95,991.0,996.7,1040.0,1028.3,1300.0,941.0,3166,3231944.95
2018-12-03,1028.8,1036.7,1008.0,1028.3,1032.95,1029.3,1300.0,941.0,4783,4889196.35
2018-12-04,1034.5,1035.0,1018.1,1029.3,1033.0,1032.45,1300.0,941.0,1347,1386137.95
2018-12-05,1035.0,1049.0,1022.0,1032.45,1045.0,1030.7,1300.0,941.0,2601,2683384.1
2018-12-06,1017.1,1024.2,977.0,1030.7,1010.95,994.15,1300.0,941.0,65229,64800431.95
2018-12-07,997.1,1003.8,987.25,994.15,996.0,992.45,1300.0,941.0,2820,2810889.95
2018-12-10,992.45,1010.0,976.0,992.45,1007.1,1000.85,1300.0,941.0,1737,1724227.05
2018-12-11,975.0,1020.0,975.0,1000.85,1019.95,1015.6,1300.0,941.0,2358,2369598.65
2018-12-12,1019.95,1050.0,1011.0,1015.6,1045.0,1044.1,1300.0,941.0,7882,8183377.85
2018-12-13,1039.35,1042.95,1017.05,1044.1,1035.0,1038.7,1300.0,941.0,13516,13986717.65
2018-12-14,1048.0,1071.0,1027.0,1038.7,1060.0,1064.5,1300.0,941.0,9659,10198790.9
2018-12-17,1067.0,1067.2,1036.4,1064.5,1037.05,1044.55,1300.0,941.0,1550,1627163.35
2018-12-18,1059.95,1059.95,1012.0,1044.55,1059.0,1044.85,1300.0,941.0,5994,6243586.9
2018-12-19,1043.05,1049.7,1034.0,1044.85,1043.2,1040.3,1300.0,941.0,2793,2910610.6
2018-12-20,1036.55,1055.15,1003.1,1040.3,1025.05,1029.3,1300.0,941.0,19588,20126885.25
2018-12-21,1025.9,1060.0,1015.05,1029.3,1054.6,1050.45,1300.0,941.0,9269,9632674.0
2018-12-24,1033.2,1065.0,1033.2,1050.45,1064.0,1060.75,1300.0,941.0,9208,9716110.05
2018-12-26,1044.85,1058.0,1020.2,1060.75,1057.95,1053.95,1300.0,941.0,10911,11394349.15
2018-12-27,1062.35,1070.0,1034.1,1053.95,1055.5,1062.0,1300.0,941.0,7914,8336512.55
2018-12-28,1063.15,1071.45,1030.1,1062.0,1071.45,1066.45,1300.0,941.0,4598,4842585.55
2018-12-31,1071.45,1100.0,1042.35,1066.45,1094.0,1088.5,1300.0,941.0,8289,8913501.85
2019-01-01,1088.55,1095.0,1075.15,1088.5,1092.0,1086.85,1300.0,941.0,899,977732.1
2019-01-02,1082.3,1084.9,1057.05,1086.85,1075.0,1074.95,1300.0,941.0,4283,4587686.25
2019-01-03,1074.95,1084.9,1065.0,1074.95,1075.0,1079.1,1300.0,941.0,1094,1176293.3
2019-01-04,1069.9,1074.0,1049.3,1079.1,1067.0,1058.8,1300.0,941.0,2534,2692069.25
2019-01-07,1063.4,1074.0,1015.0,1058.8,1035.5,1039.6,1300.0,941.0,10334,10735316.55
2019-01-08,1044.0,1058.0,1022.35,1039.6,1058.0,1046.95,1300.0,941.0,11430,11916483.2
2019-01-09,1040.3,1057.05,1036.0,1046.95,1050.0,1053.45,1300.0,941.0,5471,5736047.6
2019-01-10,1044.55,1058.6,1041.3,1053.45,1056.0,1055.1,1300.0,941.0,1163,1225848.55
2019-01-11,1052.95,1061.0,1040.05,1055.1,1055.0,1052.45,1300.0,941.0,7113,7485378.45
2019-01-14,1038.0,1058.0,1026.0,1052.45,1056.0,1044.8,1300.0,941.0,4730,4940847.6
2019-01-15,1049.95,1052.4,1031.0,1044.8,1032.1,1037.7,1300.0,941.0,1893,1973700.85
2019-01-16,1024.15,1045.0,1010.0,1037.7,1014.2,1016.3,1300.0,941.0,4198,4296806.5
2019-01-17,1016.3,1033.4,996.0,1016.3,1025.05,1024.35,1300.0,941.0,9155,9245768.35
2019-01-18,1030.15,1049.95,1014.05,1024.35,1038.45,1029.85,1300.0,941.0,11796,12155677.5
2019-01-21,1029.8,1039.95,1020.0,1029.85,1037.75,1035.1,1300.0,941.0,1294,1336313.05
2019-01-22,1025.0,1037.55,1005.0,1035.1,1035.0,1032.4,1300.0,941.0,12278,12548251.15
2019-01-23,1032.4,1034.35,1005.75,1032.4,1011.5,1009.7,1300.0,941.0,3931,3986326.9
2019-01-24,1005.0,1022.4,1001.0,1009.7,1001.0,1004.8,1300.0,941.0,2072,2088678.9
2019-01-25,1006.05,1018.2,992.0,1004.8,1000.0,998.0,1300.0,941.0,3614,3636121.7
2019-01-28,999.0,1005.0,982.5,998.0,1000.0,999.25,1300.0,941.0,11903,11827260.95
2019-01-29,1000.0,1000.95,985.0,999.25,985.25,989.65,1300.0,941.0,3672,3637205.55
2019-01-30,987.1,1000.0,977.4,989.65,1000.0,987.75,1300.0,941.0,12120,11963832.15
2019-01-31,989.85,1020.0,984.0,987.75,1020.0,1008.25,1300.0,941.0,9229,9271195.95
2019-02-01,1019.95,1025.0,990.65,1008.25,992.0,995.05,1300.0,941.0,7277,7279616.0
2019-02-04,986.1,996.25,975.0,995.05,992.0,989.45,1300.0,941.0,2321,2293336.55
2019-02-05,986.05,996.65,972.0,989.45,995.0,982.6,1300.0,941.0,4402,4323269.3
2019-02-06,985.75,1006.0,980.5,982.6,1005.0,1000.95,1300.0,941.0,2194,2179640.6
2019-02-07,995.7,1000.0,985.25,1000.95,987.05,990.05,1300.0,941.0,2139,2124123.0
2019-02-08,981.0,994.45,980.1,990.05,980.1,982.7,1300.0,941.0,1108,1091144.45
2019-02-11,981.2,986.0,974.0,982.7,974.0,977.25,1300.0,941.0,2026,1982982.65
2019-02-12,979.95,980.0,956.0,977.25,956.0,965.15,1300.0,941.0,14322,13831227.05
2019-02-13,968.95,971.2,958.05,965.15,959.0,960.05,1300.0,941.0,12049,11641917.3
2019-02-14,961.05,961.05,948.0,960.05,960.0,959.95,1300.0,941.0,17084,16349186.1
2019-02-15,959.95,960.25,948.0,959.95,948.0,950.85,1300.0,941.0,2277,2168264.95
2019-02-18,950.85,958.0,940.0,950.85,940.0,941.6,1300.0,940.0,2416,2279428.75
2019-02-19,947.0,957.95,941.15,941.6,946.05,949.15,1300.0,940.0,920,874240.5
2019-02-20,953.85,965.0,945.95,949.15,945.95,948.0,1300.0,940.0,5500,5236716.35
2019-02-21,958.65,958.65,924.3,948.0,953.0,947.0,1300.0,924.3,26176,24742394.6
2019-02-22,941.7,947.55,932.0,947.0,937.0,937.8,1300.0,924.3,5989,5631235.3
2019-02-25,940.25,954.35,932.1,937.8,950.0,948.25,1300.0,924.3,4671,4387565.9
2019-02-26,948.7,959.9,931.0,948.25,946.5,944.05,1300.0,924.3,2781,2626992.3
2019-02-27,967.7,967.7,930.05,944.05,940.0,940.0,1300.0,924.3,3654,3444262.0
2019-02-28,941.05,965.0,935.0,940.0,944.95,941.9,1300.0,924.3,9075,8625774.9
2019-03-01,956.0,989.15,945.55,941.9,966.0,976.05,1300.0,924.3,5097,4922185.55
2019-03-05,999.95,1052.9,980.3,976.05,1050.0,1042.85,1300.0,924.3,53769,54602805.75
2019-03-06,1045.0,1045.1,1011.0,1042.85,1016.5,1027.65,1300.0,924.3,7686,7984400.1
2019-03-07,1029.0,1099.0,1027.65,1027.65,1035.85,1039.25,1300.0,924.3,23992,25041637.0
2019-03-08,1038.7,1041.55,1010.0,1039.25,1020.0,1021.5,1300.0,924.3,4998,5109179.5
2019-03-11,1027.65,1055.55,1020.0,1021.5,1024.0,1022.7,1300.0,924.3,3136,3220305.25
2019-03-12,1036.4,1038.35,1024.0,1022.7,1035.0,1032.25,1300.0,924.3,3667,3785685.2
2019-03-13,1044.5,1044.5,1017.95,1032.25,1030.0,1027.85,1300.0,924.3,13312,13615783.5
2019-03-14,1036.9,1036.95,1019.3,1027.85,1035.2,1033.75,1300.0,924.3,56859,58552345.35
2019-03-15,1032.35,1036.95,1027.0,1033.75,1031.0,1031.65,1300.0,924.3,2748,2834839.05
2019-03-18,1030.05,1042.0,1030.0,1031.65,1042.0,1037.55,1300.0,924.3,3661,3788365.5
2019-03-19,1041.85,1050.0,1031.1,1037.55,1050.0,1043.55,1300.0,924.3,78122,81608781.85
2019-03-20,1035.05,1055.0,1035.0,1043.55,1045.0,1046.2,1300.0,924.3,11606,12127112.35
2019-03-22,1046.0,1050.0,1032.5,1046.2,1032.5,1036.9,1300.0,924.3,5605,5847926.15
2019-03-25,1027.8,1045.0,993.65,1036.9,1040.0,1040.15,1300.0,924.3,8502,8679300.05
2019-03-26,1028.45,1037.0,1019.3,1040.15,1023.1,1023.85,1300.0,924.3,27799,28422128.45
2019-03-27,1023.95,1033.95,1009.95,1023.85,1020.0,1016.65,1300.0,924.3,5201,5302739.6
2019-03-28,1025.05,1063.25,1008.5,1016.65,1046.0,1047.75,1300.0,924.3,14361,14992063.1
2019-03-29,1058.8,1095.0,1033.15,1047.75,1092.0,1084.6,1300.0,924.3,33032,35571664.75
2019-04-01,1090.0,1098.7,1052.05,1084.6,1052.05,1063.7,1300.0,924.3,2700,2893967.45
2019-04-02,1053.95,1060.0,1040.5,1063.7,1055.05,1052.4,1300.0,924.3,3789,3976190.0
2019-04-03,1062.7,1068.0,1041.15,1052.4,1061.0,1055.4,1300.0,924.3,4061,4282863.3
2019-04-04,1057.7,1079.95,1054.85,1055.4,1075.0,1072.05,1300.0,924.3,4865,5161581.5
2019-04-05,1072.0,1072.0,1044.1,1072.05,1064.0,1057.3,1300.0,924.3,5778,6139744.0
2019-04-08,1075.0,1075.0,1053.0,1057.3,1060.0,1057.7,1300.0,924.3,2316,2465972.25
2019-04-09,1054.25,1070.5,1037.8,1057.7,1040.0,1051.9,1300.0,924.3,3964,4201252.65
2019-04-10,1054.55,1080.0,1054.5,1051.9,1076.0,1077.45,1300.0,924.3,3791,4061891.05
2019-04-11,1079.95,1099.0,1060.0,1077.45,1070.0,1067.1,1300.0,924.3,2439,2614088.75
2019-04-12,1071.7,1071.7,1051.95,1067.1,1065.0,1065.4,1300.0,924.3,2484,2631005.75
2019-04-15,1081.4,1081.4,1057.7,1065.4,1061.0,1067.4,1300.0,924.3,1464,1561364.8
2019-04-16,1079.95,1083.4,1062.65,1067.4,1070.0,1075.6,1300.0,924.3,1833,1962943.0
2019-04-18,1065.6,1075.0,1055.0,1075.6,1070.0,1069.4,1300.0,924.3,2356,2514647.0
2019-04-22,1046.0,1085.0,1046.0,1069.4,1081.0,1072.45,1300.0,924.3,4284,4565088.75
2019-04-23,1071.1,1071.1,1059.5,1072.45,1070.0,1068.5,1300.0,924.3,1975,2104550.15
2019-04-24,1061.0,1078.0,1061.0,1068.5,1070.0,1070.4,1300.0,924.3,4030,4321447.95
2019-04-25,1074.95,1075.15,1065.45,1070.4,1074.85,1072.3,1300.0,924.3,4594,4919753.35
2019-04-26,1072.35,1095.0,1060.0,1072.3,1095.0,1081.6,1300.0,924.3,3965,4264872.5
2019-04-30,1065.45,1080.0,1058.0,1081.6,1077.0,1075.3,1300.0,924.3,6863,7381197.35
2019-05-02,1066.05,1091.65,1061.1,1075.3,1088.0,1089.85,1300.0,924.3,9189,9942050.55
2019-05-03,1081.35,1093.9,1043.1,1089.85,1091.55,1090.6,1300.0,924.3,14152,15198086.5
2019-05-06,1091.15,1093.95,1065.5,1090.6,1065.5,1072.45,1300.0,924.3,976,1054230.05
2019-05-07,1064.35,1087.75,1061.0,1072.45,1070.0,1071.5,1300.0,924.3,1258,1349232.15
2019-05-08,1057.9,1073.7,1057.9,1071.5,1060.05,1062.45,1300.0,924.3,969,1031343.5
2019-05-09,1078.4,1080.0,1060.05,1062.45,1060.1,1071.45,1300.0,924.3,3183,3401291.05
2019-05-10,1086.95,1087.45,1056.2,1071.45,1065.15,1062.75,1300.0,924.3,3036,3262726.35
2019-05-13,1077.0,1077.0,1015.6,1062.75,1064.9,1062.75,1300.0,924.3,24573,25864754.6
2019-05-14,1056.75,1080.0,1038.05,1062.75,1079.0,1073.15,1300.0,924.3,115570,121608606.7
2019-05-15,1062.7,1089.0,1062.4,1073.15,1079.1,1081.65,1300.0,924.3,1701,1829888.05
2019-05-16,1065.85,1120.0,1065.85,1081.65,1115.0,1112.65,1300.0,924.3,249025,275199392.9
2019-05-17,1124.0,1134.0,1070.0,1112.65,1080.0,1079.5,1300.0,924.3,4816,5291219.9
2019-05-20,1080.85,1128.0,1079.5,1079.5,1115.0,1122.6,1300.0,924.3,5863,6496496.05
2019-05-21,1122.65,1130.2,1090.0,1122.6,1128.6,1103.25,1300.0,924.3,18944,20878775.5
2019-05-22,1135.0,1199.0,1126.0,1103.25,1130.0,1132.9,1300.0,924.3,10042,11517237.15
2019-05-23,1140.0,1159.0,1071.5,1132.9,1134.95,1132.95,1300.0,924.3,13781,15343122.25
2019-05-24,1132.45,1180.0,1110.1,1132.95,1175.0,1176.8,1300.0,924.3,14101,16347110.35
2019-05-27,1190.0,1210.0,1162.55,1176.8,1200.05,1200.85,1300.0,924.3,14007,16630922.0
2019-05-28,1219.55,1221.0,1195.0,1200.85,1195.0,1197.2,1300.0,924.3,3848,4608771.5
2019-05-29,1197.2,1197.2,1160.1,1197.2,1168.0,1168.35,1300.0,924.3,3827,4496200.1
2019-05-30,1171.0,1186.2,1155.05,1168.35,1166.0,1175.2,1300.0,924.3,1904,2230236.4
2019-05-31,1180.0,1187.0,1165.0,1175.2,1165.0,1176.2,1300.0,924.3,2083,2456178.55
2019-06-03,1180.0,1194.0,1165.0,1176.2,1185.0,1186.3,1300.0,924.3,4931,5837128.7
2019-06-04,1186.0,1193.0,1151.1,1186.3,1156.0,1158.3,1300.0,924.3,33987,40293931.55
2019-06-06,1145.8,1171.2,1136.55,1158.3,1170.0,1164.95,1300.0,924.3,4130,4778273.7
2019-06-07,1169.95,1170.0,1150.0,1164.95,1163.0,1162.8,1300.0,924.3,1855,2146905.35
2019-06-10,1165.0,1184.95,1165.0,1162.8,1175.0,1179.3,1300.0,924.3,3065,3601997.25
2019-06-11,1175.35,1180.0,1164.05,1179.3,1174.0,1173.85,1300.0,924.3,4446,5215555.1
2019-06-12,1158.15,1174.05,1150.0,1173.85,1154.0,1155.6,1300.0,924.3,2011,2333577.4
2019-06-13,1154.95,1175.0,1154.95,1155.6,1175.0,1171.2,1300.0,924.3,9241,10801935.9
2019-06-14,1154.1,1180.0,1150.0,1171.2,1165.0,1165.3,1300.0,924.3,8795,10243515.2
2019-06-17,1172.65,1180.0,1145.0,1165.3,1180.0,1175.55,1300.0,924.3,27489,32154081.9
2019-06-18,1175.0,1182.0,1155.95,1175.55,1182.0,1175.65,1300.0,924.3,4445,5199518.85
2019-06-19,1174.45,1210.0,1160.25,1175.65,1165.25,1165.8,1300.0,924.3,32044,38057989.45
2019-06-20,1174.8,1186.75,1145.35,1165.8,1185.0,1167.65,1300.0,924.3,22262,25932348.7
2019-06-21,1180.0,1180.0,1155.0,1167.65,1155.0,1156.7,1300.0,924.3,1578,1833684.3
2019-06-24,1161.1,1161.1,1120.0,1156.7,1127.9,1128.45,1300.0,924.3,4141,4722636.3
2019-06-25,1131.0,1170.0,1103.65,1128.45,1155.0,1160.4,1300.0,924.3,13362,15197608.25
2019-06-26,1153.65,1169.9,1133.7,1160.4,1169.9,1163.8,1300.0,924.3,2881,3330159.55
2019-06-27,1174.95,1186.0,1160.0,1163.8,1172.0,1171.65,1300.0,924.3,53774,62671570.15
2019-06-28,1152.0,1311.0,1145.0,1171.65,1279.0,1262.55,1311.0,924.3,38032,47481453.05
2019-07-01,1268.0,1285.0,1201.0,1262.55,1201.0,1209.6,1311.0,924.3,15765,19396415.8
2019-07-02,1219.0,1225.0,1198.0,1209.6,1208.0,1214.1,1311.0,924.3,2902,3521491.25
2019-07-03,1223.55,1224.0,1200.3,1214.1,1219.0,1204.4,1311.0,924.3,3108,3758289.65
2019-07-04,1194.1,1215.0,1194.1,1204.4,1208.0,1206.95,1311.0,924.3,1832,2210621.6
2019-07-05,1217.9,1229.0,1175.15,1206.95,1175.15,1188.3,1311.0,924.3,4187,5046234.15
2019-07-08,1194.9,1203.05,1151.0,1188.3,1159.0,1155.8,1311.0,924.3,3264,3809763.6
2019-07-09,1154.65,1180.0,1135.7,1155.8,1142.1,1150.75,1311.0,924.3,3275,3787514.1
2019-07-10,1147.45,1165.0,1125.0,1150.75,1150.0,1151.25,1311.0,924.3,4828,5537075.45
2019-07-11,1170.0,1170.0,1152.05,1151.25,1168.0,1160.1,1311.0,924.3,1863,2161654.8
2019-07-12,1161.15,1185.0,1149.95,1160.1,1180.0,1172.75,1311.0,924.3,6561,7647474.05
2019-07-15,1185.5,1185.5,1145.45,1172.75,1165.0,1165.4,1311.0,924.3,6790,7887484.6
2019-07-16,1165.0,1177.95,1152.0,1165.4,1175.0,1170.8,1311.0,924.3,4442,5179059.3
2019-07-17,1172.55,1179.95,1159.0,1170.8,1174.0,1166.55,1311.0,924.3,7062,8237117.9
2019-07-18,1171.75,1173.35,1152.1,1166.55,1170.0,1170.05,1311.0,924.3,4213,4923568.2
2019-07-19,1170.0,1175.0,1151.9,1170.05,1165.0,1166.45,1311.0,924.3,2016,2348913.55
2019-07-22,1150.0,1180.0,1150.0,1166.45,1180.0,1177.65,1311.0,924.3,5552,6477496.9
2019-07-23,1183.7,1190.0,1162.0,1177.65,1189.75,1184.3,1311.0,924.3,4044,4743981.45
2019-07-24,1190.0,1190.0,1141.1,1184.3,1173.0,1174.8,1311.0,924.3,11189,13083729.85
2019-07-25,1169.9,1194.0,1157.0,1174.8,1157.0,1167.9,1311.0,924.3,339990,397141600.7
2019-07-26,1160.1,1171.95,1150.1,1167.9,1158.0,1157.6,1311.0,924.3,27808,32449569.7
2019-07-29,1160.85,1169.75,1153.15,1157.6,1157.0,1158.8,1311.0,924.3,5227,6060940.5
2019-07-30,1158.85,1169.95,1125.0,1158.8,1132.0,1133.0,1311.0,924.3,3944,4515992.85
2019-07-31,1130.0,1140.95,1094.0,1133.0,1135.0,1117.75,1311.0,924.3,516258,580739854.1
2019-08-01,1116.95,1128.5,1085.0,1117.75,1085.0,1091.8,1311.0,924.3,11936,13129680.25
2019-08-02,1070.05,1084.9,1066.0,1091.8,1079.0,1076.95,1311.0,924.3,6417,6885884.55
2019-08-05,1043.6,1099.0,1043.6,1076.95,1069.05,1082.5,1311.0,924.3,5946,6313286.6
2019-08-06,1073.1,1105.0,1069.85,1082.5,1105.0,1099.45,1311.0,924.3,86044,94227757.2
2019-08-07,1102.15,1124.0,1083.7,1099.45,1085.0,1093.1,1311.0,924.3,123553,135956994.8
2019-08-08,1091.9,1120.05,1091.5,1093.1,1115.0,1113.75,1311.0,924.3,2486,2752950.55
2019-08-09,1116.95,1134.0,1089.05,1113.75,1090.5,1100.5,1311.0,924.3,7893,8773559.7
2019-08-13,1136.0,1136.0,1096.25,1100.5,1102.05,1111.95,1311.0,924.3,10596,11821429.1
2019-08-14,1105.55,1147.0,1081.0,1111.95,1081.1,1084.55,1311.0,924.3,11535,12879996.15
2019-08-16,1119.95,1119.95,1077.5,1084.55,1101.0,1108.1,1311.0,924.3,7006,7672271.15
2019-08-19,1090.0,1117.0,1090.0,1108.1,1093.5,1096.85,1311.0,924.3,8714,9618002.0
2019-08-20,1089.0,1109.7,1087.0,1096.85,1087.0,1089.25,1311.0,924.3,6919,7592492.05
2019-08-21,1115.0,1115.0,1064.0,1089.25,1064.0,1071.3,1311.0,924.3,15213,16587692.85
2019-08-22,1066.5,1093.0,1063.0,1071.3,1080.0,1078.1,1311.0,924.3,30412,32807210.35
2019-08-23,1070.1,1084.95,1056.1,1078.1,1075.0,1075.65,1311.0,924.3,14352,15344327.75
2019-08-26,1079.65,1097.95,1077.0,1075.65,1077.0,1079.85,1311.0,924.3,5779,6271941.85
2019-08-27,1080.05,1160.0,1070.5,1079.85,1160.0,1148.95,1311.0,924.3,12853,14200917.65
2019-08-28,1169.85,1169.85,1129.85,1148.95,1135.0,1134.8,1311.0,924.3,5214,5957030.15
2019-08-29,1149.45,1174.0,1103.15,1134.8,1120.0,1109.45,1311.0,924.3,15349,17438980.45
2019-08-30,1139.0,1139.0,1103.25,1109.45,1107.0,1110.6,1311.0,924.3,1998,2231131.1
2019-09-03,1106.95,1120.0,1084.3,1110.6,1090.0,1087.3,1311.0,924.3,3041,3346847.35
2019-09-04,1074.35,1090.0,1070.0,1087.3,1071.0,1072.6,1311.0,924.3,5971,6434732.3
2019-09-05,1071.95,1088.0,1071.95,1072.6,1072.25,1074.5,1311.0,924.3,6290,6789498.85
2019-09-06,1079.8,1085.0,1075.5,1074.5,1082.8,1081.75,1311.0,924.3,29129,31490459.1
2019-09-09,1108.0,1108.0,1071.0,1081.75,1089.0,1088.35,1311.0,924.3,4370,4737978.5
2019-09-11,1096.6,1096.6,1066.1,1088.35,1070.0,1070.2,1311.0,924.3,34147,36750220.0
2019-09-12,1070.95,1085.45,1060.0,1070.2,1060.0,1060.85,1311.0,924.3,4513,4818198.3
2019-09-13,1070.0,1107.55,1060.0,1060.85,1095.0,1080.4,1311.0,924.3,5041,5427199.05
2019-09-16,1076.55,1090.0,1066.0,1080.4,1079.0,1073.85,1311.0,924.3,15457,16657610.5
2019-09-17,1083.35,1083.35,1056.0,1073.85,1066.0,1066.3,1311.0,924.3,4934,5256897.75
2019-09-18,1067.05,1067.15,1055.0,1066.3,1065.75,1060.35,1311.0,924.3,17668,18736334.2
2019-09-19,1067.1,1072.0,1048.0,1060.35,1049.1,1048.9,1311.0,924.3,2560,2694232.9
2019-09-20,1052.1,1111.5,1045.0,1048.9,1083.0,1071.6,1311.0,924.3,50439,54638477.9
2019-09-23,1110.1,1141.0,1076.25,1071.6,1130.0,1134.75,1311.0,924.3,15120,16924730.0
2019-09-24,1112.0,1125.75,1100.0,1134.75,1110.5,1117.15,1311.0,924.3,7140,7961851.35
2019-09-25,1119.4,1147.45,1101.0,1117.15,1115.0,1109.3,1311.0,924.3,3478,3861125.45
2019-09-26,1125.0,1150.0,1108.0,1109.3,1150.0,1134.45,1311.0,924.3,102360,113703242.1
2019-09-27,1140.0,1140.0,1111.0,1134.45,1116.25,1117.4,1311.0,924.3,2003,2249715.6
2019-09-30,1116.0,1119.2,1101.0,1117.4,1107.0,1112.1,1311.0,924.3,2451,2723638.95
2019-10-01,1105.5,1121.0,1094.7,1112.1,1110.0,1102.15,1311.0,924.3,4148,4578067.55
2019-10-03,1102.0,1105.0,1080.0,1102.15,1092.0,1095.7,1311.0,924.3,2603,2849312.0
2019-10-04,1110.0,1125.55,1079.0,1095.7,1079.0,1086.35,1311.0,924.3,52635,57271130.65
2019-10-07,1086.6,1100.0,1080.0,1086.35,1090.0,1089.5,1311.0,924.3,33989,37048208.2
2019-10-09,1088.4,1100.0,1059.95,1089.5,1090.0,1090.9,1311.0,924.3,8434,9099189.6
2019-10-10,1098.7,1098.7,1075.0,1090.9,1082.0,1089.8,1311.0,924.3,8685,9451701.4
2019-10-11,1089.5,1097.0,1075.1,1089.8,1090.0,1091.9,1311.0,924.3,2209,2400770.7
2019-10-14,1080.05,1100.0,1080.05,1091.9,1095.0,1095.8,1311.0,924.3,2435,2654506.05
2019-10-15,1085.1,1102.0,1085.1,1095.8,1090.0,1094.8,1311.0,924.3,17429,19083119.4
2019-10-16,1100.4,1101.3,1084.6,1094.8,1095.0,1094.85,1311.0,924.3,16273,17791364.3
2019-10-17,1096.55,1105.0,1082.15,1094.85,1085.0,1088.1,1311.0,924.3,21459,23491055.8
2019-10-18,1088.0,1095.0,1083.5,1088.1,1083.5,1090.1,1311.0,924.3,11629,12673996.4
2019-10-22,1091.5,1095.0,1075.0,1090.1,1075.05,1080.25,1311.0,924.3,4528,4934503.8
2019-10-23,1080.05,1094.8,1075.0,1080.25,1075.05,1078.05,1311.0,924.3,3193,3457163.3
2019-10-24,1081.35,1087.45,1065.0,1078.05,1065.0,1066.6,1311.0,924.3,4891,5251842.7
2019-10-25,1071.7,1073.7,1060.0,1066.6,1064.0,1066.05,1311.0,924.3,5734,6100536.9
2019-10-27,1084.9,1090.0,1062.0,1066.05,1084.0,1073.5,1311.0,924.3,570,615289.6
2019-10-29,1075.55,1085.0,1067.55,1073.5,1082.0,1082.85,1311.0,924.3,2952,3186171.1
2019-10-30,1090.0,1090.0,1064.0,1082.85,1070.0,1069.2,1311.0,924.3,15700,16811944.6
2019-10-31,1069.85,1099.0,1050.0,1069.2,1055.5,1064.3,1311.0,924.3,34494,36322855.1
2019-11-01,1064.35,1077.4,1062.0,1064.3,1064.3,1068.25,1311.0,924.3,3656,3908925.45
2019-11-04,1069.0,1078.6,1055.0,1068.25,1060.0,1061.05,1311.0,924.3,2445,2601480.75
2019-11-05,1052.3,1070.05,1052.3,1061.05,1060.0,1060.15,1311.0,924.3,3802,4047366.65
2019-11-06,1060.1,1069.35,1039.65,1060.15,1044.05,1059.1,1311.0,924.3,20935,22075098.75
2019-11-07,1064.95,1068.8,1041.2,1059.1,1053.9,1059.55,1311.0,924.3,4008,4240120.5
2019-11-08,1047.9,1084.0,1030.1,1059.55,1045.0,1067.15,1311.0,924.3,124574,129160956.9
2019-11-11,1050.9,1074.9,1035.0,1067.15,1035.0,1038.85,1311.0,924.3,15343,15993359.4
2019-11-13,1039.0,1050.0,1020.0,1038.85,1020.0,1023.9,1311.0,924.3,45208,46557532.6
2019-11-14,1028.35,1028.35,1009.1,1023.9,1009.25,1010.1,1311.0,924.3,16882,17105557.0
2019-11-15,1016.4,1029.9,1005.0,1010.1,1013.0,1016.05,1311.0,924.3,6381,6440634.5
2019-11-18,1015.0,1036.05,1000.0,1016.05,1015.0,1015.7,1311.0,924.3,3647,3705503.35
2019-11-19,1019.15,1030.5,1005.1,1015.7,1025.0,1025.65,1311.0,924.3,3950,4023667.95
2019-11-20,1020.25,1060.0,1007.35,1025.65,1050.0,1057.85,1311.0,924.3,5123,5334502.6
2019-11-21,1056.0,1056.0,1040.0,1057.85,1045.0,1045.75,1311.0,924.3,1514,1584171.7
2019-11-22,1045.0,1048.0,1022.05,1045.75,1045.0,1033.95,1311.0,924.3,57787,60239766.2
2019-11-25,1040.1,1059.5,1030.1,1033.95,1052.0,1052.2,1311.0,924.3,29347,30890191.95
2019-11-26,1049.9,1058.0,1023.8,1052.2,1035.0,1040.95,1311.0,924.3,17241,17988335.6
2019-11-27,1039.8,1050.0,1039.8,1040.95,1044.0,1048.05,1311.0,924.3,2965,3089617.15
2019-11-28,1048.9,1055.0,1034.45,1048.05,1045.0,1045.65,1311.0,924.3,3449,3603085.15
2019-11-29,1040.05,1061.95,1030.1,1045.65,1059.0,1057.95,1311.0,924.3,7008,7367103.65
2019-12-02,1057.95,1070.0,1048.0,1057.95,1068.0,1060.25,1311.0,924.3,29664,31416095.05
2019-12-03,1069.0,1069.0,1055.0,1060.25,1058.0,1062.75,1311.0,924.3,2106,2237342.5
2019-12-04,1063.5,1069.95,1048.0,1062.75,1050.1,1053.1,1311.0,924.3,3941,4168880.85
2019-12-05,1055.0,1065.0,1026.05,1053.1,1040.0,1036.7,1311.0,924.3,7666,7979220.75
2019-12-06,1046.4,1052.95,1026.1,1036.7,1035.0,1033.65,1311.0,924.3,15498,16035153.0
2019-12-09,1035.5,1045.0,1033.65,1033.65,1037.0,1037.55,1311.0,924.3,180823,187276787.55
2019-12-10,1035.55,1049.75,1032.6,1037.55,1049.3,1047.35,1311.0,924.3,907,945879.65
2019-12-11,1044.3,1053.45,1038.0,1047.35,1050.0,1050.15,1311.0,924.3,15187,15908918.8
2019-12-12,1048.75,1060.0,1045.55,1050.15,1053.0,1050.4,1311.0,924.3,3399,3571986.8
2019-12-13,1050.35,1053.95,1035.0,1050.4,1036.0,1036.55,1311.0,924.3,25106,26403577.6
2019-12-16,1041.1,1052.35,1032.1,1036.55,1038.0,1036.1,1311.0,924.3,1557,1624131.65
2019-12-17,1038.6,1057.95,1030.0,1036.1,1050.0,1050.05,1311.0,924.3,8753,9153955.45
2019-12-18,1044.5,1058.0,1040.45,1050.05,1051.0,1055.3,1311.0,924.3,1295,1358847.55
2019-12-19,1055.3,1059.9,1049.5,1055.3,1057.1,1054.55,1311.0,924.3,794,837329.3
2019-12-20,1050.45,1068.9,1041.05,1054.55,1060.0,1064.7,1311.0,924.3,5843,6192294.2
2019-12-23,1065.5,1070.0,1050.0,1064.7,1070.0,1067.15,1311.0,924.3,8800,9356170.3
2019-12-24,1069.95,1078.15,1048.0,1067.15,1064.75,1055.1,1311.0,924.3,12475,13144941.55
2019-12-26,1059.0,1064.0,1046.0,1055.1,1062.0,1056.3,1311.0,924.3,23970,25308930.85
2019-12-27,1067.0,1078.7,1050.0,1056.3,1056.5,1055.9,1311.0,924.3,19812,21102954.6
2019-12-30,1050.55,1067.4,1050.5,1055.9,1063.0,1061.7,1311.0,924.3,2458,2597214.1
2019-12-31,1066.9,1070.05,1049.45,1061.7,1063.65,1060.35,1311.0,924.3,14765,15708218.0
2020-01-01,1060.0,1076.0,1060.0,1060.35,1070.0,1070.7,1311.0,924.3,2091,2239756.85
2020-01-02,1079.0,1125.05,1066.6,1070.7,1125.05,1097.15,1311.0,924.3,14707,16082845.05
2020-01-03,1119.0,1120.1,1100.2,1097.15,1116.0,1118.35,1311.0,924.3,19915,22182342.65
2020-01-06,1120.0,1129.95,1094.0,1118.35,1116.0,1113.7,1311.0,924.3,20215,22472515.7
2020-01-07,1114.0,1123.0,1095.1,1113.7,1108.0,1106.7,1311.0,924.3,4594,5114614.9
2020-01-08,1095.05,1134.95,1095.05,1106.7,1100.0,1104.0,1311.0,924.3,9474,10572967.95
2020-01-09,1119.6,1128.35,1105.0,1104.0,1108.0,1111.55,1311.0,924.3,5331,5944616.5
2020-01-10,1113.8,1126.3,1095.0,1111.55,1097.8,1102.1,1311.0,924.3,23743,26150772.9
2020-01-13,1102.0,1111.4,1090.0,1102.1,1098.0,1096.9,1311.0,924.3,12201,13425794.45
2020-01-14,1096.0,1101.1,1082.95,1096.9,1097.0,1096.5,1311.0,924.3,50716,55524582.65
2020-01-15,1100.6,1123.95,1097.0,1096.5,1105.0,1119.75,1311.0,924.3,5563,6189504.3
2020-01-16,1111.6,1125.0,1093.5,1119.75,1125.0,1120.5,1311.0,924.3,5685,6322614.25
2020-01-17,1125.0,1140.0,1110.55,1120.5,1126.25,1134.9,1311.0,924.3,5865,6608730.55
2020-01-20,1134.9,1159.75,1118.05,1134.9,1150.3,1145.2,1311.0,924.3,10531,11953458.95
2020-01-21,1127.2,1165.0,1125.0,1145.2,1161.0,1160.85,1311.0,924.3,6681,7715305.7
2020-01-22,1173.0,1179.95,1155.0,1160.85,1170.0,1161.65,1311.0,924.3,4375,5117402.3
2020-01-23,1184.0,1184.0,1148.3,1161.65,1149.0,1151.0,1311.0,924.3,2620,3044737.75
2020-01-24,1151.35,1190.65,1151.35,1151.0,1181.0,1179.95,1311.0,924.3,67932,79921148.3
2020-01-27,1183.5,1206.75,1180.0,1179.95,1202.0,1197.8,1311.0,924.3,16601,19817826.4
2020-01-28,1202.5,1238.2,1190.7,1197.8,1228.25,1223.4,1311.0,924.3,21091,25780722.35
2020-01-29,1244.95,1280.0,1217.55,1223.4,1276.0,1272.85,1311.0,924.3,107292,136097466.55
2020-01-30,1279.9,1300.0,1278.0,1272.85,1295.05,1294.45,1311.0,924.3,330440,427812570.85
2020-01-31,1297.0,1317.05,1260.0,1294.45,1270.0,1267.2,1317.05,924.3,44230,56523273.35
2020-02-01,1248.05,1349.0,1248.05,1267.2,1289.5,1275.3,1349.0,924.3,41404,54005756.3
2020-02-03,1270.0,1314.35,1245.15,1275.3,1285.0,1280.75,1349.0,924.3,76824,98232256.3
2020-02-04,1292.0,1299.0,1255.0,1280.75,1275.55,1278.5,1349.0,924.3,6383,8226190.25
2020-02-05,1272.2,1301.95,1252.5,1278.5,1255.0,1265.9,1349.0,924.3,6721,8616295.6
2020-02-06,1280.0,1285.0,1246.0,1265.9,1276.95,1278.45,1349.0,924.3,10189,12912891.55
2020-02-07,1275.6,1285.85,1266.05,1278.45,1285.0,1280.55,1349.0,924.3,40385,51704827.5
2020-02-10,1287.0,1295.0,1260.05,1280.55,1271.0,1271.45,1349.0,924.3,14900,19012551.15
2020-02-11,1270.05,1295.0,1222.25,1271.45,1243.0,1237.35,1349.0,924.3,9922,12380886.5
2020-02-12,1242.2,1264.0,1187.0,1237.35,1212.1,1211.4,1349.0,924.3,35994,43400448.65
2020-02-13,1225.0,1244.05,1175.0,1211.4,1176.0,1185.85,1349.0,924.3,14782,17763494.8
2020-02-14,1180.0,1190.8,1163.5,1185.85,1180.0,1179.75,1349.0,924.3,22287,26288924.8
2020-02-17,1171.0,1178.8,1160.0,1179.75,1165.0,1165.0,1349.0,924.3,104873,122190141.5
2020-02-18,1153.35,1200.0,1135.0,1165.0,1200.0,1175.15,1349.0,924.3,681540,784661838.5
2020-02-19,1199.0,1264.0,1199.0,1175.15,1247.0,1248.2,1349.0,924.3,62188,77163530.05
2020-02-19,1199.0,1264.0,1199.0,1175.15,1247.0,1248.2,1349.0,924.3,62188,77163530.05
2020-02-19,1199.0,1264.0,1199.0,1175.15,1247.0,1248.2,1349.0,924.3,62188,77163530.05
2020-02-19,1199.0,1264.0,1199.0,1175.15,1247.0,1248.2,1349.0,924.3,62188,77163530.05
2020-02-19,1199.0,1264.0,1199.0,1175.15,1247.0,1248.2,1349.0,924.3,62188,77163530.05
2020-02-20,1268.8,1279.0,1205.55,1248.2,1206.5,1226.95,1349.0,924.3,15444,19312192.7
2020-02-24,1245.0,1250.0,1188.0,1226.95,1198.0,1205.1,1349.0,930.05,17678,21604872.5
2020-02-25,1205.1,1259.0,1185.0,1205.1,1189.95,1186.45,1349.0,930.05,4564,5446569.6
2020-02-26,1194.0,1229.0,1180.0,1186.45,1229.0,1204.8,1349.0,930.05,5144,6132538.0
2020-02-27,1220.0,1220.0,1170.0,1204.8,1184.0,1179.95,1349.0,930.05,266701,315954781.9
2020-02-28,1166.6,1199.95,1133.05,1179.95,1155.0,1158.0,1349.0,930.05,12929,14863578.05
2020-03-02,1160.0,1215.0,1140.0,1158.0,1151.95,1147.7,1349.0,980.3,6630,7679680.8
2020-03-03,1147.7,1169.95,1130.55,1147.7,1136.0,1139.55,1349.0,980.3,514553,592889652.8
2020-03-03,1147.7,1169.95,1130.55,1147.7,1136.0,1139.55,1349.0,980.3,514553,592889652.8
2020-03-03,1147.7,1169.95,1130.55,1147.7,1136.0,1139.55,1349.0,980.3,514553,592889652.8
2020-03-03,1147.7,1169.95,1130.55,1147.7,1136.0,1139.55,1349.0,980.3,514553,592889652.8
2020-03-03,1147.7,1169.95,1130.55,1147.7,1136.0,1139.55,1349.0,980.3,514553,592889652.8
2020-03-03,1147.7,1169.95,1130.55,1147.7,1136.0,1139.55,1349.0,980.3,514553,592889652.8
2020-03-04,1155.0,1155.0,1125.0,1139.55,1127.0,1130.25,1349.0,980.3,75918,86141071.9
2020-03-04,1155.0,1155.0,1125.0,1139.55,1127.0,1130.25,1349.0,980.3,75918,86141071.9
2020-03-04,1155.0,1155.0,1125.0,1139.55,1127.0,1130.25,1349.0,980.3,75918,86141071.9
2020-03-04,1155.0,1155.0,1125.0,1139.55,1127.0,1130.25,1349.0,980.3,75918,86141071.9
2020-03-04,1155.0,1155.0,1125.0,1139.55,1127.0,1130.25,1349.0,980.3,75918,86141071.9
2020-03-04,1155.0,1155.0,1125.0,1139.55,1127.0,1130.25,1349.0,980.3,75918,86141071.9
2020-03-05,1135.9,1179.0,1125.3,1130.25,1134.0,1139.0,1349.0,980.3,12808,14818866.4
2020-03-06,1130.0,1150.0,1112.55,1139.0,1135.0,1132.5,1349.0,980.3,5137,5776952.2
2020-03-09,1125.0,1138.1,1083.0,1132.5,1110.0,1112.9,1349.0,993.65,82190,90509462.25
2020-03-11,1090.0,1125.0,1090.0,1112.9,1120.0,1119.0,1349.0,993.65,13746,15374053.95
2020-03-12,1050.05,1079.95,1025.0,1119.0,1065.0,1037.05,1349.0,993.65,57667,59830896.65
2020-03-13,1005.0,1100.0,950.0,1037.05,1060.0,1071.7,1349.0,950.0,15650,16221624.75
2020-03-16,1064.95,1065.0,960.0,1071.7,1040.0,1039.7,1349.0,950.0,69230,71295031.7
2020-03-17,1025.0,1038.0,995.0,1039.7,995.05,1020.25,1349.0,950.0,15874,16148501.35
2020-03-18,1010.05,1024.8,975.0,1020.25,987.0,1005.6,1349.0,950.0,32883,32750415.05
2020-03-19,966.0,999.0,948.8,1005.6,989.4,969.75,1349.0,948.8,24255,23496290.15
2020-03-20,973.0,982.95,922.35,969.75,980.0,966.3,1349.0,922.35,36960,35208510.1
2020-03-23,930.0,930.0,773.05,966.3,854.1,876.05,1349.0,773.05,28849,25236223.1
2020-03-24,876.05,959.95,876.05,876.05,920.0,908.4,1349.0,773.05,23796,21488474.65
2020-03-25,875.05,944.45,875.05,908.4,920.0,919.75,1349.0,773.05,39598,36565713.3
2020-03-26,904.0,944.0,901.0,919.75,905.0,903.8,1349.0,773.05,5010,4571986.05
2020-03-27,903.8,932.35,850.0,903.8,913.0,911.65,1349.0,773.05,37923,34639326.0
2020-03-30,911.65,929.9,856.85,911.65,900.0,900.15,1349.0,773.05,5720,5133085.9
2020-03-31,890.95,932.45,880.0,900.15,911.0,914.2,1349.0,773.05,2210,2001499.6
2020-04-01,914.2,920.0,888.0,914.2,910.0,908.25,1349.0,773.05,7031,6303800.35
2020-04-03,910.1,921.1,880.0,908.25,885.0,888.45,1349.0,773.05,6280,5647649.3
2020-04-07,928.0,931.95,895.45,888.45,915.0,920.4,1349.0,773.05,36081,33224047.8
2020-04-08,928.75,928.75,896.0,920.4,899.0,899.8,1349.0,773.05,17762,16048641.75
2020-04-09,900.05,919.55,900.0,899.8,913.8,915.1,1349.0,773.05,3252,2963071.7
2020-04-13,925.5,925.55,902.5,915.1,910.5,908.0,1349.0,773.05,2039,1852274.0
2020-04-15,900.0,921.8,891.0,908.0,900.0,898.75,1349.0,773.05,6924,6245884.65
2020-04-16,912.0,912.0,875.0,898.75,876.15,877.0,1349.0,773.05,17369,15368143.7
2020-04-17,890.8,900.85,887.9,877.0,895.0,894.75,1349.0,773.05,57087,50828323.6
2020-04-20,895.0,930.0,886.0,894.75,900.0,892.3,1349.0,773.05,23594,21222032.95
2020-04-21,892.3,907.15,850.0,892.3,850.0,851.2,1349.0,773.05,42661,37015738.85
2020-04-22,870.0,892.0,852.65,851.2,880.0,886.45,1349.0,773.05,4127,3594316.4
2020-04-23,886.0,899.7,865.05,886.45,870.0,868.8,1349.0,773.05,6459,5704801.45
2020-04-24,868.8,878.9,849.0,868.8,850.1,850.8,1349.0,773.05,8012,6884845.45
2020-04-27,855.0,884.95,855.0,850.8,862.0,862.6,1349.0,773.05,3530,3044738.2
2020-04-28,875.0,875.0,850.0,862.6,867.0,860.15,1349.0,773.05,16360,14030707.5
2020-04-29,872.0,880.0,860.05,860.15,868.0,866.9,1349.0,773.05,4872,4229335.9
2020-04-30,871.0,898.95,860.0,866.9,880.0,885.5,1349.0,773.05,12400,10930005.75
2020-05-04,870.0,880.1,855.0,885.5,880.0,875.65,1349.0,773.05,16253,14166375.0
2020-05-05,893.65,893.65,869.05,875.65,875.0,877.95,1349.0,773.05,12869,11300114.45
2020-05-06,894.95,894.95,862.1,877.95,889.5,881.05,1349.0,773.05,42364,37492736.9
2020-05-07,865.25,879.6,851.75,881.05,865.0,861.95,1349.0,773.05,9440,8163286.5
2020-05-08,869.3,879.85,855.0,861.95,855.5,859.75,1349.0,773.05,2344,2030897.1
2020-05-11,859.75,877.7,859.75,859.75,876.0,875.4,1349.0,773.05,3014,2635632.45
2020-05-12,865.05,868.0,851.05,875.4,855.0,856.45,1349.0,773.05,4017,3446863.7
2020-05-13,887.95,925.0,870.0,856.45,895.0,887.95,1349.0,773.05,8628,7629326.5
2020-05-14,898.0,913.9,860.15,887.95,895.0,884.2,1349.0,773.05,33945,30025125.65
2020-05-15,888.6,893.95,871.0,884.2,871.0,884.65,1349.0,773.05,1185,1049651.65
2020-05-18,894.95,920.0,855.0,884.65,860.5,867.15,1349.0,773.05,20931,18452460.55
2020-05-19,880.0,885.0,863.5,867.15,880.0,869.1,1349.0,773.05,23994,20844605.3
2020-05-20,873.4,886.95,863.05,869.1,865.0,868.45,1349.0,773.05,22443,19538362.1
2020-05-21,872.75,900.0,872.65,868.45,900.0,890.9,1349.0,773.05,7645,6767292.25
2020-05-22,889.95,890.0,876.0,890.9,890.0,889.15,1349.0,773.05,2425,2142402.8
2020-05-26,893.55,901.9,875.0,889.15,880.0,876.65,1349.0,773.05,17796,15799543.15
2020-05-27,881.05,887.85,870.0,876.65,878.0,875.0,1349.0,773.05,9721,8522285.75
2020-05-28,870.4,884.95,870.15,875.0,872.05,875.4,1349.0,773.05,33887,29713857.65
2020-05-29,879.8,896.05,879.75,875.4,888.0,892.3,1349.0,773.05,2286,2030253.4
2020-06-01,896.8,924.3,896.0,892.3,896.0,901.4,1349.0,773.05,4553,4143493.7
2020-06-02,905.0,916.0,889.0,901.4,904.0,902.9,1349.0,773.05,12643,11455371.75
2020-06-03,907.4,915.0,890.0,902.9,900.0,900.75,1349.0,773.05,13799,12421088.2
2020-06-04,910.0,918.0,885.05,900.75,904.7,900.35,1349.0,773.05,65969,59629523.0
2020-06-05,914.0,947.95,905.05,900.35,923.0,924.65,1349.0,773.05,24703,22862175.25
2020-06-08,939.0,955.0,920.0,924.65,939.0,930.9,1349.0,773.05,7292,6861247.3
2020-06-09,947.0,950.0,935.0,930.9,937.4,935.7,1349.0,773.05,48887,45957923.05
2020-06-10,940.4,1019.4,937.0,935.7,977.8,973.8,1349.0,773.05,168817,160144737.1
2020-06-11,978.7,1000.0,963.25,973.8,971.0,971.0,1349.0,773.05,10694,10564679.2
2020-06-12,933.0,970.55,933.0,971.0,966.0,960.2,1349.0,773.05,14902,14148834.3
2020-06-15,965.0,980.95,940.0,960.2,944.95,946.3,1349.0,773.05,5658,5380292.8
2020-06-16,969.8,969.8,945.35,946.3,956.0,953.6,1349.0,773.05,10282,9851314.5
2020-06-17,939.0,964.75,939.0,953.6,952.6,958.75,1349.0,773.05,5594,5356980.35
2020-06-18,958.75,976.75,954.9,958.75,966.0,966.25,1349.0,773.05,10800,10436745.65
2020-06-19,967.05,967.05,955.0,966.25,957.0,958.3,1349.0,773.05,5864,5642185.5
2020-06-22,958.3,965.0,947.55,958.3,955.0,950.8,1349.0,773.05,4888,4661978.9
2020-06-23,950.8,958.45,936.95,950.8,936.95,940.35,1349.0,773.05,11225,10612152.6
2020-06-24,945.0,975.0,933.85,940.35,946.95,945.3,1349.0,773.05,11166,10625054.95
2020-06-25,960.0,1125.0,909.95,945.3,988.0,1012.9,1349.0,773.05,193977,186935595.65
2020-06-26,1019.0,1068.0,1003.3,1012.9,1045.0,1040.05,1349.0,773.05,42586,44005041.2
2020-06-29,1038.9,1060.0,992.05,1040.05,1057.0,1046.05,1349.0,773.05,35199,36078388.1
2020-06-30,1074.5,1080.0,969.0,1046.05,975.0,1020.2,1349.0,773.05,104948,107338206.15
2020-07-01,987.7,1010.0,975.0,1020.2,994.75,997.1,1349.0,773.05,37207,36714491.15
2020-07-02,1009.0,1009.0,984.0,997.1,991.0,990.95,1349.0,773.05,10253,10182641.5
2020-07-03,995.9,1020.15,995.0,990.95,1000.0,1003.85,1349.0,773.05,20119,20240922.6
2020-07-06,1004.0,1011.15,978.0,1003.85,997.0,988.85,1349.0,773.05,14539,14459288.0
2020-07-07,988.85,1010.0,975.0,988.85,994.7,985.75,1349.0,773.05,12176,12105150.5
2020-07-08,990.65,1015.0,978.0,985.75,982.0,982.2,1349.0,773.05,14466,14504126.65
2020-07-09,982.5,999.2,982.5,982.2,992.2,993.15,1349.0,773.05,4574,4521123.95
2020-07-10,986.2,1010.0,986.2,993.15,998.85,1003.6,1349.0,773.05,14203,14217061.3
2020-07-13,1005.0,1014.85,992.1,1003.6,997.25,996.65,1349.0,773.05,47461,47359457.75
2020-07-14,999.0,1003.0,972.25,996.65,998.0,999.0,1349.0,773.05,11543,11449804.2
2020-07-15,1003.9,1006.75,991.25,999.0,999.05,998.0,1349.0,773.05,14680,14641304.65
2020-07-16,998.1,1003.0,991.35,998.0,998.35,1000.0,1349.0,773.05,5819,5803548.85
2020-07-17,1004.2,1035.85,1002.25,1000.0,1031.0,1029.15,1349.0,773.05,28568,29150329.4
2020-07-20,1034.3,1110.0,1020.05,1029.15,1030.0,1030.55,1349.0,773.05,44054,46437579.85
2020-07-21,1032.05,1058.0,1022.75,1030.55,1031.0,1029.95,1349.0,773.05,8227,8527030.2
2020-07-22,1032.95,1046.2,1020.05,1029.95,1029.95,1026.35,1349.0,773.05,8723,8982654.0
2020-07-23,1031.5,1040.0,1010.0,1026.35,1028.0,1029.55,1349.0,773.05,9243,9501596.25
2020-07-24,1028.0,1029.0,1015.0,1029.55,1015.0,1017.35,1349.0,773.05,2736,2793382.0
2020-07-27,1028.0,1028.0,983.85,1017.35,1009.9,1009.05,1349.0,773.05,8164,8198102.7
2020-07-28,1000.05,1020.0,994.5,1009.05,1005.0,1005.05,1349.0,773.05,15584,15682236.15
2020-07-29,1010.1,1010.1,992.35,1005.05,1005.5,1002.85,1349.0,773.05,15877,15931238.0
2020-07-30,997.95,1010.0,997.05,1002.85,1008.5,1006.1,1349.0,773.05,12163,12220461.35
2020-07-31,1000.0,1034.25,986.1,1006.1,997.2,1016.0,1349.0,773.05,43856,44506776.65
2020-08-03,996.0,1015.0,976.0,1016.0,987.0,983.6,1349.0,773.05,116732,117260908.8
2020-08-04,992.0,1002.0,975.0,983.6,978.0,977.1,1349.0,773.05,14398,14176256.7
2020-08-05,997.9,997.9,940.0,977.1,941.0,957.15,1349.0,773.05,66925,64231821.9
2020-08-06,953.05,963.0,942.0,957.15,950.0,949.5,1349.0,773.05,14737,14011194.0
2020-08-07,949.5,978.0,944.4,949.5,968.0,966.55,1349.0,773.05,42559,41254004.05
2020-08-10,994.95,1045.55,984.05,966.55,1000.0,1002.9,1349.0,773.05,62621,63068987.45
2020-08-11,1002.9,1028.05,1001.35,1002.9,1014.9,1010.15,1349.0,773.05,15090,15299107.35
2020-08-12,1015.0,1015.0,990.0,1010.15,1000.9,998.8,1349.0,773.05,9381,9404611.85
2020-08-13,1008.0,1025.0,1008.0,998.8,1022.0,1018.9,1349.0,773.05,20902,21277516.2
2020-08-14,1027.0,1035.9,1024.0,1018.9,1025.0,1030.7,1349.0,773.05,17819,18352027.65
2020-08-17,1044.0,1044.0,1018.0,1030.7,1020.0,1023.4,1349.0,773.05,14580,15048025.1
2020-08-18,1023.4,1028.55,1011.05,1023.4,1019.75,1016.9,1349.0,773.05,4975,5068822.3
2020-08-19,1050.0,1078.6,1042.0,1016.9,1055.0,1053.55,1349.0,773.05,22424,23651386.8
2020-08-20,1055.0,1065.5,1045.0,1053.55,1051.1,1048.75,1349.0,773.05,10196,10750687.65
2020-08-21,1058.8,1124.0,1043.0,1048.75,1097.0,1091.2,1349.0,773.05,35717,38994857.8
2020-08-24,1091.3,1160.0,1063.95,1091.2,1102.1,1100.8,1349.0,773.05,74532,84266278.55
2020-08-25,1107.0,1150.0,1101.35,1100.8,1144.05,1142.35,1349.0,773.05,27655,31272417.15
2020-08-26,1133.9,1159.0,1130.0,1142.35,1135.0,1139.25,1349.0,773.05,13109,14939098.2
2020-08-27,1144.0,1189.0,1143.95,1139.25,1170.0,1162.0,1349.0,773.05,150497,176416553.8
2020-08-28,1178.0,1189.95,1142.0,1162.0,1143.7,1149.95,1349.0,773.05,43121,50588740.9
2020-08-31,1158.0,1158.0,1105.0,1149.95,1134.9,1122.7,1349.0,773.05,16125,18151613.9
2020-09-01,1122.7,1139.0,1094.0,1122.7,1100.0,1100.0,1349.0,773.05,373009,410623244.45
2020-09-02,1108.8,1123.15,1079.9,1100.0,1093.7,1083.95,1349.0,773.05,18347,20066461.65
2020-09-03,1097.95,1097.95,1066.05,1083.95,1080.0,1080.9,1349.0,773.05,15169,16420861.7
2020-09-04,1060.0,1088.05,1060.0,1080.9,1078.0,1075.05,1349.0,773.05,86444,93249866.5
2020-09-07,1080.0,1080.45,1039.4,1075.05,1048.0,1043.05,1349.0,773.05,50478,53511079.6
2020-09-08,1048.25,1065.1,966.3,1043.05,997.0,994.25,1349.0,773.05,93057,93543849.9
2020-09-09,994.0,1024.85,982.85,994.25,1008.6,1005.1,1349.0,773.05,7812,7812530.6
2020-09-10,1005.1,1028.35,985.0,1005.1,1000.0,1003.25,1349.0,773.05,6176,6210374.95
2020-09-11,1005.0,1018.0,991.35,1003.25,1012.0,1008.55,1349.0,773.05,5815,5854668.65
2020-09-14,1013.6,1122.6,1010.05,1008.55,1080.0,1081.7,1349.0,773.05,52171,56247101.25
2020-09-15,1082.0,1116.15,1061.0,1081.7,1077.0,1071.35,1349.0,773.05,13356,14502801.6
2020-09-16,1070.0,1099.0,1060.0,1071.35,1078.0,1073.95,1349.0,773.05,10662,11451673.75
2020-09-17,1052.25,1079.0,1036.0,1073.95,1063.0,1059.9,1349.0,773.05,13813,14558253.35
2020-09-18,1058.65,1105.45,1050.0,1059.9,1076.0,1088.6,1349.0,773.05,51469,55789985.6
2020-09-21,1079.0,1089.4,1058.0,1088.6,1080.0,1066.65,1349.0,773.05,16378,17615080.6
2020-09-22,1050.0,1072.75,1024.0,1066.65,1052.0,1047.05,1349.0,773.05,5666,5892348.4
2020-09-23,1047.05,1064.0,1031.85,1047.05,1038.0,1036.35,1349.0,773.05,41563,43653203.0
2020-09-24,1035.0,1041.4,1011.05,1036.35,1025.0,1026.4,1349.0,773.05,5693,5813203.65
2020-09-25,1031.55,1045.0,1002.55,1026.4,1025.0,1025.4,1349.0,773.05,23420,23827832.75
2020-09-28,1030.0,1107.4,1025.0,1025.4,1046.5,1046.25,1349.0,773.05,5558,5821447.85
2020-09-29,1051.35,1058.35,1035.95,1046.25,1050.0,1049.55,1349.0,773.05,18355,19239379.8
2020-09-30,1050.0,1055.4,1033.0,1049.55,1035.0,1034.6,1349.0,773.05,6245,6508992.05
2020-10-01,1039.65,1085.0,1029.5,1034.6,1045.0,1068.1,1349.0,773.05,36531,38582283.3
2020-10-05,1115.0,1150.0,1073.45,1068.1,1085.0,1082.15,1349.0,773.05,80258,88017901.05
2020-10-06,1094.7,1094.7,1068.05,1082.15,1080.0,1080.65,1349.0,773.05,12753,13736319.35
2020-10-07,1080.0,1100.0,1069.9,1080.65,1075.0,1075.25,1349.0,773.05,19187,20660133.85
2020-10-08,1075.0,1080.0,1060.0,1075.25,1060.0,1069.65,1349.0,773.05,17239,18450837.25
2020-10-09,1130.0,1160.0,1080.2,1069.65,1095.0,1090.5,1349.0,773.05,300500,336552699.05
2020-10-12,1079.8,1097.95,1067.3,1090.5,1079.0,1081.4,1349.0,773.05,13332,14389748.9
2020-10-13,1081.0,1099.0,1050.0,1081.4,1054.0,1061.2,1349.0,773.05,117838,126828078.65
2020-10-14,1059.95,1064.75,1040.8,1061.2,1049.45,1052.25,1349.0,773.05,14862,15624324.5
2020-10-15,1052.3,1055.05,1027.0,1052.25,1027.0,1030.2,1349.0,773.05,8558,8884454.45
2020-10-16,1021.05,1077.0,1021.05,1030.2,1041.0,1037.0,1349.0,773.05,315961,327775559.1
2020-10-19,1042.2,1052.6,1015.25,1037.0,1025.0,1018.65,1349.0,773.05,21369,21923592.4
2020-10-20,1018.65,1030.2,1017.0,1018.65,1017.0,1018.4,1349.0,773.05,130803,133511256.5
2020-10-21,1020.0,1026.55,1011.65,1018.4,1016.05,1020.3,1349.0,773.05,7051,7196877.55
2020-10-22,1027.75,1044.45,1014.0,1020.3,1030.05,1025.3,1349.0,773.05,84841,86593298.45
2020-10-23,1030.45,1057.55,1026.0,1025.3,1028.0,1028.0,1349.0,773.05,32731,33932508.25
2020-10-26,1026.0,1062.7,1022.0,1028.0,1029.0,1029.55,1349.0,773.05,10768,11172690.8
2020-10-27,1028.65,1034.6,1020.1,1029.55,1026.7,1025.25,1349.0,773.05,2708,2779857.65
2020-10-28,1028.65,1028.95,1020.0,1025.25,1021.0,1021.8,1349.0,773.05,229762,235724444.25
2020-10-29,1019.95,1035.0,1005.0,1021.8,1020.0,1023.7,1349.0,773.05,6104,6209573.8
2020-10-30,1024.6,1027.45,1005.65,1023.7,1006.05,1009.85,1349.0,773.05,10126,10298491.6
2020-11-02,1002.0,1043.15,1002.0,1009.85,1013.5,1018.8,1349.0,773.05,20512,21132738.45
2020-11-03,1023.9,1030.0,1010.0,1018.8,1013.0,1012.0,1349.0,773.05,5193,5306067.7
2020-11-04,1009.1,1049.95,1002.05,1012.0,1034.0,1034.1,1349.0,773.05,7456,7645460.05
2020-11-05,1049.0,1065.5,1027.0,1034.1,1046.5,1043.5,1349.0,773.05,5293,5552468.7
2020-11-06,1038.8,1058.2,1013.35,1043.5,1025.0,1033.35,1349.0,773.05,75994,79083100.7
2020-11-09,1034.95,1035.0,1017.0,1033.35,1029.5,1028.05,1349.0,773.05,6528,6690329.95
2020-11-10,1022.45,1030.0,1015.05,1028.05,1030.0,1019.5,1349.0,773.05,5621,5744488.95
2020-11-11,1020.0,1049.0,1020.0,1019.5,1030.0,1028.8,1349.0,773.05,5631,5780342.9
2020-11-12,1026.15,1037.2,995.4,1028.8,1002.0,999.95,1349.0,773.05,40350,40874384.1
2020-11-13,1005.25,1020.5,978.0,999.95,985.0,987.95,1349.0,773.05,52705,52439404.4
2020-11-14,1012.0,1038.8,1000.0,987.95,1000.55,1003.45,1349.0,773.05,4234,4253738.1
2020-11-17,1008.4,1015.0,978.0,1003.45,980.0,980.7,1349.0,773.05,32945,32630816.8
2020-11-18,988.55,1004.0,985.35,980.7,988.0,988.85,1349.0,773.05,12500,12431230.2
2020-11-19,995.0,995.4,980.5,988.85,985.0,984.85,1349.0,773.05,10348,10244777.0
2020-11-20,989.8,999.1,983.3,984.85,985.25,988.2,1349.0,773.05,11745,11614365.25
2020-11-23,988.2,1009.0,988.2,988.2,1004.0,1002.5,1349.0,773.05,18869,18842856.9
2020-11-24,1007.0,1048.0,996.0,1002.5,1035.0,1032.7,1349.0,773.05,1081960,1083967719.6
2020-11-25,1052.0,1067.0,1035.05,1032.7,1047.85,1043.6,1349.0,773.05,47551,50053645.7
2020-11-26,1050.0,1067.8,1035.0,1043.6,1044.35,1038.8,1349.0,773.05,14874,15589981.4
2020-11-27,1038.8,1054.35,1038.1,1038.8,1044.0,1043.15,1349.0,773.05,10818,11317012.5
2020-12-01,1058.7,1058.7,1032.2,1043.15,1037.1,1039.5,1349.0,773.05,12781,13342518.7
2020-12-02,1035.0,1044.6,1031.0,1039.5,1039.0,1036.35,1349.0,773.05,10890,11292069.15
2020-12-03,1035.05,1079.0,1027.1,1036.35,1055.0,1054.65,1349.0,773.05,46971,49607155.4
2020-12-04,1070.0,1070.0,1037.15,1054.65,1063.0,1061.45,1349.0,773.05,31247,33038080.6
2020-12-07,1080.0,1080.0,1045.3,1061.45,1073.0,1067.85,1349.0,773.05,20351,21648046.95
2020-12-08,1067.85,1078.0,1051.0,1067.85,1061.15,1063.85,1349.0,773.05,13528,14403296.95
2020-12-09,1075.95,1076.0,1044.5,1063.85,1050.0,1048.9,1349.0,773.05,11084,11696656.05
2020-12-10,1054.0,1054.0,1030.0,1048.9,1030.0,1031.55,1349.0,773.05,13440,13909685.5
2020-12-11,1035.0,1047.5,1030.0,1031.55,1035.0,1034.5,1349.0,773.05,9383,9721715.3
2020-12-14,1060.0,1105.0,1055.5,1034.5,1088.5,1088.55,1349.0,773.05,95622,103614137.3
2020-12-15,1100.0,1109.0,1073.0,1088.55,1083.0,1086.85,1349.0,773.05,32719,35647405.55
2020-12-16,1086.0,1095.0,1082.0,1086.85,1089.0,1085.4,1349.0,773.05,10131,11021132.35
2020-12-17,1087.95,1114.0,1078.0,1085.4,1093.8,1090.35,1349.0,773.05,38845,42688599.4
2020-12-18,1095.85,1114.0,1052.55,1090.35,1062.0,1061.4,1349.0,773.05,25607,27404500.45
2020-12-21,1062.4,1103.95,1040.0,1061.4,1040.1,1042.1,1349.0,773.05,46246,49586565.45
2020-12-22,1036.0,1072.05,1032.0,1042.1,1032.0,1038.95,1349.0,773.05,18724,19431888.25
2020-12-23,1044.0,1065.0,1041.35,1038.95,1059.0,1060.2,1349.0,773.05,10066,10628371.05
2020-12-24,1063.05,1086.0,1059.9,1060.2,1071.25,1072.5,1349.0,773.05,16551,17713366.5
2020-12-28,1077.9,1086.0,1063.1,1072.5,1082.0,1080.55,1349.0,773.05,17176,18477718.25
2020-12-29,1081.0,1095.0,1078.85,1080.55,1085.0,1090.05,1349.0,773.05,22893,24904983.85
2020-12-30,1092.0,1093.0,1080.0,1090.05,1081.25,1088.8,1349.0,773.05,17976,19577016.65
2020-12-31,1083.0,1097.75,1072.1,1088.8,1083.1,1093.95,1349.0,773.05,28723,31309596.7
2021-01-01,1094.4,1097.5,1084.7,1093.95,1095.8,1093.1,1349.0,773.05,23815,26025699.95
2021-01-04,1095.0,1100.0,1090.0,1093.1,1099.9,1098.15,1349.0,773.05,21272,23334535.45
2021-01-05,1098.0,1133.4,1089.5,1098.15,1120.0,1118.0,1349.0,773.05,29912,33424387.5
2021-01-06,1119.0,1129.6,1110.45,1118.0,1125.1,1124.85,1349.0,773.05,36399,40845701.5
2021-01-07,1130.5,1132.65,1111.25,1124.85,1115.5,1124.8,1349.0,773.05,126418,142241129.3
2021-01-08,1135.0,1143.95,1107.0,1124.8,1130.0,1128.7,1349.0,773.05,35600,40027440.05
2021-01-11,1134.35,1137.95,1120.0,1128.7,1131.0,1129.3,1349.0,773.05,27068,30580564.8
2021-01-12,1148.0,1243.95,1126.35,1129.3,1188.75,1182.9,1349.0,773.05,110455,131772230.7
2021-01-13,1188.7,1229.0,1155.05,1182.9,1183.0,1179.35,1349.0,773.05,64736,77431645.05
2021-01-14,1185.05,1193.0,1164.5,1179.35,1184.0,1181.2,1349.0,773.05,15463,18235463.7
2021-01-15,1187.0,1187.0,1165.5,1181.2,1171.0,1178.7,1349.0,773.05,113459,133867244.1
2021-01-18,1184.5,1186.1,1155.1,1178.7,1175.0,1170.85,1349.0,773.05,17116,19957070.6
2021-01-19,1175.0,1199.0,1170.0,1170.85,1180.0,1182.15,1349.0,773.05,11181,13212079.1
2021-01-20,1185.7,1190.0,1167.8,1182.15,1185.0,1187.25,1349.0,773.05,9672,11455936.6
2021-01-21,1193.2,1193.2,1175.6,1187.25,1185.0,1185.15,1349.0,773.05,10669,12643703.3
2021-01-22,1185.6,1191.0,1155.65,1185.15,1175.0,1175.45,1349.0,773.05,7336,8610062.45
2021-01-25,1168.0,1183.85,1148.5,1175.45,1172.0,1176.95,1349.0,773.05,15129,17748863.0
2021-01-27,1190.0,1193.1,1150.7,1176.95,1185.0,1184.65,1349.0,773.05,21494,25359656.6
2021-01-28,1184.0,1188.0,1165.0,1184.65,1188.0,1183.0,1349.0,773.05,6241,7354308.3
2021-01-29,1177.75,1195.0,1172.05,1183.0,1194.0,1187.05,1349.0,773.05,10023,11871852.05
2021-02-01,1196.95,1201.2,1122.95,1187.05,1193.55,1189.05,1314.35,773.05,37769,44010261.85
2021-02-02,1187.85,1220.0,1175.15,1189.05,1210.0,1210.9,1314.35,773.05,37211,44783632.8
2021-02-03,1210.9,1225.0,1200.2,1210.9,1221.0,1221.5,1314.35,773.05,14503,17689364.8
2021-02-04,1225.0,1235.0,1207.05,1221.5,1230.0,1220.7,1314.35,773.05,17647,21547261.1
2021-02-05,1230.0,1258.0,1209.0,1220.7,1229.0,1241.8,1314.35,773.05,29585,36671678.0
2021-02-08,1251.95,1270.0,1243.05,1241.8,1243.8,1249.5,1295.0,773.05,18992,23906206.4
2021-02-09,1252.25,1256.95,1220.1,1249.5,1245.0,1250.0,1295.0,773.05,16055,20031839.55
2021-02-10,1256.6,1256.6,1222.55,1250.0,1245.0,1240.4,1295.0,773.05,15299,18960494.4
2021-02-11,1230.15,1250.9,1230.0,1240.4,1240.4,1244.6,1295.0,773.05,30995,38586142.3
2021-02-12,1249.9,1264.65,1237.0,1244.6,1239.5,1240.25,1295.0,773.05,8380,10448238.7
2021-02-15,1240.0,1254.0,1233.4,1240.25,1249.55,1248.25,1279.0,773.05,12357,15380572.1
2021-02-16,1254.5,1410.3,1241.15,1248.25,1294.0,1289.85,1410.3,773.05,242770,318799988.5
2021-02-17,1284.5,1288.95,1245.65,1289.85,1274.95,1273.6,1410.3,773.05,26461,33559464.15
2021-02-18,1280.0,1309.8,1262.0,1273.6,1265.0,1271.55,1410.3,773.05,39351,50345207.95
2021-02-19,1273.0,1306.0,1263.65,1271.55,1276.0,1278.05,1410.3,773.05,17181,22058121.15
2021-02-22,1277.0,1292.9,1271.15,1278.05,1275.0,1278.7,1410.3,773.05,13904,17826780.3
2021-02-23,1275.0,1349.0,1275.0,1278.7,1287.1,1299.4,1410.3,773.05,105856,139655066.25
2021-02-24,1299.4,1305.9,1284.85,1299.4,1299.0,1293.8,1410.3,773.05,25663,33137447.35
2021-02-25,1323.0,1325.0,1298.05,1293.8,1321.0,1319.7,1410.3,773.05,15682,20589716.9
2021-02-26,1319.7,1320.0,1295.0,1319.7,1310.95,1304.75,1410.3,773.05,9433,12294478.95
2021-03-01,1325.0,1349.0,1306.55,1304.75,1328.2,1340.65,1410.3,773.05,16004,21271532.75
2021-03-02,1374.0,1374.0,1323.0,1340.65,1340.0,1338.3,1410.3,773.05,12235,16440078.9
2021-03-03,1339.0,1354.0,1323.35,1338.3,1354.0,1350.25,1410.3,773.05,11880,15975320.2
2021-03-04,1353.95,1404.0,1340.2,1350.25,1397.0,1398.2,1410.3,773.05,30862,42785681.65
2021-03-05,1400.0,1419.1,1365.0,1398.2,1389.0,1377.2,1419.1,773.05,13135,18167726.95
2021-03-08,1400.0,1412.0,1385.0,1377.2,1405.0,1402.6,1419.1,773.05,10844,15179845.0
2021-03-09,1408.95,1421.45,1350.0,1402.6,1375.0,1389.3,1421.45,773.05,28798,40087374.55
2021-03-10,1417.0,1417.0,1369.0,1389.3,1370.0,1375.35,1421.45,773.05,46666,65223263.9
2021-03-12,1400.0,1400.0,1335.4,1375.35,1350.0,1347.9,1421.45,773.05,22149,29943139.95
2021-03-15,1354.65,1355.2,1295.7,1347.9,1325.0,1324.25,1421.45,773.05,19523,25800371.55
2021-03-16,1320.75,1330.9,1315.0,1324.25,1315.0,1322.4,1421.45,773.05,13920,18423426.1
2021-03-17,1325.0,1325.0,1291.9,1322.4,1306.0,1304.45,1421.45,773.05,18345,23982531.0
2021-03-18,1296.0,1306.0,1253.75,1304.45,1279.4,1279.6,1421.45,773.05,22495,28790540.9
2021-03-19,1257.0,1348.0,1243.25,1279.6,1310.0,1291.6,1421.45,773.05,21808,27806594.9
2021-03-22,1320.0,1321.05,1279.65,1291.6,1293.0,1290.5,1421.45,773.05,4872,6316710.2
2021-03-23,1297.0,1308.0,1260.0,1290.5,1300.0,1300.0,1421.45,773.05,13514,17483728.8
2021-03-24,1290.0,1304.0,1260.0,1300.0,1304.0,1288.45,1421.45,773.05,6705,8637746.45
2021-03-25,1268.5,1300.0,1253.9,1288.45,1300.0,1286.3,1421.45,773.05,6318,8022521.55
2021-03-26,1290.05,1319.0,1280.0,1286.3,1291.0,1294.6,1421.45,773.05,8432,10990463.5
2021-03-30,1298.0,1307.25,1283.6,1294.6,1305.0,1300.4,1421.45,849.0,6143,7948760.4
2021-03-31,1317.6,1359.9,1263.0,1300.4,1276.1,1282.65,1421.45,849.0,8022,10426808.35
2021-04-01,1285.0,1324.0,1251.35,1282.65,1275.35,1292.4,1421.45,849.0,10605,13525289.6
2021-04-05,1284.0,1292.5,1239.95,1292.4,1246.95,1247.7,1421.45,849.0,11706,14675119.65
2021-04-06,1253.95,1285.65,1242.45,1247.7,1260.0,1249.55,1421.45,849.0,27008,34041723.45
2021-04-07,1255.8,1280.0,1255.75,1249.55,1276.9,1273.3,1421.45,849.0,7090,9006388.1
2021-04-08,1270.0,1331.0,1265.4,1273.3,1310.45,1313.65,1421.45,849.0,10970,14222668.55
2021-04-09,1349.0,1358.0,1275.7,1313.65,1310.5,1312.0,1421.45,849.0,16733,22075176.1
2021-04-12,1345.0,1345.0,1250.0,1312.0,1260.0,1258.8,1421.45,849.0,10892,13964249.15
2021-04-13,1261.0,1384.95,1255.1,1258.8,1280.0,1277.05,1421.45,849.0,101337,134680754.35
2021-04-15,1293.0,1328.0,1250.3,1277.05,1305.1,1311.85,1421.45,849.0,19315,24931398.75
2021-04-16,1311.85,1311.85,1295.0,1311.85,1310.0,1298.85,1421.45,849.0,3758,4886895.15
2021-04-19,1287.0,1287.0,1247.2,1298.85,1270.5,1265.25,1421.45,849.0,5527,7000450.05
2021-04-20,1279.0,1284.4,1243.05,1265.25,1249.05,1248.5,1421.45,849.0,11202,14081442.8
2021-04-22,1248.0,1295.0,1227.65,1248.5,1270.0,1278.95,1421.45,849.0,30204,37648402.7
2021-04-23,1277.7,1284.85,1251.3,1278.95,1254.75,1254.55,1421.45,849.0,4700,5934400.1
2021-04-26,1256.0,1265.0,1225.1,1254.55,1232.0,1231.15,1421.45,850.0,16385,20434564.0
2021-04-27,1237.35,1247.4,1212.0,1231.15,1220.0,1218.45,1421.45,850.0,14447,17723462.5
2021-04-28,1224.9,1334.1,1221.05,1218.45,1305.0,1295.25,1421.45,850.0,53418,69458547.5
2021-04-29,1324.8,1324.9,1244.95,1295.25,1249.95,1258.4,1421.45,850.0,17109,21810177.0
2021-04-30,1252.0,1257.0,1218.0,1258.4,1227.5,1222.05,1421.45,850.0,13624,16780159.7
2021-05-03,1224.0,1243.3,1200.0,1222.05,1218.65,1222.8,1421.45,851.05,16705,20340631.05
2021-05-04,1220.0,1235.0,1207.0,1222.8,1224.4,1218.4,1421.45,851.05,8481,10348331.8
2021-05-05,1224.5,1257.15,1217.7,1218.4,1232.0,1228.1,1421.45,851.05,15729,19462092.4
2021-05-06,1234.25,1259.65,1220.0,1228.1,1244.0,1236.0,1421.45,851.05,18366,22870577.95
2021-05-07,1232.05,1267.55,1230.0,1236.0,1239.0,1238.45,1421.45,851.05,8834,10998020.4
2021-05-10,1240.95,1260.0,1230.05,1238.45,1237.05,1240.4,1421.45,851.05,99292,122779952.5
2021-05-11,1231.15,1253.05,1219.4,1240.4,1220.0,1224.65,1421.45,851.05,11415,14088004.65
2021-05-12,1210.05,1238.95,1210.05,1224.65,1215.0,1217.7,1421.45,851.05,8367,10218745.1
2021-05-14,1237.7,1247.95,1203.0,1217.7,1213.95,1209.45,1421.45,851.05,17931,21900150.85
2021-05-17,1215.5,1227.75,1210.5,1209.45,1217.5,1218.0,1421.45,855.0,21688,26427486.6
2021-05-18,1211.6,1253.95,1211.6,1218.0,1239.85,1240.8,1421.45,855.0,29142,36041526.35
2021-05-19,1245.0,1265.0,1226.05,1240.8,1260.0,1258.6,1421.45,855.0,16149,20126295.6
2021-05-20,1258.6,1279.65,1241.0,1258.6,1241.05,1254.6,1421.45,855.0,17757,22349773.1
2021-05-21,1260.9,1279.75,1250.0,1254.6,1275.0,1276.5,1421.45,855.0,25633,32565305.45
2021-05-24,1290.5,1334.0,1271.3,1276.5,1310.55,1312.7,1421.45,870.0,53754,70664204.0
2021-05-25,1335.0,1349.0,1321.5,1312.7,1331.0,1334.15,1421.45,870.0,17442,23265823.8
2021-05-26,1330.15,1349.0,1319.9,1334.15,1328.0,1326.95,1421.45,870.0,7757,10350759.8
2021-05-27,1340.0,1350.0,1319.0,1326.95,1335.7,1337.45,1421.45,870.0,16375,21888194.85
2021-05-28,1420.0,1445.55,1365.0,1337.45,1411.0,1404.75,1445.55,870.0,338128,475494342.85
2021-05-31,1415.0,1599.0,1411.75,1404.75,1550.2,1554.4,1599.0,885.05,1298995,2007666613.6
2021-06-01,1565.0,1645.0,1453.35,1554.4,1499.0,1494.8,1645.0,885.05,673731,1061815162.65
2021-06-02,1500.0,1625.0,1496.0,1494.8,1591.0,1598.0,1645.0,885.05,308039,480624065.25
2021-06-03,1612.0,1640.0,1555.05,1598.0,1593.0,1578.2,1645.0,885.05,158603,253206949.9
2021-06-04,1592.2,1608.1,1550.0,1578.2,1561.0,1557.4,1645.0,885.05,53260,83458761.5
2021-06-07,1575.6,1625.0,1575.6,1557.4,1605.0,1607.65,1645.0,909.95,125887,202150340.5
2021-06-08,1616.0,1644.75,1602.0,1607.65,1630.0,1629.9,1645.0,909.95,77727,126302102.3
2021-06-09,1637.15,1644.0,1600.5,1629.9,1642.85,1631.95,1645.0,909.95,68880,112091340.55
2021-06-10,1645.9,1669.45,1621.65,1631.95,1636.0,1640.7,1669.45,909.95,47293,77858960.3
2021-06-11,1630.05,1679.0,1620.0,1640.7,1636.95,1638.1,1679.0,909.95,105833,174552809.8
2021-06-14,1638.1,1646.3,1563.35,1638.1,1621.0,1621.9,1679.0,909.95,28504,45799099.7
2021-06-15,1629.95,1642.0,1590.0,1621.9,1618.95,1617.8,1679.0,909.95,17542,28541451.15
2021-06-16,1602.05,1623.4,1569.95,1617.8,1590.0,1585.2,1679.0,909.95,47454,75832274.5
2021-06-17,1583.0,1630.2,1575.3,1585.2,1618.0,1606.75,1679.0,909.95,45416,72920254.3
2021-06-18,1602.0,1608.1,1557.0,1606.75,1577.7,1585.35,1679.0,909.95,45666,72296411.3
2021-06-21,1593.0,1601.0,1560.0,1585.35,1572.0,1571.75,1679.0,909.95,17417,27537682.45
2021-06-22,1586.0,1630.0,1586.0,1571.75,1610.45,1611.2,1679.0,909.95,26071,42064977.45
2021-06-23,1629.0,1629.0,1600.0,1611.2,1606.0,1602.45,1679.0,909.95,10443,16806583.9
2021-06-24,1605.0,1626.0,1580.05,1602.45,1580.05,1590.2,1679.0,909.95,7128,11404500.05
2021-06-25,1600.0,1608.45,1575.0,1590.2,1581.75,1581.6,1679.0,909.95,5565,8820731.35
2021-06-28,1589.55,1589.55,1566.05,1581.6,1584.6,1580.4,1679.0,940.0,10324,16294032.05
2021-06-29,1580.4,1597.9,1576.1,1580.4,1587.0,1588.2,1679.0,940.0,15339,24323995.95
2021-06-30,1600.0,1615.0,1580.0,1588.2,1583.0,1585.0,1679.0,940.0,10827,17242027.6
2021-07-01,1600.0,1601.95,1580.0,1585.0,1593.0,1590.0,1679.0,940.0,9004,14313170.8
2021-07-02,1610.0,1625.0,1599.05,1590.0,1602.25,1611.1,1679.0,940.0,19159,30872975.9
2021-07-05,1628.0,1642.15,1619.35,1611.1,1630.0,1629.75,1679.0,940.0,27453,44856127.5
2021-07-06,1640.0,1650.3,1588.2,1629.75,1591.5,1595.7,1679.0,940.0,34102,54915835.65
2021-07-07,1603.7,1615.0,1592.7,1595.7,1607.0,1606.95,1679.0,940.0,21710,34897290.85
2021-07-08,1615.0,1625.65,1591.0,1606.95,1600.3,1601.2,1679.0,940.0,30864,49729883.05
2021-07-09,1604.0,1619.0,1595.0,1601.2,1609.0,1609.5,1679.0,940.0,12922,20792403.5
2021-07-12,1616.65,1629.95,1609.55,1609.5,1619.0,1612.95,1679.0,940.0,18554,29985486.5
2021-07-13,1621.05,1628.95,1610.6,1612.95,1617.9,1617.45,1679.0,940.0,8015,12967603.7
2021-07-14,1617.45,1713.45,1617.45,1617.45,1665.0,1656.25,1713.45,940.0,319157,533789700.65
2021-07-15,1714.5,1714.5,1656.0,1656.25,1669.0,1666.5,1714.5,940.0,72432,121695619.3
2021-07-16,1677.8,1683.7,1622.0,1666.5,1638.95,1630.5,1714.5,940.0,71674,118007010.55
2021-07-19,1600.0,1620.0,1570.3,1630.5,1597.0,1601.8,1714.5,940.0,56066,89500076.6
2021-07-20,1601.9,1609.0,1550.0,1601.8,1591.5,1591.7,1714.5,940.0,51330,81032074.7
2021-07-22,1602.0,1630.0,1598.55,1591.7,1619.95,1614.65,1714.5,940.0,18917,30624172.45
2021-07-23,1630.0,1630.0,1602.0,1614.65,1619.5,1615.05,1714.5,940.0,11659,18830805.5
2021-07-26,1623.15,1625.25,1579.5,1615.05,1597.0,1589.1,1714.5,940.0,23924,38458645.0
2021-07-27,1618.0,1695.0,1598.0,1589.1,1641.0,1637.2,1714.5,940.0,68501,112658539.25
2021-07-28,1637.2,1650.0,1607.25,1637.2,1634.0,1633.55,1714.5,940.0,13583,22073856.25
2021-07-29,1641.75,1657.0,1611.9,1633.55,1630.5,1627.35,1714.5,940.0,11495,18754334.45
2021-07-30,1663.0,1730.0,1637.05,1627.35,1710.05,1704.8,1730.0,940.0,331329,567707597.55
2021-08-02,1730.0,1755.0,1705.0,1704.8,1720.0,1719.9,1755.0,940.0,113347,196415856.4
2021-08-03,1720.0,1749.5,1713.65,1719.9,1722.0,1728.55,1755.0,940.0,39252,67947317.5
2021-08-04,1795.0,1798.5,1753.95,1728.55,1769.0,1769.35,1798.5,940.0,131736,233881920.1
2021-08-05,1790.0,1796.0,1745.0,1769.35,1786.0,1777.25,1798.5,940.0,46098,81679693.35
2021-08-06,1785.6,1790.0,1762.0,1777.25,1773.1,1771.95,1798.5,940.0,28758,51025091.7
2021-08-09,1786.15,1786.15,1750.0,1771.95,1775.8,1775.3,1798.5,966.3,33206,58870494.35
2021-08-10,1789.5,1789.5,1656.0,1775.3,1700.0,1701.45,1798.5,966.3,42257,72802645.15
2021-08-11,1693.0,1715.75,1624.05,1701.45,1681.95,1681.55,1798.5,966.3,66385,110183239.1
2021-08-12,1690.0,1740.0,1690.0,1681.55,1738.0,1725.65,1798.5,966.3,30821,53136874.55
2021-08-13,1772.0,1772.0,1745.75,1725.65,1761.0,1760.05,1798.5,966.3,25273,44406131.4
2021-08-16,1770.0,1775.0,1726.05,1760.05,1733.0,1734.2,1798.5,966.3,17747,31103762.4
2021-08-17,1730.0,1731.85,1691.0,1734.2,1700.0,1701.85,1798.5,966.3,18993,32507018.1
2021-08-18,1690.0,1702.0,1677.2,1701.85,1699.25,1696.75,1798.5,966.3,10724,18138890.2
2021-08-20,1670.0,1695.1,1663.6,1696.75,1670.0,1671.65,1798.5,966.3,14386,24149208.5
2021-08-23,1690.0,1727.25,1639.5,1671.65,1679.0,1683.7,1798.5,966.3,84617,142699260.55
2021-08-24,1690.0,1722.0,1678.0,1683.7,1700.5,1706.65,1798.5,966.3,71397,121549933.9
2021-08-25,1725.5,1725.5,1681.35,1706.65,1704.1,1705.25,1798.5,966.3,68277,116418265.5
2021-08-26,1723.0,1723.0,1675.0,1705.25,1699.9,1700.75,1798.5,966.3,66137,112608016.8
2021-08-27,1690.0,1793.35,1690.0,1700.75,1713.05,1724.25,1798.5,966.3,117417,204298846.75
2021-08-30,1749.0,1764.0,1727.25,1724.25,1748.5,1747.5,1798.5,966.3,49069,85878519.9
2021-08-31,1760.0,1765.85,1739.9,1747.5,1745.0,1749.45,1798.5,966.3,41481,72670498.3
2021-09-01,1774.9,1774.9,1743.05,1749.45,1749.9,1749.95,1798.5,966.3,44852,78586762.75
2021-09-02,1745.95,1762.3,1745.0,1749.95,1751.0,1755.6,1798.5,966.3,18759,32907398.0
2021-09-03,1750.0,1798.25,1750.0,1755.6,1769.95,1768.4,1798.5,966.3,58520,103699012.3
2021-09-06,1775.0,1780.0,1755.0,1768.4,1762.0,1758.5,1798.5,966.3,47465,83711919.55
2021-09-07,1770.0,1825.0,1707.65,1758.5,1708.05,1731.0,1825.0,966.3,182930,324166400.55
2021-09-08,1726.8,1755.0,1700.7,1731.0,1750.0,1743.35,1825.0,966.3,73470,126414023.75
2021-09-09,1749.0,1800.0,1745.0,1743.35,1784.05,1788.75,1825.0,966.3,103818,185019445.55
2021-09-13,1820.0,1847.1,1791.0,1788.75,1795.0,1805.75,1847.1,978.0,197003,358923148.25
2021-09-14,1832.85,1999.0,1821.9,1805.75,1998.0,1987.55,1999.0,978.0,493880,957694658.4
2021-09-15,2004.0,2049.0,1952.0,1987.55,1983.0,1987.0,2049.0,978.0,169583,339742306.2
2021-09-16,1987.0,1988.85,1929.8,1987.0,1978.0,1963.25,2049.0,978.0,79369,154382068.15
2021-09-17,1976.0,2033.0,1874.05,1963.25,1885.0,1979.1,2049.0,978.0,616301,1219913335.0
2021-09-20,1927.8,1974.4,1903.15,1979.1,1938.0,1928.05,2049.0,978.0,69306,134540230.85
2021-09-21,1943.5,1968.95,1903.55,1928.05,1950.05,1952.75,2049.0,978.0,35869,69480725.2
2021-09-22,1965.0,1995.05,1954.1,1952.75,1982.0,1978.35,2049.0,978.0,30576,60493276.65
2021-09-23,1992.5,2020.0,1980.15,1978.35,2000.0,1999.9,2049.0,978.0,43918,87892339.45
2021-09-24,2000.0,2025.0,1993.7,1999.9,2002.45,2009.45,2049.0,978.0,50238,101039033.2
2021-09-27,2018.0,2026.0,1997.2,2009.45,2013.0,2007.0,2049.0,978.0,32841,66036505.0
2021-09-28,2020.5,2022.0,1985.0,2007.0,2000.0,1996.3,2049.0,978.0,18133,36199534.55
2021-09-29,2008.0,2037.0,1990.0,1996.3,2024.0,2015.0,2049.0,978.0,45318,91444948.55
2021-09-30,2025.1,2214.05,2025.1,2015.0,2114.8,2118.3,2214.05,978.0,528365,1133542141.95
2021-10-01,2102.65,2206.1,2080.65,2118.3,2164.0,2166.9,2214.05,978.0,200501,433194116.05
2021-10-04,2174.0,2444.0,2173.95,2166.9,2408.0,2418.75,2444.0,978.0,593481,1403738694.75
2021-10-05,2418.0,2499.0,2383.05,2418.75,2404.0,2404.0,2499.0,978.0,242792,592052588.65
2021-10-06,2410.8,2413.45,2320.0,2404.0,2333.0,2333.3,2499.0,978.0,86387,204095663.3
2021-10-07,2348.05,2377.2,2310.4,2333.3,2325.0,2321.3,2499.0,978.0,70900,165958534.75
2021-10-08,2336.4,2459.95,2325.05,2321.3,2412.0,2413.45,2499.0,978.0,104349,251136038.95
2021-10-11,2584.0,2847.9,2475.0,2413.45,2499.85,2497.25,2847.9,978.0,402395,1037035046.85
2021-10-12,2532.25,2565.0,2485.75,2497.25,2532.0,2529.9,2847.9,978.0,84681,214735247.5
2021-10-13,2548.7,2584.45,2520.0,2529.9,2557.0,2538.15,2847.9,978.0,55968,142631774.6
2021-10-14,2538.15,2568.2,2508.35,2538.15,2527.75,2532.45,2847.9,978.0,37398,94673051.1
2021-10-18,2580.6,2733.45,2564.25,2532.45,2700.0,2697.35,2847.9,978.0,142371,380752795.8
2021-10-19,2724.0,2798.95,2680.0,2697.35,2720.0,2715.15,2847.9,978.0,105985,291203332.4
2021-10-20,2719.9,2728.1,2551.95,2715.15,2584.0,2585.1,2847.9,978.0,49448,129977361.9
2021-10-21,2613.55,2613.55,2479.05,2585.1,2510.05,2502.95,2847.9,978.0,41446,104279838.05
2021-10-22,2531.05,2590.0,2100.0,2502.95,2260.0,2208.45,2847.9,978.0,439568,1024248871.0
2021-10-25,2274.7,2379.5,2244.0,2208.45,2334.9,2337.85,2847.9,978.0,173211,403070169.6
2021-10-26,2334.9,2499.0,2300.1,2337.85,2449.9,2449.25,2847.9,978.0,97680,240158624.4
2021-10-27,2464.0,2564.25,2450.1,2449.25,2550.0,2538.65,2847.9,978.0,51577,130528005.4
2021-10-28,2589.0,2605.0,2490.0,2538.65,2519.5,2498.6,2847.9,978.0,69695,177358801.05
2021-10-29,2465.1,2574.0,2306.65,2498.6,2489.35,2487.05,2847.9,978.0,82379,203711946.3
2021-11-01,2491.0,2579.0,2371.0,2487.05,2400.0,2417.95,2847.9,978.0,178710,449823466.65
2021-11-02,2400.0,2411.55,2352.7,2417.95,2403.0,2393.2,2847.9,978.0,72306,173425354.25
2021-11-03,2410.0,2410.0,2260.0,2393.2,2273.55,2270.3,2847.9,978.0,68787,158550640.25
2021-11-04,2276.0,2350.05,2276.0,2270.3,2332.0,2324.4,2847.9,978.0,16520,38452951.5
2021-11-08,2349.7,2511.0,2296.45,2324.4,2500.0,2483.25,2847.9,978.0,128211,310741191.55
2021-11-09,2494.0,2525.2,2444.0,2483.25,2492.0,2509.0,2847.9,978.0,53732,133569999.3
2021-11-10,2494.0,2560.0,2479.75,2509.0,2510.0,2503.7,2847.9,978.0,50030,126209089.85
2021-11-11,2505.0,2729.0,2478.05,2503.7,2534.0,2531.75,2847.9,978.0,367011,929449515.25
2021-11-12,2547.0,2585.0,2512.0,2531.75,2585.0,2575.95,2847.9,978.0,148048,378669807.2
2021-11-15,2601.0,2699.0,2576.0,2575.95,2678.5,2688.6,2847.9,978.0,91696,244121671.15
2021-11-16,2688.6,2742.7,2652.55,2688.6,2688.95,2683.8,2847.9,978.0,75804,204362713.05
2021-11-17,2679.4,2799.0,2673.8,2683.8,2747.05,2731.6,2847.9,978.0,161362,444748330.85
2021-11-18,2746.7,2850.0,2735.05,2731.6,2790.0,2777.1,2850.0,978.0,233268,650201589.3
2021-11-22,2800.0,2879.0,2651.0,2777.1,2817.0,2801.3,2879.0,988.2,221382,621130624.8
2021-11-23,2806.55,2889.0,2666.0,2801.3,2859.7,2861.4,2889.0,988.2,106374,303035912.35
2021-11-24,2887.7,2938.0,2795.35,2861.4,2827.3,2840.55,2938.0,988.2,137897,393391147.6
2021-11-25,2842.0,2898.95,2811.5,2840.55,2850.35,2858.35,2938.0,988.2,113718,325716284.25
2021-11-26,2801.0,2827.35,2703.0,2858.35,2703.0,2729.6,2938.0,988.2,78031,215014642.95
2021-11-29,2615.15,2655.05,2523.55,2729.6,2589.0,2597.45,2938.0,1027.1,99129,256301358.9
2021-11-30,2595.0,2813.75,2595.0,2597.45,2701.0,2767.45,2938.0,1027.1,770808,2121434269.1
2021-12-01,2787.0,2919.0,2692.8,2767.45,2789.85,2831.65,2938.0,1027.1,106404,299585663.1
2021-12-02,2798.0,2825.0,2742.0,2831.65,2814.0,2798.4,2938.0,1027.1,65077,182011024.7
2021-12-03,2817.0,2844.85,2745.65,2798.4,2780.0,2778.45,2938.0,1027.1,26902,74983249.7
2021-12-06,2751.0,2800.0,2701.0,2778.45,2719.0,2731.75,2938.0,1030.0,22893,62749939.5
2021-12-07,2770.0,2830.0,2693.2,2731.75,2795.95,2766.95,2938.0,1030.0,83057,229699583.5
2021-12-08,2849.0,2849.0,2680.0,2766.95,2690.0,2695.7,2938.0,1030.0,76241,208069928.1
2021-12-09,2699.0,2728.95,2690.3,2695.7,2700.0,2697.4,2938.0,1030.0,29977,81178981.05
2021-12-10,2713.7,2730.0,2690.8,2697.4,2715.0,2716.7,2938.0,1030.0,21202,57651865.8
2021-12-13,2748.4,2748.4,2595.2,2716.7,2625.0,2642.3,2938.0,1032.0,114608,308019625.7
2021-12-14,2624.0,2670.0,2552.55,2642.3,2595.0,2577.4,2938.0,1032.0,31964,83474964.1
2021-12-15,2588.75,2647.8,2582.0,2577.4,2596.4,2613.45,2938.0,1032.0,34725,91096400.15
2021-12-16,2648.7,2648.7,2530.0,2613.45,2565.0,2553.25,2938.0,1032.0,38358,98979069.25
2021-12-17,2546.3,2577.7,2499.0,2553.25,2538.8,2550.75,2938.0,1032.0,42855,108824430.9
2021-12-20,2510.05,2510.1,2357.6,2550.75,2371.0,2376.0,2938.0,1032.0,51351,123618140.2
2021-12-21,2361.0,2413.0,2271.35,2376.0,2319.0,2323.35,2938.0,1032.0,76764,178262750.35
2021-12-22,2301.0,2479.0,2301.0,2323.35,2408.0,2429.55,2938.0,1032.0,125999,306859415.4
2021-12-23,2430.0,2450.0,2386.85,2429.55,2416.45,2411.7,2938.0,1032.0,33570,81000997.5
2021-12-24,2410.0,2410.0,2330.75,2411.7,2368.0,2363.9,2938.0,1032.0,37843,89352328.35
2021-12-27,2341.0,2365.2,2300.15,2363.9,2359.0,2353.35,2938.0,1063.1,26799,62505333.3
2021-12-28,2361.0,2389.35,2352.45,2353.35,2365.0,2361.45,2938.0,1063.1,18972,44940516.7
2021-12-29,2360.0,2396.45,2331.5,2361.45,2359.6,2366.05,2938.0,1063.1,22925,54065096.1
2021-12-30,2367.5,2386.0,2351.95,2366.05,2370.0,2367.95,2938.0,1063.1,25950,61442993.45
2021-12-31,2350.15,2430.0,2350.15,2367.95,2402.15,2421.55,2938.0,1063.1,30004,72312386.55
2022-01-03,2429.0,2429.0,2362.05,2421.55,2390.0,2388.8,2938.0,1089.5,99237,237093537.8
2022-01-04,2427.95,2427.95,2350.0,2388.8,2375.0,2374.9,2938.0,1089.5,22150,52815648.0
2022-01-05,2392.0,2392.0,2352.95,2374.9,2370.0,2368.55,2938.0,1089.5,16281,38555132.85
2022-01-06,2350.0,2362.3,2325.25,2368.55,2350.0,2349.05,2938.0,1089.5,17735,41627985.0
2022-01-07,2332.0,2369.0,2331.0,2349.05,2345.9,2346.9,2938.0,1089.5,36395,85499198.2
2022-01-10,2347.0,2357.9,2302.05,2346.9,2329.25,2343.45,2938.0,1120.0,46205,107998135.4
2022-01-11,2321.35,2355.2,2271.0,2343.45,2275.0,2279.5,2938.0,1120.0,76395,175743809.4
2022-01-12,2230.0,2247.85,2163.55,2279.5,2219.9,2226.0,2938.0,1120.0,296163,652115902.4
2022-01-13,2250.0,2319.65,2240.05,2226.0,2265.0,2261.5,2938.0,1120.0,101749,231771943.2
2022-01-14,2255.0,2339.9,2230.0,2261.5,2241.95,2245.8,2938.0,1120.0,81349,186046052.45
2022-01-17,2250.0,2274.7,2234.1,2245.8,2238.0,2244.15,2938.0,1122.95,24843,55984020.45
2022-01-18,2244.7,2265.0,2205.0,2244.15,2227.0,2214.5,2938.0,1122.95,18837,41936873.6
2022-01-19,2210.0,2239.55,2181.0,2214.5,2229.15,2223.3,2938.0,1122.95,22556,49831271.3
2022-01-20,2233.85,2298.0,2207.0,2223.3,2288.4,2287.5,2938.0,1122.95,39328,88798297.9
2022-01-21,2289.9,2319.0,2242.0,2287.5,2294.5,2303.0,2938.0,1122.95,49959,114498463.5
2022-01-24,2319.8,2335.95,2275.75,2303.0,2326.0,2315.75,2938.0,1122.95,65916,151842485.25
2022-01-25,2327.0,2574.0,2281.65,2315.75,2511.0,2480.25,2938.0,1122.95,97360,233824462.7
2022-01-27,2520.0,2528.95,2385.0,2480.25,2406.5,2399.9,2938.0,1122.95,86013,207843265.7
2022-01-28,2399.85,2447.95,2399.85,2399.9,2422.0,2426.45,2938.0,1122.95,43296,104962237.7
2022-01-31,2567.7,2597.7,2290.05,2426.45,2320.1,2308.7,2938.0,1122.95,208786,492963482.15
2022-02-01,2348.85,2350.5,2260.0,2308.7,2305.0,2300.85,2938.0,1122.95,60473,140122056.75
2022-02-02,2311.0,2353.15,2301.0,2300.85,2334.95,2331.85,2938.0,1122.95,32086,74756630.55
2022-02-03,2329.7,2357.95,2321.25,2331.85,2340.25,2339.9,2938.0,1122.95,57878,135454447.05
2022-02-04,2346.0,2353.15,2311.0,2339.9,2345.0,2330.65,2938.0,1122.95,12233,28532201.75
2022-02-07,2330.65,2397.95,2324.55,2330.65,2344.0,2339.7,2938.0,1200.0,14157,33266050.4
2022-02-08,2359.7,2415.0,2334.1,2339.7,2380.05,2355.45,2938.0,1200.0,55983,132706502.65
2022-02-09,2376.7,2384.45,2315.45,2355.45,2339.0,2337.35,2938.0,1200.0,26883,62849354.45
2022-02-10,2330.0,2337.0,2264.0,2337.35,2292.15,2285.4,2938.0,1200.0,39893,92253899.15
2022-02-11,2296.85,2296.85,2245.4,2285.4,2248.7,2262.85,2938.0,1200.0,63818,144916968.55
2022-02-14,2239.7,2274.25,2180.0,2262.85,2199.95,2208.7,2938.0,1200.0,18235,40717340.1
2022-02-15,2200.0,2299.0,2171.35,2208.7,2281.6,2275.85,2938.0,1200.0,25756,57284193.85
2022-02-16,2287.8,2320.1,2252.6,2275.85,2290.0,2284.7,2938.0,1200.0,14135,32412102.6
2022-02-17,2280.0,2339.95,2271.0,2284.7,2310.0,2311.25,2938.0,1200.0,46966,107445364.15
2022-02-18,2281.25,2319.0,2276.45,2311.25,2291.7,2289.95,2938.0,1200.0,6188,14204614.05
2022-02-21,2289.95,2358.0,2271.0,2289.95,2322.0,2311.55,2938.0,1200.0,18515,42806054.8
2022-02-22,2261.0,2325.0,2231.0,2311.55,2319.95,2305.9,2938.0,1200.0,25608,58270107.5
2022-02-23,2318.0,2346.75,2301.0,2305.9,2327.0,2325.65,2938.0,1200.0,17220,39949350.9
2022-02-24,2290.0,2298.0,2191.9,2325.65,2253.0,2272.9,2938.0,1200.0,35204,79239525.8
2022-02-25,2281.0,2347.05,2281.0,2272.9,2336.0,2340.85,2938.0,1200.0,17596,40955648.55
2022-02-28,2302.15,2348.45,2301.0,2340.85,2301.05,2312.85,2938.0,1200.0,36611,85031898.85
2022-03-02,2301.05,2316.5,2281.0,2312.85,2309.95,2291.8,2938.0,1200.0,13785,31704035.25
2022-03-03,2314.55,2328.9,2292.75,2291.8,2313.55,2312.1,2938.0,1200.0,43063,99482167.55
2022-03-04,2285.0,2300.35,2275.0,2312.1,2281.75,2279.25,2938.0,1200.0,20396,46587355.1
2022-03-07,2268.0,2279.25,2227.25,2279.25,2278.0,2245.05,2938.0,1200.0,26441,59340657.95
2022-03-08,2249.05,2318.35,2241.0,2245.05,2315.0,2305.75,2938.0,1200.0,17767,40659801.15
2022-03-09,2316.1,2432.55,2292.65,2305.75,2430.0,2403.85,2938.0,1200.0,44876,107157403.6
2022-03-10,2451.95,2492.55,2406.0,2403.85,2421.0,2419.0,2938.0,1200.0,15100,36703602.4
2022-03-11,2401.0,2444.8,2392.0,2419.0,2406.3,2414.35,2938.0,1200.0,9013,21740049.7
2022-03-14,2401.0,2424.9,2391.0,2414.35,2400.1,2402.95,2938.0,1200.0,8538,20524193.65
2022-03-15,2424.9,2437.65,2370.0,2402.95,2410.2,2407.25,2938.0,1200.0,34301,82495843.85
2022-03-16,2449.0,2449.0,2391.45,2407.25,2413.0,2405.75,2938.0,1200.0,17458,42101795.9
2022-03-17,2417.8,2620.8,2417.8,2405.75,2575.9,2586.85,2938.0,1200.0,159447,408932411.2
2022-03-21,2621.75,2699.0,2575.9,2586.85,2670.0,2674.45,2938.0,1200.0,66593,176431671.35
2022-03-22,2694.45,2700.0,2630.0,2674.45,2646.45,2650.9,2938.0,1200.0,19591,52099804.6
2022-03-23,2660.0,2699.0,2606.0,2650.9,2616.05,2619.8,2938.0,1200.0,28320,74858514.75
2022-03-24,2600.0,2686.8,2600.0,2619.8,2652.5,2658.75,2938.0,1200.0,13870,36877426.75
2022-03-25,2680.0,2681.65,2631.0,2658.75,2644.0,2640.3,2938.0,1200.0,19217,50814400.4
2022-03-28,2659.0,2763.65,2616.35,2640.3,2746.0,2731.1,2938.0,1200.0,45599,122834713.8
2022-03-29,2775.0,2835.0,2740.05,2731.1,2780.0,2768.7,2938.0,1200.0,43996,122614912.1
2022-03-30,2799.0,2816.0,2751.0,2768.7,2763.0,2757.9,2938.0,1200.0,23899,66544506.15
2022-03-31,2771.7,2836.0,2751.0,2757.9,2830.0,2796.5,2938.0,1200.0,31137,86555452.35
2022-04-01,2849.95,2890.0,2845.15,2796.5,2870.0,2869.6,2938.0,1200.0,70093,201181029.4
2022-04-04,2890.0,2920.0,2851.0,2869.6,2880.0,2875.15,2938.0,1200.0,29688,85296667.5
2022-04-05,2852.0,2985.5,2851.0,2875.15,2970.0,2960.65,2985.5,1200.0,63591,185593568.65
2022-04-06,3040.0,3189.95,2945.4,2960.65,2959.0,2972.6,3189.95,1200.0,280596,862479958.45
2022-04-07,2965.0,3017.2,2936.75,2972.6,2940.0,2945.45,3189.95,1200.0,35911,106310401.4
2022-04-08,2989.0,3020.0,2951.05,2945.45,3005.0,3000.05,3189.95,1200.0,39138,116962445.35
2022-04-11,3048.0,3070.0,2971.0,3000.05,3020.0,3020.4,3189.95,1200.0,27834,83877452.45
2022-04-12,3035.0,3047.15,2976.0,3020.4,2990.0,2984.2,3189.95,1200.0,25879,77566032.2
2022-04-13,3046.0,3046.0,2971.0,2984.2,2980.0,2987.95,3189.95,1200.0,20877,62523243.65
2022-04-18,2960.8,3049.0,2941.0,2987.95,3039.95,3036.15,3189.95,1200.0,31016,92875103.4
2022-04-19,3039.95,3045.1,2968.1,3036.15,2991.0,2994.8,3189.95,1200.0,19986,59884869.15
2022-04-20,2994.7,3007.75,2939.1,2994.8,2974.7,2963.3,3189.95,1200.0,14127,41921751.0
2022-04-21,2991.35,3014.45,2971.0,2963.3,2993.2,2985.45,3189.95,1200.0,9452,28238007.85
2022-04-22,2965.0,3012.5,2961.0,2985.45,2970.0,2969.6,3189.95,1200.0,30690,91309273.6
2022-04-25,2968.0,2969.55,2840.0,2969.6,2847.0,2850.3,3189.95,1200.0,21193,61228905.05
2022-04-26,2861.0,2932.45,2820.4,2850.3,2821.0,2833.0,3189.95,1200.0,28700,82461548.7
2022-04-27,2821.0,2855.0,2733.05,2833.0,2765.0,2765.2,3189.95,1200.0,60886,168298294.45
2022-04-28,2779.05,2847.95,2766.95,2765.2,2780.0,2788.5,3189.95,1200.0,14918,41767623.2
2022-04-29,2819.9,2844.2,2741.0,2788.5,2750.0,2760.9,3189.95,1200.0,19785,55360732.6
2022-05-02,2798.95,2949.9,2720.05,2760.9,2927.4,2918.95,3189.95,1200.0,78486,225032392.65
2022-05-04,3070.0,3150.0,2951.0,2918.95,3000.2,2997.45,3189.95,1200.0,205063,621029476.4
2022-05-05,3114.0,3114.0,2973.15,2997.45,3000.0,2998.9,3189.95,1200.0,73080,220951553.4
2022-05-06,2980.0,3005.6,2936.0,2998.9,2990.0,2983.65,3189.95,1200.0,59848,178455561.25
2022-05-09,2984.0,3007.95,2900.65,2983.65,2980.0,2983.65,3189.95,1203.0,36245,108015828.25
2022-05-10,2983.65,3027.45,2880.0,2983.65,2906.0,2902.3,3189.95,1203.0,42082,123712648.7
2022-05-11,2949.95,2963.95,2795.0,2902.3,2825.0,2820.35,3189.95,1203.0,37683,107584957.7
2022-05-12,2811.45,2829.9,2751.0,2820.35,2780.0,2781.1,3189.95,1203.0,23258,64748901.45
2022-05-13,2815.0,2819.0,2771.0,2781.1,2780.0,2783.25,3189.95,1203.0,24399,68125486.65
2022-05-16,2790.15,2806.45,2755.55,2783.25,2785.0,2795.1,3189.95,1210.5,18302,50989643.85
2022-05-17,2811.7,2853.55,2783.95,2795.1,2839.05,2845.9,3189.95,1210.5,34718,98247228.9
2022-05-18,2900.0,2923.9,2810.0,2845.9,2886.0,2886.95,3189.95,1210.5,23015,65746818.0
2022-05-19,2860.2,2916.8,2801.2,2886.95,2906.0,2884.4,3189.95,1210.5,27432,78221748.3
2022-05-20,2937.6,2975.0,2761.35,2884.4,2775.15,2797.35,3189.95,1210.5,47070,133491559.05
2022-05-23,2797.3,2837.0,2650.0,2797.35,2674.0,2683.55,3189.95,1271.3,27762,75886470.05
2022-05-24,2683.55,2780.0,2683.55,2683.55,2700.0,2723.25,3189.95,1271.3,53658,147460576.65
2022-05-25,2723.25,2775.0,2556.0,2723.25,2585.0,2579.2,3189.95,1271.3,34470,91246913.9
2022-05-26,2585.6,2620.0,2520.0,2579.2,2558.0,2561.65,3189.95,1271.3,40285,103107103.9
2022-05-27,2576.35,2620.0,2478.45,2561.65,2612.5,2571.4,3189.95,1271.3,37527,95595134.9
2022-05-30,2600.0,2738.8,2598.0,2571.4,2720.1,2706.9,3189.95,1411.75,46537,124937911.7
2022-05-31,2709.2,2735.25,2590.1,2706.9,2599.2,2620.1,3189.95,1411.75,68027,181543974.1
2022-06-01,2635.0,2663.2,2593.0,2620.1,2640.0,2620.65,3189.95,1411.75,120672,316701970.25
2022-06-02,2620.65,2639.65,2575.85,2620.65,2608.5,2616.15,3189.95,1411.75,22030,57497292.85
2022-06-03,2629.9,2847.85,2629.9,2616.15,2755.0,2802.9,3189.95,1411.75,168159,466869189.4
2022-06-06,2782.0,2830.9,2732.45,2802.9,2789.0,2789.4,3189.95,1550.0,47088,131280596.05
2022-06-07,2788.95,2830.0,2760.75,2789.4,2780.0,2775.65,3189.95,1550.0,22225,62098611.15
2022-06-08,2788.55,2876.2,2788.55,2775.65,2795.0,2807.5,3189.95,1550.0,151569,428246291.25
2022-06-09,2807.85,2810.85,2751.05,2807.5,2780.0,2768.9,3189.95,1550.0,14589,40386908.15
2022-06-10,2748.0,2931.6,2720.0,2768.9,2850.5,2856.25,3189.95,1550.0,240967,693322333.85
2022-06-13,2849.0,2849.0,2752.25,2856.25,2775.0,2771.45,3189.95,1550.0,30583,85645222.75
2022-06-14,2738.1,2780.65,2700.0,2771.45,2705.0,2721.6,3189.95,1550.0,22981,62747761.85
2022-06-15,2733.0,2760.0,2712.5,2721.6,2750.0,2750.3,3189.95,1550.0,53230,146298611.85
2022-06-16,2780.0,2805.0,2733.55,2750.3,2743.0,2759.35,3189.95,1550.0,21241,58995584.9
2022-06-17,2734.3,2799.0,2692.2,2759.35,2748.0,2761.0,3189.95,1550.0,26773,73403020.5
2022-06-20,2777.0,2779.75,2652.75,2761.0,2700.0,2701.05,3189.95,1550.0,30298,82087115.5
2022-06-21,2714.6,2825.0,2701.1,2701.05,2781.0,2792.6,3189.95,1550.0,27329,75944188.75
2022-06-22,2755.0,2791.45,2721.0,2792.6,2727.7,2741.7,3189.95,1550.0,36630,101203432.9
2022-06-23,2740.55,2779.75,2734.4,2741.7,2755.3,2764.55,3189.95,1550.0,28116,77596744.9
2022-06-24,2751.1,2774.95,2736.95,2764.55,2761.25,2756.65,3189.95,1550.0,20722,57162908.55
2022-06-27,2779.95,2830.0,2710.3,2756.65,2741.0,2747.1,3189.95,1550.0,61211,169721981.7
2022-06-28,2703.0,2759.95,2703.0,2747.1,2749.15,2753.0,3189.95,1550.0,13945,38340911.4
2022-06-29,2722.15,2780.0,2713.0,2753.0,2765.0,2737.65,3189.95,1550.0,15182,41634733.5
2022-06-30,2741.45,2777.0,2719.55,2737.65,2776.0,2745.3,3189.95,1550.0,11907,32683865.9
2022-07-01,2725.2,2769.95,2702.2,2745.3,2715.0,2722.85,3189.95,1550.0,53477,145652345.25
2022-07-04,2736.0,2744.9,2690.0,2722.85,2722.05,2728.8,3189.95,1550.0,8601,23403150.2
2022-07-05,2735.55,2744.45,2661.05,2728.8,2665.0,2670.95,3189.95,1550.0,19465,52500207.85
2022-07-06,2660.0,2705.8,2619.75,2670.95,2675.75,2681.6,3189.95,1550.0,36303,97661418.35
2022-07-07,2704.3,2730.0,2691.35,2681.6,2718.0,2715.7,3189.95,1550.0,22105,59960576.55
2022-07-08,2732.75,2739.05,2680.0,2715.7,2700.0,2689.8,3189.95,1550.0,5992,16196392.9
2022-07-11,2698.0,2715.9,2690.5,2689.8,2706.55,2709.5,3189.95,1550.0,9191,24888981.05
2022-07-12,2723.05,2725.0,2692.25,2709.5,2698.95,2714.35,3189.95,1550.0,8507,23107202.65
2022-07-13,2711.35,2719.55,2675.0,2714.35,2699.0,2697.15,3189.95,1550.0,13991,37750127.55
2022-07-14,2692.0,2707.0,2633.7,2697.15,2642.0,2641.25,3189.95,1550.0,19678,52544510.15
2022-07-15,2654.5,2661.65,2631.0,2641.25,2647.0,2645.5,3189.95,1550.0,8871,23453979.2
2022-07-18,2669.0,2710.0,2644.0,2645.5,2698.9,2698.4,3189.95,1550.0,14010,37683315.65
2022-07-19,2690.0,2735.0,2619.65,2698.4,2683.0,2683.15,3189.95,1550.0,55166,148660784.35
2022-07-20,2704.0,2735.0,2699.85,2683.15,2712.0,2715.3,3189.95,1550.0,25969,70632547.85
2022-07-21,2735.0,2745.0,2712.0,2715.3,2719.75,2725.2,3189.95,1550.0,13974,38147272.95
2022-07-22,2738.85,2874.0,2737.55,2725.2,2829.8,2815.55,3189.95,1550.0,59962,169095118.25
2022-07-25,2830.0,2925.0,2815.6,2815.55,2825.0,2837.8,3189.95,1579.5,114176,327505768.0
2022-07-26,2848.0,2875.0,2820.0,2837.8,2830.0,2831.8,3189.95,1579.5,40746,115917134.4
2022-07-27,2820.0,2846.7,2790.95,2831.8,2795.0,2799.75,3189.95,1579.5,19663,55281583.25
2022-07-28,2818.85,2839.0,2775.0,2799.75,2786.95,2789.9,3189.95,1579.5,18880,53021141.75
2022-07-29,2800.0,2819.5,2733.0,2789.9,2750.0,2742.1,3189.95,1579.5,42914,118676380.75
2022-08-01,2795.0,2799.0,2685.0,2742.1,2702.25,2693.25,3189.95,1624.05,41316,111793018.3
2022-08-02,2703.0,2750.0,2675.05,2693.25,2709.8,2709.5,3189.95,1624.05,113038,304914926.05
2022-08-03,2725.0,2800.0,2716.15,2709.5,2800.0,2795.0,3189.95,1624.05,54967,152403124.9
2022-08-04,2823.0,2999.0,2823.0,2795.0,2990.0,2987.15,3189.95,1624.05,205275,603037880.3
2022-08-05,3015.0,3199.05,3010.25,2987.15,3153.0,3142.8,3199.05,1624.05,329805,1035719329.5
2022-08-08,3155.0,3228.95,3091.0,3142.8,3135.1,3135.15,3228.95,1624.05,125099,394427534.35
2022-08-10,3150.0,3267.55,3110.0,3135.15,3198.0,3194.0,3267.55,1624.05,97304,311204982.85
2022-08-11,3220.0,3235.0,3162.0,3194.0,3220.0,3220.5,3267.55,1624.05,46947,150299050.35
2022-08-12,3215.0,3225.0,3141.95,3220.5,3167.5,3163.15,3267.55,1624.05,28700,91642967.2
2022-08-16,3163.15,3349.0,3163.15,3163.15,3300.0,3302.95,3349.0,1639.5,175615,580736697.2
2022-08-17,3315.0,3378.1,3291.2,3302.95,3291.2,3298.9,3378.1,1639.5,69909,233328693.55
2022-08-18,3300.0,3402.3,3292.1,3298.9,3381.85,3386.4,3402.3,1639.5,54499,183037670.25
2022-08-19,3400.0,3448.5,3395.0,3386.4,3411.0,3418.65,3448.5,1639.5,41708,142496272.05
2022-08-22,3395.0,3448.85,3333.75,3418.65,3399.0,3420.0,3448.85,1639.5,55064,187625770.65
2022-08-23,3399.1,3449.0,3369.15,3420.0,3418.0,3409.7,3449.0,1639.5,29727,101407184.1
2022-08-24,3422.35,3449.0,3386.45,3409.7,3440.0,3439.8,3449.0,1639.5,23384,80029933.6
2022-08-25,3444.95,3559.5,3372.15,3439.8,3401.45,3430.7,3559.5,1639.5,73984,258178377.2
2022-08-26,3449.0,3451.05,3310.1,3430.7,3348.0,3345.95,3559.5,1639.5,70203,235420619.95
2022-08-29,3340.0,3414.35,3278.0,3345.95,3317.5,3300.4,3559.5,1700.7,45509,152841990.7
2022-08-30,3330.25,3354.95,3282.2,3300.4,3330.0,3331.9,3559.5,1700.7,33069,109924912.95
2022-09-01,3330.0,3419.0,3311.1,3331.9,3339.0,3326.6,3559.5,1700.7,32060,107942807.9
2022-09-02,3345.0,3356.4,3280.0,3326.6,3355.0,3334.1,3559.5,1700.7,25370,84213772.95
2022-09-05,3366.9,3588.5,3366.9,3334.1,3524.9,3494.55,3588.5,1700.7,81089,280367745.0
2022-09-06,3535.0,3549.0,3441.1,3494.55,3475.0,3467.0,3588.5,1700.7,42661,148440532.0
2022-09-07,3480.0,3510.35,3440.0,3467.0,3455.65,3452.05,3588.5,1700.7,28471,98764181.55
2022-09-08,3452.05,3491.4,3441.0,3452.05,3441.1,3474.5,3588.5,1700.7,19388,67107884.35
2022-09-09,3492.8,3600.0,3484.0,3474.5,3544.85,3549.05,3600.0,1700.7,57761,205767689.4
2022-09-12,3550.0,3579.0,3522.5,3549.05,3531.0,3534.8,3600.0,1791.0,25438,90123613.9
2022-09-13,3564.4,3638.95,3551.65,3534.8,3572.2,3565.9,3638.95,1791.0,32148,115507456.25
2022-09-14,3544.6,3560.05,3521.75,3565.9,3560.0,3549.45,3638.95,1791.0,35481,125701302.75
2022-09-15,3576.35,3594.0,3521.0,3549.45,3580.0,3557.35,3638.95,1791.0,40995,145506347.65
2022-09-16,3579.9,3600.0,3541.0,3557.35,3595.0,3578.75,3638.95,1791.0,47894,170874993.5
2022-09-19,3605.75,3649.5,3541.0,3578.75,3645.0,3643.95,3649.5,1903.15,67226,242682930.15
2022-09-20,3653.0,3940.0,3653.0,3643.95,3870.0,3851.45,3940.0,1903.15,189105,725948206.5
2022-09-21,3899.0,3923.9,3801.0,3851.45,3864.0,3851.9,3940.0,1903.15,72389,279381229.4
2022-09-22,3871.2,3880.0,3801.0,3851.9,3824.9,3814.15,3940.0,1903.15,36774,140763365.05
2022-09-23,3842.95,3842.95,3681.0,3814.15,3723.45,3696.65,3940.0,1903.15,36862,137717999.9
2022-09-26,3663.0,3686.25,3412.75,3696.65,3426.5,3441.85,3940.0,1985.0,102386,358120782.4
2022-09-27,3470.0,3680.0,3421.0,3441.85,3580.0,3595.4,3940.0,1985.0,83745,293941168.85
2022-09-28,3562.7,3684.95,3480.0,3595.4,3663.85,3647.6,3940.0,1985.0,73135,259128010.25
2022-09-29,3715.5,3774.9,3581.0,3647.6,3750.1,3745.3,3940.0,1985.0,62073,227559917.35
2022-09-30,3750.0,3974.95,3719.6,3745.3,3922.1,3916.8,3974.95,1985.0,179007,694325616.4
2022-10-03,3943.8,4046.9,3841.0,3916.8,3971.0,3972.55,4046.9,2100.0,113509,446954963.1
2022-10-04,4034.95,4047.8,3966.0,3972.55,3985.0,3997.2,4047.8,2100.0,39922,159815678.55
2022-10-06,4008.05,4122.95,3997.2,3997.2,4066.5,4063.3,4122.95,2100.0,61366,249399604.15
2022-10-07,4082.65,4175.05,4062.05,4063.3,4139.25,4139.3,4175.05,2100.0,108639,449637164.95
2022-10-10,4100.0,4170.5,3990.0,4139.3,4016.0,4011.7,4175.05,2100.0,79407,323648867.65
2022-10-11,4044.35,4048.75,3840.0,4011.7,3880.6,3866.75,4175.05,2100.0,70626,276408325.55
2022-10-12,3870.0,3899.65,3837.05,3866.75,3859.0,3855.6,4175.05,2100.0,41119,158995217.85
2022-10-13,3874.6,3884.65,3810.0,3855.6,3826.3,3827.25,4175.05,2100.0,131940,508483341.45
2022-10-14,3877.0,3899.4,3815.0,3827.25,3864.75,3847.5,4175.05,2100.0,22324,86039913.6
2022-10-17,3847.5,3914.0,3825.1,3847.5,3875.0,3879.0,4175.05,2100.0,36398,141271151.4
2022-10-18,3898.4,3949.9,3860.0,3879.0,3900.0,3898.15,4175.05,2100.0,44708,174968921.95
2022-10-19,3920.0,3998.95,3900.0,3898.15,3930.0,3935.05,4175.05,2100.0,47675,188436778.7
2022-10-20,3936.0,3955.7,3881.0,3935.05,3881.0,3910.4,4175.05,2100.0,23213,91272972.5
2022-10-21,3930.0,3974.4,3855.0,3910.4,3875.0,3870.2,4175.05,2100.0,61371,241604220.85
2022-10-24,3967.0,3999.0,3905.05,3870.2,3995.0,3986.75,4175.05,2163.55,13587,53910119.35
2022-10-25,3986.75,4038.6,3873.15,3986.75,3906.9,3886.3,4175.05,2163.55,46759,184063667.2
2022-10-27,3905.9,3941.95,3862.5,3886.3,3885.0,3905.95,4175.05,2163.55,22101,86287487.7
2022-10-28,3891.9,3940.0,3878.1,3905.95,3905.05,3905.8,4175.05,2163.55,14374,56282922.25
2022-10-31,3949.0,3956.6,3877.8,3905.8,3895.0,3901.85,4175.05,2163.55,27010,105516932.95
2022-11-01,3977.7,4098.85,3941.0,3901.85,3960.0,3955.8,4175.05,2163.55,103294,414445585.7
2022-11-02,3965.0,4048.9,3910.1,3955.8,3952.0,3963.55,4175.05,2163.55,59690,237019551.45
2022-11-03,3973.9,4009.0,3945.2,3963.55,3983.2,3983.85,4175.05,2163.55,30830,122616297.15
2022-11-04,3999.0,4056.0,3960.3,3983.85,4018.0,4008.65,4175.05,2163.55,95451,383116027.4
2022-11-07,4050.0,4200.0,4050.0,4008.65,4087.8,4087.9,4200.0,2163.55,120184,497667448.85
2022-11-09,4100.05,4224.85,4100.05,4087.9,4170.0,4167.7,4224.85,2163.55,73681,308171651.4
2022-11-10,4180.25,4250.0,4126.0,4167.7,4179.8,4178.15,4250.0,2163.55,90692,379949937.2
2022-11-11,4225.0,4268.95,4132.05,4178.15,4140.0,4146.0,4268.95,2163.55,65498,274517261.55
2022-11-14,4214.75,4214.75,3995.0,4146.0,4049.0,4051.1,4268.95,2163.55,64778,262318169.25
2022-11-15,4034.0,4049.9,3998.0,4051.1,4049.9,4030.3,4268.95,2163.55,34544,138936900.25
2022-11-16,4050.5,4090.0,3964.1,4030.3,4012.0,4027.5,4268.95,2163.55,39520,159635218.3
2022-11-17,4031.8,4035.55,3980.0,4027.5,3999.0,3996.05,4268.95,2163.55,29523,118321601.55
2022-11-18,4016.05,4034.95,3920.0,3996.05,3950.0,3951.7,4268.95,2163.55,23105,91632608.65
2022-11-21,3939.5,3983.0,3915.0,3951.7,3944.0,3946.35,4268.95,2163.55,18421,72727635.7
2022-11-22,3966.05,3966.05,3821.0,3946.35,3870.0,3851.25,4268.95,2163.55,64430,250141437.65
2022-11-23,3879.2,3891.0,3812.35,3851.25,3884.15,3873.3,4268.95,2163.55,32078,123410177.3
2022-11-24,3895.0,3932.55,3875.1,3873.3,3897.0,3886.2,4268.95,2163.55,60264,235169148.05
2022-11-25,3905.6,3919.0,3751.0,3886.2,3769.0,3759.7,4268.95,2163.55,81684,310865616.95
2022-11-28,3750.0,3794.55,3730.05,3759.7,3745.0,3745.1,4268.95,2163.55,32069,120653139.2
2022-11-29,3759.9,3770.5,3700.0,3745.1,3720.0,3717.25,4268.95,2163.55,30965,115430881.75
2022-11-30,3741.3,3895.0,3726.05,3717.25,3889.8,3877.75,4268.95,2163.55,70962,270152231.25
2022-12-01,3924.35,4098.0,3888.2,3877.75,4096.0,4078.55,4268.95,2163.55,120245,484142585.65
2022-12-02,4092.25,4132.45,4040.05,4078.55,4085.0,4086.2,4268.95,2163.55,53657,219329284.0
2022-12-05,4104.95,4111.05,4006.0,4086.2,4021.0,4025.55,4268.95,2163.55,22344,90612191.15
2022-12-06,4025.55,4082.0,3999.95,4025.55,4009.35,4008.65,4268.95,2163.55,36856,148384925.05
2022-12-07,4000.0,4029.65,3990.0,4008.65,4000.0,4006.2,4268.95,2163.55,49177,196935360.25
2022-12-08,4026.25,4059.0,4000.05,4006.2,4043.0,4038.0,4268.95,2163.55,16196,65393403.55
2022-12-09,4055.5,4110.0,4009.05,4038.0,4048.0,4032.4,4268.95,2163.55,31079,126183751.7
2022-12-12,4050.0,4106.0,3960.0,4032.4,4030.0,4034.6,4268.95,2163.55,40618,164844386.85
2022-12-13,4055.8,4099.95,4029.0,4034.6,4029.0,4040.2,4268.95,2163.55,66012,267643266.2
2022-12-14,4030.0,4193.65,4030.0,4040.2,4184.0,4180.3,4268.95,2163.55,53022,218712048.95
2022-12-15,4180.3,4266.35,4172.0,4180.3,4200.05,4211.75,4268.95,2163.55,62034,262270575.55
2022-12-16,4210.65,4220.0,4085.15,4211.75,4115.1,4120.15,4268.95,2163.55,26041,107828324.4
2022-12-19,4120.15,4120.15,3993.0,4120.15,4026.0,4013.9,4268.95,2163.55,20885,84551510.0
2022-12-20,4024.0,4169.7,4021.1,4013.9,4169.7,4151.95,4268.95,2163.55,52556,216524208.5
2022-12-21,4158.8,4220.0,4001.0,4151.95,4030.0,4030.0,4268.95,2163.55,49474,204446095.8
2022-12-22,4090.4,4100.0,4010.05,4030.0,4030.25,4060.85,4268.95,2163.55,35724,145007049.55
2022-12-23,4036.0,4089.35,3968.0,4060.85,4066.0,4036.45,4268.95,2163.55,92659,370911576.1
2022-12-26,3980.0,4129.8,3955.95,4036.45,4092.3,4113.0,4268.95,2163.55,20197,82444114.65
2022-12-27,4130.25,4167.85,4082.1,4113.0,4130.0,4106.45,4268.95,2163.55,18799,77274201.9
2022-12-28,4108.0,4193.0,4093.05,4106.45,4150.0,4147.3,4268.95,2163.55,24562,101970694.35
2022-12-29,4127.7,4197.9,4122.55,4147.3,4166.0,4170.75,4268.95,2163.55,30598,127659716.15
2022-12-30,4190.0,4435.0,4190.0,4170.75,4390.0,4384.55,4435.0,2163.55,205607,896288606.95
2023-01-02,4448.0,4494.0,4404.1,4384.55,4426.0,4434.15,4494.0,2163.55,119288,530867159.1
2023-01-03,4456.35,4538.0,4406.05,4434.15,4495.0,4496.35,4538.0,2163.55,69559,312250290.7
2023-01-04,4513.7,4513.7,4432.15,4496.35,4451.0,4459.9,4538.0,2163.55,61771,275610689.55
2023-01-05,4474.7,4527.0,4384.0,4459.9,4400.0,4406.45,4538.0,2163.55,56499,251476827.05
2023-01-06,4425.0,4470.0,4360.0,4406.45,4405.0,4385.4,4538.0,2163.55,73481,323360068.85
2023-01-09,4414.7,4453.8,4358.6,4385.4,4397.0,4384.2,4538.0,2163.55,35782,157497399.7
2023-01-10,4385.0,4448.95,4302.5,4384.2,4341.0,4329.5,4538.0,2163.55,57166,249851633.6
2023-01-11,4351.15,4368.0,4315.0,4329.5,4336.95,4333.55,4538.0,2163.55,22438,97379863.45
2023-01-12,4354.4,4368.95,4311.05,4333.55,4342.0,4343.25,4538.0,2163.55,21445,92947191.4
2023-01-13,4364.7,4364.7,4271.0,4343.25,4342.8,4294.3,4538.0,2163.55,58337,251379682.4
2023-01-16,4323.7,4330.05,4280.0,4294.3,4294.0,4289.0,4538.0,2171.35,25214,108458622.95
2023-01-17,4308.45,4344.8,4271.0,4289.0,4282.0,4282.4,4538.0,2171.35,28993,124705587.8
2023-01-18,4292.4,4295.6,4222.15,4282.4,4234.05,4244.6,4538.0,2171.35,36325,154633618.5
2023-01-19,4230.0,4381.4,4229.7,4244.6,4332.5,4337.85,4538.0,2171.35,44287,190653849.85
2023-01-20,4362.2,4367.95,4241.0,4337.85,4267.2,4249.35,4538.0,2171.35,34894,149125467.7
2023-01-23,4249.5,4282.55,4061.0,4249.35,4069.0,4084.7,4538.0,2171.35,52693,218168521.95
2023-01-24,4084.7,4175.75,4069.15,4084.7,4125.0,4101.3,4538.0,2171.35,37847,155555620.75
2023-01-25,4113.8,4160.0,3965.0,4101.3,4082.35,4067.35,4538.0,2171.35,111792,453364337.05
2023-01-27,4121.15,4167.05,4032.25,4067.35,4070.2,4104.2,4538.0,2171.35,61703,252203811.6
2023-01-30,4070.0,4140.0,4010.0,4104.2,4025.0,4030.1,4538.0,2171.35,42830,174265304.2
2023-01-31,4031.05,4038.9,3971.2,4030.1,4000.0,4002.3,4538.0,2171.35,48395,193789552.3
2023-02-01,4035.0,4096.9,3930.0,4002.3,3953.8,3944.4,4538.0,2171.35,62499,249529017.85
2023-02-02,3931.0,4000.0,3900.0,3944.4,3939.0,3938.8,4538.0,2171.35,39719,156651383.55
2023-02-03,3958.5,3961.95,3896.85,3938.8,3910.0,3911.45,4538.0,2171.35,29093,113894740.9
2023-02-06,3911.45,3969.85,3825.75,3911.45,3864.45,3914.4,4538.0,2171.35,47511,184684036.85
2023-02-07,3914.8,3935.95,3840.0,3914.4,3869.0,3865.75,4538.0,2171.35,41494,160970022.9
2023-02-08,3871.2,3901.0,3846.7,3865.75,3898.0,3891.8,4538.0,2171.35,39364,152781632.15
2023-02-09,3899.95,3900.75,3850.0,3891.8,3858.0,3860.05,4538.0,2171.35,24564,95151911.1
2023-02-10,3850.0,3850.0,3775.25,3860.05,3794.0,3787.8,4538.0,2171.35,55157,209392692.8
2023-02-13,3751.1,3787.85,3721.0,3787.8,3758.0,3730.5,4538.0,2171.35,38458,143912429.2
2023-02-14,3730.5,3740.45,3656.0,3730.5,3660.5,3665.85,4538.0,2171.35,66910,246234748.65
2023-02-15,3660.5,3690.0,3645.0,3665.85,3660.05,3664.65,4538.0,2171.35,57723,211961650.5
2023-02-16,3685.0,3984.0,3666.75,3664.65,3978.0,3941.7,4538.0,2171.35,230401,901810240.35
2023-02-17,3991.0,4078.6,3971.0,3941.7,4008.0,4027.75,4538.0,2171.35,113482,455882338.35
2023-02-20,4044.75,4044.75,3952.0,4027.75,3965.0,3971.85,4538.0,2191.9,40048,159406117.9
2023-02-21,3921.05,4027.0,3915.0,3971.85,4000.0,3995.5,4538.0,2191.9,61487,245291222.0
2023-02-22,4004.0,4004.0,3948.05,3995.5,3950.0,3958.45,4538.0,2191.9,23248,92200374.65
2023-02-23,3970.0,3977.0,3850.0,3958.45,3850.0,3862.65,4538.0,2191.9,44178,172224686.0
2023-02-24,3809.0,3868.8,3800.0,3862.65,3808.9,3803.05,4538.0,2191.9,26210,100219908.65
2023-02-27,3800.0,3800.55,3715.0,3803.05,3723.0,3736.1,4538.0,2227.25,29613,110651017.05
2023-02-28,3736.95,3981.6,3710.8,3736.1,3900.0,3919.85,4538.0,2227.25,117004,455294335.5
2023-03-01,3919.85,3930.0,3873.0,3919.85,3912.45,3906.3,4538.0,2227.25,23216,90401945.55
2023-03-02,3925.0,3925.8,3850.0,3906.3,3851.05,3861.6,4538.0,2227.25,19020,73756689.05
2023-03-03,3890.0,3937.7,3786.0,3861.6,3787.55,3801.85,4538.0,2227.25,37360,142936238.3
2023-03-06,3799.0,3814.7,3754.25,3801.85,3770.0,3764.95,4538.0,2227.25,30173,113729759.55
2023-03-08,3764.95,3890.15,3754.95,3764.95,3833.0,3822.25,4538.0,2227.25,51611,197433528.65
2023-03-09,3840.0,3840.0,3770.45,3822.25,3784.65,3784.65,4538.0,2227.25,22581,85759398.6
2023-03-10,3750.0,3840.0,3750.0,3784.65,3774.0,3769.3,4538.0,2227.25,34515,130769295.8
2023-03-13,3777.9,3856.0,3741.0,3769.3,3797.5,3791.1,4538.0,2370.0,42086,159429257.65
2023-03-14,3810.1,3835.0,3730.0,3791.1,3745.0,3747.65,4538.0,2370.0,31477,118559792.1
2023-03-15,3769.7,3823.85,3756.5,3747.65,3782.55,3801.45,4538.0,2370.0,24665,93635736.5
2023-03-16,3793.75,3796.95,3736.65,3801.45,3770.0,3753.3,4538.0,2370.0,20901,78541347.15
2023-03-17,3775.0,3980.35,3735.0,3753.3,3900.0,3907.1,4538.0,2370.0,325608,1268117476.2
2023-03-20,3900.0,3900.0,3777.6,3907.1,3809.0,3816.35,4538.0,2478.45,20215,77248493.35
2023-03-21,3820.0,3935.0,3820.0,3816.35,3900.0,3888.35,4538.0,2478.45,23924,93090833.3
2023-03-22,3888.35,3918.95,3803.0,3888.35,3810.0,3820.7,4538.0,2478.45,25002,96584596.15
2023-03-23,3821.25,3830.0,3788.25,3820.7,3805.1,3811.45,4538.0,2478.45,12462,47477159.45
2023-03-24,3825.0,3855.0,3807.1,3811.45,3830.0,3837.6,4538.0,2478.45,9808,37535611.7
2023-03-27,3857.15,3866.95,3726.5,3837.6,3755.0,3752.6,4538.0,2478.45,23301,87991581.05
2023-03-28,3740.0,3751.75,3631.05,3752.6,3667.3,3654.6,4538.0,2478.45,43783,160449059.75
2023-03-29,3655.0,3789.1,3655.0,3654.6,3770.0,3779.45,4538.0,2478.45,28726,107390210.7
2023-03-31,3781.0,3836.25,3701.0,3779.45,3805.0,3792.5,4538.0,2478.45,41030,155394629.75
2023-04-03,3792.5,3811.5,3728.0,3792.5,3737.0,3737.2,4538.0,2478.45,26284,98622315.25
2023-04-05,3712.25,3737.95,3675.7,3737.2,3707.5,3710.75,4538.0,2478.45,42825,158085726.05
2023-04-06,3710.75,3777.65,3681.05,3710.75,3764.0,3765.0,4538.0,2478.45,34963,130535823.45
2023-04-10,3768.45,3826.05,3710.0,3765.0,3730.0,3724.35,4538.0,2478.45,80658,305937485.7
2023-04-11,3742.0,3820.0,3722.65,3724.35,3820.0,3784.3,4538.0,2478.45,61340,230946244.2
2023-04-12,3796.85,3865.9,3795.0,3784.3,3810.0,3813.85,4538.0,2478.45,109871,420138689.45
2023-04-13,3821.0,3853.85,3780.0,3813.85,3802.0,3799.15,4538.0,2478.45,18934,72113124.5
2023-04-17,3802.0,3905.95,3771.7,3799.15,3860.0,3853.95,4538.0,2478.45,42969,165613859.8
2023-04-18,3853.0,3883.2,3845.0,3853.95,3865.0,3861.15,4538.0,2478.45,18487,71432546.85
2023-04-19,3855.1,3880.1,3816.1,3861.15,3852.0,3844.6,4538.0,2478.45,12754,49111164.35
2023-04-20,3840.0,3850.0,3745.15,3844.6,3771.85,3757.6,4538.0,2478.45,23923,90669525.7
2023-04-21,3777.35,3849.0,3727.0,3757.6,3840.0,3831.8,4538.0,2478.45,29487,111713177.75
2023-04-24,3860.0,3883.95,3825.2,3831.8,3850.0,3856.85,4538.0,2478.45,30079,115914886.45
2023-04-25,3850.0,3874.0,3765.0,3856.85,3790.05,3779.0,4538.0,2478.45,26254,100171233.95
2023-04-26,3769.0,3785.95,3750.0,3779.0,3765.8,3764.3,4538.0,2478.45,21665,81540558.65
2023-04-27,3764.3,3805.0,3753.1,3764.3,3775.0,3777.5,4538.0,2478.45,22898,86584342.35
2023-04-28,3786.95,3845.0,3780.1,3777.5,3818.0,3823.8,4538.0,2478.45,41440,158239470.85
2023-05-02,3870.0,3895.3,3780.05,3823.8,3840.0,3838.9,4538.0,2478.45,51707,197944943.55
2023-05-03,3854.95,3914.0,3801.0,3838.9,3824.0,3825.75,4538.0,2478.45,105274,404483238.35
2023-05-04,3850.0,3860.0,3804.35,3825.75,3840.0,3847.65,4538.0,2478.45,51009,195644930.0
2023-05-05,3867.05,3867.05,3785.0,3847.65,3805.0,3803.5,4538.0,2478.45,31814,121266041.0
2023-05-08,3805.0,3823.95,3765.2,3803.5,3793.0,3783.55,4538.0,2478.45,37738,142880180.1
2023-05-09,3799.9,3819.8,3766.05,3783.55,3775.0,3776.65,4538.0,2478.45,28439,107860470.95
2023-05-10,3776.65,3778.7,3691.8,3776.65,3721.5,3719.35,4538.0,2478.45,59157,219806455.4
2023-05-11,3721.5,3779.9,3693.75,3719.35,3705.0,3704.95,4538.0,2478.45,43865,162752088.55
2023-05-12,3665.75,3774.85,3665.75,3704.95,3727.65,3726.75,4538.0,2478.45,51525,192251099.05
2023-05-15,3727.05,3772.45,3718.0,3726.75,3756.9,3746.0,4538.0,2478.45,27789,104120473.95
2023-05-16,3765.0,3785.0,3725.0,3746.0,3765.0,3764.25,4538.0,2478.45,59589,224258664.95
2023-05-17,3770.0,3797.0,3738.0,3764.25,3739.0,3743.35,4538.0,2478.45,20196,76003123.15
2023-05-18,3750.0,3769.0,3721.1,3743.35,3760.15,3762.65,4538.0,2478.45,26444,98942826.45
2023-05-19,3760.0,3824.0,3730.0,3762.65,3800.0,3800.45,4538.0,2478.45,52318,198549642.55
2023-05-22,3819.85,3830.0,3795.2,3800.45,3801.0,3814.1,4538.0,2478.45,32393,123653765.3
2023-05-23,3820.95,3829.7,3794.05,3814.1,3815.75,3821.05,4538.0,2478.45,64698,247055824.8
2023-05-24,3834.85,3834.85,3789.1,3821.05,3798.3,3795.1,4538.0,2478.45,46342,176149822.9
2023-05-25,3799.5,3799.5,3761.2,3795.1,3786.25,3785.2,4538.0,2478.45,14871,56310760.35
2023-05-26,3795.85,3807.15,3760.05,3785.2,3790.0,3798.55,4538.0,2478.45,39079,148152504.55
2023-05-29,3818.45,3818.45,3782.55,3798.55,3794.45,3797.35,4538.0,2575.85,17050,64737082.7
2023-05-30,3792.1,3800.9,3742.95,3797.35,3790.0,3789.75,4538.0,2575.85,66014,250039999.1
2023-05-31,3809.7,3829.7,3734.95,3789.75,3763.0,3752.4,4538.0,2575.85,25644,96785986.5
2023-06-01,3752.4,3774.9,3710.0,3752.4,3767.5,3765.9,4538.0,2575.85,27133,101758827.75
2023-06-02,3779.9,3800.0,3760.0,3765.9,3777.0,3783.3,4538.0,2575.85,20044,75828081.8
2023-06-05,3811.0,3850.0,3787.5,3783.3,3831.0,3831.45,4538.0,2619.65,53086,203297083.15
2023-06-06,3850.0,3860.0,3825.05,3831.45,3844.05,3847.0,4538.0,2619.65,53103,204275025.8
2023-06-07,3857.0,3890.0,3838.2,3847.0,3890.0,3886.9,4538.0,2619.65,64038,248194803.1
2023-06-08,3905.0,3950.0,3869.0,3886.9,3876.0,3888.6,4538.0,2619.65,66584,259898083.0
2023-06-09,3900.0,3900.05,3861.2,3888.6,3889.95,3884.0,4538.0,2619.65,20217,78599654.85
2023-06-12,3890.35,3894.9,3830.9,3884.0,3885.0,3881.75,4538.0,2619.65,25939,100472661.3
2023-06-13,3899.75,3951.95,3861.0,3881.75,3861.0,3871.7,4538.0,2619.65,86848,338570967.0
2023-06-14,3899.0,3899.0,3851.0,3871.7,3860.05,3868.75,4538.0,2619.65,45657,176716148.95
2023-06-15,3888.9,3888.9,3835.0,3868.75,3835.0,3845.45,4538.0,2619.65,98819,381405397.55
2023-06-16,3847.9,3877.0,3750.0,3845.45,3805.0,3799.15,4538.0,2619.65,232664,890909945.2
2023-06-19,3816.0,3857.95,3803.7,3799.15,3833.0,3833.8,4538.0,2619.65,141039,540974007.55
2023-06-20,3810.0,3833.8,3788.05,3833.8,3815.0,3811.35,4538.0,2619.65,39107,148713905.05
2023-06-21,3816.65,3885.0,3802.2,3811.35,3865.0,3849.05,4538.0,2619.65,213790,825021873.6
2023-06-22,3866.1,3894.0,3821.0,3849.05,3835.5,3832.6,4538.0,2619.65,35945,138216684.35
2023-06-23,3832.6,3845.0,3730.35,3832.6,3739.0,3746.05,4538.0,2619.65,31552,119034902.0
2023-06-26,3765.0,3775.0,3706.15,3746.05,3775.0,3753.2,4538.0,2619.65,22036,82422534.6
2023-06-27,3770.0,3790.0,3707.0,3753.2,3761.75,3745.2,4538.0,2619.65,152884,569689806.65
2023-06-28,3775.7,3850.0,3725.2,3745.2,3840.15,3843.0,4538.0,2619.65,240050,904967564.2
2023-06-30,3780.05,3788.05,3730.0,3843.0,3739.2,3740.3,4538.0,2619.65,91426,342614651.35
2023-07-03,3739.3,3780.0,3720.0,3740.3,3720.75,3724.6,4538.0,2619.65,49858,186897566.2
2023-07-04,3730.35,3764.2,3706.05,3724.6,3727.0,3727.1,4538.0,2619.65,29500,110133660.6
2023-07-05,3756.95,3756.95,3697.6,3727.1,3720.0,3708.0,4538.0,2619.65,24615,91475564.15
2023-07-06,3733.3,3745.0,3681.1,3708.0,3699.5,3702.6,4538.0,2619.65,56431,209098926.3
2023-07-07,3716.95,3726.95,3658.5,3702.6,3673.65,3667.2,4538.0,2619.65,29009,106929514.5
2023-07-10,3698.95,3698.95,3536.95,3667.2,3555.0,3550.4,4538.0,2619.65,61018,219004346.85
2023-07-11,3579.75,3592.85,3453.35,3550.4,3545.0,3543.85,4538.0,2619.65,160933,562847645.2
2023-07-12,3530.0,3646.8,3511.5,3543.85,3599.0,3603.0,4538.0,2619.65,92983,334829506.65
2023-07-13,3625.0,3705.0,3625.0,3603.0,3675.0,3665.4,4538.0,2619.65,42760,157118646.65
2023-07-14,3684.75,3714.95,3660.85,3665.4,3680.0,3684.25,4538.0,2619.65,32405,119468430.85
2023-07-17,3693.45,3724.0,3655.15,3684.25,3695.0,3681.4,4538.0,2619.65,45565,168289097.1
2023-07-18,3681.0,3699.95,3665.0,3681.4,3668.2,3686.05,4538.0,2619.65,28585,105308555.8
2023-07-19,3699.8,3715.0,3673.65,3686.05,3703.0,3699.55,4538.0,2619.65,20008,73982993.8
2023-07-20,3725.0,3750.0,3679.55,3699.55,3745.0,3746.4,4538.0,2619.65,36501,136172029.45
2023-07-21,3746.4,3809.2,3721.2,3746.4,3782.0,3775.95,4538.0,2619.65,52376,197530280.25
2023-07-24,3800.0,3811.0,3707.05,3775.95,3765.0,3764.35,4538.0,2675.05,31177,117061516.9
2023-07-25,3784.2,3805.0,3760.05,3764.35,3801.0,3779.65,4538.0,2675.05,53038,200470144.9
2023-07-26,3800.0,3847.2,3796.15,3779.65,3832.0,3831.45,4538.0,2675.05,49364,188848373.65
2023-07-27,3839.95,3857.0,3824.5,3831.45,3843.7,3840.55,4538.0,2675.05,33906,130237675.05
2023-07-28,3850.0,3864.95,3801.1,3840.55,3815.05,3814.95,4538.0,2675.05,85555,328078901.55
2023-07-31,3822.55,3855.0,3762.0,3814.95,3790.4,3800.55,4538.0,2675.05,61471,233051379.3
2023-08-01,3802.2,3850.0,3802.2,3800.55,3846.65,3848.55,4538.0,2675.05,28283,108731785.4
2023-08-02,3859.95,3890.0,3824.0,3848.55,3870.0,3879.0,4538.0,2675.05,83593,322168790.1
2023-08-03,3888.0,3912.7,3758.05,3879.0,3817.0,3797.95,4538.0,2675.05,58559,225125562.35
2023-08-04,3770.15,3860.8,3768.25,3797.95,3850.0,3851.85,4538.0,2675.05,38815,148088107.4
2023-08-07,3875.0,3890.0,3852.05,3851.85,3883.0,3880.1,4538.0,3091.0,23408,90676390.45
2023-08-08,3886.3,3915.9,3852.25,3880.1,3901.1,3891.5,4538.0,3091.0,243082,944470907.05
2023-08-09,3880.0,3970.0,3877.65,3891.5,3940.0,3955.65,4538.0,3091.0,57503,226601240.45
2023-08-10,3970.0,4125.0,3956.05,3955.65,4120.0,4107.45,4538.0,3091.0,119778,486529553.7
2023-08-11,4130.0,4190.0,4040.0,4107.45,4058.0,4073.65,4538.0,3091.0,45658,187525956.85
2023-08-14,4107.9,4193.8,4052.55,4073.65,4155.0,4162.25,4538.0,3163.15,46296,191471238.45
2023-08-16,4184.4,4290.5,4150.0,4162.25,4260.0,4264.55,4538.0,3163.15,62148,263566897.15
2023-08-17,4285.0,4397.8,4252.55,4264.55,4335.0,4344.45,4538.0,3163.15,60645,262995884.85
2023-08-18,4344.45,4410.0,4282.55,4344.45,4340.0,4348.65,4538.0,3163.15,49407,214901935.95
2023-08-21,4374.9,4450.0,4285.0,4348.65,4364.0,4364.1,4538.0,3278.0,61692,268640719.65
2023-08-22,4367.1,4387.1,4285.0,4364.1,4370.0,4359.4,4538.0,3278.0,234829,1022961349.85
2023-08-23,4369.95,4425.0,4359.8,4359.4,4385.0,4370.75,4538.0,3278.0,33899,149066205.75
2023-08-24,4404.95,4519.75,4375.0,4370.75,4505.0,4505.55,4538.0,3278.0,64543,288699350.0
2023-08-25,4499.0,4615.5,4473.05,4505.55,4595.0,4597.4,4615.5,3278.0,58629,268553595.55
2023-08-28,4615.0,4980.0,4601.05,4597.4,4872.35,4889.9,4980.0,3278.0,176355,846840748.25
2023-08-29,4895.0,4913.45,4805.25,4889.9,4887.5,4893.85,4980.0,3278.0,77053,374939076.35
2023-08-30,4893.85,4940.0,4846.6,4893.85,4894.95,4900.5,4980.0,3278.0,47227,230988935.1
2023-08-31,4920.0,4926.3,4803.0,4900.5,4875.0,4838.3,4980.0,3278.0,52310,253017181.5
2023-09-01,4862.45,4974.75,4740.1,4838.3,4745.0,4753.35,4980.0,3278.0,81074,392852717.75
2023-09-04,4929.95,4929.95,4680.05,4753.35,4699.0,4688.9,4980.0,3366.9,67945,322266750.15
2023-09-05,4713.6,4769.85,4650.0,4688.9,4668.0,4667.35,4980.0,3366.9,30499,143464432.2
2023-09-06,4667.95,4699.95,4580.0,4667.35,4602.2,4596.75,4980.0,3366.9,39442,182472354.1
2023-09-07,4619.7,4635.35,4525.25,4596.75,4544.95,4542.15,4980.0,3366.9,45415,207144804.0
2023-09-08,4550.0,4668.95,4525.25,4542.15,4650.0,4641.75,4980.0,3366.9,50067,231210605.7
2023-09-11,4701.15,4739.95,4586.05,4641.75,4677.0,4672.95,4980.0,3412.75,42083,195807728.15
2023-09-12,4697.95,4718.8,4480.0,4672.95,4560.0,4522.05,4980.0,3412.75,48163,219766228.8
2023-09-13,4522.0,4614.25,4378.05,4522.05,4522.0,4530.75,4980.0,3412.75,43457,193908157.9
2023-09-14,4540.0,4597.95,4490.0,4530.75,4597.5,4587.35,4980.0,3412.75,24770,112871394.45
2023-09-15,4600.55,4680.0,4523.35,4587.35,4615.0,4646.1,4980.0,3412.75,55939,257542585.0
2023-09-18,4698.0,4698.0,4599.45,4646.1,4626.0,4613.35,4980.0,3412.75,30017,139276985.9
2023-09-20,4616.1,4637.6,4550.0,4613.35,4577.05,4597.8,4980.0,3412.75,16799,77147090.85
2023-09-21,4590.0,4610.0,4551.9,4597.8,4604.8,4591.95,4980.0,3412.75,20783,95141732.05
2023-09-22,4580.0,4634.95,4558.65,4591.95,4611.0,4620.7,4980.0,3412.75,13406,61670401.45
2023-09-25,4635.0,4637.0,4588.05,4620.7,4637.0,4612.55,4980.0,3412.75,10822,49843072.75
2023-09-26,4599.0,4615.0,4540.0,4612.55,4615.0,4601.3,4980.0,3412.75,25624,117587991.15
2023-09-27,4624.5,4735.0,4589.8,4601.3,4691.0,4718.35,4980.0,3412.75,24767,115918154.6
2023-09-28,4718.35,4756.3,4660.1,4718.35,4700.0,4689.2,4980.0,3412.75,39915,187974175.9
2023-09-29,4699.9,4875.0,4699.9,4689.2,4816.0,4820.0,4980.0,3412.75,44472,214300579.15
2023-10-03,4850.0,5000.0,4780.05,4820.0,4981.15,4973.75,5000.0,3453.35,130253,641370635.15
2023-10-04,4970.0,5088.8,4780.05,4973.75,4860.1,4905.2,5088.8,3453.35,102047,506108124.65
2023-10-05,4905.25,4997.8,4894.9,4905.2,4968.0,4977.35,5088.8,3453.35,29738,147249470.95
2023-10-06,5049.8,5177.0,5010.3,4977.35,5149.85,5147.95,5177.0,3453.35,79605,406273070.05
2023-10-09,5205.05,5320.4,5112.0,5147.95,5112.0,5163.5,5320.4,3453.35,162649,849444030.05
2023-10-10,5180.05,5248.8,5149.0,5163.5,5218.0,5211.25,5320.4,3453.35,52619,273508065.5
2023-10-11,5248.8,5339.0,5230.0,5211.25,5330.0,5324.4,5339.0,3453.35,49223,261130247.25
2023-10-12,5324.0,5422.0,5283.45,5324.4,5310.0,5309.8,5422.0,3453.35,39507,211727250.15
2023-10-13,5275.1,5415.0,5275.1,5309.8,5367.0,5348.4,5422.0,3453.35,38989,208964610.45
2023-10-16,5390.0,5438.75,5230.0,5348.4,5279.0,5250.3,5438.75,3453.35,50325,269435151.6
2023-10-17,5305.05,5324.95,5130.0,5250.3,5192.4,5186.25,5438.75,3453.35,61474,319493229.85
2023-10-18,5209.95,5235.25,5140.0,5186.25,5155.0,5174.0,5438.75,3453.35,45972,238605287.8
2023-10-19,5156.0,5240.0,5114.0,5174.0,5202.0,5205.25,5438.75,3453.35,25376,130933897.95
2023-10-20,5200.0,5290.0,5180.0,5205.25,5251.0,5269.25,5438.75,3453.35,20956,109666045.75
2023-10-23,5306.75,5306.75,5125.0,5269.25,5170.0,5171.9,5438.75,3453.35,43390,224985877.65
2023-10-25,5197.75,5219.65,5065.05,5171.9,5101.0,5097.75,5438.75,3453.35,31905,162628639.65
2023-10-26,5050.0,5337.35,4995.85,5097.75,5261.1,5277.35,5438.75,3453.35,78356,400696459.15
2023-10-27,5300.0,5359.8,5219.65,5277.35,5238.0,5237.7,5438.75,3453.35,29446,155463586.3
2023-10-30,5237.7,5382.9,5214.05,5237.7,5340.0,5308.95,5438.75,3453.35,51527,273661857.8
2023-10-31,5340.0,5590.05,5309.0,5308.95,5475.0,5500.5,5590.05,3453.35,61686,336537646.0
2023-11-01,5544.9,5681.6,5482.4,5500.5,5549.0,5521.35,5681.6,3453.35,106552,596732460.3
2023-11-02,5574.1,5587.2,5300.0,5521.35,5349.8,5318.5,5681.6,3453.35,65382,353714701.45
2023-11-03,5346.5,5633.2,5346.5,5318.5,5600.0,5577.5,5681.6,3453.35,127361,702283244.35
2023-11-06,5584.95,5699.0,5550.55,5577.5,5600.0,5585.75,5699.0,3453.35,39413,221974018.0
2023-11-07,5630.55,5974.8,5600.0,5585.75,5940.0,5941.45,5974.8,3453.35,203304,1189690889.95
2023-11-08,5969.0,6165.95,5950.05,5941.45,6012.0,5993.75,6165.95,3453.35,179020,1083446292.5
2023-11-09,6041.9,6224.95,6015.1,5993.75,6170.0,6169.3,6224.95,3453.35,133277,819546679.8
2023-11-10,6175.0,6249.5,6072.15,6169.3,6120.0,6104.55,6249.5,3453.35,71893,442364910.45
2023-11-12,6153.4,6250.0,6153.4,6104.55,6243.0,6217.25,6250.0,3453.35,11801,73187456.3
2023-11-13,6207.55,6250.0,6128.0,6217.25,6200.0,6199.3,6250.0,3453.35,50798,314810626.05
2023-11-15,6235.05,6678.65,6235.05,6199.3,6619.0,6559.25,6678.65,3453.35,188798,1216870073.5
2023-11-16,6603.75,6975.0,6581.35,6559.25,6811.0,6847.0,6975.0,3453.35,380849,2609146228.9
2023-11-17,6940.0,7499.0,6880.0,6847.0,7389.0,7390.5,7499.0,3453.35,556689,4080410773.1
2023-11-20,7500.0,7832.9,6826.6,7390.5,7030.0,6956.5,7832.9,3453.35,546444,3963682427.2
2023-11-21,7100.0,7198.85,6861.75,6956.5,6960.0,6944.1,7832.9,3453.35,160148,1121292412.45
2023-11-22,7000.0,7046.05,6565.7,6944.1,6649.95,6649.25,7832.9,3453.35,110689,747081406.75
2023-11-23,6650.0,6925.0,6520.1,6649.25,6745.0,6746.35,7832.9,3453.35,109601,741739954.9
2023-11-24,6764.0,6850.0,6661.0,6746.35,6775.0,6786.4,7832.9,3453.35,112024,758196363.35
2023-11-28,6838.45,6838.45,6640.0,6786.4,6675.0,6666.95,7832.9,3453.35,80274,535567405.7
2023-11-29,6700.1,6720.0,6491.4,6666.95,6530.9,6536.35,7832.9,3453.35,86331,571028860.6
2023-11-30,6554.95,6592.65,6079.0,6536.35,6199.95,6288.9,7832.9,3453.35,930123,5874168219.5
2023-12-01,6235.05,6270.8,6125.0,6288.9,6190.0,6188.75,7832.9,3453.35,146972,912285986.8
2023-12-04,6310.2,6310.2,6000.0,6188.75,6055.0,6033.1,7832.9,3453.35,174187,1053892658.15
2023-12-05,6035.0,6095.0,5909.35,6033.1,5940.0,5937.65,7832.9,3453.35,144363,861581254.25
2023-12-06,5999.45,6400.0,5999.45,5937.65,6284.5,6273.9,7832.9,3453.35,199165,1238604448.2
2023-12-07,6273.9,6350.0,6221.0,6273.9,6293.3,6294.2,7832.9,3453.35,68352,430420807.2
2023-12-08,6345.0,6346.0,6251.0,6294.2,6298.0,6298.55,7832.9,3453.35,72026,453572954.75
2023-12-11,6349.25,6650.0,6221.0,6298.55,6628.4,6605.2,7832.9,3453.35,87251,563666320.5
2023-12-12,6650.0,6739.0,6450.0,6605.2,6545.0,6529.1,7832.9,3453.35,72697,475086738.25
2023-12-13,6580.0,6605.15,6452.7,6529.1,6485.0,6490.7,7832.9,3453.35,42855,278853064.15
2023-12-14,6725.0,6880.0,6650.0,6490.7,6790.0,6796.8,7832.9,3453.35,192257,1301025995.1
2023-12-15,6839.0,6930.0,6770.0,6796.8,6850.0,6884.9,7832.9,3453.35,124726,857184674.8
2023-12-18,6349.95,6939.75,6150.0,6884.9,6850.0,6861.8,7832.9,3453.35,454436,3001696661.35
2023-12-19,6861.8,6866.35,6682.05,6861.8,6760.0,6761.9,7832.9,3453.35,80665,544089847.6
2023-12-20,6769.0,6801.25,6400.0,6761.9,6425.0,6512.35,7832.9,3453.35,114621,761122561.4
2023-12-21,6430.0,6638.95,6311.1,6512.35,6610.0,6559.25,7832.9,3453.35,101276,652338686.6
2023-12-22,6654.55,6720.15,6539.95,6559.25,6570.0,6594.9,7832.9,3453.35,69091,456853256.75
2023-12-26,6600.9,6825.0,6596.65,6594.9,6795.0,6793.15,7832.9,3453.35,83150,563556369.75
2023-12-27,6853.45,6865.75,6700.6,6793.15,6759.0,6755.2,7832.9,3453.35,51537,348418508.65
2023-12-28,6800.0,6880.0,6768.0,6755.2,6799.5,6797.9,7832.9,3453.35,70291,478654528.4
2023-12-29,6790.0,6790.0,6674.05,6797.9,6735.0,6727.5,7832.9,3453.35,50371,338085241.35
2024-01-01,6781.35,6812.95,6728.95,6727.5,6754.6,6778.05,7832.9,3453.35,40189,272413879.85
2024-01-02,6817.0,6866.75,6603.0,6778.05,6694.0,6678.85,7832.9,3453.35,73311,493038269.1
2024-01-03,6728.45,6765.0,6590.0,6678.85,6706.0,6707.8,7832.9,3453.35,200360,1342161996.8
2024-01-04,6750.0,6810.0,6680.0,6707.8,6735.0,6733.7,7832.9,3453.35,92613,624810789.05
2024-01-05,6787.75,6820.0,6664.1,6733.7,6695.0,6703.5,7832.9,3453.35,69701,471949199.25
2024-01-08,6696.05,6838.0,6580.0,6703.5,6585.0,6622.1,7832.9,3453.35,139096,934243818.7
2024-01-09,6689.0,6848.6,6643.65,6622.1,6817.0,6821.1,7832.9,3453.35,142430,966556778.8
2024-01-10,6869.0,6922.0,6745.45,6821.1,6873.3,6875.75,7832.9,3453.35,83806,573354034.55
2024-01-11,6925.0,7366.9,6844.05,6875.75,7320.0,7347.05,7832.9,3453.35,363134,2632991921.6
2024-01-12,7390.0,7390.0,7220.0,7347.05,7309.95,7309.5,7832.9,3453.35,120681,881730465.4
2024-01-15,7320.0,7320.0,7085.7,7309.5,7140.0,7149.55,7832.9,3453.35,102848,738842766.7
2024-01-16,7195.0,7213.45,6941.95,7149.55,6979.55,6963.35,7832.9,3453.35,109845,772637181.8
2024-01-17,6920.0,6938.0,6727.6,6963.35,6766.3,6777.05,7832.9,3453.35,147890,1004495396.95
2024-01-18,6776.95,6945.95,6675.25,6777.05,6886.1,6913.8,7832.9,3453.35,121064,826736679.6
2024-01-19,6967.75,6989.75,6901.0,6913.8,6910.0,6938.0,7832.9,3453.35,68551,476598589.3
2024-01-20,6920.0,7018.85,6904.45,6938.0,6935.0,6930.8,7832.9,3453.35,15571,108296029.6
2024-01-23,7000.0,7050.0,6790.8,6930.8,6860.0,6843.55,7832.9,3453.35,111155,765814040.55
2024-01-24,6847.25,6888.0,6605.0,6843.55,6628.0,6624.0,7832.9,3453.35,111534,744238788.75
2024-01-25,6697.6,6697.6,6454.65,6624.0,6501.2,6508.15,7832.9,3453.35,161021,1050769209.4
2024-01-29,6572.4,6608.0,6412.0,6508.15,6441.5,6442.2,7832.9,3453.35,58998,380323277.45
2024-01-30,6450.0,6531.5,6350.0,6442.2,6355.0,6355.5,7832.9,3453.35,97648,626586989.4
2024-01-31,6350.0,6490.05,6330.0,6355.5,6453.0,6457.35,7832.9,3453.35,76568,491296836.55
2024-02-01,6509.2,6509.2,6320.95,6457.35,6338.8,6341.9,7832.9,3453.35,94117,600683913.05
2024-02-02,6350.0,6465.85,6275.0,6341.9,6459.0,6450.55,7832.9,3453.35,91210,582436663.5
2024-02-05,6490.0,6667.5,6416.0,6450.55,6633.9,6631.4,7832.9,3453.35,89344,589294989.55
2024-02-06,6690.0,6770.0,6625.25,6631.4,6770.0,6731.25,7832.9,3453.35,58331,391301222.95
2024-02-07,6810.0,6925.0,6701.0,6731.25,6901.0,6908.45,7832.9,3453.35,143280,981594247.05
2024-02-08,6906.95,6997.8,6851.0,6908.45,6910.1,6910.55,7832.9,3453.35,63237,437003383.45
2024-02-09,6908.45,6937.1,6812.45,6910.55,6865.05,6890.7,7832.9,3453.35,50897,349965362.2
2024-02-12,6894.95,6990.0,6776.0,6890.7,6801.0,6798.0,7832.9,3453.35,50197,343126830.85
2024-02-13,6774.0,7038.75,6751.0,6798.0,6953.05,6926.0,7832.9,3453.35,182210,1268151730.7
2024-02-14,6926.75,7148.0,6900.0,6926.0,7029.6,7020.1,7832.9,3453.35,159850,1126769071.0
2024-02-15,7097.8,7097.85,6731.0,7020.1,6769.0,6765.8,7832.9,3453.35,104756,717525286.9
2024-02-16,6832.9,6854.95,6617.0,6765.8,6676.1,6690.6,7832.9,3453.35,88202,592033776.6
2024-02-19,6789.8,6821.0,6601.1,6690.6,6611.0,6626.2,7832.9,3453.35,55827,373072425.6
2024-02-20,6652.75,6708.85,6551.0,6626.2,6605.0,6593.75,7832.9,3453.35,67597,446326640.3
2024-02-21,6669.8,6747.9,6623.0,6593.75,6692.4,6687.9,7832.9,3453.35,56329,376951590.6
2024-02-22,6721.05,6878.0,6705.0,6687.9,6805.0,6830.85,7832.9,3453.35,106298,724501869.15
2024-02-23,6885.5,6920.0,6832.0,6830.85,6851.0,6872.45,7832.9,3453.35,48994,337361152.15
2024-02-26,6920.0,6969.0,6801.0,6872.45,6810.1,6811.3,7832.9,3453.35,44813,307890420.85
2024-02-27,6864.4,6887.2,6775.95,6811.3,6864.0,6850.25,7832.9,3453.35,30713,209899550.65
2024-02-28,6878.0,6934.95,6751.0,6850.25,6779.0,6773.35,7832.9,3453.35,25669,174775322.15
2024-02-29,6824.95,6860.55,6701.0,6773.35,6789.0,6730.25,7832.9,3453.35,51176,345426221.65
2024-03-01,6824.75,6928.45,6751.0,6730.25,6850.0,6877.65,7832.9,3453.35,49454,338407134.2
2024-03-02,6932.9,6932.9,6814.2,6877.65,6831.0,6847.35,7832.9,3453.35,3434,23566137.05
2024-03-04,6923.05,7399.9,6855.25,6847.35,7300.0,7288.4,7832.9,3453.35,414758,2996605348.0
2024-03-05,7349.0,7820.0,7221.1,7288.4,7761.0,7760.15,7832.9,3453.35,533030,4042458149.1
2024-03-06,7760.15,7783.75,6975.0,7760.15,7200.0,7218.3,7832.9,3453.35,505717,3673513079.75
2024-03-07,7218.3,7595.1,7141.0,7218.3,7595.1,7513.1,7832.9,3453.35,227768,1683750306.75
2024-03-11,7564.0,8086.0,7550.15,7513.1,7715.0,7731.4,8086.0,3453.35,528731,4144582497.05
2024-03-12,7790.6,8020.0,7476.0,7731.4,7715.6,7664.3,8086.0,3453.35,378825,2945461859.65
2024-03-13,7738.35,7995.0,7255.55,7664.3,7355.0,7346.25,8086.0,3453.35,404359,3102604215.1
2024-03-14,7346.25,8369.95,7300.1,7346.25,8352.0,8144.85,8369.95,3453.35,404594,3173252996.45
2024-03-15,8270.0,8989.0,8103.4,8144.85,8909.0,8855.5,8989.0,3453.35,769363,6549056282.6
2024-03-18,8900.05,9290.0,8460.0,8855.5,8569.9,8544.15,9290.0,3453.35,565419,4958486429.5
2024-03-19,8679.0,8924.85,8505.05,8544.15,8630.0,8607.1,9290.0,3453.35,540528,4700996356.05
2024-03-20,8780.0,8845.05,8401.0,8607.1,8540.0,8504.35,9290.0,3453.35,247307,2123984595.35
2024-03-21,8670.0,8969.0,8562.0,8504.35,8880.0,8898.75,9290.0,3453.35,306195,2682529943.3
2024-03-22,8860.0,9418.95,8798.8,8898.75,9330.0,9322.0,9418.95,3453.35,482996,4428547684.85
2024-03-26,9300.0,9449.0,9200.0,9322.0,9301.0,9300.95,9449.0,3453.35,316702,2946289142.1
2024-03-27,9305.95,9349.95,8781.95,9300.95,8896.15,8890.75,9449.0,3453.35,250547,2257103401.15
2024-03-28,9080.95,9080.95,8668.4,8890.75,8800.0,8781.75,9449.0,3453.35,275152,2431666081.85
2024-04-01,8950.0,9049.0,8651.0,8781.75,8723.0,8726.05,9449.0,3453.35,176735,1559684897.4
2024-04-02,8735.0,8919.0,8655.7,8726.05,8738.0,8818.25,9449.0,3453.35,179563,1584812445.05
2024-04-03,8800.0,8840.0,8703.0,8818.25,8790.0,8775.5,9449.0,3453.35,104092,913510517.25
2024-04-04,8834.9,8834.9,8621.0,8775.5,8649.0,8664.95,9449.0,3453.35,101370,882638373.25
2024-04-05,8722.15,8877.0,8630.05,8664.95,8641.0,8658.4,9449.0,3453.35,146659,1278395196.4
2024-04-08,8729.85,8800.0,8570.35,8658.4,8749.0,8725.0,9449.0,3453.35,146164,1272738160.4
2024-04-09,8780.0,8852.1,8651.45,8725.0,8701.0,8709.25,9449.0,3453.35,109236,956264887.9
2024-04-10,8769.45,8799.0,8601.0,8709.25,8640.0,8634.2,9449.0,3453.35,74044,644053963.25
2024-04-12,8703.6,8746.6,8431.0,8634.2,8540.0,8528.2,9449.0,3453.35,104258,900207997.1
2024-04-15,8422.0,8680.6,8256.3,8528.2,8580.0,8602.6,9449.0,3453.35,148794,1262790269.7
2024-04-16,8602.6,8678.35,8401.0,8602.6,8460.0,8462.7,9449.0,3453.35,104206,887607462.5
2024-04-18,8523.35,8708.0,8458.0,8462.7,8487.55,8509.2,9449.0,3453.35,207373,1774985107.7
2024-04-19,8470.6,8568.95,8408.0,8509.2,8523.15,8526.9,9449.0,3453.35,96371,820815675.55
2024-04-22,8679.85,8679.85,8501.0,8526.9,8534.1,8517.5,9449.0,3453.35,144074,1238433345.5
2024-04-23,8594.4,8837.6,8498.6,8517.5,8680.0,8642.45,9449.0,3453.35,211017,1831002151.2
2024-04-24,8740.0,8824.25,8600.0,8642.45,8810.0,8794.35,9449.0,3453.35,147750,1291332943.35
2024-04-25,8800.35,8849.95,8702.0,8794.35,8796.0,8801.6,9449.0,3453.35,101575,893994657.15
2024-04-26,8800.0,8849.9,8755.0,8801.6,8756.0,8784.7,9449.0,3453.35,55519,488748873.6
2024-04-29,8830.0,9025.95,8807.7,8784.7,8850.0,8842.4,9449.0,3453.35,85032,757489392.25
2024-04-30,8929.85,9007.0,8842.5,8842.4,8969.0,8968.15,9449.0,3453.35,138795,1243384760.5
2024-05-02,8989.3,8997.0,8800.0,8968.15,8889.0,8877.8,9449.0,3453.35,103135,917660565.25
2024-05-03,8939.0,9060.0,8892.1,8877.8,8999.0,8999.9,9449.0,3453.35,109813,988168517.2
2024-05-06,9098.8,9098.85,8800.0,8999.9,9019.95,9026.4,9449.0,3453.35,96286,865226491.85
2024-05-07,8950.0,9026.4,8600.0,9026.4,8664.0,8650.75,9449.0,3453.35,112997,993620191.95
2024-05-08,8650.75,8732.6,8520.0,8650.75,8701.0,8683.9,9449.0,3453.35,87692,756585432.1
2024-05-09,8683.9,8912.6,8651.0,8683.9,8719.5,8712.85,9449.0,3453.35,159916,1398815987.1
2024-05-10,8833.0,8900.0,8589.55,8712.85,8840.0,8862.4,9449.0,3453.35,69609,608460991.6
2024-05-13,8899.9,8920.0,8638.0,8862.4,8640.0,8675.55,9449.0,3453.35,74460,649641485.7
2024-05-14,8679.0,8775.55,8531.6,8675.55,8595.0,8597.7,9449.0,3453.35,89280,767579559.5
2024-05-15,8599.9,8635.7,8301.0,8597.7,8350.0,8355.4,9449.0,3453.35,244363,2060393580.75
2024-05-16,8445.8,8450.0,8205.0,8355.4,8352.0,8299.75,9449.0,3453.35,243044,2017462366.1
2024-05-17,8368.1,9098.95,8362.0,8299.75,8900.0,8983.45,9449.0,3453.35,479075,4263591392.15
2024-05-18,8999.0,9050.0,8950.0,8983.45,8950.0,8976.8,9449.0,3453.35,7150,64334190.9
2024-05-21,8970.0,9499.0,8875.8,8976.8,9440.0,9447.3,9499.0,3453.35,320496,2992580291.6
2024-05-22,9520.05,10055.45,9520.05,9447.3,9996.0,9945.9,10055.45,3453.35,441083,4328814567.9
2024-05-23,10050.0,10250.0,9940.0,9945.9,10109.0,10114.45,10250.0,3453.35,277369,2785946253.3
2024-05-24,10150.0,10450.0,9934.35,10114.45,9980.0,10007.3,10450.0,3453.35,319376,3267502488.3
2024-05-27,10071.9,10100.8,9652.55,10007.3,9689.75,9686.85,10450.0,3453.35,244541,2404879024.15
2024-05-28,9760.0,9760.9,9347.6,9686.85,9362.0,9393.75,10450.0,3453.35,228167,2175659804.6
2024-05-29,9419.8,9498.95,9170.0,9393.75,9220.0,9239.85,10450.0,3453.35,214104,1989117731.0
2024-05-30,9278.0,9655.0,9106.5,9239.85,9224.0,9173.75,10450.0,3453.35,454441,4233491150.35
2024-05-31,9488.0,9800.0,9224.15,9173.75,9745.25,9370.5,10450.0,3453.35,3479937,32586901691.15
2024-06-03,9818.9,10110.0,9617.95,9370.5,9936.0,9860.3,10450.0,3453.35,324563,3215206798.45
2024-06-04,10000.0,10000.0,7888.25,9860.3,8695.0,8705.6,10450.0,3453.35,363871,3306297905.2
2024-06-05,8917.75,9082.7,8457.55,8705.6,8910.15,8962.8,10450.0,3453.35,217466,1902657358.1
2024-06-06,8940.0,9200.0,8870.2,8962.8,9150.0,9131.7,10450.0,3453.35,241713,2196621763.3
2024-06-07,9199.85,9350.0,9134.0,9131.7,9281.0,9295.0,10450.0,3453.35,92975,861670253.95
2024-06-10,9388.9,9460.0,9282.05,9295.0,9350.0,9331.3,10450.0,3453.35,57838,540203692.5
2024-06-11,9399.85,9695.0,9350.1,9331.3,9540.0,9530.05,10450.0,3453.35,110610,1057068342.7
2024-06-12,9603.0,9603.0,9250.0,9530.05,9400.0,9399.7,10450.0,3453.35,94537,887792396.15
2024-06-13,9479.9,9839.95,9479.85,9399.7,9800.0,9739.35,10450.0,3453.35,123463,1188657118.25
2024-06-14,9867.95,9972.0,9701.0,9739.35,9875.0,9898.15,10450.0,3453.35,108116,1067370139.0
2024-06-18,10225.0,10225.0,9980.0,9898.15,10050.0,10053.0,10450.0,3453.35,153806,1550815567.1
2024-06-19,10100.0,10209.35,9750.05,10053.0,9868.75,9867.95,10450.0,3453.35,102267,1010067576.2
2024-06-20,9929.0,9929.0,9733.0,9867.95,9850.15,9795.7,10450.0,3453.35,71977,704562852.45
2024-06-21,9820.0,10126.9,9732.55,9795.7,9960.0,10036.95,10450.0,3453.35,118876,1182547124.45
2024-06-24,9990.05,10088.7,9838.5,10036.95,9970.55,10001.2,10450.0,3453.35,73933,736682846.15
2024-06-25,9975.0,10187.0,9899.95,10001.2,9921.0,9993.25,10450.0,3453.35,73289,734718433.3
2024-06-26,9990.05,10009.95,9840.0,9993.25,9905.0,9908.8,10450.0,3453.35,56554,559997091.65
2024-06-27,9908.0,9993.55,9810.0,9908.8,9855.0,9832.65,10450.0,3453.35,69297,685260872.25
2024-06-28,9896.0,10119.4,9801.0,9832.65,9962.1,10020.8,10450.0,3453.35,189308,1883794690.5
2024-07-01,10074.05,10148.85,9925.0,10020.8,10130.0,10098.6,10450.0,3453.35,115824,1162770511.05
2024-07-02,10220.0,11190.0,10201.2,10098.6,10930.0,11019.1,11190.0,3453.35,720096,7828940710.0
2024-07-03,11153.0,12539.25,10725.0,11019.1,11998.0,11476.1,12539.25,3453.35,427607,4761020791.65
2024-07-04,12000.0,12379.95,11720.0,11476.1,12075.0,12170.25,12539.25,3453.35,248372,2965855491.55
2024-07-05,12400.0,12460.9,11835.5,12170.25,12120.85,12160.65,12539.25,3453.35,145570,1774536938.05
2024-07-08,12238.75,12300.0,11950.05,12160.65,12241.0,12217.65,12539.25,3453.35,89757,1089260481.15
2024-07-09,12260.1,12340.0,11901.05,12217.65,12075.0,12055.8,12539.25,3453.35,68974,835942072.15
2024-07-10,12096.0,12666.0,11800.0,12055.8,12490.0,12362.15,12666.0,3453.35,78031,948039486.55
2024-07-11,12605.0,13298.0,12108.2,12362.15,12243.0,12252.35,13298.0,3453.35,238453,3002498036.65
2024-07-12,12369.0,12517.2,11870.0,12252.35,11989.0,11996.6,13298.0,3453.35,138528,1669993349.15
2024-07-15,12133.75,12249.9,11703.0,11996.6,12110.0,12013.1,13298.0,3655.15,62556,743791295.05
2024-07-16,12156.65,12179.85,11714.1,12013.1,11740.0,11780.95,13298.0,3655.15,80305,949354096.15
2024-07-18,11750.0,11915.25,11130.05,11780.95,11451.0,11305.75,13298.0,3655.15,118522,1360187859.9
2024-07-19,11305.75,11410.2,10718.65,11305.75,11000.0,10869.25,13298.0,3655.15,90784,993408586.2
2024-07-22,10822.35,11140.0,10616.0,10869.25,10850.0,10911.4,13298.0,3707.05,80249,873215101.0
2024-07-23,11047.8,11175.0,10450.0,10911.4,10749.85,10721.95,13298.0,3707.05,70596,759279536.45
2024-07-24,10749.55,10897.45,10460.0,10721.95,10600.0,10563.85,13298.0,3707.05,70257,745806713.2
2024-07-25,10500.0,10566.25,9981.05,10563.85,10370.0,10194.65,13298.0,3707.05,118953,1215497903.55
2024-07-26,10200.05,11449.0,10200.05,10194.65,10825.0,10966.8,13298.0,3707.05,205308,2237464010.75
2024-07-29,11188.35,11298.3,10690.0,10966.8,10897.0,10885.05,13298.0,3758.05,160843,1750956502.2
2024-07-30,10929.0,10999.95,10754.85,10885.05,10816.0,10865.8,13298.0,3758.05,56154,612673118.2
2024-07-31,10876.0,10897.0,10649.6,10865.8,10780.0,10783.4,13298.0,3758.05,120606,1300812478.5
2024-08-01,10849.0,10850.0,10659.9,10783.4,10700.0,10719.95,13298.0,3758.05,28417,304706965.7
2024-08-02,10601.25,10919.95,10601.25,10719.95,10605.05,10636.35,13298.0,3758.05,55081,587903864.4
2024-08-05,10350.0,10435.0,10100.35,10636.35,10336.0,10324.85,13298.0,3852.05,82274,849172594.05
2024-08-06,10400.0,10850.0,10110.15,10324.85,10160.0,10185.0,13298.0,3852.05,113696,1190586340.2
2024-08-07,10600.0,10608.05,10138.45,10185.0,10222.0,10218.75,13298.0,3852.05,97568,999995024.5
2024-08-08,10218.75,10360.0,10080.05,10218.75,10278.0,10278.95,13298.0,3852.05,101780,1043790582.85
2024-08-09,10327.0,10444.0,10278.05,10278.95,10301.0,10333.6,13298.0,3852.05,29541,305324531.05
2024-08-12,10250.05,10289.7,10118.15,10333.6,10190.0,10185.0,13298.0,4052.55,40147,409582925.2
2024-08-13,10330.0,10343.95,10000.0,10185.0,10099.95,10063.9,13298.0,4052.55,29943,302581608.95
2024-08-14,10101.0,10195.0,9967.55,10063.9,10150.0,10162.55,13298.0,4052.55,82543,833941776.65
2024-08-16,10243.9,10510.0,10150.0,10162.55,10490.0,10497.45,13298.0,4052.55,47832,498182319.3
2024-08-19,10580.0,10592.75,10300.0,10497.45,10300.0,10387.25,13298.0,4285.0,31244,325228200.35
2024-08-20,10387.25,10515.65,10251.0,10387.25,10450.35,10465.1,13298.0,4285.0,25902,269065587.85
2024-08-21,10499.95,10499.95,10200.0,10465.1,10204.0,10254.55,13298.0,4285.0,27442,282130183.4
2024-08-22,10330.0,10499.95,10254.05,10254.55,10475.0,10395.5,13298.0,4285.0,31174,322512817.7
2024-08-23,10493.5,10696.0,10401.0,10395.5,10696.0,10622.8,13298.0,4285.0,57001,603156870.2
2024-08-26,10685.0,10739.95,10500.0,10622.8,10500.0,10522.5,13298.0,4378.05,36537,384981035.4
2024-08-27,10510.05,10739.0,10400.0,10522.5,10430.0,10454.55,13298.0,4378.05,74214,780784132.0
2024-08-28,10480.0,10588.0,10303.75,10454.55,10311.05,10398.05,13298.0,4378.05,32638,339200043.2
2024-08-29,10398.0,10548.85,10155.0,10398.05,10430.0,10407.65,13298.0,4378.05,67802,697736335.1
2024-08-30,10490.0,10935.0,10407.65,10407.65,10688.0,10729.0,13298.0,4378.05,161562,1738798411.65
2024-09-02,10729.0,11130.9,10627.5,10729.0,11088.0,11068.05,13298.0,4378.05,68919,750656386.0
2024-09-03,11175.0,11201.05,10800.0,11068.05,10809.0,10876.85,13298.0,4378.05,39011,428424410.6
2024-09-04,10765.55,11091.2,10713.6,10876.85,11077.7,11040.45,13298.0,4378.05,32362,354144043.05
2024-09-05,11040.45,11164.35,10801.0,11040.45,10805.0,10880.35,13298.0,4378.05,40228,441140889.65
2024-09-06,10879.95,11195.0,10806.45,10880.35,10900.15,11032.85,13298.0,4378.05,69775,769667732.65
2024-09-09,11000.0,11044.0,10806.85,11032.85,10900.0,10881.5,13298.0,4378.05,55312,601072135.75
2024-09-10,10908.8,11100.0,10750.0,10881.5,10789.9,10815.2,13298.0,4378.05,50267,548549816.55
2024-09-11,10828.0,11151.0,10763.55,10815.2,11135.0,11005.35,13298.0,4378.05,71231,782690422.9
2024-09-12,11055.05,11298.85,10910.0,11005.35,10911.0,11114.2,13298.0,4378.05,54649,608064611.1
2024-09-13,11090.0,11250.0,11025.0,11114.2,11100.0,11106.1,13298.0,4378.05,64456,719226074.4
2024-09-16,11194.95,11195.4,10679.0,11106.1,10785.0,10767.3,13298.0,4540.0,40540,440225507.0
2024-09-17,10836.9,10914.95,10717.1,10767.3,10790.0,10792.35,13298.0,4540.0,46589,503116668.6
2024-09-18,10879.95,10879.95,10510.6,10792.35,10667.15,10741.25,13298.0,4540.0,26661,284936435.5
2024-09-19,10605.0,10950.0,10605.0,10741.25,10929.0,10865.5,13298.0,4540.0,32680,351643579.4
2024-09-20,10883.4,11299.7,10849.8,10865.5,11060.0,11090.8,13298.0,4540.0,72953,805924592.1
2024-09-23,11092.1,11160.0,10900.0,11090.8,11042.0,11022.5,13298.0,4540.0,31385,344708566.0
2024-09-24,11019.85,11555.0,11001.0,11022.5,11460.0,11407.65,13298.0,4540.0,76217,862283400.85
2024-09-25,11454.0,11724.4,11454.0,11407.65,11544.0,11641.9,13298.0,4540.0,56254,652976203.45
2024-09-26,11698.8,11799.35,11352.5,11641.9,11760.0,11762.65,13298.0,4540.0,48681,566606899.15
2024-09-27,11761.45,12124.05,10974.1,11762.65,11950.0,11735.85,13298.0,4540.0,178172,2088438246.2
2024-09-30,11735.85,11830.5,11400.0,11735.85,11469.5,11529.85,13298.0,4780.05,66311,765862194.4
2024-10-01,11528.0,11680.0,11361.15,11529.85,11507.1,11537.75,13298.0,4780.05,23753,272437497.35
2024-10-03,11305.7,11435.0,11250.0,11537.75,11299.0,11382.65,13298.0,4780.05,30260,343489518.6
2024-10-04,11301.0,11342.55,10905.0,11382.65,10920.0,10949.9,13298.0,4780.05,38505,425673383.7
2024-10-07,10865.0,10949.95,10349.05,10949.9,10765.0,10765.55,13298.0,4995.85,63727,677145313.45
2024-10-08,10501.0,11444.0,10501.0,10765.55,11380.0,11273.4,13298.0,4995.85,57538,634126979.9
2024-10-09,11352.2,11394.75,11147.75,11273.4,11234.0,11237.85,13298.0,4995.85,41842,471728707.0
2024-10-10,11411.0,11418.7,11222.0,11237.85,11280.0,11297.25,13298.0,4995.85,37444,422920468.9
2024-10-11,11306.0,11392.25,11208.0,11297.25,11300.0,11318.45,13298.0,4995.85,35271,398427394.85
2024-10-14,11318.0,11340.95,11150.0,11318.45,11260.0,11298.1,13298.0,4995.85,25901,291237278.9
2024-10-15,11235.05,11537.4,11126.7,11298.1,11340.0,11386.45,13298.0,4995.85,57277,648235471.15
2024-10-16,11443.15,11570.0,11280.9,11386.45,11511.65,11522.4,13298.0,4995.85,44067,504696610.9
2024-10-17,11420.0,11570.0,11025.05,11522.4,11139.95,11173.95,13298.0,4995.85,36451,410465252.1
2024-10-18,11175.0,11455.1,10862.25,11173.95,11372.05,11421.8,13298.0,4995.85,44420,500265206.05
2024-10-21,11421.8,11624.8,11177.15,11421.8,11200.9,11264.9,13298.0,4995.85,48933,560073656.35
2024-10-22,11333.95,11333.95,10610.0,11264.9,10738.65,10803.8,13298.0,4995.85,45244,495167946.5
2024-10-23,10779.95,10969.95,10530.0,10803.8,10821.0,10864.45,13298.0,4995.85,45353,489878288.95
2024-10-24,10840.0,11000.0,10370.7,10864.45,10650.0,10425.5,13298.0,4995.85,43924,464448592.35
2024-10-25,10508.4,10525.0,10185.3,10425.5,10415.0,10464.85,13298.0,4995.85,55998,578931871.8
2024-10-28,10500.0,10555.05,10210.0,10464.85,10250.1,10294.4,13298.0,5214.05,46883,485611241.15
2024-10-29,10254.45,10400.0,10061.6,10294.4,10289.0,10337.85,13298.0,5214.05,38926,398076603.25
2024-10-30,10300.0,10665.45,10215.7,10337.85,10482.25,10545.55,13298.0,5214.05,40029,421178876.0
2024-10-31,10520.0,10520.0,10172.15,10545.55,10185.0,10230.0,13298.0,5214.05,66012,676779890.15
2024-11-01,10400.0,10533.6,10255.05,10230.0,10300.0,10398.75,13298.0,5214.05,8819,92036292.1
2024-11-04,10370.05,10370.05,9830.0,10398.75,9895.0,9887.65,13298.0,5550.55,105712,1058376319.3
2024-11-05,9886.1,10105.95,9680.0,9887.65,10000.0,10017.5,13298.0,5550.55,118162,1159705401.6
2024-11-06,10150.45,10270.0,10052.5,10017.5,10224.0,10210.85,13298.0,5550.55,49794,506724247.45
2024-11-07,10269.0,10276.75,10105.5,10210.85,10246.0,10217.15,13298.0,5550.55,52367,535493053.8
2024-11-08,10235.0,10264.0,10121.0,10217.15,10125.0,10149.6,13298.0,5550.55,29611,301268810.8
2024-11-11,10205.35,10350.0,10075.4,10149.6,10209.0,10203.35,13298.0,5909.35,48098,491273855.6
2024-11-12,10286.05,10325.0,9951.0,10203.35,10005.75,10019.7,13298.0,5909.35,30955,313362212.65
2024-11-13,10050.0,10096.9,9630.55,10019.7,9785.0,9688.35,13298.0,5909.35,44513,436606079.6
2024-11-14,9735.0,10132.0,9735.0,9688.35,10020.0,10008.55,13298.0,5909.35,58802,587653447.05
2024-11-18,10008.55,10242.1,9659.05,10008.55,9700.0,9726.4,13298.0,5909.35,68157,675430883.95
2024-11-19,9800.0,10025.0,9720.65,9726.4,9830.0,9983.5,13298.0,5909.35,49414,488848082.45
2024-11-21,9974.0,10041.95,9799.0,9983.5,9958.05,9973.5,13298.0,5909.35,63353,628723769.0
2024-11-22,9973.5,10121.0,9924.15,9973.5,10000.0,10036.95,13298.0,5909.35,38815,389107158.15
2024-11-25,10105.7,10407.7,9901.0,10036.95,10060.0,9961.95,13298.0,5909.35,144161,1453547141.65
2024-11-26,10060.1,10285.0,10047.75,9961.95,10250.0,10233.3,13298.0,5909.35,51239,522906488.8
2024-11-27,10250.95,10355.0,10186.0,10233.3,10305.0,10291.7,13298.0,5909.35,28376,291174235.5
2024-11-28,10307.0,10960.0,10261.05,10291.7,10900.05,10893.35,13298.0,5909.35,176967,1907965304.6
2024-11-29,10950.0,11142.95,10628.15,10893.35,10655.0,10681.2,13298.0,5909.35,109191,1179677171.8
2024-12-02,10681.2,10887.7,10511.6,10681.2,10558.0,10540.65,13298.0,5909.35,59868,637679384.25
2024-12-03,11500.95,11597.0,10314.65,10540.65,10480.0,10479.55,13298.0,5909.35,576972,6285733397.65
2024-12-04,10740.0,10740.0,10428.0,10479.55,10650.0,10673.35,13298.0,5909.35,130932,1385636186.55
2024-12-05,10645.1,10860.0,10527.85,10673.35,10811.0,10826.5,13298.0,5909.35,82301,882001440.45
2024-12-06,10855.0,10865.1,10710.0,10826.5,10808.0,10808.3,13298.0,5909.35,47593,513500393.05
2024-12-09,10800.0,11076.05,10730.05,10808.3,10958.7,10962.9,13298.0,6150.0,141022,1543276144.75
2024-12-10,10965.0,10990.0,10718.5,10962.9,10795.0,10792.95,13298.0,6150.0,56675,612709887.55
2024-12-11,10780.0,10909.0,10740.0,10792.95,10850.0,10863.95,13298.0,6150.0,38982,421855592.7
2024-12-12,10850.0,10865.0,10620.0,10863.95,10631.0,10668.75,13298.0,6150.0,40695,436246772.5
2024-12-13,10727.95,10727.95,10341.0,10668.75,10350.0,10396.7,13298.0,6150.0,78505,818466454.5
2024-12-16,10497.0,10550.0,10355.05,10396.7,10534.0,10531.75,13298.0,6150.0,30444,318200029.75
2024-12-17,10563.8,10635.8,10408.75,10531.75,10480.0,10557.7,13298.0,6150.0,58531,615107055.25
2024-12-18,10550.0,10550.0,10269.55,10557.7,10335.0,10322.65,13298.0,6150.0,37144,385352083.75
2024-12-19,10163.2,10290.05,10054.8,10322.65,10270.0,10235.3,13298.0,6150.0,34308,349992740.15
2024-12-20,10275.0,10320.0,9731.0,10235.3,9805.0,9787.6,13298.0,6150.0,63347,628993843.8
2024-12-23,9942.45,9942.9,9530.05,9787.6,9698.95,9685.75,13298.0,6275.0,71580,691427017.85
2024-12-24,9704.7,10226.0,9620.0,9685.75,10140.0,10178.95,13298.0,6275.0,139078,1402617729.05
2024-12-26,10091.0,10248.0,10065.8,10178.95,10200.0,10215.15,13298.0,6275.0,37665,382516045.2
2024-12-27,10215.15,10450.0,10100.0,10215.15,10170.0,10183.25,13298.0,6275.0,33851,345223454.65
2024-12-30,10204.0,10215.75,9410.05,10183.25,9618.0,9527.35,13298.0,6275.0,129804,1254367610.9
2024-12-31,9529.35,9841.05,9505.0,9527.35,9800.0,9783.3,13298.0,6275.0,83029,805878985.9
2025-01-01,9750.0,9939.45,9750.0,9783.3,9820.0,9864.25,13298.0,6275.0,25116,247477455.05
2025-01-02,9904.2,9908.9,9637.9,9864.25,9725.0,9698.95,13298.0,6275.0,60149,583808773.0
2025-01-03,9770.0,9847.75,9680.2,9698.95,9735.9,9744.2,13298.0,6275.0,45452,443757450.95
2025-01-06,9745.15,9754.2,9450.0,9744.2,9500.0,9479.45,13298.0,6275.0,66223,632043473.9
2025-01-07,9589.45,9810.05,9480.0,9479.45,9651.0,9690.1,13298.0,6275.0,145518,1400929560.95
2025-01-08,9777.8,9833.0,9510.0,9690.1,9625.0,9621.05,13298.0,6275.0,70794,684084237.95
2025-01-09,9688.6,9758.9,9525.95,9621.05,9601.0,9635.6,13298.0,6275.0,61746,597110633.1
2025-01-10,9639.95,9650.0,9415.05,9635.6,9569.2,9529.95,13298.0,6275.0,53076,505685345.5
2025-01-13,9480.0,9493.0,8855.35,9529.95,8941.0,8922.4,13298.0,6275.0,122899,1118776537.95
2025-01-14,8989.9,9291.8,8804.35,8922.4,9259.05,9203.3,13298.0,6275.0,131119,1186825814.65
2025-01-15,9279.9,9571.0,9231.7,9203.3,9539.0,9533.25,13298.0,6275.0,68886,653405974.35
2025-01-16,9700.0,9763.4,9506.15,9533.25,9600.0,9635.15,13298.0,6275.0,61156,589758375.65
2025-01-17,9645.0,9815.65,9540.0,9635.15,9730.0,9713.4,13298.0,6275.0,95797,932113765.25
2025-01-20,9790.0,9790.0,9652.65,9713.4,9749.0,9748.5,13298.0,6275.0,59302,577071988.9
2025-01-21,9750.0,9769.9,9512.0,9748.5,9564.75,9581.85,13298.0,6275.0,51492,496507921.4
2025-01-22,9604.0,9656.95,9080.0,9581.85,9320.0,9300.55,13298.0,6275.0,52019,482398894.15
2025-01-23,9260.5,9629.2,9242.7,9300.55,9594.9,9558.9,13298.0,6275.0,36406,346082358.75
2025-01-24,9600.1,9660.3,9340.4,9558.9,9500.0,9478.2,13298.0,6275.0,43743,416205188.0
2025-01-27,9399.85,9407.55,9011.9,9478.2,9350.0,9309.1,13298.0,6275.0,49257,453011747.05
2025-01-28,9330.05,9400.0,9101.0,9309.1,9260.05,9251.95,13298.0,6275.0,41577,383613683.65
2025-01-29,9255.0,9598.95,9255.0,9251.95,9588.95,9568.55,13298.0,6275.0,42442,403748366.95
2025-01-30,10003.0,10299.0,9782.7,9568.55,10101.9,10063.7,13298.0,6275.0,343024,3462621506.8
2025-01-31,10229.0,10280.0,10001.0,10063.7,10200.0,10194.65,13298.0,6275.0,315162,3204597840.85
2025-02-01,10249.55,10440.1,9864.65,10194.65,10058.0,10076.8,13298.0,6275.0,100758,1027117816.65
2025-02-03,10015.0,10015.0,9452.55,10076.8,9528.0,9510.3,13298.0,6416.0,76427,738570486.8
2025-02-04,9556.15,9835.0,9465.15,9510.3,9750.0,9749.75,13298.0,6416.0,64898,625744666.35
2025-02-05,9803.3,10084.95,9600.0,9749.75,9710.0,9653.75,13298.0,6416.0,320953,3169679091.55
2025-02-06,9800.0,9896.0,9025.0,9653.75,9116.0,9115.0,13298.0,6416.0,497276,4646380565.25
2025-02-07,9255.0,9355.0,8951.1,9115.0,9089.15,9085.8,13298.0,6416.0,243310,2212584683.7
2025-02-10,9140.0,9230.0,9059.85,9085.8,9160.0,9174.95,13298.0,6551.0,101065,926276144.0
2025-02-11,9150.0,9150.0,8770.0,9174.95,8812.95,8816.25,13298.0,6551.0,114459,1015432398.05
2025-02-12,8821.75,9050.0,8627.55,8816.25,8980.0,8956.8,13298.0,6551.0,103063,913617688.1
2025-02-13,8975.0,9090.0,8751.1,8956.8,8824.0,8807.2,13298.0,6551.0,95399,854346951.05
2025-02-14,8870.0,8934.9,8650.0,8807.2,8780.3,8862.4,13298.0,6551.0,79277,696591486.8
2025-02-17,8802.05,8822.35,8551.25,8862.4,8668.1,8619.35,13298.0,6551.0,89448,773169996.45
2025-02-18,8619.95,8664.75,8500.0,8619.35,8590.0,8609.2,13298.0,6551.0,44527,381930119.85
2025-02-19,8580.05,8829.95,8513.1,8609.2,8800.0,8783.7,13298.0,6551.0,86726,760533939.25
2025-02-20,8723.5,8962.0,8700.0,8783.7,8890.0,8935.65,13298.0,6551.0,74941,665250931.8
2025-02-21,8860.0,8994.0,8751.0,8935.65,8809.4,8850.5,13298.0,6551.0,70395,623023714.3
2025-02-24,8800.0,8904.9,8709.6,8850.5,8881.8,8865.95,13298.0,6701.0,48361,427305754.35
2025-02-25,8865.0,8918.05,8800.0,8865.95,8840.0,8870.1,13298.0,6701.0,76811,680664377.6
2025-02-27,8853.1,8866.0,8662.0,8870.1,8715.0,8723.5,13298.0,6701.0,90581,790870840.85
2025-02-28,8560.9,8777.0,8482.5,8723.5,8774.0,8710.6,13298.0,6701.0,157759,1362713321.35
2025-03-03,8841.3,9029.95,8649.9,8710.6,8989.95,8977.8,13298.0,6855.25,130495,1154776832.5
2025-03-04,8879.0,9140.0,8759.7,8977.8,9054.25,9038.4,13298.0,6855.25,138848,1252827303.0
2025-03-05,9053.0,9291.1,9053.0,9038.4,9232.0,9238.35,13298.0,6855.25,114123,1053277460.75
2025-03-06,9370.0,9410.0,9240.0,9238.35,9361.2,9386.85,13298.0,6855.25,110566,1031991964.5
2025-03-07,9329.95,9525.0,9315.55,9386.85,9485.0,9486.5,13298.0,6855.25,95337,898066651.6
2025-03-10,9480.1,10008.0,9445.05,9486.5,9850.0,9837.1,13298.0,7255.55,329667,3251221152.35
2025-03-11,9800.0,9864.9,9576.0,9837.1,9778.0,9765.3,13298.0,7255.55,116288,1130529314.75
2025-03-12,9800.0,9910.0,9615.0,9765.3,9757.9,9781.1,13298.0,7255.55,59512,582014782.1
2025-03-13,9859.35,10238.7,9781.1,9781.1,10065.0,10097.15,13298.0,7255.55,252649,2558237137.85
2025-03-17,10125.3,10199.7,10025.05,10097.15,10109.85,10088.65,13298.0,7888.25,65188,659413908.15
2025-03-18,10109.6,10165.1,9981.1,10088.65,10097.55,10085.65,13298.0,7888.25,82563,831751828.6
2025-03-19,10100.0,10330.0,10033.75,10085.65,10277.7,10310.8,13298.0,7888.25,144527,1473675523.95
2025-03-20,10325.0,10446.4,10221.15,10310.8,10365.3,10424.45,13298.0,7888.25,92377,956308323.8
2025-03-21,10489.0,10698.85,10372.0,10424.45,10649.0,10650.65,13298.0,7888.25,171161,1812080465.75
2025-03-24,10699.05,10920.0,10650.7,10650.65,10865.2,10870.3,13298.0,7888.25,89375,964394744.6
2025-03-25,11015.0,11015.0,10719.3,10870.3,10750.0,10772.7,13298.0,7888.25,69035,747091399.1
2025-03-26,10750.0,11067.0,10721.05,10772.7,10955.05,10981.4,13298.0,7888.25,105515,1157176895.85
2025-03-27,10955.05,11190.0,10851.0,10981.4,10993.0,10935.1,13298.0,7888.25,153789,1689698252.5
2025-03-28,10950.0,11285.0,10949.95,10935.1,11233.95,11244.0,13298.0,7888.25,116147,1298309114.65
2025-04-01,11330.6,11419.8,11090.35,11244.0,11095.0,11131.6,13298.0,7888.25,74995,845459750.5
2025-04-02,11131.6,11221.6,11050.1,11131.6,11200.0,11194.95,13298.0,7888.25,55759,621502531.3
2025-04-03,11190.05,11341.0,11177.0,11194.95,11299.95,11293.6,13298.0,7888.25,46220,521267927.2
2025-04-04,11215.05,11329.75,10913.2,11293.6,11000.0,10987.1,13298.0,7888.25,55500,613033445.4
2025-04-07,10283.0,10807.95,9888.4,10987.1,10800.0,10645.25,13298.0,7888.25,139771,1474839883.5
2025-04-08,10879.9,10999.0,10608.0,10645.25,10960.0,10930.75,13298.0,7888.25,79486,859802830.65
2025-04-09,10930.0,10991.75,10802.2,10930.75,10915.0,10873.55,13298.0,7888.25,38765,422036632.6
2025-04-11,11091.0,11411.0,11091.0,10873.55,11303.85,11317.05,13298.0,7888.25,91401,1032404808.65
2025-04-15,11517.0,11985.0,11469.0,11317.05,11948.0,11945.0,13298.0,7888.25,104614,1233083038.0
2025-04-16,12000.0,12175.0,11934.0,11945.0,12125.0,12128.0,13298.0,7888.25,91692,1107070298.0
2025-04-17,12128.0,12349.0,12051.0,12128.0,12240.0,12233.0,13298.0,7888.25,90971,1114099691.0
2025-04-21,12270.0,12522.0,12270.0,12233.0,12495.0,12475.0,13298.0,7888.25,60960,758807757.0
2025-04-22,12601.0,12898.0,12529.0,12475.0,12851.0,12834.0,13298.0,7888.25,86725,1106058092.0
2025-04-23,12973.0,13155.0,12888.0,12834.0,13088.0,13084.0,13298.0,7888.25,139212,1815415546.0
2025-04-24,13148.0,13287.0,12980.0,13084.0,13244.0,13247.0,13298.0,7888.25,92083,1208271171.0
2025-04-25,13254.0,13300.0,12641.0,13247.0,12714.0,12757.0,13300.0,7888.25,107402,1378766332.0
2025-04-28,12757.0,13174.0,12716.0,12757.0,13073.0,13123.0,13300.0,7888.25,108764,1416658226.0
2025-04-29,13190.0,13664.0,13150.0,13123.0,13496.0,13452.0,13664.0,7888.25,202435,2726470899.0
2025-04-30,13461.0,13548.0,13075.0,13452.0,13150.0,13172.0,13664.0,7888.25,94250,1251147655.0
2025-05-02,13150.0,13325.0,12977.0,13172.0,13057.0,13049.0,13664.0,7888.25,83854,1098792259.0
2025-05-05,13101.0,13224.0,12900.0,13049.0,13224.0,13191.0,13664.0,7888.25,56819,745196654.0
2025-05-06,13240.0,13627.0,13106.0,13191.0,13157.0,13188.0,13664.0,7888.25,115661,1541975243.0
2025-05-07,13100.0,13350.0,13001.0,13188.0,13282.0,13295.0,13664.0,7888.25,74022,981318451.0
2025-05-08,13395.0,13422.0,13090.0,13295.0,13105.0,13118.0,13664.0,7888.25,75039,993539740.0
2025-05-09,13013.0,13514.0,13000.0,13118.0,13500.0,13487.0,13664.0,7888.25,225129,3006345781.0
2025-05-12,13759.0,13761.0,13010.0,13487.0,13290.0,13289.0,13761.0,7888.25,216720,2875139351.0
2025-05-13,13301.0,13650.0,13290.0,13289.0,13595.0,13592.0,13761.0,7888.25,119398,1614391294.0
2025-05-14,13660.0,13844.0,13579.0,13592.0,13730.0,13724.0,13844.0,7888.25,150753,2070090352.0
2025-05-15,13900.0,13950.0,13631.0,13724.0,13891.0,13880.0,13950.0,7888.25,101999,1406728412.0
2025-05-16,13935.0,14339.0,13880.0,13880.0,14070.0,14025.0,14339.0,7888.25,220490,3118171448.0
2025-05-19,14292.0,14292.0,13675.0,14025.0,13700.0,13704.0,14339.0,7888.25,169360,2342080568.0
2025-05-20,13772.0,13850.0,13075.0,13704.0,13551.0,13489.0,14339.0,7888.25,216542,2938877458.0
2025-05-21,13499.0,14306.0,13266.0,13489.0,14198.0,14192.0,14339.0,7888.25,751167,10506996026.0
2025-05-22,14188.0,15071.0,14150.0,14192.0,15060.0,15008.0,15071.0,7888.25,592960,8724941984.0
2025-05-23,15040.0,15390.0,14862.0,15008.0,15300.0,15334.0,15390.0,7888.25,399001,6043113147.0
2025-05-26,15390.0,16050.0,15361.0,15334.0,15872.0,15885.0,16050.0,7888.25,380347,6019933409.0
2025-05-27,15872.0,16026.0,15660.0,15885.0,15874.0,15890.0,16050.0,7888.25,292981,4640855239.0
2025-05-28,15892.0,16205.0,15854.0,15890.0,16073.0,16113.0,16205.0,7888.25,329888,5304159025.0
2025-05-29,16199.0,16300.0,15941.0,16113.0,16300.0,16249.0,16300.0,7888.25,236598,3822270529.0
2025-05-30,16305.0,16305.0,15950.0,16249.0,16045.0,16104.0,16305.0,7888.25,275874,4437511361.0
2025-06-02,16151.0,16340.0,16057.0,16104.0,16300.0,16294.0,16340.0,7888.25,136870,2223064285.0
2025-06-03,16348.0,16816.0,16312.0,16294.0,16571.0,16619.0,16816.0,7888.25,224764,3736883937.0
2025-06-04,16700.0,16879.0,16569.0,16619.0,16849.0,16809.0,16879.0,7888.25,182148,3049332660.0
2025-06-05,16890.0,17049.0,16810.0,16809.0,16997.0,17023.0,17049.0,7888.25,118708,2012086297.0
2025-06-06,17073.0,17129.0,16400.0,17023.0,16525.0,16523.0,17129.0,7888.25,202272,3367919135.0
2025-06-09,16599.0,17025.0,16546.0,16523.0,16821.0,16827.0,17129.0,8482.5,155779,2621407325.0
2025-06-10,16899.0,16999.0,16725.0,16827.0,16888.0,16907.0,17129.0,8482.5,137287,2316872040.0
2025-06-11,16949.0,17035.0,16470.0,16907.0,16600.0,16587.0,17129.0,8482.5,144415,2413171069.0
2025-06-12,16650.0,16829.0,16533.0,16587.0,16655.0,16652.0,17129.0,8482.5,143997,2399137635.0
2025-06-13,16452.0,16921.0,16055.0,16652.0,16845.0,16850.0,17129.0,8482.5,146409,2456221842.0
