date,series,open,high,low,prev. close,ltp,close,vwap,52w h,52w l,volume,value,no of trades,symbol
2009-11-05,EQ,434.95,440.0,413.0,418.7,425.0,426.3,422.56,440.0,413.0,107,45213.85,0,AMRUTANJAN
2009-11-06,EQ,459.5,468.95,432.55,426.3,456.1,462.7,457.25,468.95,413.0,621,283950.15,0,AMRUTANJAN
2009-11-09,EQ,475.0,475.0,460.05,462.7,462.0,462.1,467.98,475.0,413.0,944,441772.1,0,AMRUTANJAN
2009-11-10,EQ,554.0,554.0,455.5,462.1,480.0,469.65,471.04,554.0,413.0,1781,838918.9,0,AMRUTANJAN
2009-11-11,EQ,469.0,479.0,449.0,469.65,455.05,454.4,463.04,554.0,413.0,1664,770505.6,0,AMRUTANJAN
2009-11-12,EQ,460.0,464.95,445.15,454.4,450.5,457.35,455.4,554.0,413.0,217,98821.75,0,AMRUTANJAN
2009-11-13,EQ,529.85,529.85,451.0,457.35,460.65,463.65,463.52,554.0,413.0,586,271620.3,0,AMRUTANJAN
2009-11-16,EQ,460.1,470.0,455.0,463.65,455.0,459.3,461.04,554.0,413.0,2206,1017053.55,0,AMRUTANJAN
2009-11-17,EQ,466.9,466.9,451.6,459.3,451.6,452.15,453.96,554.0,413.0,299,135733.1,0,AMRUTANJAN
2009-11-18,EQ,467.0,467.0,445.05,452.15,445.05,449.85,451.62,554.0,413.0,722,326067.45,0,AMRUTANJAN
2009-11-19,EQ,441.7,458.6,441.7,449.85,450.0,455.85,449.61,554.0,413.0,292,131285.9,0,AMRUTANJAN
2009-11-20,EQ,435.0,451.45,435.0,455.85,441.5,442.1,442.59,554.0,413.0,1135,502336.0,0,AMRUTANJAN
2009-11-23,EQ,442.0,448.35,440.1,442.1,448.0,443.35,443.17,554.0,413.0,244,108134.6,0,AMRUTANJAN
2009-11-24,EQ,438.5,447.5,438.5,443.35,445.0,445.0,446.86,554.0,413.0,164,73285.85,0,AMRUTANJAN
2009-11-25,EQ,440.0,460.0,440.0,445.0,445.0,445.0,443.75,554.0,413.0,285,126467.95,0,AMRUTANJAN
2009-11-26,EQ,425.1,450.0,425.1,445.0,444.0,444.0,436.58,554.0,413.0,32,13970.5,0,AMRUTANJAN
2009-11-27,EQ,443.0,446.0,424.0,444.0,425.0,428.0,433.33,554.0,413.0,864,374400.8,0,AMRUTANJAN
2009-11-30,EQ,422.6,510.0,422.1,428.0,445.0,448.0,459.07,554.0,413.0,2706,1242256.8,0,AMRUTANJAN
2009-12-01,EQ,445.0,454.25,432.2,448.0,440.0,441.55,441.94,554.0,413.0,603,266490.9,0,AMRUTANJAN
2009-12-02,EQ,435.75,447.0,435.75,441.55,438.7,438.1,441.01,554.0,413.0,1054,464822.95,0,AMRUTANJAN
2009-12-03,EQ,440.0,469.0,431.0,438.1,438.25,436.55,441.11,554.0,413.0,936,412881.9,0,AMRUTANJAN
2009-12-04,EQ,460.0,460.0,432.05,436.55,432.5,435.1,441.87,554.0,413.0,1967,869152.7,0,AMRUTANJAN
2009-12-07,EQ,440.0,447.0,438.0,435.1,438.5,439.85,441.48,554.0,413.0,1189,524925.55,0,AMRUTANJAN
2009-12-08,EQ,436.0,447.9,430.35,439.85,434.1,436.9,437.58,554.0,413.0,809,354002.7,0,AMRUTANJAN
2009-12-09,EQ,428.0,443.75,428.0,436.9,441.0,441.05,437.95,554.0,413.0,925,405103.55,0,AMRUTANJAN
2009-12-10,EQ,450.0,450.0,437.2,441.05,437.2,440.1,441.76,554.0,413.0,842,371961.15,0,AMRUTANJAN
2009-12-11,EQ,440.0,445.55,434.0,440.1,434.0,436.05,440.28,554.0,413.0,1454,640167.8,0,AMRUTANJAN
2009-12-14,EQ,448.0,448.0,429.0,436.05,429.0,431.8,438.39,554.0,413.0,668,292842.35,0,AMRUTANJAN
2009-12-15,EQ,432.15,444.55,432.05,431.8,438.55,438.85,436.71,554.0,413.0,542,236698.45,0,AMRUTANJAN
2009-12-16,EQ,436.25,447.0,436.25,438.85,445.0,440.9,441.54,554.0,413.0,397,175289.55,0,AMRUTANJAN
2009-12-17,EQ,450.0,454.8,441.5,440.9,447.05,447.05,449.04,554.0,413.0,838,376293.25,0,AMRUTANJAN
2009-12-18,EQ,440.0,456.6,440.0,447.05,449.5,447.35,449.28,554.0,413.0,370,166232.5,0,AMRUTANJAN
2009-12-21,EQ,475.0,475.0,446.5,447.35,450.0,446.55,449.84,554.0,413.0,346,155644.35,0,AMRUTANJAN
2009-12-22,EQ,475.2,475.2,444.65,446.55,453.0,451.3,450.97,554.0,413.0,199,89743.25,0,AMRUTANJAN
2009-12-23,EQ,453.0,495.0,453.0,451.3,462.05,463.75,479.51,554.0,413.0,24316,11659695.55,0,AMRUTANJAN
2009-12-24,EQ,473.95,473.95,455.1,463.75,455.1,462.3,464.12,554.0,413.0,1099,510068.75,0,AMRUTANJAN
2009-12-29,EQ,468.0,470.0,458.0,462.3,459.0,459.05,462.92,554.0,413.0,614,284230.1,0,AMRUTANJAN
2009-12-30,EQ,462.5,465.0,453.0,459.05,460.0,457.25,459.41,554.0,413.0,908,417142.6,0,AMRUTANJAN
2009-12-31,EQ,456.0,474.7,456.0,457.25,464.15,465.0,468.63,554.0,413.0,3527,1652866.05,0,AMRUTANJAN
2010-01-04,EQ,465.0,475.0,458.25,465.0,470.0,469.75,469.87,554.0,413.0,776,364621.8,0,AMRUTANJAN
2010-01-05,EQ,472.0,477.95,464.0,469.75,465.05,465.7,469.34,554.0,413.0,1587,744848.1,0,AMRUTANJAN
2010-01-06,EQ,466.3,473.7,450.0,465.7,455.0,457.05,459.13,554.0,413.0,2077,953611.0,0,AMRUTANJAN
2010-01-07,EQ,459.3,470.0,459.3,457.05,460.5,464.25,467.28,554.0,413.0,1294,604656.45,0,AMRUTANJAN
2010-01-08,EQ,470.0,470.0,461.05,464.25,461.2,463.1,466.15,554.0,413.0,2745,1279590.45,0,AMRUTANJAN
2010-01-11,EQ,459.0,488.0,436.0,463.1,478.05,480.4,481.52,554.0,413.0,9892,4763208.65,0,AMRUTANJAN
2010-01-12,EQ,495.0,499.0,473.55,480.4,482.0,479.8,481.77,554.0,413.0,1601,771311.2,0,AMRUTANJAN
2010-01-13,EQ,469.0,479.9,469.0,479.8,479.0,476.45,476.6,554.0,413.0,1840,876937.2,0,AMRUTANJAN
2010-01-14,EQ,483.5,557.0,476.0,476.45,522.15,527.25,533.28,557.0,413.0,71647,38207753.55,0,AMRUTANJAN
2010-01-15,EQ,451.3,535.0,451.3,527.25,512.0,517.4,525.61,557.0,413.0,4870,2559740.35,0,AMRUTANJAN
2010-01-18,EQ,510.0,529.0,510.0,517.4,520.0,520.2,521.08,557.0,413.0,2884,1502792.2,0,AMRUTANJAN
2010-01-19,EQ,525.0,580.1,515.0,520.2,570.1,571.2,561.76,580.1,413.0,33163,18629532.95,0,AMRUTANJAN
2010-01-20,EQ,582.0,608.85,565.0,571.2,578.9,580.95,587.49,608.85,413.0,53550,31460297.4,0,AMRUTANJAN
2010-01-21,EQ,585.0,593.0,533.3,580.95,546.0,546.15,568.59,608.85,413.0,7824,4448653.25,0,AMRUTANJAN
2010-01-22,EQ,520.0,547.0,515.0,546.15,519.95,520.65,525.4,608.85,413.0,11063,5812473.85,0,AMRUTANJAN
2010-01-25,EQ,520.0,577.0,514.0,520.65,562.2,565.2,551.23,608.85,413.0,21739,11983178.05,0,AMRUTANJAN
2010-01-27,EQ,559.4,586.0,525.1,565.2,530.0,530.15,547.81,608.85,413.0,10954,6000711.45,0,AMRUTANJAN
2010-01-28,EQ,533.0,547.55,522.1,530.15,542.0,534.7,537.66,608.85,413.0,3355,1803851.3,0,AMRUTANJAN
2010-01-29,EQ,516.5,554.95,506.0,534.7,534.0,532.85,530.8,608.85,413.0,5835,3097231.1,0,AMRUTANJAN
2010-02-01,EQ,528.0,559.5,528.0,532.85,542.0,545.35,550.04,608.85,413.0,5163,2839832.15,0,AMRUTANJAN
2010-02-02,EQ,550.0,584.0,536.25,545.35,543.0,542.75,567.39,608.85,413.0,20484,11622478.35,0,AMRUTANJAN
2010-02-03,EQ,558.5,569.5,540.1,542.75,550.0,547.95,555.98,608.85,413.0,7742,4304397.85,0,AMRUTANJAN
2010-02-04,EQ,557.9,557.95,532.15,547.95,540.0,536.35,550.46,608.85,413.0,5114,2815038.5,0,AMRUTANJAN
2010-02-05,EQ,528.0,533.0,515.0,536.35,516.05,517.8,521.46,608.85,413.0,3329,1735940.5,0,AMRUTANJAN
2010-02-06,EQ,517.1,530.0,517.1,517.8,528.15,526.75,526.56,608.85,413.0,344,181136.3,0,AMRUTANJAN
2010-02-08,EQ,528.7,535.0,515.25,526.75,522.0,519.9,523.94,608.85,413.0,2416,1265850.9,0,AMRUTANJAN
2010-02-09,EQ,515.5,527.9,515.5,519.9,523.0,521.4,522.68,608.85,413.0,779,407164.1,0,AMRUTANJAN
2010-02-10,EQ,526.0,530.0,517.6,521.4,518.0,518.55,522.83,608.85,413.0,2821,1474894.15,0,AMRUTANJAN
2010-02-11,EQ,520.0,529.5,513.55,518.55,520.0,517.75,520.88,608.85,413.0,1544,804241.05,0,AMRUTANJAN
2010-02-15,EQ,558.0,558.0,516.35,517.75,516.35,517.5,523.01,608.85,413.0,2186,1143304.8,0,AMRUTANJAN
2010-02-16,EQ,515.6,526.1,515.6,517.5,520.5,524.15,518.85,608.85,413.0,1771,918877.75,0,AMRUTANJAN
2010-02-17,EQ,527.0,548.0,519.1,524.15,526.9,525.15,534.25,608.85,413.0,8961,4787445.3,0,AMRUTANJAN
2010-02-18,EQ,520.0,541.0,511.0,525.15,537.95,534.35,534.58,608.85,413.0,8662,4630523.05,0,AMRUTANJAN
2010-02-19,EQ,538.0,564.0,532.0,534.35,547.0,547.75,547.75,608.85,413.0,7982,4372122.35,0,AMRUTANJAN
2010-02-22,EQ,550.25,557.0,537.1,547.75,544.95,542.65,549.26,608.85,413.0,8307,4562667.65,0,AMRUTANJAN
2010-02-23,EQ,547.0,565.0,546.0,542.65,560.0,562.2,556.84,608.85,413.0,10452,5820063.8,0,AMRUTANJAN
2010-02-24,EQ,559.0,566.9,553.0,562.2,562.95,560.15,560.92,608.85,413.0,7403,4152482.3,0,AMRUTANJAN
2010-02-25,EQ,557.5,564.95,555.0,560.15,560.8,559.1,559.75,608.85,413.0,3952,2212120.5,0,AMRUTANJAN
2010-02-26,EQ,556.0,572.0,556.0,559.1,565.0,565.2,565.93,608.85,413.0,5452,3085461.1,0,AMRUTANJAN
2010-03-02,EQ,566.5,578.9,566.5,565.2,578.0,575.6,575.93,608.85,413.0,4803,2766211.0,0,AMRUTANJAN
2010-03-03,EQ,575.0,584.85,560.0,575.6,584.85,583.0,581.02,608.85,413.0,1568,911038.45,0,AMRUTANJAN
2010-03-04,EQ,586.0,586.4,580.0,583.0,580.0,580.5,581.25,608.85,413.0,1555,903850.5,0,AMRUTANJAN
2010-03-05,EQ,592.85,696.6,581.0,580.5,696.6,696.6,665.04,696.6,413.0,82250,54699483.5,0,AMRUTANJAN
2010-03-08,EQ,749.7,808.0,693.95,696.6,696.0,704.25,727.78,808.0,413.0,88025,64063271.15,0,AMRUTANJAN
2010-03-09,EQ,714.9,799.9,686.0,704.25,748.0,755.3,764.72,808.0,413.0,187505,143389452.1,0,AMRUTANJAN
2010-03-10,EQ,751.0,803.7,736.0,755.3,777.0,776.6,775.28,808.0,413.0,129606,100480895.0,0,AMRUTANJAN
2010-03-11,EQ,766.0,789.0,762.0,776.6,767.8,768.1,774.45,808.0,413.0,44147,34189453.4,0,AMRUTANJAN
2010-03-12,EQ,799.9,799.9,740.1,768.1,743.0,744.4,760.17,808.0,413.0,22032,16747959.45,0,AMRUTANJAN
2010-03-15,EQ,769.5,769.5,728.0,744.4,728.0,733.05,747.15,808.0,413.0,22229,16608386.8,0,AMRUTANJAN
2010-03-16,EQ,735.0,751.0,727.3,733.05,727.3,734.2,739.45,808.0,413.0,14812,10952774.95,0,AMRUTANJAN
2010-03-17,EQ,728.0,767.0,705.5,734.2,733.0,735.1,741.13,808.0,413.0,36137,26782172.7,0,AMRUTANJAN
2010-03-18,EQ,744.5,766.0,730.1,735.1,748.0,745.95,748.2,808.0,413.0,23845,17840767.3,0,AMRUTANJAN
2010-03-19,EQ,736.0,845.0,736.0,745.95,808.05,808.25,812.73,845.0,413.0,410671,333765211.1,0,AMRUTANJAN
2010-03-22,EQ,810.0,826.95,781.55,808.25,789.0,788.45,809.43,845.0,413.0,57519,46557793.85,0,AMRUTANJAN
2010-03-23,EQ,788.45,825.0,788.45,788.45,796.0,800.05,812.04,845.0,413.0,36542,29673455.5,0,AMRUTANJAN
2010-03-25,EQ,800.0,817.95,792.0,800.05,799.0,796.0,804.99,845.0,413.0,14158,11397084.3,0,AMRUTANJAN
2010-03-26,EQ,798.0,810.95,779.0,796.0,780.65,785.8,795.18,845.0,413.0,32266,25657352.35,0,AMRUTANJAN
2010-03-29,EQ,799.9,905.0,781.5,785.8,848.0,848.2,868.9,905.0,413.0,398139,345942381.45,0,AMRUTANJAN
2010-03-30,EQ,854.9,989.0,848.1,848.2,951.55,949.3,910.54,989.0,413.0,489648,445845784.6,0,AMRUTANJAN
2010-03-31,EQ,950.0,1054.0,937.5,949.3,1029.0,1020.5,1008.03,1054.0,413.0,834070,840763568.1,0,AMRUTANJAN
2010-04-01,EQ,1030.1,1044.95,1001.0,1020.5,1021.35,1024.35,1027.27,1054.0,413.0,308538,316953066.1,0,AMRUTANJAN
2010-04-05,EQ,1025.1,1229.25,1025.1,1024.35,1229.25,1225.0,1134.07,1229.25,413.0,887705,1006723747.6,0,AMRUTANJAN
2010-04-06,EQ,1230.0,1340.0,1128.65,1225.0,1143.0,1138.65,1220.26,1340.0,413.0,1303897,1591092915.45,0,AMRUTANJAN
2010-04-07,EQ,1145.0,1208.95,1101.5,1138.65,1177.05,1178.35,1174.94,1340.0,413.0,491038,576940881.05,0,AMRUTANJAN
2010-04-08,EQ,1164.0,1243.7,1154.1,1178.35,1207.5,1204.8,1217.98,1340.0,413.0,439471,535269039.15,0,AMRUTANJAN
2010-04-09,EQ,1215.1,1235.4,1165.0,1204.8,1187.0,1181.75,1199.87,1340.0,413.0,221501,265771838.55,0,AMRUTANJAN
2010-04-12,EQ,1198.65,1198.65,1063.6,1181.75,1065.0,1072.7,1110.99,1340.0,413.0,249476,277164268.75,0,AMRUTANJAN
2010-04-13,EQ,1073.0,1073.0,965.45,1072.7,965.45,965.45,985.53,1340.0,413.0,309163,304688195.2,0,AMRUTANJAN
2010-04-15,EQ,970.0,970.0,868.9,965.45,868.9,868.9,889.3,1340.0,413.0,665211,591571588.05,0,AMRUTANJAN
2010-04-16,EQ,825.45,893.9,825.45,868.9,850.0,850.2,866.26,1340.0,413.0,576683,499555572.2,0,AMRUTANJAN
2010-04-19,EQ,840.1,879.3,832.35,850.2,854.7,853.55,860.72,1340.0,413.0,288592,248397787.45,0,AMRUTANJAN
2010-04-20,EQ,851.0,874.0,837.0,853.55,842.0,844.2,856.44,1340.0,413.0,151137,129440099.65,0,AMRUTANJAN
2010-04-21,EQ,850.0,862.75,841.6,844.2,843.0,844.55,851.24,1340.0,413.0,106423,90591018.4,0,AMRUTANJAN
2010-04-22,EQ,844.0,855.0,819.75,844.55,820.05,824.9,840.62,1340.0,413.0,68296,57411254.05,0,AMRUTANJAN
2010-04-23,EQ,830.0,832.3,784.5,824.9,787.0,790.5,806.4,1340.0,413.0,93294,75232362.45,0,AMRUTANJAN
2010-04-26,EQ,800.0,810.0,752.35,790.5,768.0,767.65,772.04,1340.0,413.0,132295,102137667.9,0,AMRUTANJAN
2010-04-27,EQ,762.1,806.05,754.0,767.65,806.05,806.05,789.98,1340.0,413.0,111799,88319102.45,0,AMRUTANJAN
2010-04-28,EQ,812.0,843.7,789.0,806.05,791.1,800.45,822.71,1340.0,413.0,199411,164057512.2,0,AMRUTANJAN
2010-04-29,EQ,810.0,820.0,792.1,800.45,801.0,801.7,804.44,1340.0,413.0,87839,70660921.35,0,AMRUTANJAN
2010-04-30,EQ,803.05,814.0,781.0,801.7,784.0,791.15,800.44,1340.0,413.0,42713,34189404.6,0,AMRUTANJAN
2010-05-03,EQ,791.0,795.0,771.0,791.15,773.45,776.0,781.46,1340.0,413.0,41896,32740114.25,0,AMRUTANJAN
2010-05-04,EQ,781.0,798.9,750.0,776.0,753.75,760.1,782.75,1340.0,413.0,54914,42983803.4,0,AMRUTANJAN
2010-05-05,EQ,741.0,757.5,729.0,760.1,737.0,739.25,739.59,1340.0,413.0,38880,28755308.8,0,AMRUTANJAN
2010-05-06,EQ,733.1,740.0,726.0,739.25,728.0,730.95,733.34,1340.0,413.0,27089,19865496.35,0,AMRUTANJAN
2010-05-07,EQ,720.05,720.05,662.05,730.95,682.25,689.5,698.93,1340.0,413.0,34620,24196848.2,0,AMRUTANJAN
2010-05-10,EQ,715.0,736.5,690.1,689.5,709.15,713.05,719.68,1340.0,413.0,67417,48518458.65,0,AMRUTANJAN
2010-05-11,EQ,711.0,755.05,706.7,713.05,738.0,742.2,734.94,1340.0,413.0,109479,80460412.95,0,AMRUTANJAN
2010-05-12,EQ,773.3,773.3,723.1,742.2,728.0,729.05,745.68,1340.0,413.0,63538,47378740.7,0,AMRUTANJAN
2010-05-13,EQ,739.0,747.3,720.1,729.05,723.75,723.7,733.18,1340.0,413.0,31885,23377465.55,0,AMRUTANJAN
2010-05-14,EQ,712.0,720.0,685.1,723.7,685.9,692.2,699.66,1340.0,413.0,29011,20297955.3,0,AMRUTANJAN
2010-05-17,EQ,679.95,691.5,663.0,692.2,672.2,676.45,678.66,1340.0,413.0,26328,17867676.95,0,AMRUTANJAN
2010-05-18,EQ,679.0,707.35,676.45,676.45,678.3,681.05,690.74,1340.0,413.0,35091,24238714.55,0,AMRUTANJAN
2010-05-19,EQ,670.0,685.0,643.0,681.05,646.75,647.8,666.54,1340.0,413.0,26090,17390153.3,0,AMRUTANJAN
2010-05-20,EQ,651.0,669.0,630.2,647.8,636.75,635.55,647.61,1340.0,413.0,20311,13153687.35,0,AMRUTANJAN
2010-05-21,EQ,620.0,632.0,601.1,635.55,614.5,612.65,617.93,1340.0,413.0,25817,15953154.5,0,AMRUTANJAN
2010-05-24,EQ,614.0,633.5,602.25,612.65,604.0,607.95,616.81,1340.0,413.0,13843,8538474.2,0,AMRUTANJAN
2010-05-25,EQ,595.0,624.9,591.3,607.95,599.0,601.55,608.58,1340.0,413.0,31824,19367377.3,0,AMRUTANJAN
2010-05-26,EQ,634.95,634.95,591.45,601.55,598.0,601.7,606.02,1340.0,413.0,23133,14019125.85,0,AMRUTANJAN
2010-05-27,EQ,595.0,632.5,592.5,601.7,618.25,617.85,619.34,1340.0,413.0,41416,25650442.6,0,AMRUTANJAN
2010-05-28,EQ,632.0,679.65,610.2,617.85,679.65,679.65,658.75,1340.0,413.0,81291,53550454.3,0,AMRUTANJAN
2010-05-31,EQ,710.05,747.65,692.6,679.65,747.65,747.65,726.59,1340.0,413.0,219212,159277243.8,0,AMRUTANJAN
2010-06-01,EQ,775.05,803.9,751.3,747.65,771.0,765.5,783.95,1340.0,413.0,390127,305841060.6,0,AMRUTANJAN
2010-06-02,EQ,777.0,803.8,735.15,765.5,803.8,794.2,774.14,1340.0,413.0,222716,172412981.2,0,AMRUTANJAN
2010-06-03,EQ,789.0,829.35,789.0,794.2,808.0,813.6,812.38,1340.0,413.0,238569,193807998.2,0,AMRUTANJAN
2010-06-04,EQ,819.4,830.0,793.0,813.6,813.0,810.55,817.45,1340.0,413.0,191009,156139474.1,0,AMRUTANJAN
2010-06-07,EQ,782.0,808.0,776.0,810.55,784.0,787.2,793.67,1340.0,413.0,53457,42427210.35,0,AMRUTANJAN
2010-06-08,EQ,795.2,818.8,774.0,787.2,779.95,779.15,801.97,1340.0,413.0,82313,66012269.8,0,AMRUTANJAN
2010-06-09,EQ,793.7,806.7,775.35,779.15,777.0,779.3,788.31,1340.0,413.0,60129,47400388.65,0,AMRUTANJAN
2010-06-10,EQ,792.7,797.85,770.25,779.3,773.2,776.2,784.41,1340.0,413.0,45437,35641100.35,0,AMRUTANJAN
2010-06-11,EQ,781.0,794.9,765.0,776.2,765.1,769.1,783.17,1340.0,413.0,38040,29791839.25,0,AMRUTANJAN
2010-06-14,EQ,773.0,782.85,756.0,769.1,765.9,761.9,767.82,1340.0,413.0,19628,15070685.9,0,AMRUTANJAN
2010-06-15,EQ,765.0,767.0,744.0,761.9,745.55,746.85,751.56,1340.0,413.0,27183,20429691.7,0,AMRUTANJAN
2010-06-16,EQ,756.0,783.9,747.05,746.85,759.3,762.8,771.69,1340.0,413.0,65089,50228678.45,0,AMRUTANJAN
2010-06-17,EQ,766.9,780.0,755.1,762.8,764.0,762.6,768.77,1340.0,413.0,24758,19033230.25,0,AMRUTANJAN
2010-06-18,EQ,770.5,782.0,755.0,762.6,755.0,757.5,771.81,1340.0,413.0,35564,27448780.7,0,AMRUTANJAN
2010-06-21,EQ,765.0,795.0,761.1,757.5,779.0,779.8,780.44,1340.0,413.0,68105,53151733.6,0,AMRUTANJAN
2010-06-22,EQ,781.0,792.0,770.0,779.8,774.0,773.05,781.54,1340.0,413.0,34557,27007750.9,0,AMRUTANJAN
2010-06-23,EQ,762.0,779.0,762.0,773.05,766.0,767.9,771.06,1340.0,413.0,12306,9488675.3,0,AMRUTANJAN
2010-06-24,EQ,771.0,804.85,771.0,767.9,782.0,781.5,791.61,1340.0,413.0,95480,75583236.2,0,AMRUTANJAN
2010-06-25,EQ,776.0,789.8,760.0,781.5,762.9,766.7,777.5,1340.0,413.0,16783,13048755.95,0,AMRUTANJAN
2010-06-28,EQ,768.0,776.85,762.3,766.7,764.55,764.65,768.78,1340.0,413.0,7111,5466788.75,0,AMRUTANJAN
2010-06-29,EQ,765.0,770.9,750.0,764.65,756.8,756.0,758.54,1340.0,413.0,10359,7857676.15,0,AMRUTANJAN
2010-06-30,EQ,755.0,765.0,747.5,756.0,748.5,749.8,753.5,1340.0,413.0,9372,7061805.4,0,AMRUTANJAN
2010-07-01,EQ,750.0,763.0,747.15,749.8,750.0,750.85,755.1,1340.0,413.0,9913,7485267.0,0,AMRUTANJAN
2010-07-02,EQ,758.0,782.85,753.0,750.85,758.95,762.15,771.39,1340.0,413.0,50095,38642781.25,0,AMRUTANJAN
2010-07-05,EQ,759.0,769.5,748.25,762.15,749.7,749.5,756.04,1340.0,413.0,7425,5613617.05,0,AMRUTANJAN
2010-07-06,EQ,748.0,775.0,748.0,749.5,768.1,767.2,765.85,1340.0,413.0,25227,19320204.8,0,AMRUTANJAN
2010-07-07,EQ,770.0,828.0,765.1,767.2,800.0,804.5,804.78,1340.0,413.0,133294,107272180.85,0,AMRUTANJAN
2010-07-08,EQ,804.3,828.5,797.3,804.5,804.0,800.55,812.07,1340.0,413.0,89033,72300781.2,0,AMRUTANJAN
2010-07-09,EQ,805.0,824.0,801.0,800.55,807.0,806.45,810.92,1340.0,413.0,36932,29949036.15,0,AMRUTANJAN
2010-07-12,EQ,820.0,865.6,812.6,806.45,851.05,854.65,847.06,1340.0,413.0,327442,277362044.15,0,AMRUTANJAN
2010-07-13,EQ,859.9,863.0,840.1,854.65,843.9,842.4,851.51,1340.0,413.0,81777,69634073.75,0,AMRUTANJAN
2010-07-14,EQ,860.0,871.9,840.0,842.4,847.9,845.1,860.28,1340.0,413.0,119180,102527821.45,0,AMRUTANJAN
2010-07-15,EQ,850.0,850.0,781.1,845.1,808.0,807.15,814.79,1340.0,413.0,84793,69088179.9,0,AMRUTANJAN
2010-07-16,EQ,818.8,818.8,801.1,807.15,813.65,811.1,811.79,1340.0,413.0,29009,23549202.65,0,AMRUTANJAN
2010-07-19,EQ,805.1,823.95,801.5,811.1,803.0,804.2,812.92,1340.0,413.0,23534,19131219.25,0,AMRUTANJAN
2010-07-20,EQ,805.0,817.1,740.0,804.2,780.25,786.75,803.41,1340.0,413.0,26917,21625326.45,0,AMRUTANJAN
2010-07-21,EQ,786.8,804.0,761.25,786.75,777.0,776.6,783.48,1340.0,413.0,15185,11897128.15,0,AMRUTANJAN
2010-07-22,EQ,775.25,795.8,771.2,776.6,783.0,780.7,784.63,1340.0,413.0,21250,16673339.85,0,AMRUTANJAN
2010-07-23,EQ,780.0,787.9,764.65,780.7,772.0,770.05,776.23,1340.0,413.0,15946,12377766.5,0,AMRUTANJAN
2010-07-26,EQ,765.0,783.9,762.0,770.05,770.0,767.75,772.34,1340.0,413.0,15227,11760427.15,0,AMRUTANJAN
2010-07-27,EQ,777.0,782.0,762.35,767.75,769.0,767.3,770.86,1340.0,413.0,10210,7870509.85,0,AMRUTANJAN
2010-07-28,EQ,770.0,774.0,755.2,767.3,757.2,759.7,766.02,1340.0,413.0,7699,5897591.4,0,AMRUTANJAN
2010-07-29,EQ,761.0,767.0,750.15,759.7,758.0,755.0,757.6,1340.0,413.0,6765,5125132.4,0,AMRUTANJAN
2010-07-30,EQ,755.0,758.0,745.0,755.0,746.0,746.35,751.35,1340.0,413.0,7120,5349598.85,0,AMRUTANJAN
2010-08-02,EQ,753.0,756.0,745.0,746.35,746.7,746.75,749.01,1340.0,413.0,9714,7275905.9,0,AMRUTANJAN
2010-08-03,EQ,745.0,784.0,741.0,746.75,765.5,765.6,765.13,1340.0,413.0,29977,22936329.05,0,AMRUTANJAN
2010-08-04,EQ,770.0,773.0,750.0,765.6,751.6,756.05,762.82,1340.0,413.0,10961,8361270.8,0,AMRUTANJAN
2010-08-05,EQ,760.0,765.0,733.0,756.05,745.0,739.15,745.0,1340.0,413.0,29547,22012581.65,0,AMRUTANJAN
2010-08-06,EQ,740.0,776.0,740.0,739.15,746.6,747.7,760.49,1340.0,413.0,69725,53025500.85,0,AMRUTANJAN
2010-08-09,EQ,754.0,764.9,738.0,747.7,748.0,746.65,748.55,1340.0,413.0,38358,28712704.9,0,AMRUTANJAN
2010-08-10,EQ,739.0,756.0,710.0,746.65,735.3,737.3,739.45,1340.0,413.0,26235,19399382.75,0,AMRUTANJAN
2010-08-11,EQ,737.0,759.95,734.0,737.3,741.1,740.65,747.19,1340.0,413.0,31507,23541754.25,0,AMRUTANJAN
2010-08-12,EQ,746.0,746.0,735.0,740.65,736.1,738.0,739.7,1340.0,413.0,8429,6234894.95,0,AMRUTANJAN
2010-08-13,EQ,739.9,744.8,730.0,738.0,730.4,732.15,735.62,1340.0,413.0,12763,9388777.1,0,AMRUTANJAN
2010-08-16,EQ,743.0,744.0,718.05,732.15,720.0,721.85,728.13,1340.0,413.0,7450,5424581.05,0,AMRUTANJAN
2010-08-17,EQ,721.5,743.1,717.5,721.85,721.25,721.9,732.66,1340.0,413.0,36754,26928003.25,0,AMRUTANJAN
2010-08-18,EQ,725.0,738.8,721.55,721.9,724.1,724.2,728.4,1340.0,413.0,11396,8300853.35,0,AMRUTANJAN
2010-08-19,EQ,722.0,745.0,722.0,724.2,730.55,732.55,737.84,1340.0,413.0,37227,27467565.6,0,AMRUTANJAN
2010-08-20,EQ,734.9,744.1,725.05,732.55,734.0,733.3,737.14,1340.0,413.0,21675,15977409.5,0,AMRUTANJAN
2010-08-23,EQ,735.0,740.0,725.0,733.3,725.05,727.65,732.77,1340.0,413.0,6113,4479409.65,0,AMRUTANJAN
2010-08-24,EQ,726.0,739.95,723.0,727.65,723.0,724.45,731.8,1340.0,413.0,19563,14316130.55,0,AMRUTANJAN
2010-08-25,EQ,726.4,727.9,705.2,724.45,708.0,710.45,716.29,1340.0,413.0,5972,4277659.0,0,AMRUTANJAN
2010-08-26,EQ,714.95,729.85,705.25,710.45,705.25,707.55,718.21,1340.0,413.0,17793,12779095.1,0,AMRUTANJAN
2010-08-27,EQ,710.0,722.75,696.5,707.55,697.0,701.25,709.65,1340.0,413.0,20606,14623020.45,0,AMRUTANJAN
2010-08-30,EQ,711.0,714.5,692.1,701.25,694.0,696.55,703.99,1340.0,413.0,16662,11729874.9,0,AMRUTANJAN
2010-08-31,EQ,700.0,702.9,682.05,696.55,685.0,684.8,690.87,1340.0,413.0,17534,12113758.4,0,AMRUTANJAN
2010-09-01,EQ,697.4,698.95,686.0,684.8,691.05,692.5,691.33,1340.0,413.0,7826,5410384.35,0,AMRUTANJAN
2010-09-02,EQ,700.0,706.5,691.0,692.5,696.0,693.9,698.29,1340.0,413.0,13025,9095201.85,0,AMRUTANJAN
2010-09-03,EQ,694.1,699.0,687.0,693.9,689.0,689.35,692.01,1340.0,413.0,7013,4853044.95,0,AMRUTANJAN
2010-09-06,EQ,689.35,714.85,689.35,689.35,701.95,701.7,703.18,1340.0,413.0,13790,9696892.05,0,AMRUTANJAN
2010-09-07,EQ,707.0,757.9,700.0,701.7,725.0,725.8,736.19,1340.0,413.0,73427,54056327.55,0,AMRUTANJAN
2010-09-08,EQ,724.0,749.9,712.35,725.8,738.0,735.75,737.99,1340.0,413.0,29474,21751483.1,0,AMRUTANJAN
2010-09-09,EQ,745.0,748.0,723.1,735.75,723.35,727.95,733.71,1340.0,413.0,10639,7805964.75,0,AMRUTANJAN
2010-09-13,EQ,730.0,744.8,730.0,727.95,732.0,736.4,737.11,1340.0,413.0,14386,10604051.65,0,AMRUTANJAN
2010-09-14,EQ,730.05,744.8,724.0,736.4,736.2,735.85,734.08,1340.0,413.0,17607,12925019.95,0,AMRUTANJAN
2010-09-15,EQ,735.0,747.9,726.1,735.85,743.0,740.7,739.63,1340.0,413.0,18914,13989371.5,0,AMRUTANJAN
2010-09-16,EQ,742.0,847.85,735.0,740.7,813.0,807.7,815.52,1340.0,413.0,705055,574985038.75,0,AMRUTANJAN
2010-09-17,EQ,815.0,862.85,815.0,807.7,836.0,838.25,845.22,1340.0,413.0,477313,403432875.7,0,AMRUTANJAN
2010-09-20,EQ,844.4,847.7,801.45,838.25,806.15,810.05,822.27,1340.0,413.0,65619,53956639.4,0,AMRUTANJAN
2010-09-21,EQ,812.0,814.4,779.5,810.05,791.95,788.15,791.57,1340.0,413.0,41549,32888885.1,0,AMRUTANJAN
2010-09-22,EQ,804.9,827.5,787.0,788.15,802.9,801.6,811.95,1340.0,413.0,77732,63114629.55,0,AMRUTANJAN
2010-09-23,EQ,809.95,817.9,793.0,801.6,795.0,797.45,804.95,1340.0,413.0,27538,22166730.5,0,AMRUTANJAN
2010-09-24,EQ,796.0,815.0,795.0,797.45,799.95,798.9,805.02,1340.0,413.0,26137,21040789.3,0,AMRUTANJAN
2010-09-27,EQ,814.4,814.4,780.0,798.9,781.0,784.0,792.47,1340.0,413.0,9097,7209100.5,0,AMRUTANJAN
2010-09-28,EQ,786.0,804.95,776.0,784.0,788.0,788.25,792.57,1340.0,413.0,17342,13744665.65,0,AMRUTANJAN
2010-09-29,EQ,792.0,794.0,771.1,788.25,772.3,776.15,779.58,1340.0,413.0,11072,8631518.95,0,AMRUTANJAN
2010-09-30,EQ,776.5,806.7,761.0,776.15,783.1,784.0,788.23,1340.0,413.0,27821,21929344.15,0,AMRUTANJAN
2010-10-01,EQ,788.0,797.8,780.0,784.0,785.0,784.7,787.46,1340.0,413.0,9928,7817875.1,0,AMRUTANJAN
2010-10-04,EQ,796.0,804.85,780.0,784.7,785.5,784.6,793.28,1340.0,413.0,15844,12568782.65,0,AMRUTANJAN
2010-10-05,EQ,779.0,794.0,779.0,784.6,787.95,784.75,785.9,1340.0,413.0,7663,6022358.75,0,AMRUTANJAN
2010-10-06,EQ,788.0,803.0,788.0,784.75,790.0,791.95,795.19,1340.0,413.0,11496,9141511.65,0,AMRUTANJAN
2010-10-07,EQ,793.0,798.8,778.0,791.95,780.1,782.55,785.97,1340.0,413.0,5699,4479256.75,0,AMRUTANJAN
2010-10-08,EQ,787.0,787.0,770.0,782.55,770.2,772.65,774.66,1340.0,413.0,5426,4203300.25,0,AMRUTANJAN
2010-10-11,EQ,773.0,785.0,762.0,772.65,762.0,767.0,770.73,1340.0,413.0,5829,4492599.25,0,AMRUTANJAN
2010-10-12,EQ,771.0,779.9,759.0,767.0,768.35,766.85,768.15,1340.0,413.0,6993,5371700.8,0,AMRUTANJAN
2010-10-13,EQ,767.0,823.4,767.0,766.85,791.0,793.1,801.57,1340.0,413.0,41515,33277233.65,0,AMRUTANJAN
2010-10-14,EQ,790.1,797.0,771.1,793.1,777.0,775.55,781.77,1340.0,413.0,6819,5330900.0,0,AMRUTANJAN
2010-10-15,EQ,779.0,785.0,765.0,775.55,765.2,767.35,774.96,1340.0,413.0,4565,3537697.3,0,AMRUTANJAN
2010-10-18,EQ,711.0,779.6,700.25,767.35,755.0,748.4,752.34,1340.0,413.0,6820,5130948.35,0,AMRUTANJAN
2010-10-19,EQ,750.0,770.0,740.0,748.4,744.0,744.5,750.99,1340.0,413.0,3978,2987422.95,0,AMRUTANJAN
2010-10-20,EQ,730.15,764.95,730.15,744.5,744.9,744.9,752.2,1340.0,413.0,5089,3827966.75,0,AMRUTANJAN
2010-10-21,EQ,750.0,756.0,741.6,744.9,750.0,747.3,749.34,1340.0,413.0,3732,2796519.4,0,AMRUTANJAN
2010-10-22,EQ,758.8,777.9,748.0,747.3,758.0,760.15,767.85,1340.0,413.0,12179,9351623.5,0,AMRUTANJAN
2010-10-25,EQ,762.0,771.95,750.3,760.15,757.15,758.2,762.49,1340.0,413.0,3806,2902029.95,0,AMRUTANJAN
2010-10-26,EQ,765.0,783.65,756.6,758.2,767.0,767.95,774.84,1340.0,413.0,12759,9886204.5,0,AMRUTANJAN
2010-10-27,EQ,773.0,773.0,740.0,767.95,754.0,750.25,754.51,1340.0,413.0,5666,4275079.45,0,AMRUTANJAN
2010-10-28,EQ,755.0,775.0,750.0,750.25,759.0,753.15,761.59,1340.0,413.0,7576,5769816.7,0,AMRUTANJAN
2010-10-29,EQ,753.0,753.15,735.0,753.15,740.0,739.65,744.55,1340.0,413.0,3768,2805453.45,0,AMRUTANJAN
2010-11-01,EQ,740.0,757.9,740.0,739.65,741.0,743.85,746.8,1340.0,413.0,2839,2120169.7,0,AMRUTANJAN
2010-11-02,EQ,743.0,823.4,742.05,743.85,770.0,770.9,791.63,1340.0,413.0,89200,70613613.3,0,AMRUTANJAN
2010-11-03,EQ,787.8,798.9,763.05,770.9,766.0,767.25,782.27,1340.0,413.0,17231,13479302.7,0,AMRUTANJAN
2010-11-04,EQ,774.5,780.0,765.1,767.25,765.1,767.25,772.26,1340.0,413.0,5302,4094544.7,0,AMRUTANJAN
2010-11-05,EQ,772.0,778.0,761.15,767.25,770.5,771.2,771.87,1340.0,413.0,1537,1186364.4,0,AMRUTANJAN
2010-11-08,EQ,771.0,771.0,749.9,771.2,762.75,763.3,763.31,1340.0,422.1,3157,2409763.95,0,AMRUTANJAN
2010-11-09,EQ,770.0,774.5,756.0,763.3,770.0,761.2,764.1,1340.0,422.1,2708,2069183.25,0,AMRUTANJAN
2010-11-10,EQ,766.65,780.0,755.0,761.2,755.0,759.5,767.29,1340.0,422.1,10896,8360439.85,0,AMRUTANJAN
2010-11-11,EQ,774.0,774.0,748.2,759.5,759.0,755.4,761.87,1340.0,422.1,3199,2437218.1,0,AMRUTANJAN
2010-11-12,EQ,764.0,764.0,745.0,755.4,746.05,746.1,749.12,1340.0,422.1,2301,1723721.7,0,AMRUTANJAN
2010-11-15,EQ,736.25,749.9,722.05,746.1,728.5,728.5,730.56,1340.0,422.1,4365,3188910.6,0,AMRUTANJAN
2010-11-16,EQ,726.0,738.95,696.0,728.5,701.05,704.2,709.24,1340.0,422.1,6046,4288044.75,0,AMRUTANJAN
2010-11-18,EQ,703.0,719.0,682.5,704.2,702.5,698.85,700.7,1340.0,422.1,4401,3083765.4,0,AMRUTANJAN
2010-11-19,EQ,698.85,706.0,654.1,698.85,694.05,693.95,694.09,1340.0,422.1,5662,3929958.35,0,AMRUTANJAN
2010-11-22,EQ,680.1,710.0,660.0,693.95,688.0,690.2,690.46,1340.0,422.1,3530,2437323.8,0,AMRUTANJAN
2010-11-23,EQ,688.0,697.4,680.0,690.2,694.0,689.25,689.21,1340.0,422.1,3932,2709967.75,0,AMRUTANJAN
2010-11-24,EQ,690.0,700.0,680.0,689.25,683.0,684.55,691.34,1340.0,422.1,3321,2295949.15,0,AMRUTANJAN
2010-11-25,EQ,682.7,687.0,675.0,684.55,677.0,678.0,680.34,1340.0,422.1,2935,1996807.55,0,AMRUTANJAN
2010-11-26,EQ,671.2,705.0,655.1,678.0,660.2,658.7,667.08,1340.0,422.1,6061,4043162.8,0,AMRUTANJAN
2010-11-29,EQ,664.7,676.95,636.1,658.7,642.0,641.05,649.08,1340.0,422.1,3354,2177014.05,0,AMRUTANJAN
2010-11-30,EQ,639.9,642.0,626.1,641.05,634.1,637.35,636.14,1340.0,422.1,3873,2463783.2,0,AMRUTANJAN
2010-12-01,EQ,638.0,664.0,634.2,637.35,638.0,638.9,643.17,1340.0,422.1,8839,5684968.7,0,AMRUTANJAN
2010-12-02,EQ,642.0,749.4,642.0,638.9,736.1,733.15,723.42,1340.0,422.1,304500,220281753.7,0,AMRUTANJAN
2010-12-03,EQ,740.0,743.0,676.0,733.15,681.7,682.6,712.66,1340.0,422.1,59073,42099165.3,0,AMRUTANJAN
2010-12-06,EQ,685.0,693.45,662.1,682.6,678.9,675.65,680.55,1340.0,428.0,11601,7895026.75,0,AMRUTANJAN
2010-12-07,EQ,680.0,681.0,650.0,675.65,653.5,653.05,663.14,1340.0,428.0,6309,4183755.85,0,AMRUTANJAN
2010-12-08,EQ,658.9,660.0,630.15,653.05,634.35,632.1,640.62,1340.0,428.0,6676,4276765.35,0,AMRUTANJAN
2010-12-09,EQ,640.0,641.85,599.0,632.1,599.0,603.8,617.14,1340.0,428.0,7570,4671722.1,0,AMRUTANJAN
2010-12-10,EQ,596.0,620.0,518.0,603.8,598.0,590.55,588.53,1340.0,428.0,12725,7488998.75,0,AMRUTANJAN
2010-12-13,EQ,586.1,708.7,573.0,590.55,708.7,708.7,686.67,1340.0,429.0,214328,147172788.25,0,AMRUTANJAN
2010-12-14,EQ,723.5,776.35,715.05,708.7,733.0,731.65,743.98,1340.0,429.0,249811,185853198.4,0,AMRUTANJAN
2010-12-15,EQ,729.45,738.95,683.0,731.65,699.0,698.7,702.33,1340.0,429.0,31308,21988649.9,0,AMRUTANJAN
2010-12-16,EQ,699.0,710.0,671.55,698.7,684.15,685.55,691.93,1340.0,429.0,33036,22858531.65,0,AMRUTANJAN
2010-12-20,EQ,682.0,715.0,675.05,685.55,677.0,682.3,694.07,1340.0,436.0,19335,13419936.35,0,AMRUTANJAN
2010-12-21,EQ,677.0,704.4,677.0,682.3,681.95,680.55,692.66,1340.0,436.0,18262,12649303.55,0,AMRUTANJAN
2010-12-22,EQ,686.1,693.0,670.25,680.55,672.5,675.2,678.58,1340.0,436.0,7874,5343164.75,0,AMRUTANJAN
2010-12-23,EQ,681.8,686.0,638.65,675.2,664.95,668.2,674.36,1340.0,436.0,13548,9136276.2,0,AMRUTANJAN
2010-12-24,EQ,668.05,687.0,665.0,668.2,670.1,671.1,676.18,1340.0,436.0,12909,8728810.05,0,AMRUTANJAN
2010-12-27,EQ,675.0,693.4,670.05,671.1,671.0,672.55,681.34,1340.0,436.0,11595,7900102.75,0,AMRUTANJAN
2010-12-28,EQ,677.0,684.9,670.0,672.55,672.0,674.4,677.15,1340.0,436.0,8066,5461892.0,0,AMRUTANJAN
2010-12-29,EQ,675.0,777.0,675.0,674.4,748.0,749.8,752.15,1340.0,436.0,495259,372508043.8,0,AMRUTANJAN
2010-12-30,EQ,754.0,756.9,715.15,749.8,716.6,719.15,732.22,1340.0,436.0,78168,57236324.95,0,AMRUTANJAN
2010-12-31,EQ,716.0,739.95,711.1,719.15,720.0,718.35,726.99,1340.0,436.0,32740,23801547.2,0,AMRUTANJAN
2011-01-03,EQ,720.0,734.95,714.0,718.35,714.0,716.8,721.57,1340.0,436.0,11898,8585187.0,0,AMRUTANJAN
2011-01-04,EQ,724.5,763.35,715.2,716.8,722.0,725.6,745.94,1340.0,436.0,81659,60912562.15,0,AMRUTANJAN
2011-01-05,EQ,726.0,745.0,715.35,725.6,719.95,719.5,731.58,1340.0,436.0,20617,15082982.0,0,AMRUTANJAN
2011-01-06,EQ,728.8,755.0,715.3,719.5,730.0,729.8,740.15,1340.0,436.0,97182,71929297.3,0,AMRUTANJAN
2011-01-07,EQ,729.8,737.75,695.5,729.8,697.75,701.15,714.16,1340.0,436.0,23143,16527798.25,0,AMRUTANJAN
2011-01-10,EQ,702.0,709.95,677.0,701.15,680.0,681.4,694.88,1340.0,436.0,22679,15759106.9,0,AMRUTANJAN
2011-01-11,EQ,682.0,696.5,661.0,681.4,666.5,666.05,675.75,1340.0,436.0,7733,5225555.4,0,AMRUTANJAN
2011-01-12,EQ,668.0,689.0,650.15,666.05,666.0,666.7,666.22,1340.0,436.0,9327,6213794.35,0,AMRUTANJAN
2011-01-13,EQ,672.0,694.0,660.5,666.7,670.0,669.15,678.64,1340.0,436.0,13023,8837976.6,0,AMRUTANJAN
2011-01-14,EQ,666.0,687.0,661.0,669.15,663.0,663.5,673.86,1340.0,436.0,12791,8619306.95,0,AMRUTANJAN
2011-01-17,EQ,665.0,694.0,660.0,663.5,665.5,667.25,680.02,1340.0,506.0,24931,16953678.6,0,AMRUTANJAN
2011-01-18,EQ,679.0,681.5,665.0,667.25,670.0,668.35,671.56,1340.0,506.0,6515,4375227.85,0,AMRUTANJAN
2011-01-19,EQ,679.85,689.0,667.8,668.35,672.0,673.6,681.56,1340.0,506.0,22603,15405383.45,0,AMRUTANJAN
2011-01-20,EQ,674.8,689.0,668.6,673.6,675.5,675.25,679.34,1340.0,506.0,14263,9689448.7,0,AMRUTANJAN
2011-01-21,EQ,672.0,684.5,667.0,675.25,670.0,669.6,673.84,1340.0,506.0,8257,5563937.6,0,AMRUTANJAN
2011-01-24,EQ,671.0,683.95,664.5,669.6,667.0,666.3,675.13,1340.0,506.0,16042,10830375.85,0,AMRUTANJAN
2011-01-25,EQ,672.9,685.0,662.05,666.3,664.8,665.7,673.86,1340.0,506.0,17839,12021011.4,0,AMRUTANJAN
2011-01-27,EQ,671.0,675.3,651.85,665.7,652.5,653.4,664.43,1340.0,506.0,5864,3896228.3,0,AMRUTANJAN
2011-01-28,EQ,654.0,658.95,612.1,653.4,618.05,619.45,631.2,1340.0,506.0,8882,5606348.65,0,AMRUTANJAN
2011-01-31,EQ,608.4,617.0,588.9,619.45,599.0,599.8,603.56,1340.0,511.0,19879,11998213.9,0,AMRUTANJAN
2011-02-01,EQ,602.0,609.85,582.75,599.8,583.75,586.65,597.61,1340.0,511.0,4804,2870908.85,0,AMRUTANJAN
2011-02-02,EQ,593.95,608.8,588.0,586.65,592.1,592.95,597.83,1340.0,511.0,10933,6536045.25,0,AMRUTANJAN
2011-02-03,EQ,594.1,604.8,590.25,592.95,603.0,601.75,599.92,1340.0,511.0,7695,4616396.0,0,AMRUTANJAN
2011-02-04,EQ,600.0,663.95,596.0,601.75,634.0,631.45,644.95,1340.0,511.0,97554,62917659.5,0,AMRUTANJAN
2011-02-07,EQ,638.4,649.8,611.3,631.45,625.4,627.75,634.14,1340.0,511.0,20545,13028346.5,0,AMRUTANJAN
2011-02-08,EQ,634.55,638.95,599.25,627.75,599.25,601.85,616.3,1340.0,511.0,10033,6183305.55,0,AMRUTANJAN
2011-02-09,EQ,598.95,601.0,570.0,601.85,577.0,574.0,586.32,1340.0,511.0,13862,8127598.8,0,AMRUTANJAN
2011-02-10,EQ,580.0,584.0,551.2,574.0,559.95,560.2,565.4,1340.0,511.0,6696,3785890.15,0,AMRUTANJAN
2011-02-11,EQ,560.0,589.8,560.0,560.2,580.0,580.7,576.96,1340.0,511.0,16040,9254433.2,0,AMRUTANJAN
2011-02-14,EQ,585.0,618.4,585.0,580.7,602.7,605.7,609.07,1340.0,511.0,41480,25264052.05,0,AMRUTANJAN
2011-02-15,EQ,605.5,617.8,604.0,605.7,607.9,606.8,609.44,1340.0,511.0,20377,12418467.15,0,AMRUTANJAN
2011-02-16,EQ,615.0,650.0,608.0,606.8,620.0,622.25,627.3,1340.0,511.0,30466,19111198.75,0,AMRUTANJAN
2011-02-17,EQ,625.0,644.95,619.0,622.25,627.75,626.5,633.54,1340.0,511.0,13779,8729576.3,0,AMRUTANJAN
2011-02-18,EQ,635.0,638.9,600.0,626.5,610.0,604.75,621.42,1340.0,511.0,9739,6052057.6,0,AMRUTANJAN
2011-02-21,EQ,604.4,613.9,586.0,604.75,599.0,597.65,601.1,1340.0,518.0,5935,3567547.3,0,AMRUTANJAN
2011-02-22,EQ,581.2,614.9,581.2,597.65,591.0,595.9,602.55,1340.0,518.0,15345,9246152.45,0,AMRUTANJAN
2011-02-23,EQ,590.0,607.95,579.2,595.9,582.0,582.05,591.39,1340.0,518.0,7175,4243218.7,0,AMRUTANJAN
2011-02-24,EQ,582.1,594.0,568.45,582.05,571.05,571.3,584.75,1340.0,518.0,34237,20020025.5,0,AMRUTANJAN
2011-02-25,EQ,580.0,585.0,563.2,571.3,573.0,570.15,571.85,1340.0,518.0,4938,2823782.9,0,AMRUTANJAN
2011-02-28,EQ,575.0,583.0,565.2,570.15,567.65,568.65,573.33,1340.0,518.0,6031,3457757.95,0,AMRUTANJAN
2011-03-01,EQ,575.0,585.0,572.6,568.65,584.0,579.85,578.08,1340.0,518.0,8700,5029261.5,0,AMRUTANJAN
2011-03-03,EQ,588.0,670.0,580.0,579.85,635.0,639.05,644.44,1340.0,518.0,276091,177923237.4,0,AMRUTANJAN
2011-03-04,EQ,625.0,716.9,625.0,639.05,680.0,687.15,694.28,1340.0,518.0,1255667,871781598.55,0,AMRUTANJAN
2011-03-07,EQ,685.65,685.65,647.35,687.15,659.0,659.55,664.45,1340.0,518.0,196041,130260403.8,0,AMRUTANJAN
2011-03-08,EQ,660.0,677.0,652.0,659.55,660.2,659.15,667.38,1340.0,518.0,57258,38213071.5,0,AMRUTANJAN
2011-03-09,EQ,665.0,708.9,660.15,659.15,670.0,670.75,689.66,1340.0,518.0,200347,138170899.4,0,AMRUTANJAN
2011-03-10,EQ,670.05,688.0,651.0,670.75,662.0,662.7,671.73,1340.0,518.0,47659,32013805.1,0,AMRUTANJAN
2011-03-11,EQ,651.1,675.0,642.0,662.7,649.5,647.9,658.77,1340.0,518.0,26010,17134654.75,0,AMRUTANJAN
2011-03-14,EQ,655.05,659.0,640.15,647.9,641.5,643.8,647.88,1340.0,518.0,16384,10614942.0,0,AMRUTANJAN
2011-03-15,EQ,635.1,643.8,601.65,643.8,617.15,618.25,621.86,1340.0,518.0,15096,9387672.65,0,AMRUTANJAN
2011-03-16,EQ,621.0,672.0,621.0,618.25,638.5,641.0,655.88,1340.0,518.0,99527,65277628.55,0,AMRUTANJAN
2011-03-17,EQ,611.55,662.9,611.55,641.0,643.0,642.05,650.4,1340.0,518.0,39821,25899603.4,0,AMRUTANJAN
2011-03-18,EQ,644.0,659.95,633.1,642.05,634.0,636.0,648.45,1340.0,518.0,31973,20732953.75,0,AMRUTANJAN
2011-03-21,EQ,636.0,648.9,625.2,636.0,626.6,629.7,639.25,1340.0,518.0,18602,11891307.2,0,AMRUTANJAN
2011-03-22,EQ,632.0,648.4,628.0,629.7,629.8,630.0,638.14,1340.0,518.0,19204,12254897.25,0,AMRUTANJAN
2011-03-23,EQ,637.9,644.7,626.05,630.0,627.5,629.4,635.06,1340.0,518.0,20981,13324123.1,0,AMRUTANJAN
2011-03-24,EQ,635.0,671.8,632.1,629.4,641.0,642.1,653.65,1340.0,518.0,114685,74963774.85,0,AMRUTANJAN
2011-03-25,EQ,645.65,653.0,635.95,642.1,637.0,638.05,644.95,1340.0,518.0,26437,17050664.45,0,AMRUTANJAN
2011-03-28,EQ,640.0,655.8,633.75,638.05,640.0,637.3,645.39,1340.0,518.0,32436,20933954.85,0,AMRUTANJAN
2011-03-29,EQ,642.9,646.6,633.45,637.3,635.0,635.0,638.92,1340.0,518.0,11726,7491923.6,0,AMRUTANJAN
2011-03-30,EQ,637.1,649.7,636.0,635.0,639.0,638.05,641.67,1340.0,518.0,15351,9850269.05,0,AMRUTANJAN
2011-03-31,EQ,642.0,645.0,615.0,638.05,619.9,618.6,628.77,1340.0,518.0,18857,11856774.8,0,AMRUTANJAN
2011-04-01,EQ,620.0,645.0,620.0,618.6,635.5,633.15,634.12,1340.0,518.0,28687,18191034.15,0,AMRUTANJAN
2011-04-04,EQ,638.0,658.5,636.0,633.15,641.5,641.0,647.21,1340.0,518.0,56671,36678097.3,0,AMRUTANJAN
2011-04-05,EQ,647.4,652.0,640.0,641.0,642.5,642.25,644.5,1340.0,518.0,13598,8763927.0,0,AMRUTANJAN
2011-04-06,EQ,645.0,672.0,643.0,642.25,654.0,653.5,658.47,1340.0,518.0,59218,38993395.4,0,AMRUTANJAN
2011-04-07,EQ,657.0,683.05,655.0,653.5,666.0,664.35,672.8,1340.0,518.0,100954,67921406.55,0,AMRUTANJAN
2011-04-08,EQ,671.9,684.4,656.5,664.35,660.0,658.55,670.67,1340.0,518.0,54185,36340255.85,0,AMRUTANJAN
2011-04-11,EQ,662.0,663.7,647.0,658.55,648.0,648.8,653.68,1198.65,518.0,10345,6762279.75,0,AMRUTANJAN
2011-04-13,EQ,645.0,660.0,645.0,648.8,652.0,651.3,653.77,1198.65,518.0,20468,13381373.85,0,AMRUTANJAN
2011-04-15,EQ,654.55,654.55,638.15,651.3,641.0,640.5,645.65,1198.65,518.0,11630,7508967.5,0,AMRUTANJAN
2011-04-18,EQ,648.8,654.5,631.05,640.5,633.0,632.95,640.99,879.3,518.0,11518,7382957.5,0,AMRUTANJAN
2011-04-19,EQ,633.9,662.15,630.0,632.95,639.9,639.8,649.83,879.3,518.0,71780,46644736.05,0,AMRUTANJAN
2011-04-20,EQ,645.9,654.9,641.55,639.8,644.75,644.75,647.08,879.3,518.0,14377,9303120.65,0,AMRUTANJAN
2011-04-21,EQ,648.0,657.95,641.0,644.75,642.9,641.9,648.42,879.3,518.0,18895,12251866.25,0,AMRUTANJAN
2011-04-25,EQ,636.15,650.0,636.15,641.9,644.2,643.25,645.4,871.9,518.0,10148,6549479.85,0,AMRUTANJAN
2011-04-26,EQ,638.0,651.75,638.0,643.25,643.5,644.5,646.3,871.9,518.0,16267,10513432.4,0,AMRUTANJAN
2011-04-27,EQ,655.1,764.9,655.1,644.5,754.9,754.25,736.97,871.9,518.0,2101553,1548790826.55,0,AMRUTANJAN
2011-04-28,EQ,756.0,825.0,754.0,754.25,811.55,808.65,805.77,871.9,518.0,2421030,1950786936.85,0,AMRUTANJAN
2011-04-29,EQ,812.0,833.4,771.3,808.65,788.0,786.45,796.51,871.9,518.0,1095392,872486270.6,0,AMRUTANJAN
2011-05-02,EQ,794.0,797.7,750.0,786.45,767.0,765.55,764.33,871.9,518.0,320966,245324950.85,0,AMRUTANJAN
2011-05-03,EQ,772.9,816.9,765.05,765.55,780.0,789.0,797.49,871.9,518.0,1214864,968839836.65,0,AMRUTANJAN
2011-05-04,EQ,789.0,803.0,703.3,789.0,745.35,728.35,744.32,871.9,518.0,1111175,827068974.0,0,AMRUTANJAN
2011-05-05,EQ,735.0,748.8,712.55,728.35,717.25,723.65,726.36,871.9,518.0,401410,291567000.4,0,AMRUTANJAN
2011-05-06,EQ,725.0,727.0,658.0,723.65,705.1,706.6,702.33,871.9,518.0,262082,184069077.9,0,AMRUTANJAN
2011-05-09,EQ,760.3,812.95,715.2,706.6,789.0,787.65,785.34,871.9,518.0,1067416,838283109.15,0,AMRUTANJAN
2011-05-10,EQ,792.35,796.6,757.0,787.65,769.05,767.2,768.04,871.9,518.0,318642,244730137.85,0,AMRUTANJAN
2011-05-11,EQ,712.1,772.65,712.1,767.2,752.45,757.1,754.9,871.9,518.0,104784,79101459.4,0,AMRUTANJAN
2011-05-12,EQ,756.0,756.0,726.0,757.1,731.0,731.6,739.52,871.9,518.0,84293,62335963.7,0,AMRUTANJAN
2011-05-13,EQ,734.0,764.9,725.05,731.6,739.0,741.0,749.05,871.9,518.0,130368,97651618.5,0,AMRUTANJAN
2011-05-16,EQ,735.05,748.55,715.2,741.0,723.0,724.55,727.33,871.9,518.0,61972,45074396.25,0,AMRUTANJAN
2011-05-17,EQ,728.2,733.95,709.0,724.55,717.0,716.45,722.12,871.9,518.0,57424,41467247.05,0,AMRUTANJAN
2011-05-18,EQ,724.4,747.6,707.0,716.45,723.7,724.8,732.24,871.9,518.0,202341,148162108.0,0,AMRUTANJAN
2011-05-19,EQ,723.95,735.0,716.95,724.8,719.5,719.5,724.78,871.9,518.0,49001,35515173.15,0,AMRUTANJAN
2011-05-20,EQ,724.9,730.0,708.0,719.5,712.6,712.0,718.05,871.9,518.0,52730,37862901.55,0,AMRUTANJAN
2011-05-23,EQ,750.0,764.35,709.7,712.0,729.95,728.45,741.72,871.9,518.0,210516,156144731.25,0,AMRUTANJAN
2011-05-24,EQ,732.4,735.9,718.0,728.45,721.05,720.65,725.13,871.9,518.0,65121,47221392.75,0,AMRUTANJAN
2011-05-25,EQ,721.9,732.0,708.0,720.65,716.0,714.95,718.91,871.9,518.0,67342,48412505.4,0,AMRUTANJAN
2011-05-26,EQ,719.25,729.95,710.9,714.95,712.05,713.2,719.75,871.9,518.0,35884,25827535.75,0,AMRUTANJAN
2011-05-27,EQ,717.8,724.5,712.0,713.2,715.05,715.4,718.08,871.9,518.0,24017,17246129.1,0,AMRUTANJAN
2011-05-30,EQ,734.35,734.35,712.0,715.4,713.15,714.55,717.44,871.9,518.0,21321,15296518.15,0,AMRUTANJAN
2011-05-31,EQ,719.7,724.0,713.7,714.55,720.0,715.5,717.87,871.9,518.0,14801,10625194.45,0,AMRUTANJAN
2011-06-01,EQ,722.8,742.0,712.55,715.5,728.55,730.0,730.91,871.9,518.0,83295,60881393.8,3947,AMRUTANJAN
2011-06-02,EQ,729.7,732.0,713.5,730.0,718.0,716.35,722.23,871.9,518.0,30874,22298033.1,1647,AMRUTANJAN
2011-06-03,EQ,721.8,732.4,715.1,716.35,719.0,717.55,724.36,871.9,518.0,37977,27508975.15,1749,AMRUTANJAN
2011-06-06,EQ,719.0,727.0,712.35,717.55,713.0,715.0,717.57,871.9,518.0,22187,15920707.7,1194,AMRUTANJAN
2011-06-07,EQ,717.0,723.0,712.6,715.0,713.85,713.45,716.33,871.9,518.0,13957,9997863.65,871,AMRUTANJAN
2011-06-08,EQ,716.85,721.25,710.25,713.45,716.6,716.65,715.15,862.85,518.0,21052,15055349.8,1201,AMRUTANJAN
2011-06-09,EQ,719.5,720.45,712.3,716.65,712.3,713.2,715.19,862.85,518.0,9778,6993155.05,638,AMRUTANJAN
2011-06-10,EQ,718.9,728.65,709.5,713.2,712.95,712.55,718.63,862.85,518.0,36883,26505264.15,1829,AMRUTANJAN
2011-06-13,EQ,717.0,721.85,711.7,712.55,715.95,713.5,716.05,862.85,518.0,17368,12436310.55,987,AMRUTANJAN
2011-06-14,EQ,706.0,720.7,701.0,713.5,716.75,716.85,717.36,862.85,518.0,9958,7143497.1,612,AMRUTANJAN
2011-06-15,EQ,719.75,807.0,715.0,716.85,760.0,762.2,778.32,862.85,518.0,1329477,1034753440.75,62165,AMRUTANJAN
2011-06-16,EQ,760.0,791.15,741.3,762.2,764.1,767.05,770.66,862.85,518.0,566742,436766100.35,27181,AMRUTANJAN
2011-06-17,EQ,769.0,796.0,744.45,767.05,747.5,754.4,776.17,862.85,518.0,203556,157993355.45,10311,AMRUTANJAN
2011-06-20,EQ,757.7,757.7,710.25,754.4,711.0,713.9,725.75,862.85,518.0,69049,50112557.6,3394,AMRUTANJAN
2011-06-21,EQ,721.0,734.95,708.0,713.9,711.0,710.4,720.13,847.7,518.0,57125,41137245.15,2906,AMRUTANJAN
2011-06-22,EQ,716.6,722.0,702.0,710.4,704.55,705.25,710.27,833.4,518.0,44752,31785835.4,2526,AMRUTANJAN
2011-06-23,EQ,705.45,731.7,701.0,705.25,714.55,712.45,720.5,833.4,518.0,169212,121916720.1,8630,AMRUTANJAN
2011-06-24,EQ,715.45,728.0,713.0,712.45,715.0,715.3,720.89,833.4,518.0,45562,32845002.0,2812,AMRUTANJAN
2011-06-27,EQ,715.3,726.9,712.55,715.3,715.0,714.55,719.3,833.4,518.0,30860,22197539.95,1454,AMRUTANJAN
2011-06-28,EQ,717.55,724.0,713.35,714.55,716.6,715.15,717.47,833.4,518.0,22173,15908563.95,1403,AMRUTANJAN
2011-06-29,EQ,715.55,752.1,715.55,715.15,730.05,727.5,735.46,833.4,518.0,184614,135776078.25,9434,AMRUTANJAN
2011-06-30,EQ,729.95,746.0,728.05,727.5,729.0,730.2,735.73,833.4,518.0,44916,33046004.35,2581,AMRUTANJAN
2011-07-01,EQ,736.9,742.0,723.25,730.2,726.5,724.7,730.64,833.4,518.0,23398,17095435.9,1490,AMRUTANJAN
2011-07-04,EQ,731.5,738.0,724.0,724.7,728.0,727.35,730.4,833.4,518.0,44918,32807948.45,2042,AMRUTANJAN
2011-07-05,EQ,731.9,748.5,726.5,727.35,733.0,734.75,739.04,833.4,518.0,94000,69470215.4,5076,AMRUTANJAN
2011-07-06,EQ,735.2,741.3,728.25,734.75,730.0,730.1,732.64,833.4,518.0,21850,16008254.1,1391,AMRUTANJAN
2011-07-07,EQ,735.25,741.0,728.5,730.1,731.25,731.05,733.43,833.4,551.2,24759,18159051.05,1458,AMRUTANJAN
2011-07-08,EQ,738.15,747.8,726.0,731.05,729.4,728.95,736.46,833.4,551.2,49333,36331838.95,2793,AMRUTANJAN
2011-07-11,EQ,734.4,741.9,728.7,728.95,731.6,731.5,735.2,871.9,518.0,34413,25300536.35,1969,AMRUTANJAN
2011-07-12,EQ,734.4,738.0,725.7,731.5,730.9,730.05,731.93,871.9,518.0,35199,25763311.85,1374,AMRUTANJAN
2011-07-13,EQ,736.35,740.05,731.1,730.05,737.6,735.35,735.59,871.9,518.0,23867,17556428.9,1286,AMRUTANJAN
2011-07-14,EQ,735.0,740.95,732.3,735.35,735.0,734.4,736.06,871.9,518.0,11871,8737793.8,745,AMRUTANJAN
2011-07-15,EQ,738.0,757.9,734.3,734.4,747.5,748.9,748.66,871.9,518.0,77411,57954303.45,4179,AMRUTANJAN
2011-07-18,EQ,750.0,822.5,750.0,748.9,808.95,806.55,801.12,862.85,518.0,631111,505596120.95,29749,AMRUTANJAN
2011-07-19,EQ,806.55,812.2,781.1,806.55,793.45,793.9,796.99,862.85,518.0,201878,160895668.85,10241,AMRUTANJAN
2011-07-20,EQ,799.65,803.25,774.3,793.9,777.6,777.9,789.66,862.85,518.0,56013,44230986.75,2783,AMRUTANJAN
2011-07-21,EQ,779.0,779.85,743.65,777.9,757.9,755.75,763.26,862.85,518.0,25357,19353859.95,1871,AMRUTANJAN
2011-07-22,EQ,763.2,900.0,756.15,755.75,874.25,883.6,860.11,900.0,518.0,2137923,1838847393.9,96583,AMRUTANJAN
2011-07-25,EQ,800.0,998.0,800.0,883.6,935.0,930.3,947.56,998.0,518.0,3406519,3227878167.25,156838,AMRUTANJAN
2011-07-26,EQ,850.0,974.9,850.0,930.3,944.2,940.35,951.94,998.0,518.0,1194953,1137518964.1,57875,AMRUTANJAN
2011-07-27,EQ,942.0,968.65,923.1,940.35,945.1,946.05,949.73,998.0,518.0,627342,595802731.7,31399,AMRUTANJAN
2011-07-28,EQ,945.0,956.7,922.2,946.05,927.0,930.75,940.58,998.0,518.0,359967,338576733.6,15284,AMRUTANJAN
2011-07-29,EQ,901.1,934.85,848.1,930.75,873.5,867.9,875.05,998.0,518.0,525589,459914671.85,28078,AMRUTANJAN
2011-08-01,EQ,875.0,897.0,845.35,867.9,864.7,861.6,872.5,998.0,518.0,275256,240161449.2,14400,AMRUTANJAN
2011-08-02,EQ,858.8,949.0,840.5,861.6,922.5,918.9,916.0,998.0,518.0,2399205,2197667685.25,109740,AMRUTANJAN
2011-08-03,EQ,910.0,946.35,869.0,918.9,925.0,921.75,925.02,998.0,518.0,971690,898834454.0,48883,AMRUTANJAN
2011-08-04,EQ,905.0,935.0,894.75,921.75,899.0,901.65,918.23,998.0,518.0,313528,287891312.15,15604,AMRUTANJAN
2011-08-05,EQ,881.15,885.0,811.05,901.65,836.1,837.9,835.68,998.0,518.0,260439,217643325.7,13731,AMRUTANJAN
2011-08-08,EQ,811.1,871.95,792.15,837.9,822.0,831.45,839.52,998.0,518.0,527713,443023012.45,27947,AMRUTANJAN
2011-08-09,EQ,799.95,846.1,782.0,831.45,811.0,815.15,826.06,998.0,518.0,363650,300396089.95,20098,AMRUTANJAN
2011-08-10,EQ,837.0,854.7,822.0,815.15,827.8,826.1,840.45,998.0,518.0,217415,182725987.65,12229,AMRUTANJAN
2011-08-11,EQ,821.0,844.7,812.5,826.1,815.0,816.8,830.41,998.0,518.0,129284,107358955.45,7533,AMRUTANJAN
2011-08-12,EQ,829.0,841.5,810.0,816.8,810.05,813.95,825.69,998.0,518.0,109485,90401090.55,6622,AMRUTANJAN
2011-08-16,EQ,825.0,837.0,796.0,813.95,801.05,801.6,817.95,998.0,518.0,97888,80067402.15,5957,AMRUTANJAN
2011-08-17,EQ,806.9,816.0,772.35,801.6,780.0,778.65,792.52,998.0,518.0,82539,65413718.05,4867,AMRUTANJAN
2011-08-18,EQ,785.0,788.45,735.0,778.65,738.0,741.95,761.92,998.0,518.0,57006,43433928.8,3945,AMRUTANJAN
2011-08-19,EQ,725.35,730.0,685.2,741.95,707.0,706.3,703.65,998.0,518.0,109189,76830443.15,6520,AMRUTANJAN
2011-08-22,EQ,706.0,773.5,693.0,706.3,759.0,759.8,739.9,998.0,518.0,207517,153541747.9,12449,AMRUTANJAN
2011-08-23,EQ,768.95,824.0,742.7,759.8,792.5,794.6,800.34,998.0,518.0,734018,587462772.9,38927,AMRUTANJAN
2011-08-24,EQ,798.1,817.0,778.7,794.6,782.0,783.5,802.32,998.0,518.0,193237,155038762.05,10536,AMRUTANJAN
2011-08-25,EQ,792.4,812.0,757.3,783.5,777.5,772.75,782.92,998.0,518.0,179344,140411630.45,10237,AMRUTANJAN
2011-08-26,EQ,775.0,804.8,755.1,772.75,765.0,762.5,784.07,998.0,518.0,166393,130464380.8,8949,AMRUTANJAN
2011-08-29,EQ,779.9,811.8,766.0,762.5,788.0,784.7,793.66,998.0,518.0,286850,227660620.85,16520,AMRUTANJAN
2011-08-30,EQ,799.0,806.7,776.0,784.7,784.0,782.8,792.83,998.0,518.0,159814,126705362.8,9342,AMRUTANJAN
2011-09-02,EQ,788.0,812.0,772.6,782.8,791.9,790.85,794.04,998.0,518.0,207794,164997348.65,11419,AMRUTANJAN
2011-09-05,EQ,787.7,807.5,780.1,790.85,796.1,794.5,794.37,998.0,518.0,100679,79976270.85,5195,AMRUTANJAN
2011-09-06,EQ,800.85,836.0,782.0,794.5,827.15,826.25,816.69,998.0,518.0,292429,238822931.45,13805,AMRUTANJAN
2011-09-07,EQ,833.9,863.0,814.0,826.25,822.0,823.8,843.16,998.0,518.0,391728,330290792.1,19406,AMRUTANJAN
2011-09-08,EQ,827.3,856.0,822.9,823.8,833.5,834.15,841.98,998.0,518.0,287647,242192759.8,13985,AMRUTANJAN
2011-09-09,EQ,834.55,869.6,832.1,834.15,840.0,837.5,853.36,998.0,518.0,299356,255458035.55,14925,AMRUTANJAN
2011-09-12,EQ,825.5,834.8,801.0,837.5,808.25,806.75,814.45,998.0,518.0,91644,74639819.0,5093,AMRUTANJAN
2011-09-13,EQ,814.6,834.5,802.6,806.75,806.5,808.0,818.84,998.0,518.0,142815,116942089.1,7826,AMRUTANJAN
2011-09-14,EQ,812.0,824.0,801.25,808.0,806.05,807.65,811.3,998.0,518.0,100048,81169307.1,5769,AMRUTANJAN
2011-09-15,EQ,815.9,825.0,805.0,807.65,810.0,808.9,814.61,998.0,518.0,104564,85178756.2,5821,AMRUTANJAN
2011-09-16,EQ,818.0,823.0,787.0,808.9,801.0,797.05,806.4,998.0,518.0,88003,70965381.3,4595,AMRUTANJAN
2011-09-19,EQ,794.9,811.5,790.0,797.05,796.75,798.3,799.2,998.0,518.0,75221,60116767.7,4389,AMRUTANJAN
2011-09-20,EQ,805.8,826.85,795.1,798.3,817.45,819.8,813.76,998.0,518.0,185129,150650334.3,9786,AMRUTANJAN
2011-09-21,EQ,815.7,837.0,813.1,819.8,821.7,824.6,827.09,998.0,518.0,167865,138839574.75,9538,AMRUTANJAN
2011-09-22,EQ,800.15,819.0,781.15,824.6,792.0,787.85,802.54,998.0,518.0,87774,70441816.7,4617,AMRUTANJAN
2011-09-23,EQ,782.2,791.95,764.0,787.85,778.7,776.6,777.62,998.0,518.0,64189,49914939.1,3915,AMRUTANJAN
2011-09-26,EQ,787.9,787.9,746.1,776.6,753.25,754.45,762.64,998.0,518.0,39183,29882709.6,2411,AMRUTANJAN
2011-09-27,EQ,761.8,781.0,760.55,754.45,769.0,768.95,772.52,998.0,518.0,44881,34671501.3,2819,AMRUTANJAN
2011-09-28,EQ,774.95,777.8,750.0,768.95,763.85,761.9,765.44,998.0,518.0,37433,28652531.95,2329,AMRUTANJAN
2011-09-29,EQ,760.1,760.1,733.1,761.9,739.5,741.1,746.77,998.0,518.0,33691,25159285.7,2165,AMRUTANJAN
2011-09-30,EQ,741.15,757.5,731.6,741.1,738.0,734.2,745.38,998.0,518.0,46273,34490894.65,2979,AMRUTANJAN
2011-10-03,EQ,732.05,732.05,706.2,734.2,709.0,708.8,717.01,998.0,518.0,24800,17781820.8,1796,AMRUTANJAN
2011-10-04,EQ,706.0,722.85,697.3,708.8,703.0,703.7,710.25,998.0,518.0,46134,32766553.1,2604,AMRUTANJAN
2011-10-05,EQ,714.35,716.9,691.75,703.7,694.0,694.75,703.5,998.0,518.0,23828,16762937.0,1618,AMRUTANJAN
2011-10-07,EQ,701.1,715.0,701.1,694.75,706.8,704.65,708.23,998.0,518.0,15117,10706369.55,1137,AMRUTANJAN
2011-10-10,EQ,705.1,770.0,690.6,704.65,758.0,755.35,750.58,998.0,518.0,377770,283546787.45,22057,AMRUTANJAN
2011-10-11,EQ,765.0,805.0,760.9,755.35,767.0,767.1,781.57,998.0,518.0,245831,192134699.65,11938,AMRUTANJAN
2011-10-12,EQ,772.0,784.8,758.0,767.1,771.1,769.55,771.89,998.0,518.0,61875,47760834.1,3632,AMRUTANJAN
2011-10-13,EQ,774.0,802.15,766.0,769.55,780.0,777.95,787.1,998.0,518.0,145475,114502943.05,8998,AMRUTANJAN
2011-10-14,EQ,779.0,786.9,763.15,777.95,776.55,775.0,777.7,998.0,518.0,61790,48054140.3,3398,AMRUTANJAN
2011-10-17,EQ,773.25,786.8,765.1,775.0,770.0,768.4,775.21,998.0,518.0,37673,29204469.45,2131,AMRUTANJAN
2011-10-18,EQ,762.5,765.9,735.0,768.4,745.0,740.85,748.28,998.0,518.0,32764,24516580.35,2186,AMRUTANJAN
2011-10-19,EQ,744.0,768.5,744.0,740.85,752.0,754.3,756.63,998.0,518.0,49110,37158190.1,2944,AMRUTANJAN
2011-10-20,EQ,749.9,749.9,733.25,754.3,744.5,743.45,741.0,998.0,518.0,33393,24744106.75,2093,AMRUTANJAN
2011-10-21,EQ,749.6,762.4,737.0,743.45,738.2,740.7,750.72,998.0,518.0,53433,40113433.4,2816,AMRUTANJAN
2011-10-24,EQ,749.0,757.6,732.25,740.7,735.0,736.35,744.63,998.0,518.0,27794,20696122.75,1608,AMRUTANJAN
2011-10-25,EQ,741.55,743.7,725.0,736.35,731.15,729.65,733.58,998.0,518.0,23368,17142249.05,1503,AMRUTANJAN
2011-10-26,EQ,736.4,737.5,725.0,729.65,731.25,730.25,730.45,998.0,518.0,9376,6848664.1,583,AMRUTANJAN
2011-10-28,EQ,739.0,752.1,735.55,730.25,738.7,739.0,742.33,998.0,518.0,27456,20381533.45,1786,AMRUTANJAN
2011-10-31,EQ,743.0,811.6,737.5,739.0,804.6,802.5,787.18,998.0,518.0,536056,421973761.7,27060,AMRUTANJAN
2011-11-01,EQ,805.0,819.0,781.0,802.5,793.0,792.95,802.5,998.0,518.0,258455,207410443.85,13919,AMRUTANJAN
2011-11-02,EQ,783.3,793.7,772.0,792.95,778.05,779.2,782.47,998.0,518.0,95728,74903867.35,5062,AMRUTANJAN
2011-11-03,EQ,780.0,787.5,766.0,779.2,774.0,772.8,776.35,998.0,518.0,50467,39180085.7,2813,AMRUTANJAN
2011-11-04,EQ,780.35,793.7,772.3,772.8,774.0,777.25,782.04,998.0,518.0,85100,66551266.9,5099,AMRUTANJAN
2011-11-08,EQ,784.4,854.8,781.0,777.25,827.5,830.7,834.14,998.0,518.0,1147970,957562400.6,51625,AMRUTANJAN
2011-11-09,EQ,834.25,837.8,791.7,830.7,794.0,795.75,807.82,998.0,518.0,414001,334436706.5,18386,AMRUTANJAN
2011-11-11,EQ,786.0,789.7,765.0,795.75,771.5,770.5,775.9,998.0,518.0,76991,59737273.6,4490,AMRUTANJAN
2011-11-14,EQ,781.9,831.8,775.0,770.5,790.2,798.2,813.94,998.0,518.0,727230,591920833.9,32512,AMRUTANJAN
2011-11-15,EQ,798.0,798.0,740.1,798.2,746.0,745.2,766.31,998.0,518.0,179385,137465313.5,9576,AMRUTANJAN
2011-11-16,EQ,741.0,748.4,677.0,745.2,730.0,712.55,700.37,998.0,518.0,335432,234927041.95,17325,AMRUTANJAN
2011-11-17,EQ,690.95,745.0,690.95,712.55,718.35,721.5,723.31,998.0,518.0,240172,173719093.5,12910,AMRUTANJAN
2011-11-18,EQ,710.1,719.4,692.45,721.5,703.95,706.35,704.87,998.0,518.0,83502,58858017.05,5385,AMRUTANJAN
2011-11-21,EQ,706.7,741.75,687.4,706.35,697.55,712.15,725.03,998.0,518.0,352134,255307018.5,19505,AMRUTANJAN
2011-11-22,EQ,715.0,729.9,701.0,712.15,711.95,710.35,717.47,998.0,518.0,167277,120016688.85,10518,AMRUTANJAN
2011-11-23,EQ,708.0,723.8,687.1,710.35,698.35,697.6,707.27,998.0,518.0,137224,97053833.1,7652,AMRUTANJAN
2011-11-24,EQ,700.1,711.9,691.0,697.6,694.9,694.2,699.34,998.0,518.0,83169,58163703.15,4914,AMRUTANJAN
2011-11-25,EQ,696.0,713.0,689.2,694.2,698.7,697.45,702.34,998.0,518.0,76147,53481461.55,4328,AMRUTANJAN
2011-11-28,EQ,703.95,727.0,700.0,697.45,710.0,713.15,717.67,998.0,518.0,149461,107263912.85,8393,AMRUTANJAN
2011-11-29,EQ,716.0,726.45,704.0,713.15,708.0,708.8,718.04,998.0,518.0,116940,83967708.85,5980,AMRUTANJAN
2011-11-30,EQ,705.2,711.7,695.7,708.8,700.4,701.05,704.23,998.0,518.0,54096,38095969.3,3222,AMRUTANJAN
2011-12-01,EQ,719.0,732.7,703.55,701.05,706.0,706.7,713.6,998.0,518.0,56080,40018697.75,2928,AMRUTANJAN
2011-12-02,EQ,703.25,719.0,703.25,706.7,713.0,713.95,713.25,998.0,518.0,70611,50363198.1,4168,AMRUTANJAN
2011-12-05,EQ,723.3,727.0,706.25,713.95,711.0,709.25,715.83,998.0,518.0,54922,39314679.1,3480,AMRUTANJAN
2011-12-07,EQ,714.0,726.8,710.05,709.25,717.0,716.15,719.39,998.0,518.0,66934,48151901.25,3567,AMRUTANJAN
2011-12-08,EQ,713.45,723.4,701.1,716.15,704.9,703.25,711.59,998.0,518.0,45149,32127397.1,2476,AMRUTANJAN
2011-12-09,EQ,699.95,704.95,690.25,703.25,694.0,693.3,697.31,998.0,518.0,30298,21127158.55,1966,AMRUTANJAN
2011-12-12,EQ,701.75,703.9,661.3,693.3,671.0,674.15,687.19,998.0,551.2,30113,20693476.4,2002,AMRUTANJAN
2011-12-13,EQ,667.3,673.9,658.0,674.15,667.0,665.45,665.01,998.0,551.2,29535,19641203.05,1976,AMRUTANJAN
2011-12-14,EQ,664.9,694.15,663.0,665.45,674.0,671.9,683.11,998.0,551.2,84809,57933574.85,5030,AMRUTANJAN
2011-12-15,EQ,662.0,671.6,653.6,671.9,658.95,656.6,661.91,998.0,551.2,31544,20879302.3,1972,AMRUTANJAN
2011-12-16,EQ,660.0,670.0,626.25,656.6,630.0,631.7,652.0,998.0,551.2,27521,17943796.65,2002,AMRUTANJAN
2011-12-19,EQ,631.1,667.4,610.2,631.7,652.0,657.15,641.81,998.0,551.2,85979,55182606.75,5253,AMRUTANJAN
2011-12-20,EQ,659.7,663.8,625.0,657.15,630.05,629.2,638.89,998.0,551.2,24750,15812466.0,2003,AMRUTANJAN
2011-12-21,EQ,640.05,656.0,633.05,629.2,640.0,639.3,645.19,998.0,551.2,60167,38818971.95,3778,AMRUTANJAN
2011-12-22,EQ,634.0,712.5,633.05,639.3,672.0,682.55,670.98,998.0,551.2,148974,99958074.25,7914,AMRUTANJAN
2011-12-23,EQ,683.0,692.2,651.2,682.55,660.0,658.3,674.55,998.0,551.2,94116,63485938.6,7682,AMRUTANJAN
2011-12-26,EQ,665.4,679.0,658.0,658.3,672.0,672.25,670.36,998.0,551.2,45560,30541733.9,3295,AMRUTANJAN
2011-12-27,EQ,667.25,679.7,659.8,672.25,662.1,661.9,670.07,998.0,551.2,31388,21032218.0,2584,AMRUTANJAN
2011-12-28,EQ,663.3,669.0,650.15,661.9,653.0,654.0,658.02,998.0,551.2,19217,12645204.95,1445,AMRUTANJAN
2011-12-29,EQ,654.0,668.35,640.0,654.0,646.0,645.95,656.79,998.0,551.2,46514,30550134.1,2911,AMRUTANJAN
2011-12-30,EQ,651.0,661.0,635.0,645.95,637.75,639.1,650.74,998.0,551.2,21091,13724833.85,1676,AMRUTANJAN
2012-01-02,EQ,642.3,653.3,636.0,639.1,640.0,639.95,642.6,998.0,551.2,23127,14861387.4,1811,AMRUTANJAN
2012-01-03,EQ,646.35,670.0,644.0,639.95,659.3,659.85,659.58,998.0,551.2,64243,42373577.7,4914,AMRUTANJAN
2012-01-04,EQ,661.0,684.95,655.3,659.85,667.9,665.8,672.05,998.0,551.2,72178,48507520.95,4714,AMRUTANJAN
2012-01-05,EQ,667.05,682.0,657.0,665.8,662.9,659.6,671.38,998.0,551.2,41965,28174446.95,3395,AMRUTANJAN
2012-01-06,EQ,659.0,665.6,650.1,659.6,656.0,654.35,656.93,998.0,551.2,24968,16402259.7,2084,AMRUTANJAN
2012-01-07,EQ,659.0,659.0,652.0,654.35,654.1,654.4,654.37,998.0,551.2,3858,2524557.6,282,AMRUTANJAN
2012-01-09,EQ,657.0,683.45,652.5,654.4,676.9,675.4,671.58,998.0,551.2,69471,46655132.95,4475,AMRUTANJAN
2012-01-10,EQ,680.0,717.7,674.0,675.4,705.0,704.8,705.31,998.0,551.2,186540,131568193.15,10048,AMRUTANJAN
2012-01-11,EQ,709.95,713.9,689.0,704.8,689.3,691.75,701.81,998.0,551.2,58521,41070428.1,3620,AMRUTANJAN
2012-01-12,EQ,691.0,703.15,675.0,691.75,681.0,679.55,688.23,998.0,551.2,34991,24081813.15,2287,AMRUTANJAN
2012-01-13,EQ,686.7,704.0,682.1,679.55,687.0,685.8,690.86,998.0,551.2,27313,18869550.5,1927,AMRUTANJAN
2012-01-16,EQ,685.0,701.1,682.1,685.8,690.0,687.85,690.07,998.0,551.2,24467,16884045.35,1996,AMRUTANJAN
2012-01-17,EQ,692.0,813.0,692.0,687.85,788.5,790.05,776.36,998.0,551.2,1452745,1127847522.6,73121,AMRUTANJAN
2012-01-18,EQ,798.0,855.0,795.0,790.05,817.2,820.45,836.11,998.0,551.2,1096936,917163160.0,47071,AMRUTANJAN
2012-01-19,EQ,829.0,834.4,786.0,820.45,802.0,798.15,804.84,998.0,551.2,362865,292047942.7,17587,AMRUTANJAN
2012-01-20,EQ,798.95,808.5,760.25,798.15,766.0,767.9,778.06,998.0,551.2,166081,129220278.75,8153,AMRUTANJAN
2012-01-23,EQ,762.0,774.7,750.05,767.9,751.0,752.4,757.16,998.0,551.2,93613,70879926.15,4392,AMRUTANJAN
2012-01-24,EQ,759.9,761.45,735.0,752.4,741.0,740.95,744.83,998.0,551.2,99292,73955817.65,5605,AMRUTANJAN
2012-01-25,EQ,745.0,821.95,742.0,740.95,786.0,793.9,802.43,998.0,551.2,678059,544092637.55,31509,AMRUTANJAN
2012-01-27,EQ,798.0,812.0,758.0,793.9,782.0,783.35,791.0,998.0,551.2,242051,191461704.35,11047,AMRUTANJAN
2012-01-30,EQ,780.0,802.85,764.3,783.35,771.0,771.05,784.03,998.0,551.2,127569,100017339.2,7352,AMRUTANJAN
2012-01-31,EQ,763.25,796.0,758.7,771.05,787.55,785.95,775.26,998.0,551.2,131854,102221453.8,6372,AMRUTANJAN
2012-02-01,EQ,789.95,821.95,781.0,785.95,803.65,804.7,811.73,998.0,551.2,310189,251790796.8,14008,AMRUTANJAN
2012-02-02,EQ,810.0,815.0,784.9,804.7,788.05,789.95,795.05,998.0,551.2,90200,71713829.3,4907,AMRUTANJAN
2012-02-03,EQ,788.0,828.9,773.3,789.95,800.0,803.15,813.09,998.0,551.2,246846,200708521.65,12255,AMRUTANJAN
2012-02-06,EQ,801.1,824.9,796.0,803.15,802.5,803.2,811.39,998.0,551.2,98832,80191379.0,5689,AMRUTANJAN
2012-02-07,EQ,810.0,818.0,791.0,803.2,800.0,797.5,805.44,998.0,551.2,59366,47815590.85,3120,AMRUTANJAN
2012-02-08,EQ,800.0,822.0,797.1,797.5,813.0,811.2,811.99,998.0,551.2,109643,89028567.15,5616,AMRUTANJAN
2012-02-09,EQ,802.6,821.7,802.6,811.2,816.2,813.5,812.27,998.0,551.2,71638,58189287.85,3657,AMRUTANJAN
2012-02-10,EQ,817.7,880.0,811.7,813.5,845.0,839.35,852.53,998.0,551.2,547355,466635016.8,25475,AMRUTANJAN
2012-02-13,EQ,843.0,847.0,813.65,839.35,816.65,818.15,824.67,998.0,563.2,108710,89650279.6,5634,AMRUTANJAN
2012-02-14,EQ,819.25,837.35,815.0,818.15,825.0,823.9,825.71,998.0,563.2,122182,100886854.75,6869,AMRUTANJAN
2012-02-15,EQ,819.0,836.4,811.0,823.9,818.9,820.1,827.21,998.0,563.2,57685,47717709.1,3609,AMRUTANJAN
2012-02-16,EQ,824.0,832.9,815.1,820.1,817.55,821.05,823.38,998.0,563.2,43530,35841804.8,2434,AMRUTANJAN
2012-02-17,EQ,825.0,844.0,811.0,821.05,815.0,816.55,830.72,998.0,563.2,76340,63416795.9,3876,AMRUTANJAN
2012-02-21,EQ,819.95,833.0,817.0,816.55,822.95,822.4,824.67,998.0,563.2,46604,38432713.9,2489,AMRUTANJAN
2012-02-22,EQ,822.5,829.7,765.0,822.4,775.05,774.45,801.65,998.0,563.2,49313,39531764.8,2706,AMRUTANJAN
2012-02-23,EQ,780.0,797.65,761.3,774.45,774.35,772.75,777.54,998.0,563.2,51450,40004262.05,2764,AMRUTANJAN
2012-02-24,EQ,775.35,796.9,767.0,772.75,777.7,773.75,781.59,998.0,563.2,58725,45899009.8,3587,AMRUTANJAN
2012-02-27,EQ,780.0,784.7,741.0,773.75,746.2,747.75,761.38,998.0,565.2,23840,18151285.8,1552,AMRUTANJAN
2012-02-28,EQ,759.95,797.7,751.5,747.75,760.1,762.55,763.86,998.0,565.2,35200,26887986.9,2112,AMRUTANJAN
2012-02-29,EQ,769.8,832.4,769.8,762.55,808.2,811.1,813.28,998.0,565.2,379374,308535605.1,19727,AMRUTANJAN
2012-03-01,EQ,813.0,831.5,801.0,811.1,804.7,807.65,818.3,998.0,565.2,179309,146729337.9,7910,AMRUTANJAN
2012-03-02,EQ,810.0,817.9,791.5,807.65,797.9,796.55,806.74,998.0,565.2,61710,49784027.35,3544,AMRUTANJAN
2012-03-03,EQ,799.55,805.0,795.0,796.55,800.0,799.3,800.84,998.0,565.2,9556,7652779.95,438,AMRUTANJAN
2012-03-05,EQ,798.05,814.8,775.15,799.3,777.0,777.45,794.99,998.0,601.65,45773,36388918.1,3065,AMRUTANJAN
2012-03-06,EQ,775.05,791.9,749.0,777.45,750.45,751.45,773.43,998.0,601.65,37697,29155807.75,2720,AMRUTANJAN
2012-03-07,EQ,752.15,761.8,737.0,751.45,744.35,744.2,750.18,998.0,601.65,36422,27322919.5,2280,AMRUTANJAN
2012-03-09,EQ,760.0,784.9,751.0,744.2,772.4,773.85,773.86,998.0,601.65,76338,59075118.35,4189,AMRUTANJAN
2012-03-12,EQ,784.3,784.3,765.0,773.85,776.0,773.0,774.05,998.0,601.65,24771,19173937.65,1573,AMRUTANJAN
2012-03-13,EQ,780.0,804.0,776.0,773.0,780.5,780.55,788.42,998.0,601.65,78486,61879748.95,4743,AMRUTANJAN
2012-03-14,EQ,785.05,798.0,772.6,780.55,781.0,780.65,785.83,998.0,601.65,48153,37839861.65,3017,AMRUTANJAN
2012-03-15,EQ,768.0,787.85,749.0,780.65,767.0,766.35,768.93,998.0,601.65,20449,15723930.0,1438,AMRUTANJAN
2012-03-16,EQ,769.95,776.0,753.55,766.35,757.4,757.35,765.22,998.0,601.65,18509,14163499.35,1352,AMRUTANJAN
2012-03-19,EQ,760.0,796.1,752.25,757.35,763.15,764.55,777.39,998.0,610.2,108552,84387117.15,5991,AMRUTANJAN
2012-03-20,EQ,767.0,783.1,762.25,764.55,768.0,767.25,771.2,998.0,610.2,43244,33349703.95,3120,AMRUTANJAN
2012-03-21,EQ,770.0,787.0,762.5,767.25,779.0,779.25,775.91,998.0,610.2,51212,39735912.7,3409,AMRUTANJAN
2012-03-22,EQ,779.0,788.7,756.8,779.25,759.15,758.4,776.11,998.0,610.2,40480,31417048.15,2676,AMRUTANJAN
2012-03-23,EQ,760.0,773.95,753.65,758.4,770.15,769.0,765.2,998.0,610.2,30188,23099876.5,2142,AMRUTANJAN
2012-03-26,EQ,773.0,774.5,750.0,769.0,755.9,753.55,760.32,998.0,610.2,22393,17025937.3,1997,AMRUTANJAN
2012-03-27,EQ,760.0,771.6,746.7,753.55,751.3,750.9,758.85,998.0,610.2,19143,14526572.75,1553,AMRUTANJAN
2012-03-28,EQ,751.05,771.0,746.6,750.9,768.0,766.1,762.8,998.0,610.2,50771,38728341.05,2894,AMRUTANJAN
2012-03-29,EQ,760.4,774.2,752.1,766.1,752.1,756.55,763.98,998.0,610.2,30436,23252530.85,2090,AMRUTANJAN
2012-03-30,EQ,760.0,773.95,760.0,756.55,764.0,766.15,767.75,998.0,610.2,32807,25187478.45,2047,AMRUTANJAN
2012-04-02,EQ,768.0,777.9,766.7,766.15,767.0,769.3,772.57,998.0,610.2,30918,23886345.0,1910,AMRUTANJAN
2012-04-03,EQ,775.0,788.0,768.65,769.3,774.1,772.25,779.57,998.0,610.2,49295,38428785.2,3076,AMRUTANJAN
2012-04-04,EQ,773.05,782.7,766.5,772.25,769.0,770.5,773.94,998.0,610.2,22732,17593235.75,1719,AMRUTANJAN
2012-04-09,EQ,773.7,773.7,755.0,770.5,760.5,757.75,762.76,998.0,610.2,19301,14722121.9,1610,AMRUTANJAN
2012-04-10,EQ,760.0,778.7,759.0,757.75,774.9,772.1,770.31,998.0,610.2,40799,31428004.85,2651,AMRUTANJAN
2012-04-11,EQ,768.0,824.5,766.5,772.1,795.0,791.05,806.18,998.0,610.2,291586,235071643.1,15941,AMRUTANJAN
2012-04-12,EQ,795.0,814.0,788.0,791.05,789.4,791.3,801.63,998.0,610.2,82537,66164439.3,5085,AMRUTANJAN
2012-04-13,EQ,795.0,813.0,777.25,791.3,782.0,779.6,799.86,998.0,610.2,85029,68011609.55,5204,AMRUTANJAN
2012-04-16,EQ,780.0,801.3,779.0,779.6,797.5,793.45,791.73,998.0,610.2,27431,21717884.7,1800,AMRUTANJAN
2012-04-17,EQ,798.0,813.0,783.0,793.45,796.05,798.2,799.23,998.0,610.2,57596,46032257.45,3589,AMRUTANJAN
2012-04-18,EQ,798.0,813.95,795.8,798.2,797.5,798.0,804.78,998.0,610.2,29205,23503566.0,2037,AMRUTANJAN
2012-04-19,EQ,800.0,811.8,800.0,798.0,808.0,805.75,806.79,998.0,610.2,45232,36492540.5,3111,AMRUTANJAN
2012-04-20,EQ,806.4,816.0,792.0,805.75,798.2,798.05,802.41,998.0,610.2,38540,30924811.95,2579,AMRUTANJAN
2012-04-23,EQ,799.85,806.95,776.0,798.05,780.0,779.8,792.14,998.0,610.2,20032,15868108.35,1452,AMRUTANJAN
2012-04-24,EQ,782.05,794.05,776.65,779.8,784.5,784.45,784.85,998.0,610.2,25553,20055233.9,1778,AMRUTANJAN
2012-04-25,EQ,785.0,796.0,773.0,784.45,779.6,777.55,782.67,998.0,610.2,19894,15570452.35,1077,AMRUTANJAN
2012-04-26,EQ,780.0,787.65,765.0,777.55,770.05,768.25,776.12,998.0,610.2,16248,12610425.8,907,AMRUTANJAN
2012-04-27,EQ,772.5,786.9,765.1,768.25,774.3,772.8,776.9,998.0,610.2,24650,19150565.2,1612,AMRUTANJAN
2012-04-28,EQ,773.25,779.8,772.0,772.8,776.85,775.9,775.24,998.0,610.2,1910,1480712.05,120,AMRUTANJAN
2012-04-30,EQ,776.95,784.45,772.0,775.9,776.1,775.8,777.84,998.0,610.2,13901,10812781.65,973,AMRUTANJAN
2012-05-02,EQ,780.0,789.0,772.6,775.8,784.7,782.75,782.0,998.0,610.2,19577,15309197.2,1123,AMRUTANJAN
2012-05-03,EQ,783.0,812.0,777.5,782.75,788.5,789.3,795.9,998.0,610.2,76238,60677586.95,3968,AMRUTANJAN
2012-05-04,EQ,787.7,801.85,763.0,789.3,769.4,770.9,782.14,998.0,610.2,27434,21457210.05,1565,AMRUTANJAN
2012-05-07,EQ,763.4,772.25,745.1,770.9,769.05,768.1,758.58,998.0,610.2,22380,16977055.3,1483,AMRUTANJAN
2012-05-08,EQ,771.35,774.95,748.05,768.1,751.0,750.2,762.74,998.0,610.2,11228,8564018.3,841,AMRUTANJAN
2012-05-09,EQ,746.05,762.0,745.0,750.2,746.0,746.95,751.97,998.0,610.2,17653,13274604.0,1167,AMRUTANJAN
2012-05-10,EQ,750.0,759.0,737.5,746.95,741.0,739.15,748.45,998.0,610.2,13727,10273997.6,883,AMRUTANJAN
2012-05-11,EQ,735.25,743.0,722.0,739.15,725.0,723.65,729.77,998.0,610.2,11056,8068386.4,805,AMRUTANJAN
2012-05-14,EQ,726.0,735.0,715.4,723.65,721.5,718.7,724.61,998.0,610.2,9545,6916376.4,772,AMRUTANJAN
2012-05-15,EQ,717.85,763.7,714.25,718.7,751.15,753.2,749.59,998.0,610.2,106054,79496794.55,6469,AMRUTANJAN
2012-05-16,EQ,749.95,761.0,729.0,753.2,734.25,733.9,745.57,998.0,610.2,54014,40271033.0,3638,AMRUTANJAN
2012-05-17,EQ,735.0,757.75,735.0,733.9,742.3,741.45,746.71,998.0,610.2,22587,16866021.95,1643,AMRUTANJAN
2012-05-18,EQ,735.95,754.95,735.25,741.45,740.5,742.25,743.86,998.0,610.2,23829,17725558.4,1426,AMRUTANJAN
2012-05-21,EQ,745.0,759.5,743.05,742.25,749.8,747.8,750.22,998.0,610.2,17848,13389951.55,1052,AMRUTANJAN
2012-05-22,EQ,750.0,766.6,740.05,747.8,743.2,742.8,755.83,998.0,610.2,28571,21594834.35,1878,AMRUTANJAN
2012-05-23,EQ,738.25,749.7,737.5,742.8,742.15,740.65,742.47,998.0,610.2,6810,5056225.75,499,AMRUTANJAN
2012-05-24,EQ,735.0,757.0,735.0,740.65,751.95,751.2,750.0,998.0,610.2,20166,15124418.75,1248,AMRUTANJAN
2012-05-25,EQ,752.1,822.55,743.5,751.2,810.3,809.8,791.21,998.0,610.2,209029,165386484.85,11710,AMRUTANJAN
2012-05-28,EQ,817.0,841.2,803.0,809.8,814.0,813.0,823.53,998.0,610.2,140031,115319111.9,9586,AMRUTANJAN
2012-05-29,EQ,815.0,840.0,806.3,813.0,812.1,812.15,823.1,998.0,610.2,156419,128748837.65,9243,AMRUTANJAN
2012-05-30,EQ,806.2,826.9,768.05,812.15,771.0,772.6,798.18,998.0,610.2,60743,48484073.35,4719,AMRUTANJAN
2012-05-31,EQ,754.1,784.5,750.05,772.6,767.0,767.35,773.54,998.0,610.2,32285,24973833.75,2347,AMRUTANJAN
2012-06-01,EQ,765.05,779.0,750.0,767.35,753.4,751.8,764.5,998.0,610.2,17931,13708319.2,1257,AMRUTANJAN
2012-06-04,EQ,745.1,769.0,736.45,751.8,757.2,756.2,753.01,998.0,610.2,34978,26338831.3,2601,AMRUTANJAN
2012-06-05,EQ,757.0,776.0,754.0,756.2,757.9,755.75,766.91,998.0,610.2,31204,23930631.45,2137,AMRUTANJAN
2012-06-06,EQ,756.0,777.8,756.0,755.75,767.9,768.5,770.57,998.0,610.2,25831,19904720.0,1866,AMRUTANJAN
2012-06-07,EQ,770.0,782.3,765.0,768.5,770.1,767.85,773.68,998.0,610.2,24436,18905601.85,1796,AMRUTANJAN
2012-06-08,EQ,768.0,793.0,766.5,767.85,788.0,786.85,779.35,998.0,610.2,57925,45143773.9,3222,AMRUTANJAN
2012-06-11,EQ,790.0,798.5,771.1,786.85,773.0,773.35,785.19,998.0,610.2,34117,26788451.6,2116,AMRUTANJAN
2012-06-12,EQ,772.0,791.0,765.95,773.35,782.2,778.3,779.08,998.0,610.2,25167,19607203.7,1640,AMRUTANJAN
2012-06-13,EQ,784.9,793.5,772.25,778.3,774.0,774.85,782.39,998.0,610.2,49409,38657337.2,3263,AMRUTANJAN
2012-06-14,EQ,775.0,784.0,761.0,774.85,766.5,764.8,775.15,998.0,610.2,20548,15927784.7,1654,AMRUTANJAN
2012-06-15,EQ,765.0,779.0,765.0,764.8,773.0,770.55,773.18,998.0,610.2,14942,11552856.8,1037,AMRUTANJAN
2012-06-18,EQ,771.3,781.8,758.9,770.55,764.5,762.8,771.51,998.0,610.2,17262,13317770.45,1511,AMRUTANJAN
2012-06-19,EQ,765.0,772.8,761.15,762.8,767.0,765.75,767.16,998.0,610.2,11043,8471728.75,879,AMRUTANJAN
2012-06-20,EQ,768.0,910.0,768.0,765.75,778.0,778.35,783.37,998.0,610.2,36822,28845169.05,2309,AMRUTANJAN
2012-06-21,EQ,780.0,804.0,777.5,778.35,790.0,788.75,792.62,998.0,610.2,73720,58431930.95,4178,AMRUTANJAN
2012-06-22,EQ,787.35,789.95,771.1,788.75,779.0,776.35,779.58,998.0,610.2,20706,16142080.75,1349,AMRUTANJAN
2012-06-25,EQ,778.0,785.0,767.0,776.35,772.0,770.8,777.2,998.0,610.2,13541,10524022.25,1159,AMRUTANJAN
2012-06-26,EQ,771.0,780.0,769.2,770.8,774.15,773.55,773.72,998.0,610.2,15069,11659125.85,1142,AMRUTANJAN
2012-06-27,EQ,775.0,794.4,770.0,773.55,785.5,786.35,783.77,998.0,610.2,35999,28215025.35,2199,AMRUTANJAN
2012-06-28,EQ,786.0,808.95,771.3,786.35,779.0,777.8,789.39,998.0,610.2,83289,65747712.3,4380,AMRUTANJAN
2012-06-29,EQ,780.0,795.9,778.1,777.8,785.0,784.45,786.09,998.0,610.2,28413,22335105.45,1858,AMRUTANJAN
2012-07-02,EQ,785.85,793.15,782.05,784.45,786.15,785.7,787.59,998.0,610.2,22858,18002844.95,1439,AMRUTANJAN
2012-07-03,EQ,785.15,794.3,782.1,785.7,786.05,786.9,788.64,998.0,610.2,16085,12685198.9,974,AMRUTANJAN
2012-07-04,EQ,785.1,828.4,785.1,786.9,828.0,822.25,813.54,998.0,610.2,248642,202281004.1,10618,AMRUTANJAN
2012-07-05,EQ,831.0,838.0,813.1,822.25,815.4,818.1,827.35,998.0,610.2,160390,132699254.6,7944,AMRUTANJAN
2012-07-06,EQ,815.0,822.45,800.0,818.1,805.05,802.7,809.38,998.0,610.2,38740,31355258.85,2593,AMRUTANJAN
2012-07-09,EQ,800.05,808.0,791.0,802.7,793.0,793.15,798.18,998.0,610.2,34136,27246762.1,2021,AMRUTANJAN
2012-07-10,EQ,795.0,810.0,791.25,793.15,803.0,800.85,802.87,998.0,610.2,38932,31257251.8,2553,AMRUTANJAN
2012-07-11,EQ,800.25,808.65,780.05,800.85,798.0,796.75,799.66,998.0,610.2,34391,27501169.9,1848,AMRUTANJAN
2012-07-12,EQ,792.05,806.0,788.0,796.75,790.0,791.9,794.36,998.0,610.2,16331,12972681.45,1084,AMRUTANJAN
2012-07-13,EQ,793.95,802.7,787.0,791.9,790.0,788.65,794.8,998.0,610.2,13322,10588348.1,950,AMRUTANJAN
2012-07-16,EQ,790.0,795.9,778.0,788.65,780.1,780.1,785.68,998.0,610.2,11461,9004725.7,859,AMRUTANJAN
2012-07-17,EQ,784.0,787.95,771.05,780.1,774.0,772.9,778.2,998.0,610.2,11731,9129039.45,800,AMRUTANJAN
2012-07-18,EQ,775.0,781.35,762.0,772.9,770.0,769.45,770.83,998.0,610.2,17530,13512694.25,1101,AMRUTANJAN
2012-07-19,EQ,770.0,789.0,770.0,769.45,773.2,773.0,778.92,998.0,610.2,22819,17774233.45,1493,AMRUTANJAN
2012-07-20,EQ,775.0,779.0,768.0,773.0,771.0,770.65,772.91,998.0,610.2,10912,8433976.35,791,AMRUTANJAN
2012-07-23,EQ,771.5,777.9,764.0,770.65,765.5,765.05,769.35,998.0,610.2,12115,9320735.2,891,AMRUTANJAN
2012-07-24,EQ,768.0,774.05,764.0,765.05,767.0,766.85,768.71,998.0,610.2,10228,7862411.95,781,AMRUTANJAN
2012-07-25,EQ,764.0,769.85,755.2,766.85,758.25,759.2,760.75,998.0,610.2,11572,8803412.85,794,AMRUTANJAN
2012-07-26,EQ,762.0,765.85,735.1,759.2,739.0,737.45,745.44,998.0,610.2,15071,11234518.4,939,AMRUTANJAN
2012-07-27,EQ,741.0,754.9,735.0,737.45,737.4,737.0,745.64,998.0,610.2,10346,7714372.2,894,AMRUTANJAN
2012-07-30,EQ,744.95,749.85,739.1,737.0,747.6,747.05,744.07,949.0,610.2,8468,6300822.5,613,AMRUTANJAN
2012-07-31,EQ,748.0,754.65,743.5,747.05,747.55,747.95,748.56,949.0,610.2,8674,6493032.0,811,AMRUTANJAN
2012-08-01,EQ,752.95,783.7,746.1,747.95,771.9,771.2,769.48,949.0,610.2,45348,34894257.45,2817,AMRUTANJAN
2012-08-02,EQ,775.0,779.0,761.45,771.2,771.25,770.2,771.83,949.0,610.2,15904,12275107.65,962,AMRUTANJAN
2012-08-03,EQ,772.0,791.0,770.2,770.2,785.5,783.2,779.47,949.0,610.2,33735,26295363.35,2069,AMRUTANJAN
2012-08-06,EQ,789.0,815.7,785.0,783.2,788.35,789.8,801.76,910.0,610.2,118789,95240113.1,6899,AMRUTANJAN
2012-08-07,EQ,790.0,794.0,771.25,789.8,772.25,773.5,780.92,910.0,610.2,23916,18676571.9,1660,AMRUTANJAN
2012-08-08,EQ,776.0,782.7,766.6,773.5,769.0,768.5,772.84,910.0,610.2,12054,9315761.85,1016,AMRUTANJAN
2012-08-09,EQ,770.0,787.7,766.35,768.5,773.15,773.7,779.67,910.0,610.2,32862,25621385.45,1989,AMRUTANJAN
2012-08-10,EQ,775.05,779.9,764.9,773.7,767.55,768.3,770.69,910.0,610.2,8025,6184757.9,785,AMRUTANJAN
2012-08-13,EQ,770.0,787.2,766.3,768.3,774.0,774.1,775.51,910.0,610.2,19025,14754109.9,1154,AMRUTANJAN
2012-08-14,EQ,779.0,782.05,768.45,774.1,769.0,769.5,774.5,910.0,610.2,14866,11513721.2,929,AMRUTANJAN
2012-08-16,EQ,770.0,779.0,766.0,769.5,768.2,769.35,771.72,910.0,610.2,18334,14148745.2,1195,AMRUTANJAN
2012-08-17,EQ,770.0,787.0,769.0,769.35,772.35,773.0,777.56,910.0,610.2,24596,19124943.6,1412,AMRUTANJAN
2012-08-21,EQ,776.9,778.0,767.4,773.0,770.6,771.3,772.9,910.0,610.2,18347,14180390.85,1164,AMRUTANJAN
2012-08-22,EQ,771.35,782.0,768.1,771.3,770.15,770.3,773.56,910.0,610.2,16228,12553394.2,948,AMRUTANJAN
2012-08-23,EQ,774.0,799.9,771.1,770.3,786.0,784.0,785.63,910.0,610.2,87063,68399675.6,4546,AMRUTANJAN
2012-08-24,EQ,784.0,788.5,768.95,784.0,774.15,772.85,776.86,910.0,610.2,12557,9754978.3,863,AMRUTANJAN
2012-08-27,EQ,770.65,779.0,762.0,772.85,766.0,764.3,770.13,910.0,610.2,11180,8610027.6,765,AMRUTANJAN
2012-08-28,EQ,766.0,768.8,751.0,764.3,753.55,754.35,758.23,910.0,610.2,7803,5916439.25,555,AMRUTANJAN
2012-08-29,EQ,757.05,758.95,741.0,754.35,742.3,742.55,746.95,910.0,610.2,10790,8059576.35,626,AMRUTANJAN
2012-08-30,EQ,738.5,756.9,738.0,742.55,752.25,752.15,747.76,910.0,610.2,8414,6291651.1,830,AMRUTANJAN
2012-08-31,EQ,748.05,760.65,748.05,752.15,750.1,749.8,754.05,910.0,610.2,5393,4066578.8,488,AMRUTANJAN
2012-09-03,EQ,754.0,766.7,752.0,749.8,762.5,763.1,759.57,910.0,610.2,10400,7899518.5,837,AMRUTANJAN
2012-09-04,EQ,764.8,770.65,753.5,763.1,758.5,757.0,761.2,910.0,610.2,8222,6258610.75,573,AMRUTANJAN
2012-09-05,EQ,758.0,770.0,750.15,757.0,758.0,760.4,761.99,910.0,610.2,13748,10475774.7,1021,AMRUTANJAN
2012-09-06,EQ,767.9,767.9,753.4,760.4,753.4,755.8,757.69,910.0,610.2,7521,5698617.8,517,AMRUTANJAN
2012-09-07,EQ,766.0,775.0,760.0,755.8,765.9,765.9,766.39,910.0,610.2,10717,8213395.5,893,AMRUTANJAN
2012-09-08,EQ,772.0,772.0,760.1,765.9,766.0,765.95,765.91,910.0,610.2,720,551456.6,77,AMRUTANJAN
2012-09-10,EQ,773.7,773.7,763.1,765.95,764.0,765.4,766.29,910.0,610.2,5726,4387779.55,425,AMRUTANJAN
2012-09-11,EQ,768.7,819.6,763.5,765.4,806.0,804.95,801.56,910.0,610.2,178049,142716736.0,10161,AMRUTANJAN
2012-09-12,EQ,814.0,825.0,790.15,804.95,793.0,794.1,811.41,910.0,610.2,134774,109356933.75,6927,AMRUTANJAN
2012-09-13,EQ,799.75,809.0,786.4,794.1,790.0,790.3,799.21,910.0,610.2,67283,53773482.95,3041,AMRUTANJAN
2012-09-14,EQ,798.95,806.0,782.25,790.3,787.0,787.1,796.26,910.0,610.2,21657,17244654.5,1269,AMRUTANJAN
2012-09-17,EQ,788.15,797.7,776.0,787.1,779.6,779.75,785.66,910.0,610.2,23190,18219353.05,1504,AMRUTANJAN
2012-09-18,EQ,784.0,788.0,775.05,779.75,783.0,781.95,782.15,910.0,610.2,13781,10778820.3,892,AMRUTANJAN
2012-09-20,EQ,772.1,777.0,761.4,781.95,762.0,764.9,768.55,910.0,610.2,16356,12570462.95,752,AMRUTANJAN
2012-09-21,EQ,767.05,786.0,767.05,764.9,774.3,776.25,777.04,910.0,610.2,24364,18931870.2,1428,AMRUTANJAN
2012-09-24,EQ,779.95,784.7,770.25,776.25,773.0,772.8,776.7,910.0,610.2,15602,12118063.05,949,AMRUTANJAN
2012-09-25,EQ,771.05,780.0,767.05,772.8,772.0,772.4,773.42,910.0,610.2,15939,12327524.3,1131,AMRUTANJAN
2012-09-26,EQ,772.4,799.7,767.1,772.4,786.0,785.25,788.55,910.0,610.2,56982,44933333.15,3486,AMRUTANJAN
2012-09-27,EQ,789.0,793.6,776.0,785.25,778.5,777.15,782.1,910.0,610.2,12976,10148482.45,853,AMRUTANJAN
2012-09-28,EQ,780.0,785.95,775.55,777.15,778.0,777.35,779.76,910.0,610.2,9463,7378840.1,777,AMRUTANJAN
2012-10-01,EQ,778.0,793.0,778.0,777.35,786.4,784.8,785.77,910.0,610.2,13679,10748486.0,881,AMRUTANJAN
2012-10-03,EQ,784.0,805.0,780.1,784.8,790.0,789.95,794.67,910.0,610.2,36513,29015753.4,2149,AMRUTANJAN
2012-10-04,EQ,792.0,798.4,782.25,789.95,785.0,786.95,791.34,910.0,610.2,16452,13019176.0,922,AMRUTANJAN
2012-10-05,EQ,790.0,792.0,774.1,786.95,776.05,777.75,779.88,910.0,610.2,10769,8398522.2,689,AMRUTANJAN
2012-10-08,EQ,778.0,795.0,773.1,777.75,780.0,778.4,784.03,910.0,610.2,19720,15461104.2,1629,AMRUTANJAN
2012-10-09,EQ,780.15,792.0,778.0,778.4,779.3,779.45,784.86,910.0,610.2,10744,8432539.4,804,AMRUTANJAN
2012-10-10,EQ,780.0,786.95,770.1,779.45,771.3,772.05,777.14,910.0,610.2,6645,5164121.6,735,AMRUTANJAN
2012-10-11,EQ,775.0,784.3,770.0,772.05,777.05,777.4,776.98,910.0,610.2,11024,8565454.05,877,AMRUTANJAN
2012-10-12,EQ,782.6,799.0,779.65,777.4,787.0,787.55,788.91,910.0,610.2,35409,27934386.7,2224,AMRUTANJAN
2012-10-15,EQ,791.05,814.0,785.0,787.55,811.0,808.5,803.34,910.0,610.2,60756,48807464.65,4008,AMRUTANJAN
2012-10-16,EQ,814.95,876.45,811.05,808.5,848.5,846.75,852.78,910.0,610.2,498198,424852177.85,26917,AMRUTANJAN
2012-10-17,EQ,856.4,857.0,826.55,846.75,830.0,830.95,838.67,910.0,610.2,70874,59439674.95,3755,AMRUTANJAN
2012-10-18,EQ,834.7,847.85,817.2,830.95,840.0,838.95,834.17,910.0,610.2,65264,54441376.8,3716,AMRUTANJAN
2012-10-19,EQ,837.5,878.0,833.1,838.95,871.0,872.15,862.47,910.0,610.2,207052,178575718.85,11573,AMRUTANJAN
2012-10-22,EQ,873.0,875.4,849.0,872.15,867.0,866.75,864.82,910.0,610.2,92666,80139453.6,5334,AMRUTANJAN
2012-10-23,EQ,872.3,891.8,865.35,866.75,874.05,876.3,879.43,910.0,610.2,128929,113383414.2,6645,AMRUTANJAN
2012-10-25,EQ,177.9,177.95,165.1,876.3,166.7,167.15,170.54,910.0,165.1,223910,38184495.25,5164,AMRUTANJAN
2012-10-26,EQ,168.0,168.0,159.95,167.15,160.05,160.45,161.99,910.0,159.95,108082,17507781.65,2563,AMRUTANJAN
2012-10-29,EQ,161.0,164.35,158.25,160.45,160.55,160.85,162.35,910.0,158.25,125086,20307987.85,2543,AMRUTANJAN
2012-10-30,EQ,160.0,162.5,156.3,160.85,156.5,157.35,158.76,910.0,156.3,86913,13798439.35,2031,AMRUTANJAN
2012-10-31,EQ,157.5,158.05,153.0,157.35,156.5,156.5,155.57,910.0,153.0,70829,11019126.7,2172,AMRUTANJAN
2012-11-01,EQ,156.15,161.35,156.1,156.5,159.75,160.05,159.88,910.0,153.0,115986,18543817.9,2283,AMRUTANJAN
2012-11-02,EQ,160.95,162.0,158.7,160.05,159.0,159.7,160.41,910.0,153.0,67366,10806326.05,1446,AMRUTANJAN
2012-11-05,EQ,160.0,160.55,156.1,159.7,157.5,157.85,157.91,910.0,153.0,60635,9574826.65,1590,AMRUTANJAN
2012-11-06,EQ,157.5,159.4,156.1,157.85,159.4,158.05,158.12,910.0,153.0,24801,3921467.85,854,AMRUTANJAN
2012-11-07,EQ,157.4,163.0,156.05,158.05,158.5,158.6,159.48,910.0,153.0,81657,13022657.85,2019,AMRUTANJAN
2012-11-08,EQ,157.35,161.9,156.35,158.6,158.5,158.5,159.19,910.0,153.0,60466,9625838.45,1397,AMRUTANJAN
2012-11-09,EQ,159.05,160.5,156.0,158.5,157.25,156.7,158.34,910.0,153.0,34987,5539752.55,875,AMRUTANJAN
2012-11-12,EQ,158.4,159.8,155.25,156.7,158.0,158.25,157.62,910.0,153.0,40610,6401119.75,1038,AMRUTANJAN
2012-11-13,EQ,158.25,159.5,157.0,158.25,158.0,158.2,158.16,910.0,153.0,12249,1937303.8,514,AMRUTANJAN
2012-11-15,EQ,156.75,157.9,153.0,158.2,153.8,153.4,155.08,910.0,153.0,38963,6042510.45,1347,AMRUTANJAN
2012-11-16,EQ,154.85,156.0,150.25,153.4,151.55,152.15,154.0,910.0,150.25,35865,5523270.45,1110,AMRUTANJAN
2012-11-19,EQ,154.0,154.0,150.35,152.15,150.9,150.9,151.22,910.0,150.25,17622,2664841.8,620,AMRUTANJAN
2012-11-20,EQ,152.4,153.95,149.1,150.9,150.45,149.5,150.85,910.0,149.1,15865,2393250.05,610,AMRUTANJAN
2012-11-21,EQ,150.05,151.6,149.0,149.5,149.35,149.45,150.38,910.0,149.0,23975,3605289.2,991,AMRUTANJAN
2012-11-22,EQ,150.05,154.0,149.45,149.45,150.5,150.95,151.8,910.0,149.0,34281,5203902.1,1328,AMRUTANJAN
2012-11-23,EQ,151.05,153.8,149.6,150.95,151.35,151.15,151.13,910.0,149.0,34796,5258663.55,2220,AMRUTANJAN
2012-11-26,EQ,151.5,151.95,148.0,151.15,149.3,149.8,150.26,910.0,148.0,16158,2427959.4,489,AMRUTANJAN
2012-11-27,EQ,150.9,159.4,149.15,149.8,155.05,155.45,156.82,910.0,148.0,190931,29941627.25,4375,AMRUTANJAN
2012-11-29,EQ,155.55,157.05,152.0,155.45,152.55,152.75,153.68,910.0,148.0,42590,6545182.95,1318,AMRUTANJAN
2012-11-30,EQ,153.0,155.0,153.0,152.75,153.4,153.6,154.05,910.0,148.0,43188,6652940.15,1301,AMRUTANJAN
2012-12-03,EQ,152.3,156.8,152.3,153.6,152.7,152.85,154.11,910.0,148.0,40600,6256713.65,1264,AMRUTANJAN
2012-12-04,EQ,153.0,154.75,152.1,152.85,152.4,152.5,153.19,910.0,148.0,32487,4976572.45,1019,AMRUTANJAN
2012-12-05,EQ,152.55,154.5,152.1,152.5,152.6,152.8,153.25,910.0,148.0,25159,3855553.9,663,AMRUTANJAN
2012-12-06,EQ,152.8,153.9,151.75,152.8,152.7,152.5,152.68,910.0,148.0,20181,3081229.5,575,AMRUTANJAN
2012-12-07,EQ,153.15,155.8,152.9,152.5,154.5,154.3,154.72,910.0,148.0,76627,11855448.7,1465,AMRUTANJAN
2012-12-10,EQ,154.05,166.65,153.35,154.3,163.05,163.1,162.15,910.0,148.0,506217,82082812.85,10740,AMRUTANJAN
2012-12-11,EQ,164.55,164.9,159.0,163.1,160.15,160.2,162.33,910.0,148.0,119225,19353988.1,2564,AMRUTANJAN
2012-12-12,EQ,161.0,162.5,157.85,160.2,158.7,158.6,160.07,910.0,148.0,68334,10938124.1,2068,AMRUTANJAN
2012-12-13,EQ,159.0,161.0,154.25,158.6,154.35,155.05,157.26,910.0,148.0,73715,11592528.0,2163,AMRUTANJAN
2012-12-14,EQ,154.45,157.95,153.15,155.05,154.5,154.3,155.61,910.0,148.0,45956,7151292.2,1534,AMRUTANJAN
2012-12-17,EQ,154.8,156.95,154.05,154.3,154.95,154.9,155.08,910.0,148.0,42376,6571518.55,993,AMRUTANJAN
2012-12-18,EQ,154.05,157.4,154.05,154.9,155.5,155.95,155.95,910.0,148.0,32195,5020966.7,932,AMRUTANJAN
2012-12-19,EQ,156.0,160.2,155.65,155.95,156.6,156.9,158.29,910.0,148.0,94209,14912367.55,2268,AMRUTANJAN
2012-12-20,EQ,158.35,158.35,154.7,156.9,154.85,155.05,155.98,910.0,148.0,15031,2344464.25,519,AMRUTANJAN
2012-12-21,EQ,154.15,157.85,154.0,155.05,154.05,154.15,155.35,910.0,148.0,38025,5907354.25,1386,AMRUTANJAN
2012-12-24,EQ,154.55,156.6,153.3,154.15,155.5,154.9,155.06,910.0,148.0,45881,7114201.1,869,AMRUTANJAN
2012-12-26,EQ,155.8,156.7,153.3,154.9,155.4,154.95,154.95,910.0,148.0,30235,4684854.5,1047,AMRUTANJAN
2012-12-27,EQ,155.55,159.7,155.3,154.95,155.4,155.6,157.54,910.0,148.0,72523,11425533.3,1603,AMRUTANJAN
2012-12-28,EQ,156.45,157.45,154.6,155.6,154.7,154.85,155.77,910.0,148.0,23502,3660910.7,625,AMRUTANJAN
2012-12-31,EQ,155.15,158.7,153.6,154.85,154.95,155.0,155.62,910.0,148.0,94330,14679228.5,2392,AMRUTANJAN
2013-01-01,EQ,155.3,156.4,154.35,155.0,155.2,155.0,155.4,910.0,148.0,15504,2409271.2,544,AMRUTANJAN
2013-01-02,EQ,155.35,160.0,154.5,155.0,157.45,158.75,157.87,910.0,148.0,191060,30162968.2,3767,AMRUTANJAN
2013-01-03,EQ,158.75,158.9,156.65,158.75,157.5,157.5,157.77,910.0,148.0,42557,6714357.95,923,AMRUTANJAN
2013-01-04,EQ,157.3,157.5,155.75,157.5,157.0,157.05,156.68,910.0,148.0,17751,2781307.9,421,AMRUTANJAN
2013-01-07,EQ,157.2,158.85,156.0,157.05,156.75,156.55,157.42,910.0,148.0,28844,4540679.3,715,AMRUTANJAN
2013-01-08,EQ,156.2,158.0,155.15,156.55,156.3,156.35,156.47,910.0,148.0,36783,5755524.45,703,AMRUTANJAN
2013-01-09,EQ,157.7,157.95,155.0,156.35,155.05,155.1,156.16,910.0,148.0,27892,4355569.15,585,AMRUTANJAN
2013-01-10,EQ,156.45,156.7,153.65,155.1,154.05,154.35,154.6,910.0,148.0,31996,4946525.5,597,AMRUTANJAN
2013-01-11,EQ,154.55,154.95,152.5,154.35,153.4,153.1,153.6,910.0,148.0,31777,4881099.7,670,AMRUTANJAN
2013-01-14,EQ,153.25,154.3,151.9,153.1,153.1,153.4,153.21,910.0,148.0,22084,3383577.85,493,AMRUTANJAN
2013-01-15,EQ,154.75,155.95,153.0,153.4,153.3,153.2,154.38,910.0,148.0,28635,4420580.85,643,AMRUTANJAN
2013-01-16,EQ,153.1,153.65,150.9,153.2,151.0,151.4,152.37,910.0,148.0,22093,3366262.45,660,AMRUTANJAN
2013-01-17,EQ,151.65,152.8,150.5,151.4,152.0,151.8,151.99,910.0,148.0,12354,1877735.05,305,AMRUTANJAN
2013-01-18,EQ,151.85,153.0,150.1,151.8,150.6,150.4,150.89,910.0,148.0,15240,2299626.05,430,AMRUTANJAN
2013-01-21,EQ,151.0,152.95,150.2,150.4,152.9,152.15,152.07,910.0,148.0,22115,3363130.8,469,AMRUTANJAN
2013-01-22,EQ,151.85,153.0,150.1,152.15,150.5,150.65,151.4,910.0,148.0,16028,2426681.7,383,AMRUTANJAN
2013-01-23,EQ,150.55,154.8,150.4,150.65,151.4,151.65,152.22,910.0,148.0,27097,4124774.25,785,AMRUTANJAN
2013-01-24,EQ,150.7,151.6,146.7,151.65,148.65,148.65,148.61,910.0,146.7,23856,3545215.9,637,AMRUTANJAN
2013-01-25,EQ,149.0,149.4,146.6,148.65,148.0,148.3,148.0,910.0,146.6,12238,1811227.45,371,AMRUTANJAN
2013-01-28,EQ,147.55,149.95,147.2,148.3,148.35,148.45,148.93,910.0,146.6,9452,1407681.25,291,AMRUTANJAN
2013-01-29,EQ,148.5,149.45,147.25,148.45,147.25,147.9,148.16,910.0,146.6,10247,1518204.95,256,AMRUTANJAN
2013-01-30,EQ,149.0,149.0,147.0,147.9,147.55,148.05,147.85,910.0,146.6,13254,1959634.8,440,AMRUTANJAN
2013-01-31,EQ,147.25,148.45,147.0,148.05,147.15,147.5,147.83,910.0,146.6,4705,695523.6,214,AMRUTANJAN
2013-02-01,EQ,147.15,148.5,146.1,147.5,147.2,146.95,147.39,910.0,146.1,5902,869875.0,266,AMRUTANJAN
2013-02-04,EQ,147.05,148.45,144.0,146.95,144.65,144.8,145.85,910.0,144.0,10184,1485298.2,282,AMRUTANJAN
2013-02-05,EQ,144.35,144.9,140.85,144.8,141.5,141.3,143.02,910.0,140.85,14161,2025311.95,554,AMRUTANJAN
2013-02-06,EQ,142.5,156.8,142.5,141.3,148.2,149.0,151.82,910.0,140.85,315602,47913710.55,7640,AMRUTANJAN
2013-02-07,EQ,149.5,153.8,146.0,149.0,146.2,146.85,150.29,910.0,140.85,110876,16663937.3,2884,AMRUTANJAN
2013-02-08,EQ,147.2,149.0,142.5,146.85,144.0,143.3,145.79,910.0,140.85,37125,5412490.05,937,AMRUTANJAN
2013-02-11,EQ,145.05,145.05,140.0,143.3,142.25,141.55,142.15,910.0,140.0,23429,3330536.3,699,AMRUTANJAN
2013-02-12,EQ,141.5,142.95,136.6,141.55,138.5,137.9,138.87,910.0,136.6,24485,3400193.95,1013,AMRUTANJAN
2013-02-13,EQ,139.15,145.0,137.7,137.9,138.75,139.4,142.18,910.0,136.6,56513,8034962.65,1643,AMRUTANJAN
2013-02-14,EQ,139.85,142.0,136.9,139.4,136.9,137.8,138.58,910.0,136.6,24487,3393420.4,862,AMRUTANJAN
2013-02-15,EQ,136.9,136.9,134.05,137.8,135.6,135.5,135.4,910.0,134.05,19654,2661117.5,605,AMRUTANJAN
2013-02-18,EQ,137.1,137.45,135.7,135.5,136.0,136.2,136.5,910.0,134.05,11708,1598109.4,314,AMRUTANJAN
2013-02-19,EQ,136.7,138.0,135.75,136.2,137.05,137.3,136.85,910.0,134.05,15622,2137893.05,543,AMRUTANJAN
2013-02-20,EQ,138.15,139.5,137.05,137.3,137.55,137.55,137.96,910.0,134.05,13753,1897384.15,513,AMRUTANJAN
2013-02-21,EQ,137.2,137.2,133.5,137.55,134.0,134.15,135.28,910.0,133.5,41252,5580557.9,496,AMRUTANJAN
2013-02-22,EQ,133.0,135.9,132.9,134.15,133.6,133.25,133.88,910.0,132.9,7880,1054982.8,393,AMRUTANJAN
2013-02-25,EQ,133.1,134.65,130.1,133.25,131.3,130.85,131.98,910.0,130.1,10550,1392411.3,473,AMRUTANJAN
2013-02-26,EQ,131.15,131.15,127.1,130.85,128.0,127.8,128.84,910.0,127.1,9428,1214748.8,349,AMRUTANJAN
2013-02-27,EQ,128.6,130.45,124.7,127.8,127.65,128.05,127.49,910.0,124.7,13615,1735752.7,690,AMRUTANJAN
2013-02-28,EQ,128.55,129.7,123.0,128.05,124.0,124.1,125.71,910.0,123.0,10125,1272766.35,445,AMRUTANJAN
2013-03-01,EQ,123.0,125.95,122.7,124.1,123.55,124.1,124.39,910.0,122.7,12592,1566338.95,318,AMRUTANJAN
2013-03-04,EQ,123.0,125.0,120.4,124.1,122.0,122.45,123.46,910.0,120.4,15179,1874054.25,370,AMRUTANJAN
2013-03-05,EQ,123.1,126.75,121.0,122.45,125.7,125.95,124.79,910.0,120.4,8955,1117461.7,529,AMRUTANJAN
2013-03-06,EQ,125.95,128.3,125.15,125.95,128.3,127.2,127.16,910.0,120.4,11526,1465695.15,372,AMRUTANJAN
2013-03-07,EQ,128.0,129.85,125.55,127.2,127.55,127.55,126.94,910.0,120.4,7869,998895.75,339,AMRUTANJAN
2013-03-08,EQ,126.05,129.8,126.05,127.55,128.45,128.1,127.99,910.0,120.4,12895,1650481.45,313,AMRUTANJAN
2013-03-11,EQ,128.55,130.5,127.1,128.1,128.0,127.65,128.41,910.0,120.4,8027,1030714.55,329,AMRUTANJAN
2013-03-12,EQ,128.9,140.9,127.25,127.65,137.25,137.4,137.44,910.0,120.4,195606,26883501.5,5091,AMRUTANJAN
2013-03-13,EQ,136.05,137.85,131.1,137.4,132.1,132.6,133.31,910.0,120.4,32254,4299701.9,981,AMRUTANJAN
2013-03-14,EQ,133.85,134.0,130.0,132.6,131.8,132.2,132.07,910.0,120.4,9997,1320263.8,392,AMRUTANJAN
2013-03-15,EQ,133.15,133.2,130.0,132.2,130.7,130.6,131.23,910.0,120.4,12446,1633306.1,426,AMRUTANJAN
2013-03-18,EQ,129.15,130.85,128.2,130.6,129.0,129.0,129.12,910.0,120.4,10555,1362840.0,281,AMRUTANJAN
2013-03-19,EQ,129.0,130.05,127.1,129.0,129.0,127.85,128.26,910.0,120.4,5540,710543.45,262,AMRUTANJAN
2013-03-20,EQ,128.1,128.15,123.05,127.85,125.0,124.5,125.01,910.0,120.4,18417,2302230.45,450,AMRUTANJAN
2013-03-21,EQ,123.7,127.95,122.55,124.5,124.05,124.45,125.03,910.0,120.4,12012,1501865.2,315,AMRUTANJAN
2013-03-22,EQ,123.55,124.15,116.3,124.45,118.1,118.0,119.22,910.0,116.3,12332,1470188.65,598,AMRUTANJAN
2013-03-25,EQ,120.75,121.95,112.0,118.0,112.75,113.65,116.22,910.0,112.0,25272,2936993.4,649,AMRUTANJAN
2013-03-26,EQ,113.95,114.7,110.1,113.65,112.85,112.4,112.99,910.0,110.1,14803,1672615.4,507,AMRUTANJAN
2013-03-28,EQ,114.8,116.0,108.25,112.4,115.65,115.1,112.73,910.0,108.25,20092,2264880.7,708,AMRUTANJAN
2013-04-01,EQ,118.5,124.65,115.6,115.1,124.5,123.1,120.99,910.0,108.25,27539,3332034.55,1117,AMRUTANJAN
2013-04-02,EQ,125.0,133.05,121.5,123.1,127.5,128.05,127.31,910.0,108.25,31713,4037371.15,1247,AMRUTANJAN
2013-04-03,EQ,127.0,134.8,126.5,128.05,128.3,128.6,131.64,910.0,108.25,51878,6829093.45,1551,AMRUTANJAN
2013-04-04,EQ,128.75,128.75,124.15,128.6,125.65,125.15,125.48,910.0,108.25,12608,1582022.9,418,AMRUTANJAN
2013-04-05,EQ,126.5,126.85,122.0,125.15,125.0,124.35,125.0,910.0,108.25,8474,1059210.7,386,AMRUTANJAN
2013-04-08,EQ,126.25,126.25,124.0,124.35,124.0,124.05,124.52,910.0,108.25,7251,902892.95,174,AMRUTANJAN
2013-04-09,EQ,123.95,126.9,123.95,124.05,124.0,124.05,124.63,910.0,108.25,13100,1632647.15,331,AMRUTANJAN
2013-04-10,EQ,124.05,126.0,121.2,124.05,125.5,125.05,123.76,910.0,108.25,8759,1084020.15,273,AMRUTANJAN
2013-04-11,EQ,125.55,127.5,125.25,125.05,126.0,125.75,126.4,910.0,108.25,6883,870043.15,218,AMRUTANJAN
2013-04-12,EQ,124.45,126.0,122.4,125.75,125.25,124.3,124.41,910.0,108.25,3786,471018.75,196,AMRUTANJAN
2013-04-15,EQ,124.4,127.9,124.3,124.3,126.3,126.7,126.27,910.0,108.25,7000,883872.25,306,AMRUTANJAN
2013-04-16,EQ,126.0,128.0,124.65,126.7,128.0,127.35,126.59,910.0,108.25,4770,603844.0,187,AMRUTANJAN
2013-04-17,EQ,127.05,130.7,125.55,127.35,127.05,127.5,128.25,910.0,108.25,16656,2136122.6,533,AMRUTANJAN
2013-04-18,EQ,128.05,129.7,125.4,127.5,126.85,126.45,126.46,910.0,108.25,7423,938677.2,281,AMRUTANJAN
2013-04-22,EQ,126.8,128.9,124.0,126.45,128.0,127.75,126.41,910.0,108.25,16361,2068167.95,453,AMRUTANJAN
2013-04-23,EQ,128.9,130.4,126.0,127.75,127.25,127.8,127.99,910.0,108.25,19762,2529314.85,453,AMRUTANJAN
2013-04-25,EQ,127.65,142.0,127.65,127.8,134.05,133.75,135.94,910.0,108.25,231213,31430575.15,4698,AMRUTANJAN
2013-04-26,EQ,133.75,136.5,129.0,133.75,129.05,130.35,131.9,910.0,108.25,22529,2971662.05,688,AMRUTANJAN
2013-04-29,EQ,131.0,132.95,127.5,130.35,131.75,130.85,130.97,910.0,108.25,24098,3156136.3,660,AMRUTANJAN
2013-04-30,EQ,130.0,142.7,130.0,130.85,135.0,135.45,137.41,910.0,108.25,214518,29477873.3,4349,AMRUTANJAN
2013-05-02,EQ,133.0,139.1,133.0,135.45,133.25,134.4,136.41,910.0,108.25,67375,9190526.8,1595,AMRUTANJAN
2013-05-03,EQ,134.0,134.85,131.1,134.4,132.5,132.4,132.98,910.0,108.25,13833,1839456.2,426,AMRUTANJAN
2013-05-06,EQ,133.0,144.85,131.1,132.4,144.5,143.45,140.9,910.0,108.25,172112,24251170.55,3173,AMRUTANJAN
2013-05-07,EQ,146.5,150.5,145.1,143.45,147.0,146.7,147.9,910.0,108.25,476008,70400892.8,9690,AMRUTANJAN
2013-05-08,EQ,146.7,147.35,142.35,146.7,143.05,143.55,144.3,910.0,108.25,36540,5272674.15,1074,AMRUTANJAN
2013-05-09,EQ,141.05,147.5,141.05,143.55,143.2,143.2,144.91,910.0,108.25,41395,5998671.9,1274,AMRUTANJAN
2013-05-10,EQ,143.65,145.6,140.5,143.2,142.0,141.35,142.69,910.0,108.25,14888,2124323.2,558,AMRUTANJAN
2013-05-11,EQ,141.35,142.9,140.4,141.35,140.75,140.95,141.16,910.0,108.25,5562,785135.3,139,AMRUTANJAN
2013-05-13,EQ,141.95,141.95,136.15,140.95,136.4,136.4,138.14,910.0,108.25,19890,2747699.1,631,AMRUTANJAN
2013-05-14,EQ,136.5,140.7,134.5,136.4,136.0,136.25,138.01,910.0,108.25,32488,4483680.4,949,AMRUTANJAN
2013-05-15,EQ,136.5,140.8,135.65,136.25,139.0,138.65,138.86,910.0,108.25,34877,4842923.2,881,AMRUTANJAN
2013-05-16,EQ,138.65,143.0,138.65,138.65,139.0,139.55,140.56,910.0,108.25,46852,6585417.9,1064,AMRUTANJAN
2013-05-17,EQ,141.0,142.5,138.0,139.55,139.3,139.65,140.44,910.0,108.25,26117,3667766.5,634,AMRUTANJAN
2013-05-20,EQ,141.95,141.95,136.4,139.65,137.25,136.95,138.73,910.0,108.25,8292,1150374.0,462,AMRUTANJAN
2013-05-21,EQ,137.45,139.9,136.1,136.95,136.65,137.1,137.56,910.0,108.25,11405,1568828.95,429,AMRUTANJAN
2013-05-22,EQ,138.85,138.85,135.0,137.1,135.3,135.55,136.38,910.0,108.25,11386,1552851.0,442,AMRUTANJAN
2013-05-23,EQ,134.4,135.45,129.05,135.55,129.85,129.6,130.96,910.0,108.25,10323,1351890.75,498,AMRUTANJAN
2013-05-24,EQ,131.0,133.8,128.0,129.6,131.65,131.8,131.59,910.0,108.25,14247,1874714.6,699,AMRUTANJAN
2013-05-27,EQ,129.2,138.0,129.2,131.8,136.0,135.75,135.33,910.0,108.25,29057,3932138.85,920,AMRUTANJAN
2013-05-28,EQ,136.95,139.0,135.5,135.75,137.0,137.0,137.04,910.0,108.25,24375,3340337.1,569,AMRUTANJAN
2013-05-29,EQ,137.95,138.5,134.3,137.0,135.0,135.15,135.87,910.0,108.25,10502,1426891.9,402,AMRUTANJAN
2013-05-30,EQ,135.2,138.4,128.55,135.15,131.55,132.85,132.81,910.0,108.25,32700,4342829.5,1068,AMRUTANJAN
2013-05-31,EQ,133.0,134.75,127.6,132.85,128.0,128.65,130.45,910.0,108.25,13271,1731263.95,511,AMRUTANJAN
2013-06-03,EQ,129.0,129.6,126.4,128.65,127.6,127.5,128.1,910.0,108.25,8233,1054651.6,375,AMRUTANJAN
2013-06-04,EQ,128.2,131.7,126.6,127.5,127.1,127.45,129.3,910.0,108.25,13207,1707689.75,400,AMRUTANJAN
2013-06-05,EQ,127.2,129.0,125.0,127.45,125.65,125.95,126.83,910.0,108.25,12606,1598851.45,436,AMRUTANJAN
2013-06-06,EQ,126.45,128.0,125.25,125.95,126.55,126.25,126.22,910.0,108.25,6634,837355.75,283,AMRUTANJAN
2013-06-07,EQ,125.0,130.8,125.0,126.25,128.4,128.0,128.93,910.0,108.25,20517,2645170.05,811,AMRUTANJAN
2013-06-10,EQ,127.0,128.95,126.0,128.0,126.05,126.45,127.36,910.0,108.25,5999,764059.75,243,AMRUTANJAN
2013-06-11,EQ,125.0,134.55,122.1,126.45,133.65,132.65,130.08,910.0,108.25,42411,5517026.85,1013,AMRUTANJAN
2013-06-12,EQ,136.4,136.8,126.0,132.65,126.0,128.15,132.75,910.0,108.25,177710,23590474.0,4039,AMRUTANJAN
2013-06-13,EQ,125.0,131.7,123.45,128.15,128.4,129.5,128.83,910.0,108.25,25719,3313307.9,808,AMRUTANJAN
2013-06-14,EQ,128.55,131.5,126.1,129.5,126.55,127.0,128.38,910.0,108.25,10018,1286096.55,384,AMRUTANJAN
2013-06-17,EQ,126.35,129.0,125.3,127.0,127.0,127.35,127.65,910.0,108.25,11485,1466031.15,442,AMRUTANJAN
2013-06-18,EQ,127.15,131.5,126.75,127.35,127.3,127.55,129.37,910.0,108.25,100896,13052439.25,2352,AMRUTANJAN
2013-06-19,EQ,126.35,128.8,126.35,127.55,127.05,127.0,127.59,910.0,108.25,10786,1376165.95,381,AMRUTANJAN
2013-06-20,EQ,126.0,126.9,122.85,127.0,123.5,123.55,124.34,910.0,108.25,19382,2409914.9,579,AMRUTANJAN
2013-06-21,EQ,122.0,126.8,120.0,123.55,121.0,121.1,123.56,910.0,108.25,31165,3850777.35,921,AMRUTANJAN
2013-06-24,EQ,121.15,122.0,117.0,121.1,117.0,117.25,118.57,891.8,108.25,10448,1238849.95,404,AMRUTANJAN
2013-06-25,EQ,116.0,120.0,114.9,117.25,117.15,117.0,117.51,891.8,108.25,14086,1655285.25,536,AMRUTANJAN
2013-06-26,EQ,115.0,118.45,115.0,117.0,117.5,117.15,117.22,891.8,108.25,8802,1031729.6,288,AMRUTANJAN
2013-06-27,EQ,116.5,118.9,116.0,117.15,116.35,116.95,117.36,891.8,108.25,9555,1121352.75,318,AMRUTANJAN
2013-06-28,EQ,116.5,122.0,116.0,116.95,120.5,120.6,119.5,891.8,108.25,31394,3751478.0,1010,AMRUTANJAN
2013-07-01,EQ,119.05,124.4,119.05,120.6,122.7,122.55,122.55,891.8,108.25,21092,2584908.9,716,AMRUTANJAN
2013-07-02,EQ,121.65,124.15,120.25,122.55,120.7,121.8,122.24,891.8,108.25,26377,3224197.15,643,AMRUTANJAN
2013-07-03,EQ,120.5,120.5,118.2,121.8,120.0,119.3,119.11,891.8,108.25,6302,750650.0,307,AMRUTANJAN
2013-07-04,EQ,118.0,122.0,118.0,119.3,119.05,119.65,120.32,891.8,108.25,12093,1455084.7,471,AMRUTANJAN
2013-07-05,EQ,118.35,122.0,118.35,119.65,119.35,119.75,120.08,891.8,108.25,8647,1038336.3,236,AMRUTANJAN
2013-07-08,EQ,119.0,124.5,117.6,119.75,121.35,121.15,121.39,891.8,108.25,30703,3726959.4,836,AMRUTANJAN
2013-07-09,EQ,120.2,122.5,120.2,121.15,121.9,121.55,121.71,891.8,108.25,11939,1453082.05,194,AMRUTANJAN
2013-07-10,EQ,120.5,126.6,120.5,121.55,124.0,124.05,124.28,891.8,108.25,45548,5660769.9,1242,AMRUTANJAN
2013-07-11,EQ,128.0,128.0,122.7,124.05,123.5,123.9,125.52,891.8,108.25,23307,2925501.7,811,AMRUTANJAN
2013-07-12,EQ,123.6,126.8,123.6,123.9,125.3,125.5,124.91,891.8,108.25,11958,1493703.7,363,AMRUTANJAN
2013-07-15,EQ,124.0,126.4,123.65,125.5,124.9,124.8,124.99,891.8,108.25,11173,1396499.55,362,AMRUTANJAN
2013-07-16,EQ,123.75,123.9,121.2,124.8,122.0,122.2,122.28,891.8,108.25,4579,559939.4,247,AMRUTANJAN
2013-07-17,EQ,121.05,127.5,121.05,122.2,124.0,124.65,125.28,891.8,108.25,27651,3464198.6,846,AMRUTANJAN
2013-07-18,EQ,125.05,126.9,123.65,124.65,125.5,126.35,125.54,891.8,108.25,8731,1096113.15,307,AMRUTANJAN
2013-07-19,EQ,125.0,127.0,124.5,126.35,124.95,125.05,125.87,891.8,108.25,7864,989848.95,280,AMRUTANJAN
2013-07-22,EQ,124.0,125.9,123.5,125.05,124.5,124.15,124.72,891.8,108.25,3905,487024.25,221,AMRUTANJAN
2013-07-23,EQ,123.05,129.3,123.05,124.15,128.0,127.85,127.42,891.8,108.25,36964,4709955.8,926,AMRUTANJAN
2013-07-24,EQ,127.0,128.7,123.2,127.85,123.35,123.85,124.86,891.8,108.25,16458,2055027.6,470,AMRUTANJAN
2013-07-25,EQ,123.0,124.65,121.0,123.85,121.4,121.5,122.59,891.8,108.25,9553,1171094.25,239,AMRUTANJAN
2013-07-26,EQ,121.3,124.7,120.0,121.5,120.2,120.4,121.87,891.8,108.25,14600,1779288.25,475,AMRUTANJAN
2013-07-29,EQ,119.65,144.0,119.65,120.4,121.5,120.95,122.27,891.8,108.25,8753,1070202.4,249,AMRUTANJAN
2013-07-30,EQ,120.9,123.3,118.0,120.95,118.1,118.55,119.96,891.8,108.25,9534,1143666.75,261,AMRUTANJAN
2013-07-31,EQ,117.0,119.65,114.4,118.55,118.0,117.7,116.08,891.8,108.25,14245,1653561.0,470,AMRUTANJAN
2013-08-01,EQ,117.0,119.0,115.0,117.7,115.1,115.2,116.21,891.8,108.25,11896,1382433.85,370,AMRUTANJAN
2013-08-02,EQ,114.0,115.15,112.25,115.2,113.6,113.85,113.64,891.8,108.25,7400,840968.05,296,AMRUTANJAN
2013-08-05,EQ,114.0,114.9,108.8,113.85,108.9,109.45,111.71,891.8,108.25,12800,1429910.05,433,AMRUTANJAN
2013-08-06,EQ,108.0,108.0,105.1,109.45,106.25,106.35,106.55,891.8,105.1,11234,1196993.35,310,AMRUTANJAN
2013-08-07,EQ,105.05,109.0,104.25,106.35,104.6,105.15,106.01,891.8,104.25,7940,841720.3,268,AMRUTANJAN
2013-08-08,EQ,102.0,105.2,101.0,105.15,104.15,103.95,103.36,891.8,101.0,20274,2095427.7,773,AMRUTANJAN
2013-08-12,EQ,103.25,107.7,103.15,103.95,105.0,104.1,104.83,891.8,101.0,23365,2449347.35,567,AMRUTANJAN
2013-08-13,EQ,103.1,117.0,103.1,104.1,113.2,113.35,112.54,891.8,101.0,59028,6642771.75,2105,AMRUTANJAN
2013-08-14,EQ,111.3,116.0,110.7,113.35,111.0,111.9,113.56,891.8,101.0,19174,2177342.1,709,AMRUTANJAN
2013-08-16,EQ,110.0,111.0,106.1,111.9,107.5,107.0,108.35,891.8,101.0,8979,972912.35,397,AMRUTANJAN
2013-08-19,EQ,106.0,106.0,102.4,107.0,102.65,103.15,103.69,891.8,101.0,8915,924428.55,361,AMRUTANJAN
2013-08-20,EQ,102.15,106.75,101.0,103.15,104.0,103.95,103.8,891.8,101.0,14587,1514105.4,570,AMRUTANJAN
2013-08-21,EQ,103.7,107.8,101.0,103.95,102.4,101.35,104.27,891.8,101.0,12079,1259461.9,388,AMRUTANJAN
2013-08-22,EQ,100.0,104.9,99.55,101.35,103.15,103.95,103.45,891.8,99.55,10092,1044027.15,288,AMRUTANJAN
2013-08-23,EQ,103.0,105.6,103.0,103.95,105.0,104.85,104.57,891.8,99.55,7619,796688.7,239,AMRUTANJAN
2013-08-26,EQ,104.15,106.45,103.5,104.85,104.1,104.35,104.68,891.8,99.55,11781,1233177.45,271,AMRUTANJAN
2013-08-27,EQ,104.0,104.0,98.75,104.35,99.25,99.7,100.32,891.8,98.75,16568,1662146.4,461,AMRUTANJAN
2013-08-28,EQ,99.0,99.9,96.35,99.7,98.5,99.1,98.26,891.8,96.35,12597,1237738.8,411,AMRUTANJAN
2013-08-29,EQ,98.65,103.0,98.65,99.1,101.9,101.6,101.49,891.8,96.35,8343,846711.4,341,AMRUTANJAN
2013-08-30,EQ,101.5,103.0,99.1,101.6,100.0,99.7,101.32,891.8,96.35,11205,1135267.8,388,AMRUTANJAN
2013-09-02,EQ,101.0,102.6,100.0,99.7,101.25,101.4,101.49,891.8,96.35,8258,838107.1,187,AMRUTANJAN
2013-09-03,EQ,102.05,103.8,101.5,101.4,101.9,101.55,102.12,891.8,96.35,12611,1287884.45,219,AMRUTANJAN
2013-09-04,EQ,102.1,103.2,97.2,101.55,98.3,97.95,99.59,891.8,96.35,18523,1844619.7,405,AMRUTANJAN
2013-09-05,EQ,103.0,103.0,99.4,97.95,101.25,101.0,101.23,891.8,96.35,16582,1678556.9,527,AMRUTANJAN
2013-09-06,EQ,103.75,103.75,100.8,101.0,101.8,101.75,101.83,891.8,96.35,5503,560371.15,193,AMRUTANJAN
2013-09-10,EQ,103.9,104.7,102.5,101.75,103.4,103.4,103.43,891.8,96.35,12455,1288160.75,368,AMRUTANJAN
2013-09-11,EQ,105.5,116.45,102.6,103.4,111.2,111.65,111.99,891.8,96.35,89154,9984720.2,2490,AMRUTANJAN
2013-09-12,EQ,112.8,114.2,106.05,111.65,107.0,107.05,109.39,891.8,96.35,13541,1481209.7,503,AMRUTANJAN
2013-09-13,EQ,107.0,111.7,107.0,107.05,108.75,108.15,109.25,891.8,96.35,15575,1701523.7,634,AMRUTANJAN
2013-09-16,EQ,112.35,121.7,107.95,108.15,121.05,119.75,117.61,891.8,96.35,155329,18268980.95,2366,AMRUTANJAN
2013-09-17,EQ,125.0,127.2,121.5,119.75,123.0,124.1,124.31,891.8,96.35,324329,40318555.8,6018,AMRUTANJAN
2013-09-18,EQ,122.0,123.0,118.2,124.1,119.0,119.35,120.33,891.8,96.35,37093,4463493.7,1019,AMRUTANJAN
2013-09-19,EQ,119.35,122.25,115.5,119.35,116.7,116.5,117.65,891.8,96.35,26272,3090875.55,745,AMRUTANJAN
2013-09-20,EQ,118.95,118.95,113.2,116.5,113.5,113.6,114.6,891.8,96.35,18059,2069612.25,391,AMRUTANJAN
2013-09-23,EQ,114.8,114.8,111.1,113.6,111.2,111.65,111.87,891.8,96.35,8086,904554.5,284,AMRUTANJAN
2013-09-24,EQ,111.2,115.1,109.15,111.65,112.4,112.6,112.77,891.8,96.35,11215,1264762.35,400,AMRUTANJAN
2013-09-25,EQ,114.9,114.9,110.0,112.6,110.75,111.4,111.64,891.8,96.35,14892,1662609.1,440,AMRUTANJAN
2013-09-26,EQ,111.4,116.7,110.0,111.4,113.0,112.9,113.63,891.8,96.35,27035,3072051.3,958,AMRUTANJAN
2013-09-27,EQ,115.0,115.0,110.1,112.9,110.95,110.8,112.23,891.8,96.35,13461,1510691.45,325,AMRUTANJAN
2013-09-30,EQ,112.15,113.0,108.1,110.8,111.0,110.6,111.29,891.8,96.35,8780,977110.75,289,AMRUTANJAN
2013-10-01,EQ,112.7,113.9,110.2,110.6,111.6,111.4,111.73,891.8,96.35,5475,611734.95,235,AMRUTANJAN
2013-10-03,EQ,112.0,114.7,110.0,111.4,112.0,112.75,113.27,891.8,96.35,10682,1209987.6,339,AMRUTANJAN
2013-10-04,EQ,112.9,113.8,111.45,112.75,112.4,112.0,112.53,891.8,96.35,7962,895926.55,196,AMRUTANJAN
2013-10-07,EQ,113.3,113.3,111.1,112.0,112.8,112.55,112.25,891.8,96.35,3213,360653.2,167,AMRUTANJAN
2013-10-08,EQ,114.0,114.0,111.1,112.55,112.2,112.05,112.63,891.8,96.35,8039,905405.2,308,AMRUTANJAN
2013-10-09,EQ,113.9,115.6,111.25,112.05,114.35,114.15,113.44,891.8,96.35,16712,1895870.7,525,AMRUTANJAN
2013-10-10,EQ,113.5,115.75,112.1,114.15,114.4,114.1,114.27,891.8,96.35,13175,1505552.9,352,AMRUTANJAN
2013-10-11,EQ,115.2,119.0,114.35,114.1,116.75,116.5,117.33,891.8,96.35,28203,3308977.35,931,AMRUTANJAN
2013-10-14,EQ,117.8,117.8,111.45,116.5,112.2,112.55,114.26,891.8,96.35,13484,1540745.35,438,AMRUTANJAN
2013-10-15,EQ,112.55,115.0,111.1,112.55,112.05,111.4,112.26,891.8,96.35,13801,1549349.05,306,AMRUTANJAN
2013-10-17,EQ,115.0,115.0,111.6,111.4,112.5,111.85,112.69,891.8,96.35,7500,845167.1,184,AMRUTANJAN
2013-10-18,EQ,113.85,114.75,112.3,111.85,112.55,112.7,113.38,891.8,96.35,11745,1331628.6,345,AMRUTANJAN
2013-10-21,EQ,113.8,114.0,111.8,112.7,112.55,112.6,112.88,891.8,96.35,11146,1258132.05,333,AMRUTANJAN
2013-10-22,EQ,113.7,114.9,112.25,112.6,114.8,114.4,113.74,891.8,96.35,11731,1334268.3,332,AMRUTANJAN
2013-10-23,EQ,114.5,115.3,112.5,114.4,113.25,113.4,114.01,891.8,96.35,6624,755218.9,258,AMRUTANJAN
2013-10-24,EQ,112.7,115.5,112.7,113.4,114.5,114.4,114.35,891.8,96.35,11194,1280087.5,335,AMRUTANJAN
2013-10-25,EQ,114.45,118.0,113.2,114.4,116.0,116.1,116.43,891.8,96.35,35598,4144714.4,688,AMRUTANJAN
2013-10-28,EQ,116.4,116.9,113.7,116.1,114.4,114.2,115.2,166.65,96.35,9652,1111878.2,266,AMRUTANJAN
2013-10-29,EQ,114.2,114.9,112.1,114.2,112.65,112.9,113.12,166.65,96.35,17943,2029693.3,365,AMRUTANJAN
2013-10-30,EQ,114.0,114.0,112.0,112.9,112.15,112.3,112.8,166.65,96.35,11888,1340949.55,248,AMRUTANJAN
2013-10-31,EQ,112.55,116.9,111.8,112.3,112.95,112.65,113.46,166.65,96.35,37983,4309683.8,660,AMRUTANJAN
2013-11-01,EQ,113.85,114.65,112.5,112.65,113.9,113.8,113.26,166.65,96.35,17503,1982319.55,445,AMRUTANJAN
2013-11-03,EQ,114.95,114.95,113.05,113.8,113.5,113.85,113.93,166.65,96.35,5100,581047.6,94,AMRUTANJAN
2013-11-05,EQ,113.55,121.35,112.95,113.85,118.4,118.7,118.61,166.65,96.35,112573,13352458.0,2442,AMRUTANJAN
2013-11-06,EQ,119.5,119.75,114.5,118.7,115.85,115.3,116.88,166.65,96.35,14194,1659017.95,434,AMRUTANJAN
2013-11-07,EQ,115.3,122.95,115.3,115.3,116.5,116.4,119.79,166.65,96.35,58810,7045026.55,1309,AMRUTANJAN
2013-11-08,EQ,115.7,117.1,114.2,116.4,115.9,115.4,115.52,166.65,96.35,11866,1370811.4,393,AMRUTANJAN
2013-11-11,EQ,115.4,122.0,114.15,115.4,121.5,120.85,119.65,166.65,96.35,56479,6757722.7,1387,AMRUTANJAN
2013-11-12,EQ,120.85,123.9,116.5,120.85,116.6,117.0,119.72,166.65,96.35,25057,2999912.4,518,AMRUTANJAN
2013-11-13,EQ,117.9,118.7,115.0,117.0,116.75,116.5,116.26,166.65,96.35,10174,1182805.45,280,AMRUTANJAN
2013-11-14,EQ,118.6,124.0,116.05,116.5,120.2,120.65,120.46,166.65,96.35,46154,5559687.0,1227,AMRUTANJAN
2013-11-18,EQ,120.9,123.8,118.0,120.65,119.0,118.9,121.16,166.65,96.35,26653,3229376.15,595,AMRUTANJAN
2013-11-19,EQ,118.0,118.95,115.2,118.9,117.95,118.35,117.91,166.65,96.35,7721,910402.0,318,AMRUTANJAN
2013-11-20,EQ,118.0,120.0,117.0,118.35,117.15,117.6,118.29,166.65,96.35,5512,652014.95,237,AMRUTANJAN
2013-11-21,EQ,118.0,118.4,114.2,117.6,115.0,114.75,115.55,166.65,96.35,13878,1603555.25,380,AMRUTANJAN
2013-11-22,EQ,115.05,116.65,113.6,114.75,114.75,114.5,115.11,166.65,96.35,11852,1364280.3,290,AMRUTANJAN
2013-11-25,EQ,115.0,117.5,115.0,114.5,116.9,116.55,116.14,166.65,96.35,14275,1657928.0,379,AMRUTANJAN
2013-11-26,EQ,116.15,116.9,114.3,116.55,115.0,114.8,115.21,166.65,96.35,4030,464293.8,183,AMRUTANJAN
2013-11-27,EQ,115.95,116.5,113.2,114.8,114.55,113.85,114.43,166.65,96.35,9781,1119192.1,444,AMRUTANJAN
2013-11-28,EQ,114.5,117.4,114.25,113.85,115.8,115.8,115.81,166.65,96.35,12048,1395242.65,398,AMRUTANJAN
2013-11-29,EQ,116.0,117.5,114.7,115.8,115.2,115.3,116.02,166.65,96.35,10206,1184107.65,302,AMRUTANJAN
2013-12-02,EQ,116.0,129.0,116.0,115.3,124.6,124.6,124.98,166.65,96.35,206471,25805708.05,4843,AMRUTANJAN
2013-12-03,EQ,123.8,127.6,120.0,124.6,122.75,121.45,124.8,166.65,96.35,109775,13699802.65,2069,AMRUTANJAN
2013-12-04,EQ,122.65,125.3,119.3,121.45,120.95,120.3,122.34,166.65,96.35,37601,4599978.05,879,AMRUTANJAN
2013-12-05,EQ,122.4,122.95,118.7,120.3,119.5,119.45,120.53,166.65,96.35,13672,1647892.2,359,AMRUTANJAN
2013-12-06,EQ,120.0,125.0,119.25,119.45,120.85,120.8,122.77,166.65,96.35,65838,8082771.45,1238,AMRUTANJAN
2013-12-09,EQ,123.8,124.5,120.3,120.8,122.05,121.9,122.63,166.65,96.35,44546,5462734.15,1039,AMRUTANJAN
2013-12-10,EQ,121.45,123.5,119.7,121.9,120.5,120.35,120.8,166.65,96.35,14162,1710803.9,372,AMRUTANJAN
2013-12-11,EQ,120.0,122.65,119.55,120.35,120.7,120.3,120.64,166.65,96.35,16446,1983983.0,450,AMRUTANJAN
2013-12-12,EQ,120.95,128.5,119.5,120.3,125.95,126.95,126.2,166.65,96.35,189226,23880499.85,2864,AMRUTANJAN
2013-12-13,EQ,125.45,125.45,120.1,126.95,120.9,120.65,122.5,166.65,96.35,66334,8125884.6,1226,AMRUTANJAN
2013-12-16,EQ,120.0,124.0,120.0,120.65,120.5,120.55,121.71,160.2,96.35,45048,5482891.9,1149,AMRUTANJAN
2013-12-17,EQ,121.85,122.05,118.25,120.55,119.0,118.9,120.53,160.2,96.35,19092,2301204.25,456,AMRUTANJAN
2013-12-18,EQ,118.75,124.4,118.75,118.9,121.55,121.75,121.44,160.2,96.35,30057,3650136.25,734,AMRUTANJAN
2013-12-19,EQ,121.25,123.95,120.1,121.75,121.0,121.75,122.17,160.2,96.35,22923,2800399.1,516,AMRUTANJAN
2013-12-20,EQ,123.9,125.0,121.85,121.75,123.9,123.5,123.97,160.2,96.35,37692,4672726.65,680,AMRUTANJAN
2013-12-23,EQ,123.6,126.0,123.6,123.5,126.0,124.75,124.75,160.0,96.35,34875,4350554.95,501,AMRUTANJAN
2013-12-24,EQ,124.0,133.0,124.0,124.75,130.75,130.9,130.42,160.0,96.35,324124,42272029.0,4787,AMRUTANJAN
2013-12-26,EQ,132.7,138.0,132.7,130.9,133.5,133.85,135.19,160.0,96.35,197602,26713199.2,3311,AMRUTANJAN
2013-12-27,EQ,137.0,137.0,132.4,133.85,132.5,133.0,134.51,160.0,96.35,66774,8981507.35,1032,AMRUTANJAN
2013-12-30,EQ,132.25,134.45,131.0,133.0,133.0,131.8,132.6,160.0,96.35,38437,5096691.15,767,AMRUTANJAN
2013-12-31,EQ,130.15,133.9,130.05,131.8,131.2,130.9,132.09,160.0,96.35,19846,2621517.15,493,AMRUTANJAN
2014-01-01,EQ,131.95,139.7,130.0,130.9,135.45,135.7,135.38,160.0,96.35,149626,20256101.25,2287,AMRUTANJAN
2014-01-02,EQ,135.7,137.5,130.65,135.7,130.75,131.1,134.62,160.0,96.35,54480,7334204.45,1014,AMRUTANJAN
2014-01-03,EQ,130.0,133.0,130.0,131.1,131.65,132.1,131.53,160.0,96.35,17331,2279497.15,342,AMRUTANJAN
2014-01-06,EQ,131.5,134.75,130.5,132.1,131.25,131.6,132.06,158.85,96.35,13639,1801116.65,330,AMRUTANJAN
2014-01-07,EQ,131.15,133.65,130.1,131.6,131.1,131.55,131.6,158.85,96.35,18685,2458992.4,460,AMRUTANJAN
2014-01-08,EQ,132.65,135.3,130.3,131.55,133.0,132.85,133.32,158.85,96.35,40628,5416552.1,770,AMRUTANJAN
2014-01-09,EQ,134.55,134.55,130.05,132.85,130.25,130.35,131.87,158.85,96.35,25157,3317403.25,481,AMRUTANJAN
2014-01-10,EQ,132.9,132.9,128.55,130.35,129.0,129.75,130.42,158.85,96.35,13529,1764446.7,414,AMRUTANJAN
2014-01-13,EQ,132.45,132.45,126.75,129.75,127.7,128.05,128.83,156.8,96.35,13283,1711223.4,563,AMRUTANJAN
2014-01-14,EQ,128.2,128.9,126.3,128.05,127.3,127.3,127.21,156.8,96.35,9608,1222212.45,351,AMRUTANJAN
2014-01-15,EQ,128.95,128.95,126.5,127.3,127.3,127.75,127.58,156.8,96.35,15738,2007907.1,397,AMRUTANJAN
2014-01-16,EQ,130.7,130.7,126.25,127.75,126.5,126.65,127.32,156.8,96.35,7903,1006208.95,209,AMRUTANJAN
2014-01-17,EQ,126.25,126.65,122.5,126.65,123.0,123.05,124.11,156.8,96.35,7965,988573.9,314,AMRUTANJAN
2014-01-20,EQ,123.15,130.5,119.5,123.05,130.25,129.65,127.5,156.8,96.35,29199,3722836.85,871,AMRUTANJAN
2014-01-21,EQ,130.1,134.5,126.2,129.65,128.45,127.9,130.95,156.8,96.35,36482,4777449.3,994,AMRUTANJAN
2014-01-22,EQ,127.9,128.45,126.3,127.9,126.8,126.9,127.33,156.8,96.35,14258,1815491.9,196,AMRUTANJAN
2014-01-23,EQ,127.0,127.6,125.3,126.9,126.5,126.55,126.55,156.8,96.35,5661,716426.2,185,AMRUTANJAN
2014-01-24,EQ,128.0,129.0,123.8,126.55,125.95,125.25,125.18,156.8,96.35,10932,1368503.7,424,AMRUTANJAN
2014-01-27,EQ,124.5,124.5,118.8,125.25,119.5,119.35,120.53,156.8,96.35,14752,1778007.0,435,AMRUTANJAN
2014-01-28,EQ,121.7,121.7,118.0,119.35,120.4,119.5,119.62,156.8,96.35,5280,631585.1,279,AMRUTANJAN
2014-01-29,EQ,121.3,129.6,119.8,119.5,122.6,123.5,126.14,156.8,96.35,64558,8143562.0,1807,AMRUTANJAN
2014-01-30,EQ,120.0,126.4,119.4,123.5,120.25,120.65,122.13,156.8,96.35,24119,2945587.3,762,AMRUTANJAN
2014-01-31,EQ,121.0,123.05,120.15,120.65,122.75,122.6,122.03,156.8,96.35,12903,1574549.55,515,AMRUTANJAN
2014-02-03,EQ,125.0,132.0,121.15,122.6,131.0,129.35,127.38,156.8,96.35,52123,6639511.2,890,AMRUTANJAN
2014-02-04,EQ,131.15,131.75,127.0,129.35,128.9,128.3,129.27,156.8,96.35,132497,17128079.25,2779,AMRUTANJAN
2014-02-05,EQ,128.25,131.85,128.0,128.3,128.65,128.8,129.5,156.8,96.35,33925,4393144.5,779,AMRUTANJAN
2014-02-06,EQ,129.95,129.95,126.5,128.8,127.75,127.3,127.72,156.8,96.35,20009,2555539.15,542,AMRUTANJAN
2014-02-07,EQ,128.8,134.9,127.25,127.3,130.5,132.2,131.69,156.8,96.35,102582,13508687.85,2219,AMRUTANJAN
2014-02-10,EQ,133.0,133.0,129.2,132.2,130.95,130.65,131.23,150.5,96.35,28189,3699230.8,615,AMRUTANJAN
2014-02-11,EQ,130.05,131.65,127.55,130.65,128.1,128.05,128.53,150.5,96.35,12960,1665745.15,509,AMRUTANJAN
2014-02-12,EQ,128.1,129.5,126.2,128.05,126.5,126.45,127.3,150.5,96.35,11873,1511469.15,362,AMRUTANJAN
2014-02-13,EQ,127.0,127.55,123.3,126.45,125.8,124.5,124.94,150.5,96.35,16614,2075691.8,604,AMRUTANJAN
2014-02-14,EQ,123.8,126.6,123.4,124.5,125.3,125.9,125.07,150.5,96.35,8043,1005918.0,309,AMRUTANJAN
2014-02-17,EQ,125.9,126.0,123.7,125.9,124.65,124.95,124.39,150.5,96.35,16024,1993224.45,450,AMRUTANJAN
2014-02-18,EQ,128.85,128.85,123.5,124.95,124.9,124.7,124.74,150.5,96.35,7811,974364.35,293,AMRUTANJAN
2014-02-19,EQ,125.0,126.0,124.15,124.7,124.35,124.75,125.08,150.5,96.35,4847,606247.0,350,AMRUTANJAN
2014-02-20,EQ,125.9,125.9,122.8,124.75,123.75,123.9,124.16,150.5,96.35,7790,967215.9,215,AMRUTANJAN
2014-02-21,EQ,124.4,125.0,123.0,123.9,123.05,123.45,123.88,150.5,96.35,7335,908663.6,193,AMRUTANJAN
2014-02-24,EQ,122.6,124.4,122.6,123.45,123.4,123.5,123.71,150.5,96.35,3937,487044.55,182,AMRUTANJAN
2014-02-25,EQ,122.35,124.15,121.55,123.5,122.1,122.15,123.02,150.5,96.35,7531,926439.4,268,AMRUTANJAN
2014-02-26,EQ,121.2,126.0,121.2,122.15,123.0,123.05,123.74,150.5,96.35,19187,2374285.35,635,AMRUTANJAN
2014-02-28,EQ,123.05,124.45,122.55,123.05,123.45,122.75,122.89,150.5,96.35,6011,738666.4,177,AMRUTANJAN
2014-03-03,EQ,124.45,124.5,122.35,122.75,123.05,123.1,123.21,150.5,96.35,11014,1357063.05,376,AMRUTANJAN
2014-03-04,EQ,123.95,124.95,123.2,123.1,123.9,123.9,123.96,150.5,96.35,7293,904047.8,166,AMRUTANJAN
2014-03-05,EQ,124.95,127.0,124.25,123.9,124.6,124.55,125.51,150.5,96.35,13939,1749499.7,473,AMRUTANJAN
2014-03-06,EQ,125.0,127.9,125.0,124.55,127.0,126.8,126.42,150.5,96.35,24102,3046898.7,429,AMRUTANJAN
2014-03-07,EQ,127.0,128.9,125.1,126.8,126.6,126.5,126.85,150.5,96.35,28600,3627786.05,434,AMRUTANJAN
2014-03-10,EQ,126.0,127.7,124.25,126.5,125.05,125.05,125.36,150.5,96.35,8002,1003099.55,298,AMRUTANJAN
2014-03-11,EQ,125.4,126.2,124.5,125.05,124.65,125.0,125.66,150.5,96.35,7935,997096.3,231,AMRUTANJAN
2014-03-12,EQ,124.5,127.75,124.05,125.0,124.2,124.45,125.65,150.5,96.35,14374,1806035.05,419,AMRUTANJAN
2014-03-13,EQ,125.05,127.8,124.55,124.45,126.5,126.3,126.36,150.5,96.35,20968,2649446.4,380,AMRUTANJAN
2014-03-14,EQ,126.45,126.45,124.25,126.3,125.6,125.55,125.34,150.5,96.35,6088,763098.3,165,AMRUTANJAN
2014-03-18,EQ,126.0,126.6,125.1,125.55,125.35,125.35,125.73,150.5,96.35,8441,1061312.9,198,AMRUTANJAN
2014-03-19,EQ,125.05,126.15,124.65,125.35,125.5,125.5,125.38,150.5,96.35,19124,2397842.85,104,AMRUTANJAN
2014-03-20,EQ,125.95,129.1,125.4,125.5,127.0,126.9,127.4,150.5,96.35,14278,1818976.45,354,AMRUTANJAN
2014-03-21,EQ,126.1,130.7,126.1,126.9,128.4,128.1,128.79,150.5,96.35,26064,3356690.45,577,AMRUTANJAN
2014-03-22,EQ,129.0,129.0,126.55,128.1,127.4,127.4,127.52,150.5,96.35,2233,284744.8,57,AMRUTANJAN
2014-03-24,EQ,128.95,131.95,126.1,127.4,129.3,129.15,128.28,150.5,96.35,14112,1810322.5,321,AMRUTANJAN
2014-03-25,EQ,128.5,129.55,126.0,129.15,126.3,126.35,126.85,150.5,96.35,8587,1089220.25,224,AMRUTANJAN
2014-03-26,EQ,126.35,128.2,123.65,126.35,125.3,124.5,125.12,150.5,96.35,26138,3270428.7,472,AMRUTANJAN
2014-03-27,EQ,125.85,126.5,125.0,124.5,125.5,126.0,125.62,150.5,96.35,7678,964519.45,175,AMRUTANJAN
2014-03-28,EQ,125.45,127.75,125.1,126.0,125.7,126.05,126.27,150.5,96.35,10713,1352699.05,261,AMRUTANJAN
2014-03-31,EQ,127.05,128.05,125.5,126.05,126.7,126.1,126.7,150.5,96.35,11365,1439893.7,212,AMRUTANJAN
2014-04-01,EQ,127.85,127.85,125.2,126.1,125.7,125.75,126.15,150.5,96.35,7319,923299.0,298,AMRUTANJAN
2014-04-02,EQ,129.95,136.7,126.2,125.75,131.85,132.25,132.8,150.5,96.35,86289,11458751.7,1873,AMRUTANJAN
2014-04-03,EQ,133.1,151.7,132.3,132.25,142.0,141.8,144.06,151.7,96.35,548666,79040616.25,10527,AMRUTANJAN
2014-04-04,EQ,142.95,146.0,139.1,141.8,139.8,140.2,142.68,151.7,96.35,96971,13835423.65,1900,AMRUTANJAN
2014-04-07,EQ,140.25,141.35,136.2,140.2,138.25,137.3,137.95,151.7,96.35,24163,3333337.8,599,AMRUTANJAN
2014-04-09,EQ,137.0,145.9,137.0,137.3,141.6,142.0,143.51,151.7,96.35,101621,14583123.15,1937,AMRUTANJAN
2014-04-10,EQ,143.6,145.0,138.6,142.0,140.6,141.9,143.05,151.7,96.35,28738,4110886.4,687,AMRUTANJAN
2014-04-11,EQ,142.0,149.35,139.55,141.9,143.4,143.55,145.99,151.7,96.35,77846,11364817.2,1523,AMRUTANJAN
2014-04-15,EQ,144.95,144.95,139.55,143.55,140.4,140.95,141.66,151.7,96.35,27084,3836643.75,636,AMRUTANJAN
2014-04-16,EQ,139.5,142.0,136.5,140.95,136.55,137.2,138.6,151.7,96.35,19409,2690145.05,689,AMRUTANJAN
2014-04-17,EQ,136.8,143.2,136.8,137.2,142.0,142.0,140.77,151.7,96.35,27837,3918548.3,727,AMRUTANJAN
2014-04-21,EQ,144.0,145.4,140.55,142.0,141.65,141.9,143.77,151.7,96.35,53520,7694428.85,1116,AMRUTANJAN
2014-04-22,EQ,143.7,144.0,140.7,141.9,141.25,141.6,142.44,151.7,96.35,36294,5169644.8,809,AMRUTANJAN
2014-04-23,EQ,143.0,144.55,140.05,141.6,140.05,140.6,142.2,151.7,96.35,21941,3120002.15,729,AMRUTANJAN
2014-04-25,EQ,141.95,142.0,134.7,140.6,136.1,136.3,137.28,151.7,96.35,38222,5246973.7,890,AMRUTANJAN
2014-04-28,EQ,135.55,145.5,135.55,136.3,141.95,142.5,142.06,151.7,96.35,89095,12657130.5,1709,AMRUTANJAN
2014-04-29,EQ,143.85,143.85,138.1,142.5,139.0,139.25,140.7,151.7,96.35,21468,3020596.4,466,AMRUTANJAN
2014-04-30,EQ,140.0,141.7,136.1,139.25,136.95,136.7,138.38,151.7,96.35,19696,2725451.95,472,AMRUTANJAN
2014-05-02,EQ,138.9,140.5,136.5,136.7,138.95,138.95,138.79,151.7,96.35,33565,4658334.1,667,AMRUTANJAN
2014-05-05,EQ,137.55,140.0,135.55,138.95,136.25,136.25,137.47,151.7,96.35,14839,2039857.5,455,AMRUTANJAN
2014-05-06,EQ,138.4,139.0,136.1,136.25,136.5,136.75,137.3,151.7,96.35,7971,1094413.0,210,AMRUTANJAN
2014-05-07,EQ,136.15,137.5,134.2,136.75,134.4,135.25,135.52,151.7,96.35,21230,2877029.7,373,AMRUTANJAN
2014-05-08,EQ,135.45,136.45,134.55,135.25,135.0,135.0,135.21,151.7,96.35,9887,1336807.65,244,AMRUTANJAN
2014-05-09,EQ,134.55,136.4,134.5,135.0,135.15,135.15,135.27,151.7,96.35,15615,2112308.3,243,AMRUTANJAN
2014-05-12,EQ,136.05,137.65,134.5,135.15,135.7,135.7,135.9,151.7,96.35,13872,1885253.2,349,AMRUTANJAN
2014-05-13,EQ,136.05,137.7,135.0,135.7,135.5,136.1,136.15,151.7,96.35,25950,3532973.55,531,AMRUTANJAN
2014-05-14,EQ,135.95,137.45,135.05,136.1,135.5,135.65,135.94,151.7,96.35,11300,1536114.15,431,AMRUTANJAN
2014-05-15,EQ,135.45,139.55,135.4,135.65,137.05,137.45,137.66,151.7,96.35,24781,3411363.8,420,AMRUTANJAN
2014-05-16,EQ,139.5,139.5,134.1,137.45,135.1,135.3,135.94,151.7,96.35,12083,1642530.4,313,AMRUTANJAN
2014-05-19,EQ,138.0,140.0,135.1,135.3,138.1,138.2,137.05,151.7,96.35,32858,4503349.2,726,AMRUTANJAN
2014-05-20,EQ,139.05,144.05,139.0,138.2,141.4,141.15,142.3,151.7,96.35,29781,4237842.9,602,AMRUTANJAN
2014-05-21,EQ,141.3,146.9,141.3,141.15,144.75,143.8,143.98,151.7,96.35,44041,6341074.05,688,AMRUTANJAN
2014-05-22,EQ,145.8,163.0,144.0,143.8,157.0,156.3,156.67,163.0,96.35,367686,57604169.2,6523,AMRUTANJAN
2014-05-23,EQ,158.4,164.7,157.0,156.3,160.55,160.55,161.87,164.7,96.35,173944,28155454.5,3257,AMRUTANJAN
2014-05-26,EQ,159.45,174.85,155.0,160.55,158.1,157.85,169.09,174.85,96.35,420130,71038546.0,6978,AMRUTANJAN
2014-05-27,EQ,158.55,158.55,152.15,157.85,157.35,156.65,154.51,174.85,96.35,31116,4807586.95,977,AMRUTANJAN
2014-05-28,EQ,156.7,164.0,154.0,156.65,159.0,159.7,159.86,174.85,96.35,65607,10488186.85,1745,AMRUTANJAN
2014-05-29,EQ,160.75,160.75,155.0,159.7,155.75,155.85,156.67,174.85,96.35,13709,2147757.5,463,AMRUTANJAN
2014-05-30,EQ,155.85,158.85,152.1,155.85,153.35,153.4,154.4,174.85,96.35,28564,4410307.8,931,AMRUTANJAN
2014-06-02,EQ,151.9,161.15,151.9,153.4,155.25,155.55,157.23,174.85,96.35,47156,7414300.2,1065,AMRUTANJAN
2014-06-03,EQ,154.05,157.45,153.7,155.55,155.65,156.25,154.9,174.85,96.35,38128,5905899.0,787,AMRUTANJAN
2014-06-04,EQ,157.8,162.7,153.4,156.25,160.5,161.45,160.04,174.85,96.35,54275,8686144.65,1134,AMRUTANJAN
2014-06-05,EQ,163.5,169.8,159.2,161.45,166.95,166.95,166.17,174.85,96.35,131097,21783927.55,2440,AMRUTANJAN
2014-06-06,EQ,168.4,175.0,165.35,166.95,172.1,170.8,170.77,175.0,96.35,147646,25214080.2,2095,AMRUTANJAN
2014-06-09,EQ,171.0,184.9,171.0,170.8,181.65,181.3,181.72,184.9,96.35,506124,91974328.7,7332,AMRUTANJAN
2014-06-10,EQ,181.95,181.95,174.4,181.3,177.35,176.7,176.96,184.9,96.35,56296,9962277.3,1274,AMRUTANJAN
2014-06-11,EQ,183.0,190.0,179.0,176.7,179.0,179.25,183.91,190.0,96.35,158042,29065299.0,3074,AMRUTANJAN
2014-06-12,EQ,179.5,180.95,175.95,179.25,178.3,177.0,177.04,190.0,96.35,26678,4723139.5,703,AMRUTANJAN
2014-06-13,EQ,178.45,180.8,167.6,177.0,170.5,170.45,173.19,190.0,96.35,40973,7096200.95,1279,AMRUTANJAN
2014-06-16,EQ,169.2,171.0,155.0,170.45,170.0,168.75,164.61,190.0,96.35,42832,7050536.5,1349,AMRUTANJAN
2014-06-17,EQ,166.5,172.5,166.5,168.75,169.0,168.2,169.09,190.0,96.35,16531,2795199.3,854,AMRUTANJAN
2014-06-18,EQ,169.9,178.0,167.35,168.2,168.15,168.75,171.24,190.0,96.35,42289,7241707.8,1358,AMRUTANJAN
2014-06-19,EQ,169.95,171.6,163.5,168.75,164.1,164.45,166.5,190.0,96.35,21134,3518877.55,770,AMRUTANJAN
2014-06-20,EQ,163.0,170.95,163.0,164.45,170.2,167.75,167.78,190.0,96.35,30384,5097770.8,841,AMRUTANJAN
2014-06-23,EQ,166.85,171.0,166.85,167.75,170.2,169.75,168.52,190.0,96.35,17936,3022603.2,617,AMRUTANJAN
2014-06-24,EQ,168.15,171.0,168.15,169.75,170.0,169.55,169.65,190.0,96.35,20802,3528958.6,595,AMRUTANJAN
2014-06-25,EQ,168.25,171.9,168.25,169.55,170.2,169.9,169.91,190.0,96.35,27852,4732403.0,634,AMRUTANJAN
2014-06-26,EQ,170.0,172.0,168.3,169.9,169.0,169.0,169.36,190.0,96.35,18198,3082080.75,451,AMRUTANJAN
2014-06-27,EQ,170.75,174.4,167.6,169.0,173.4,172.4,170.34,190.0,96.35,46285,7883984.35,1127,AMRUTANJAN
2014-06-30,EQ,173.5,175.5,169.95,172.4,172.0,171.4,171.97,190.0,96.35,20328,3495704.55,629,AMRUTANJAN
2014-07-01,EQ,172.0,175.4,169.65,171.4,175.0,173.95,172.96,190.0,96.35,31997,5534053.9,867,AMRUTANJAN
2014-07-02,EQ,174.95,175.6,170.35,173.95,171.05,172.25,173.18,190.0,96.35,31858,5517035.6,723,AMRUTANJAN
2014-07-03,EQ,173.75,177.0,166.7,172.25,172.05,172.85,172.25,190.0,96.35,85051,14649868.15,1293,AMRUTANJAN
2014-07-04,EQ,173.0,193.5,172.25,172.85,186.7,188.05,188.39,193.5,96.35,786970,148256783.7,13924,AMRUTANJAN
2014-07-07,EQ,189.0,189.5,180.15,188.05,180.6,181.2,183.76,193.5,96.35,95403,17530875.45,2450,AMRUTANJAN
2014-07-08,EQ,182.7,182.7,169.3,181.2,170.7,170.6,176.03,193.5,96.35,58613,10317586.55,1512,AMRUTANJAN
2014-07-09,EQ,171.0,172.65,164.0,170.6,166.0,165.95,167.33,193.5,96.35,42793,7160741.0,1054,AMRUTANJAN
2014-07-10,EQ,164.3,173.95,161.0,165.95,168.2,167.75,166.04,193.5,96.35,29892,4963204.6,1008,AMRUTANJAN
2014-07-11,EQ,168.0,171.65,155.5,167.75,156.5,156.85,162.5,193.5,96.35,32621,5300989.65,1188,AMRUTANJAN
2014-07-14,EQ,157.0,161.55,155.5,156.85,156.1,155.95,158.02,193.5,96.35,19820,3131959.9,781,AMRUTANJAN
2014-07-15,EQ,158.9,182.5,158.0,155.95,176.75,176.65,176.74,193.5,96.35,515724,91148177.15,9847,AMRUTANJAN
2014-07-16,EQ,174.3,182.0,172.3,176.65,173.15,173.8,176.21,193.5,96.35,106756,18811086.5,1993,AMRUTANJAN
2014-07-17,EQ,172.2,178.9,172.2,173.8,174.5,174.45,175.44,193.5,96.35,54957,9641761.2,1304,AMRUTANJAN
2014-07-18,EQ,174.0,179.9,170.35,174.45,175.0,173.6,175.49,193.5,96.35,48283,8473342.45,1397,AMRUTANJAN
2014-07-21,EQ,174.0,178.7,174.0,173.6,174.1,175.0,175.74,193.5,96.35,27469,4827406.65,749,AMRUTANJAN
2014-07-22,EQ,176.7,186.0,175.2,175.0,182.0,182.7,182.49,193.5,96.35,176137,32143725.0,3638,AMRUTANJAN
2014-07-23,EQ,181.95,182.4,176.0,182.7,176.1,176.8,178.41,193.5,96.35,47992,8562222.45,1495,AMRUTANJAN
2014-07-24,EQ,178.7,188.85,175.6,176.8,182.25,183.55,184.84,193.5,96.35,162282,29995703.15,3499,AMRUTANJAN
2014-07-25,EQ,181.1,182.95,175.0,183.55,175.95,175.4,177.12,193.5,96.35,36195,6410784.55,919,AMRUTANJAN
2014-07-28,EQ,175.1,182.4,175.1,175.4,176.9,177.2,178.63,193.5,96.35,33048,5903334.8,1107,AMRUTANJAN
2014-07-30,EQ,176.2,181.5,175.5,177.2,177.0,177.05,177.61,193.5,96.35,21607,3837643.65,753,AMRUTANJAN
2014-07-31,EQ,178.65,180.3,175.1,177.05,176.05,176.05,177.23,193.5,96.35,26307,4662261.4,749,AMRUTANJAN
2014-08-01,EQ,175.0,178.5,172.0,176.05,175.0,173.6,175.76,193.5,96.35,20684,3635385.5,769,AMRUTANJAN
2014-08-04,EQ,175.0,176.9,172.55,173.6,173.0,173.25,174.29,193.5,96.35,15953,2780510.6,459,AMRUTANJAN
2014-08-05,EQ,174.8,178.9,173.7,173.25,176.65,177.15,176.88,193.5,96.35,21649,3829380.55,642,AMRUTANJAN
2014-08-06,EQ,177.0,184.25,176.05,177.15,182.95,181.45,181.18,193.5,96.35,56810,10292755.35,1311,AMRUTANJAN
2014-08-07,EQ,182.0,182.9,178.0,181.45,178.6,179.05,180.6,193.5,96.35,21011,3794546.95,658,AMRUTANJAN
2014-08-08,EQ,177.3,180.0,174.5,179.05,176.0,175.65,176.26,193.5,96.35,30310,5342585.45,706,AMRUTANJAN
2014-08-11,EQ,176.5,184.75,176.5,175.65,180.4,180.45,181.94,193.5,96.35,38500,7004709.1,1520,AMRUTANJAN
2014-08-12,EQ,179.0,213.4,178.6,180.45,201.4,202.85,201.55,213.4,96.35,789201,159065497.45,14902,AMRUTANJAN
2014-08-13,EQ,199.0,206.5,188.1,202.85,189.5,189.55,197.05,213.4,96.35,149039,29368695.1,4118,AMRUTANJAN
2014-08-14,EQ,188.0,204.05,188.0,189.55,195.0,195.35,198.34,213.4,96.35,175492,34807745.0,4138,AMRUTANJAN
2014-08-18,EQ,195.0,196.9,189.0,195.35,194.6,194.45,193.35,213.4,96.35,48170,9313552.65,1401,AMRUTANJAN
2014-08-19,EQ,193.5,196.45,191.0,194.45,193.05,193.05,193.27,213.4,96.35,22596,4367192.3,710,AMRUTANJAN
2014-08-20,EQ,193.5,224.0,193.0,193.05,214.6,213.25,215.18,224.0,96.35,743081,159898723.95,13910,AMRUTANJAN
2014-08-21,EQ,210.7,221.0,210.7,213.25,215.9,214.85,216.51,224.0,96.35,148011,32045860.15,4001,AMRUTANJAN
2014-08-22,EQ,215.9,217.5,206.7,214.85,207.25,208.35,211.31,224.0,96.35,48660,10282462.9,1462,AMRUTANJAN
2014-08-25,EQ,209.05,240.0,209.0,208.35,217.1,216.9,222.22,240.0,96.35,181449,40321962.5,4369,AMRUTANJAN
2014-08-26,EQ,216.5,223.5,211.5,216.9,218.9,217.85,218.66,240.0,96.35,73057,15974874.5,2246,AMRUTANJAN
2014-08-27,EQ,222.0,238.4,216.7,217.85,235.5,235.05,232.57,240.0,96.35,439404,102190912.8,10562,AMRUTANJAN
2014-08-28,EQ,237.35,244.8,233.05,235.05,235.0,234.55,238.55,244.8,96.35,176018,41989112.9,4450,AMRUTANJAN
2014-09-01,EQ,234.55,237.45,227.0,234.55,231.0,229.8,231.39,244.8,97.2,45224,10464537.9,1720,AMRUTANJAN
2014-09-02,EQ,229.5,235.3,226.05,229.8,227.0,227.25,229.41,244.8,97.2,43565,9994153.1,1151,AMRUTANJAN
2014-09-03,EQ,229.9,242.8,229.0,227.25,235.75,236.15,237.2,244.8,97.2,130568,30971378.15,3466,AMRUTANJAN
2014-09-04,EQ,235.0,246.1,227.7,236.15,244.3,243.0,239.3,246.1,97.2,258462,61848696.8,3967,AMRUTANJAN
2014-09-05,EQ,253.55,291.6,251.5,243.0,291.6,291.6,277.84,291.6,97.2,2230375,619687286.25,38725,AMRUTANJAN
2014-09-08,EQ,300.9,343.7,293.0,291.6,327.35,331.1,323.15,343.7,102.5,3180934,1027925595.65,58968,AMRUTANJAN
2014-09-09,EQ,330.35,350.0,318.35,331.1,336.0,336.9,338.05,350.0,102.5,1039069,351252314.5,20864,AMRUTANJAN
2014-09-10,EQ,335.4,342.0,329.5,336.9,333.0,333.15,334.93,350.0,102.5,280981,94107741.7,5888,AMRUTANJAN
2014-09-11,EQ,333.0,339.9,319.5,333.15,320.0,322.05,328.16,350.0,102.5,187911,61665049.45,4628,AMRUTANJAN
2014-09-12,EQ,322.25,325.0,308.7,322.05,311.8,311.8,314.94,350.0,102.5,188594,59395655.9,4796,AMRUTANJAN
2014-09-15,EQ,314.5,332.25,301.0,311.8,321.0,321.15,321.71,350.0,107.95,485659,156239342.5,11990,AMRUTANJAN
2014-09-16,EQ,323.85,332.0,300.1,321.15,302.5,303.05,317.52,350.0,107.95,284083,90200621.25,6468,AMRUTANJAN
2014-09-17,EQ,305.1,310.75,291.1,303.05,292.5,294.9,297.3,350.0,107.95,130688,38853646.0,4057,AMRUTANJAN
2014-09-18,EQ,292.0,311.8,292.0,294.9,302.5,302.75,304.89,350.0,107.95,183378,55910902.35,5054,AMRUTANJAN
2014-09-19,EQ,306.3,315.0,298.15,302.75,301.0,300.45,306.41,350.0,107.95,156958,48093255.95,4259,AMRUTANJAN
2014-09-22,EQ,300.9,306.8,296.25,300.45,297.0,297.75,300.57,350.0,108.1,86672,26050997.4,2513,AMRUTANJAN
2014-09-23,EQ,294.8,302.7,281.25,297.75,285.9,285.1,292.46,350.0,108.1,89952,26307606.9,2864,AMRUTANJAN
2014-09-24,EQ,282.2,287.5,270.1,285.1,276.55,275.0,277.35,350.0,108.1,96276,26701678.25,3167,AMRUTANJAN
2014-09-25,EQ,275.05,278.45,260.1,275.0,265.05,263.4,266.58,350.0,108.1,68672,18306841.75,2355,AMRUTANJAN
2014-09-26,EQ,260.0,286.8,255.1,263.4,281.7,279.85,278.2,350.0,108.1,267445,74403238.35,7667,AMRUTANJAN
2014-09-29,EQ,281.8,301.0,281.0,279.85,289.85,289.35,294.29,350.0,108.1,263787,77630668.55,7205,AMRUTANJAN
2014-09-30,EQ,291.0,300.7,287.2,289.35,292.0,291.85,294.36,350.0,108.1,152876,45000632.15,4356,AMRUTANJAN
2014-10-01,EQ,293.75,295.4,281.3,291.85,282.5,283.05,287.31,350.0,108.1,47905,13763824.05,1471,AMRUTANJAN
2014-10-07,EQ,283.9,287.5,254.75,283.05,275.0,277.7,272.9,350.0,111.1,474058,129370976.75,11659,AMRUTANJAN
2014-10-08,EQ,275.25,283.8,265.05,277.7,270.0,272.35,273.79,350.0,111.1,104711,28668360.3,3252,AMRUTANJAN
2014-10-09,EQ,271.1,279.5,271.1,272.35,274.0,275.6,275.85,350.0,111.1,61998,17102257.25,1654,AMRUTANJAN
2014-10-10,EQ,274.15,276.95,265.0,275.6,268.4,268.65,271.12,350.0,111.1,58685,15910834.85,1861,AMRUTANJAN
2014-10-13,EQ,264.0,270.5,260.0,268.65,265.1,265.2,266.0,350.0,111.1,56723,15088343.2,2074,AMRUTANJAN
2014-10-14,EQ,263.2,289.0,263.2,265.2,278.4,278.3,281.41,350.0,111.1,147374,41471787.3,4523,AMRUTANJAN
2014-10-16,EQ,276.0,279.9,263.6,278.3,263.6,265.8,271.12,350.0,111.1,52051,14111957.3,1794,AMRUTANJAN
2014-10-17,EQ,266.0,269.0,255.0,265.8,262.0,261.55,262.64,350.0,111.1,51577,13546061.5,1754,AMRUTANJAN
2014-10-20,EQ,268.0,299.9,265.0,261.55,289.0,289.6,291.61,350.0,111.8,1049833,306141815.65,23706,AMRUTANJAN
2014-10-21,EQ,291.4,291.4,278.0,289.6,281.0,279.35,282.48,350.0,111.8,125938,35575522.1,4423,AMRUTANJAN
2014-10-22,EQ,282.1,298.0,282.1,279.35,287.25,287.05,289.48,350.0,111.8,166772,48277522.7,4179,AMRUTANJAN
2014-10-23,EQ,290.7,292.4,287.0,287.05,292.0,290.55,290.36,350.0,111.8,51208,14868827.65,876,AMRUTANJAN
2014-10-27,EQ,291.9,321.6,291.85,290.55,306.5,306.15,312.06,350.0,111.8,979337,305609452.7,21874,AMRUTANJAN
2014-10-28,EQ,307.45,317.9,301.75,306.15,302.65,303.85,310.44,350.0,111.8,237978,73878905.05,6901,AMRUTANJAN
2014-10-29,EQ,305.45,309.8,292.7,303.85,295.0,295.1,300.02,350.0,111.8,123974,37195103.15,3448,AMRUTANJAN
2014-10-30,EQ,292.2,305.75,290.65,295.1,296.0,295.8,297.55,350.0,111.8,140331,41754981.5,3603,AMRUTANJAN
2014-10-31,EQ,299.7,307.7,295.15,295.8,298.75,300.4,301.81,350.0,111.8,195940,59136711.5,4721,AMRUTANJAN
2014-11-03,EQ,297.45,306.0,297.2,300.4,300.0,298.9,300.81,350.0,112.95,87111,26203634.75,2325,AMRUTANJAN
2014-11-05,EQ,300.95,303.8,294.05,298.9,294.45,295.35,297.88,350.0,112.95,59930,17851701.0,1486,AMRUTANJAN
2014-11-07,EQ,294.0,297.65,290.1,295.35,290.4,291.1,292.89,350.0,112.95,52771,15455983.35,1388,AMRUTANJAN
2014-11-10,EQ,293.65,300.5,291.05,291.1,292.0,291.8,294.39,350.0,113.2,99512,29294909.8,2458,AMRUTANJAN
2014-11-11,EQ,291.0,298.35,291.0,291.8,292.55,292.8,294.09,350.0,113.2,74676,21961765.8,2191,AMRUTANJAN
2014-11-12,EQ,294.0,295.5,286.25,292.8,288.0,288.7,291.01,350.0,113.2,53030,15432447.95,1520,AMRUTANJAN
2014-11-13,EQ,288.05,295.0,284.8,288.7,288.3,287.65,290.1,350.0,113.2,90422,26231596.4,2541,AMRUTANJAN
2014-11-14,EQ,285.1,293.8,285.1,287.65,290.8,289.2,289.93,350.0,113.2,74484,21595167.8,1671,AMRUTANJAN
2014-11-17,EQ,287.0,293.7,287.0,289.2,289.9,290.85,289.82,350.0,113.2,77690,22515922.75,2146,AMRUTANJAN
2014-11-18,EQ,292.65,309.9,291.0,290.85,301.5,301.1,302.93,350.0,113.2,321423,97370153.35,7758,AMRUTANJAN
2014-11-19,EQ,303.9,327.7,303.25,301.1,323.1,322.25,320.84,350.0,113.2,914716,293475034.45,15872,AMRUTANJAN
2014-11-20,EQ,325.0,386.7,325.0,322.25,386.7,386.7,361.27,386.7,113.2,2473245,893501658.25,47765,AMRUTANJAN
2014-11-21,EQ,399.85,452.0,399.85,386.7,432.6,436.6,436.09,452.0,113.2,3426655,1494345561.95,78413,AMRUTANJAN
2014-11-24,EQ,433.2,445.0,418.05,436.6,423.55,424.2,428.71,452.0,113.2,973275,417256706.75,21227,AMRUTANJAN
2014-11-25,EQ,420.05,459.85,416.55,424.2,447.0,450.8,444.16,459.85,113.2,2337350,1038153292.7,51430,AMRUTANJAN
2014-11-26,EQ,448.0,467.9,442.6,450.8,458.0,458.6,456.08,467.9,113.2,1243800,567271351.2,29088,AMRUTANJAN
2014-11-27,EQ,459.5,463.2,445.2,458.6,449.5,450.2,454.25,467.9,113.2,423511,192377964.95,9787,AMRUTANJAN
2014-11-28,EQ,453.7,454.4,433.95,450.2,436.45,435.9,442.75,467.9,113.2,180048,79716353.55,5109,AMRUTANJAN
2014-12-01,EQ,435.65,438.9,422.0,435.9,425.95,427.15,426.94,467.9,116.0,115049,49119373.8,3289,AMRUTANJAN
2014-12-02,EQ,426.0,429.0,410.1,427.15,410.2,412.55,417.1,467.9,116.0,133324,55608790.05,3312,AMRUTANJAN
2014-12-03,EQ,414.0,453.8,412.0,412.55,453.8,453.8,440.69,467.9,116.0,539282,237655982.2,14117,AMRUTANJAN
2014-12-04,EQ,467.0,468.9,446.1,453.8,460.1,459.1,457.92,468.9,116.0,513446,235119053.6,13087,AMRUTANJAN
2014-12-05,EQ,457.0,505.0,453.5,459.1,483.8,487.8,490.74,505.0,116.0,973784,477875114.35,22883,AMRUTANJAN
2014-12-08,EQ,492.3,526.85,485.35,487.8,508.0,509.05,514.63,526.85,118.0,713073,366969752.15,20027,AMRUTANJAN
2014-12-09,EQ,511.85,530.95,478.3,509.05,491.8,487.75,506.81,530.95,118.0,586345,297166146.95,17530,AMRUTANJAN
2014-12-10,EQ,491.0,510.0,489.0,487.75,505.0,503.8,501.3,530.95,118.0,409229,205147884.0,11872,AMRUTANJAN
2014-12-11,EQ,508.25,513.0,496.05,503.8,506.5,506.1,506.81,530.95,118.0,342557,173612572.95,9662,AMRUTANJAN
2014-12-12,EQ,509.0,518.8,491.25,506.1,503.0,499.45,509.97,530.95,118.0,271204,138307007.65,6845,AMRUTANJAN
2014-12-15,EQ,497.55,505.6,487.6,499.45,493.9,493.6,496.02,530.95,118.0,136429,67670921.3,4208,AMRUTANJAN
2014-12-16,EQ,490.0,491.5,450.0,493.6,456.3,456.15,464.72,530.95,118.0,219030,101787925.3,5641,AMRUTANJAN
2014-12-17,EQ,453.0,457.95,415.0,456.15,434.15,437.85,438.44,530.95,118.0,265278,116308552.35,7567,AMRUTANJAN
2014-12-18,EQ,442.0,466.9,442.0,437.85,458.0,456.3,457.41,530.95,118.0,165050,75496258.15,5216,AMRUTANJAN
2014-12-19,EQ,458.1,476.8,451.0,456.3,455.0,453.8,465.79,530.95,118.0,217022,101086544.45,6060,AMRUTANJAN
2014-12-22,EQ,451.75,472.0,451.75,453.8,456.0,455.35,461.0,530.95,118.0,140992,64996989.85,4088,AMRUTANJAN
2014-12-23,EQ,459.5,466.9,445.55,455.35,452.5,452.2,456.34,530.95,118.0,109057,49767381.25,3159,AMRUTANJAN
2014-12-24,EQ,450.35,458.9,443.0,452.2,446.9,445.1,449.47,530.95,118.0,73510,33040645.55,2307,AMRUTANJAN
2014-12-26,EQ,442.75,453.0,436.0,445.1,441.0,439.2,443.28,530.95,118.0,74845,33177136.65,2497,AMRUTANJAN
2014-12-29,EQ,439.0,450.9,435.0,439.2,439.0,437.75,443.41,530.95,118.0,100478,44552903.7,3267,AMRUTANJAN
2014-12-30,EQ,440.5,467.45,435.05,437.75,444.0,443.75,452.16,530.95,118.0,291954,132010367.55,7629,AMRUTANJAN
2014-12-31,EQ,445.4,453.5,445.0,443.75,448.0,447.75,448.37,530.95,118.0,129580,58099404.3,3325,AMRUTANJAN
2015-01-01,EQ,448.0,464.8,441.75,447.75,445.0,444.45,452.11,530.95,118.0,341392,154345647.65,8737,AMRUTANJAN
2015-02-23,EQ,472.2,491.5,469.0,468.1,480.0,481.9,485.87,530.95,121.2,121350,58960874.25,2834,AMRUTANJAN
2015-02-24,EQ,485.0,494.8,457.85,481.9,465.0,463.75,475.23,530.95,121.2,60990,28984516.55,1642,AMRUTANJAN
2015-02-25,EQ,465.05,480.0,465.05,463.75,467.0,467.75,470.54,530.95,121.2,33326,15681229.5,1021,AMRUTANJAN
2015-02-26,EQ,470.0,470.0,452.3,467.75,455.25,454.7,456.88,530.95,121.2,21032,9609118.7,651,AMRUTANJAN
2015-02-27,EQ,450.0,462.45,450.0,454.7,452.0,452.3,454.94,530.95,121.2,18957,8624328.7,930,AMRUTANJAN
2015-02-28,EQ,460.65,460.7,445.0,452.3,446.05,448.4,454.02,530.95,121.2,35464,16101251.45,1096,AMRUTANJAN
2015-03-02,EQ,448.0,464.7,447.2,448.4,449.05,450.2,453.0,530.95,122.35,18194,8241859.6,843,AMRUTANJAN
2015-03-03,EQ,456.55,472.7,449.55,450.2,472.7,472.7,468.86,530.95,122.35,88825,41646347.6,1998,AMRUTANJAN
2015-03-04,EQ,474.0,478.0,454.0,472.7,459.0,463.9,466.78,530.95,122.35,55151,25743485.0,1887,AMRUTANJAN
2015-03-05,EQ,465.0,487.05,456.35,463.9,480.0,482.55,480.68,530.95,122.35,171777,82568911.4,5499,AMRUTANJAN
2015-03-09,EQ,476.55,522.45,465.65,482.55,509.9,511.6,508.47,530.95,123.65,327360,166452787.35,10335,AMRUTANJAN
2015-03-10,EQ,515.9,535.05,501.3,511.6,511.95,511.8,523.42,535.05,123.65,134338,70315057.25,4523,AMRUTANJAN
2015-03-11,EQ,515.9,518.85,500.2,511.8,503.0,504.5,509.22,535.05,123.65,52615,26792580.15,2068,AMRUTANJAN
2015-03-12,EQ,506.7,548.4,505.05,504.5,525.5,527.05,533.71,548.4,123.65,307024,163860469.4,10467,AMRUTANJAN
2015-03-13,EQ,533.3,544.3,505.0,527.05,515.0,511.5,528.35,548.4,123.65,137847,72831344.55,4877,AMRUTANJAN
2015-03-16,EQ,511.5,525.95,508.2,511.5,516.0,512.9,515.59,548.4,123.65,54831,28270044.25,1973,AMRUTANJAN
2015-03-17,EQ,514.0,524.9,498.0,512.9,503.5,507.1,511.43,548.4,123.65,50675,25916535.1,1752,AMRUTANJAN
2015-03-18,EQ,508.45,528.7,505.0,507.1,520.9,517.55,517.47,548.4,123.65,120073,62134516.4,5046,AMRUTANJAN
2015-03-19,EQ,518.15,528.0,499.0,517.55,503.0,503.8,515.95,548.4,123.65,50801,26210714.15,1914,AMRUTANJAN
2015-03-20,EQ,503.8,511.0,479.4,503.8,488.0,485.25,493.31,548.4,123.65,57087,28161750.05,2058,AMRUTANJAN
2015-03-23,EQ,486.95,492.15,465.05,485.25,468.7,469.35,477.26,548.4,123.65,28729,13711250.0,1156,AMRUTANJAN
2015-03-24,EQ,470.9,484.2,466.0,469.35,471.95,470.6,474.22,548.4,123.65,24871,11794225.95,1154,AMRUTANJAN
2015-03-25,EQ,470.0,483.9,456.25,470.6,466.9,467.8,470.97,548.4,123.65,65150,30683502.5,2163,AMRUTANJAN
2015-03-26,EQ,460.0,471.0,454.25,467.8,459.0,456.8,462.04,548.4,123.65,25867,11951599.4,1205,AMRUTANJAN
2015-03-27,EQ,457.2,468.95,450.25,456.8,455.9,462.4,459.45,548.4,123.65,32660,15005789.4,1190,AMRUTANJAN
2015-03-30,EQ,463.0,490.0,463.0,462.4,478.0,475.7,475.99,548.4,125.2,33816,16096234.9,1431,AMRUTANJAN
2015-03-31,EQ,479.0,494.8,473.7,475.7,478.5,479.15,486.55,548.4,125.2,49419,24044777.2,1851,AMRUTANJAN
2015-04-01,EQ,480.0,527.05,478.35,479.15,517.1,518.3,511.54,548.4,125.2,216407,110700554.1,7177,AMRUTANJAN
2015-04-06,EQ,518.0,529.95,506.2,518.3,518.0,518.25,519.42,548.4,134.1,83038,43131781.45,3377,AMRUTANJAN
2015-04-07,EQ,524.7,535.8,512.7,518.25,524.8,525.95,526.66,548.4,134.1,104743,55163909.0,3762,AMRUTANJAN
2015-04-08,EQ,529.5,564.9,526.0,525.95,544.5,545.25,548.72,564.9,134.1,346803,190296964.2,9525,AMRUTANJAN
2015-04-09,EQ,545.0,551.65,530.05,545.25,532.15,533.65,537.95,564.9,134.1,64191,34531367.3,2639,AMRUTANJAN
2015-04-10,EQ,537.0,542.5,521.7,533.65,527.0,526.55,532.09,564.9,134.1,69486,36972694.55,2103,AMRUTANJAN
2015-04-13,EQ,528.65,541.55,521.1,526.55,527.0,526.55,531.55,564.9,134.1,75329,40041191.8,2149,AMRUTANJAN
2015-04-15,EQ,529.9,531.45,512.0,526.55,515.0,515.05,523.06,564.9,134.1,26885,14062476.1,1667,AMRUTANJAN
2015-04-16,EQ,517.35,517.85,501.2,515.05,504.0,503.95,505.76,564.9,134.1,33733,17060720.55,1942,AMRUTANJAN
2015-04-17,EQ,506.35,514.9,490.05,503.95,492.0,493.75,500.94,564.9,134.1,65342,32732162.25,3747,AMRUTANJAN
2015-04-20,EQ,490.2,504.9,471.0,493.75,481.0,478.3,491.27,564.9,134.1,66660,32747839.25,2557,AMRUTANJAN
2015-04-21,EQ,481.8,508.7,479.0,478.3,489.4,489.4,494.95,564.9,134.1,104656,51799447.3,4568,AMRUTANJAN
2015-04-22,EQ,495.05,503.9,474.0,489.4,484.0,482.7,490.97,564.9,134.1,39179,19235542.7,1900,AMRUTANJAN
2015-04-23,EQ,486.05,498.0,485.1,482.7,489.0,488.55,490.0,564.9,134.1,34339,16826137.1,1393,AMRUTANJAN
2015-04-24,EQ,485.0,492.0,470.85,488.55,471.45,472.4,477.43,564.9,134.1,24656,11771540.85,1059,AMRUTANJAN
2015-04-27,EQ,482.4,482.4,443.0,472.4,443.15,444.35,451.95,564.9,134.1,25800,11660425.85,1533,AMRUTANJAN
2015-04-28,EQ,437.0,461.0,437.0,444.35,453.05,456.8,450.59,564.9,134.1,36139,16283912.3,1800,AMRUTANJAN
2015-04-29,EQ,460.0,466.0,451.1,456.8,457.55,458.4,459.33,564.9,134.1,20507,9419538.7,1144,AMRUTANJAN
2015-04-30,EQ,463.4,473.15,453.75,458.4,459.0,459.1,464.6,564.9,134.1,41122,19105440.55,2555,AMRUTANJAN
2015-05-04,EQ,469.8,470.0,451.9,459.1,468.0,464.65,463.77,564.9,134.1,26263,12179989.7,1221,AMRUTANJAN
2015-05-05,EQ,462.0,480.0,459.85,464.65,472.5,471.0,471.68,564.9,134.1,26041,12283083.9,1317,AMRUTANJAN
2015-05-06,EQ,475.3,475.3,447.0,471.0,450.9,449.8,455.48,564.9,134.1,18360,8362665.65,957,AMRUTANJAN
2015-05-07,EQ,442.0,451.9,424.35,449.8,424.35,427.65,436.82,564.9,134.1,31907,13937486.05,1611,AMRUTANJAN
2015-05-08,EQ,448.0,448.0,430.0,427.65,441.5,439.4,439.45,564.9,134.1,14355,6308267.25,1016,AMRUTANJAN
2015-05-11,EQ,445.0,465.65,442.0,439.4,464.95,461.9,455.56,564.9,134.1,23113,10529459.65,1432,AMRUTANJAN
2015-05-12,EQ,465.0,472.6,455.0,461.9,456.25,459.3,461.81,564.9,134.1,27193,12557934.95,1501,AMRUTANJAN
2015-05-14,EQ,472.35,489.5,462.65,471.75,489.0,484.85,480.79,564.9,134.1,27930,13428350.4,1389,AMRUTANJAN
2015-05-15,EQ,486.95,500.0,471.0,484.85,472.1,483.65,489.06,564.9,134.1,39464,19300083.1,2142,AMRUTANJAN
2015-05-18,EQ,488.0,488.0,465.85,483.65,469.0,469.45,474.23,564.9,135.1,49580,23512235.0,2501,AMRUTANJAN
2015-05-19,EQ,475.0,478.6,445.55,469.45,451.0,452.1,453.99,564.9,135.1,34718,15761632.55,1878,AMRUTANJAN
2015-05-20,EQ,447.0,464.3,447.0,452.1,453.0,452.35,455.99,564.9,135.1,16475,7512467.6,914,AMRUTANJAN
2015-05-21,EQ,454.0,461.95,454.0,452.35,455.55,455.5,456.35,564.9,135.1,23767,10846138.95,996,AMRUTANJAN
2015-05-22,EQ,457.3,464.0,452.75,455.5,455.05,455.45,457.38,564.9,135.1,16187,7403622.85,907,AMRUTANJAN
2015-05-25,EQ,464.0,464.0,453.5,455.45,460.0,455.7,455.54,564.9,151.9,11678,5319799.55,810,AMRUTANJAN
2015-05-26,EQ,455.7,465.4,454.15,455.7,459.0,458.55,461.02,564.9,151.9,40864,18839088.65,1435,AMRUTANJAN
2015-05-27,EQ,451.1,464.8,447.1,458.55,452.0,452.15,454.99,564.9,151.9,33577,15277319.95,1371,AMRUTANJAN
2015-05-28,EQ,452.0,459.5,452.0,452.15,457.0,457.1,456.54,564.9,151.9,7442,3397548.45,413,AMRUTANJAN
2015-05-29,EQ,453.65,458.5,453.65,457.1,455.0,455.55,455.38,564.9,151.9,9527,4338416.35,678,AMRUTANJAN
2015-06-01,EQ,452.6,460.0,450.5,455.55,455.0,454.9,455.62,564.9,151.9,12100,5513021.7,639,AMRUTANJAN
2015-06-02,EQ,455.05,458.15,453.3,454.9,455.05,455.0,455.1,564.9,151.9,12920,5879932.7,460,AMRUTANJAN
2015-06-03,EQ,456.75,458.75,391.8,455.0,438.0,430.25,427.08,564.9,151.9,46702,19945414.8,2383,AMRUTANJAN
2015-06-04,EQ,434.95,441.05,425.1,430.25,432.0,432.45,432.64,564.9,151.9,13588,5878716.45,1056,AMRUTANJAN
2015-06-05,EQ,430.05,454.0,430.05,432.45,443.0,441.15,442.68,564.9,151.9,12078,5346729.5,1055,AMRUTANJAN
2015-06-08,EQ,438.0,451.35,425.1,441.15,427.5,427.8,440.53,564.9,155.0,16191,7132603.65,1666,AMRUTANJAN
2015-06-09,EQ,429.5,433.55,418.6,427.8,420.0,420.85,424.96,564.9,155.0,11514,4893046.2,783,AMRUTANJAN
2015-06-10,EQ,420.0,431.05,420.0,420.85,420.5,422.45,424.45,564.9,155.0,16647,7065882.4,720,AMRUTANJAN
2015-06-11,EQ,428.75,428.75,410.0,422.45,413.0,413.2,417.08,564.9,155.0,11238,4687143.3,707,AMRUTANJAN
2015-06-12,EQ,410.0,410.0,397.5,413.2,406.0,406.1,404.53,564.9,155.0,12686,5131909.75,904,AMRUTANJAN
2015-06-15,EQ,414.9,415.0,406.15,406.1,411.5,409.35,409.82,564.9,155.0,7716,3162165.5,348,AMRUTANJAN
2015-06-16,EQ,403.25,417.0,396.5,409.35,414.0,413.4,408.19,564.9,155.0,5377,2194825.95,485,AMRUTANJAN
2015-06-17,EQ,413.05,438.0,413.05,413.4,417.7,416.15,422.7,564.9,155.0,25043,10585729.9,1722,AMRUTANJAN
2015-06-18,EQ,420.1,429.5,418.95,416.15,424.0,422.8,422.41,564.9,155.0,11231,4744088.75,818,AMRUTANJAN
2015-06-19,EQ,427.6,432.9,418.0,422.8,420.0,420.2,423.39,564.9,155.0,15371,6507874.65,1026,AMRUTANJAN
2015-06-22,EQ,420.65,433.85,420.65,420.2,423.0,423.15,426.97,564.9,155.5,16268,6945991.75,826,AMRUTANJAN
2015-06-23,EQ,428.6,429.9,423.2,423.15,425.2,425.35,425.86,564.9,155.5,15489,6596079.3,942,AMRUTANJAN
2015-06-24,EQ,425.35,446.0,425.0,425.35,434.0,432.9,436.49,564.9,155.5,47429,20702289.4,2213,AMRUTANJAN
2015-06-25,EQ,440.0,440.0,423.0,432.9,427.0,426.55,426.91,564.9,155.5,14142,6037362.05,585,AMRUTANJAN
2015-06-26,EQ,429.6,431.95,421.5,426.55,425.95,425.6,425.42,564.9,155.5,7304,3107295.5,600,AMRUTANJAN
2015-06-29,EQ,422.0,422.05,410.0,425.6,413.0,415.3,414.64,564.9,155.5,9674,4011262.45,716,AMRUTANJAN
2015-06-30,EQ,418.05,423.0,412.0,415.3,417.05,417.45,417.27,564.9,155.5,10328,4309533.55,757,AMRUTANJAN
2015-07-01,EQ,422.95,469.95,418.05,417.45,462.2,457.85,454.62,564.9,155.5,104281,47407770.55,4876,AMRUTANJAN
2015-07-02,EQ,461.9,469.0,452.05,457.85,456.0,456.6,459.44,564.9,155.5,38932,17886986.1,1994,AMRUTANJAN
2015-07-03,EQ,457.0,461.85,445.0,456.6,449.0,448.55,452.86,564.9,155.5,13613,6164773.35,939,AMRUTANJAN
2015-07-06,EQ,447.0,455.05,432.0,448.55,447.7,449.2,445.62,564.9,155.5,12930,5761811.65,1359,AMRUTANJAN
2015-07-07,EQ,454.0,464.5,447.6,449.2,447.6,450.75,456.01,564.9,155.5,27450,12517436.55,1131,AMRUTANJAN
2015-07-08,EQ,451.0,455.0,435.25,450.75,438.5,440.5,442.78,564.9,155.5,14649,6486231.4,1497,AMRUTANJAN
2015-07-09,EQ,436.05,449.5,436.0,440.5,440.0,440.75,442.38,564.9,155.5,7970,3525787.4,914,AMRUTANJAN
2015-07-10,EQ,442.55,446.0,434.0,440.75,434.1,435.55,438.71,564.9,155.5,7599,3333794.4,419,AMRUTANJAN
2015-07-13,EQ,437.55,446.45,435.05,435.55,441.0,441.6,440.95,564.9,155.5,5632,2483439.2,457,AMRUTANJAN
2015-07-14,EQ,442.4,449.4,440.1,441.6,443.8,443.95,444.03,564.9,155.5,10483,4654769.3,650,AMRUTANJAN
2015-07-15,EQ,445.95,446.8,435.0,443.95,436.5,435.95,441.04,564.9,155.5,13923,6140547.95,646,AMRUTANJAN
2015-07-16,EQ,442.9,452.7,434.0,435.95,448.9,445.7,445.03,564.9,155.5,16473,7331026.25,1163,AMRUTANJAN
2015-07-17,EQ,449.55,449.55,439.0,445.7,442.95,440.95,443.8,564.9,155.5,9234,4098066.75,467,AMRUTANJAN
2015-07-20,EQ,445.05,449.0,440.0,440.95,448.0,447.0,444.71,564.9,172.0,11431,5083425.4,796,AMRUTANJAN
2015-07-21,EQ,447.95,454.7,431.5,447.0,437.0,434.75,444.2,564.9,172.0,13763,6113479.25,714,AMRUTANJAN
2015-07-22,EQ,440.0,484.9,436.15,434.75,476.0,477.65,470.18,564.9,172.0,218318,102648353.1,9475,AMRUTANJAN
2015-07-23,EQ,481.0,481.0,457.0,477.65,458.0,459.1,463.94,564.9,172.0,32169,14924539.55,1816,AMRUTANJAN
2015-07-24,EQ,457.0,470.0,451.5,459.1,454.5,454.1,461.32,564.9,172.0,12879,5941322.0,778,AMRUTANJAN
2015-07-27,EQ,450.0,465.0,444.65,454.1,452.0,451.15,452.71,564.9,172.0,18172,8226613.9,1575,AMRUTANJAN
2015-07-28,EQ,442.6,465.0,442.6,451.15,452.0,455.15,454.51,564.9,172.0,52860,24025406.25,1732,AMRUTANJAN
2015-07-29,EQ,448.2,463.0,448.2,455.15,454.0,453.7,455.39,564.9,172.0,13085,5958750.45,1346,AMRUTANJAN
2015-07-30,EQ,451.05,464.0,451.05,453.7,464.0,458.9,459.38,564.9,172.0,15390,7069793.1,771,AMRUTANJAN
2015-07-31,EQ,453.0,483.95,453.0,458.9,462.4,464.0,470.04,564.9,172.0,44471,20903024.3,1844,AMRUTANJAN
2015-08-03,EQ,458.6,475.6,458.6,464.0,466.25,467.2,468.25,564.9,172.55,18561,8691130.35,1333,AMRUTANJAN
2015-08-04,EQ,469.95,518.0,462.5,467.2,502.0,500.3,497.07,564.9,172.55,186562,92733529.55,7473,AMRUTANJAN
2015-08-06,EQ,508.0,508.0,490.0,502.6,496.75,498.55,498.06,564.9,172.55,17955,8942631.4,1027,AMRUTANJAN
2015-08-07,EQ,505.0,508.9,493.0,498.55,497.0,496.25,499.91,564.9,172.55,25275,12635194.25,1266,AMRUTANJAN
2015-08-10,EQ,500.0,530.9,497.1,496.25,504.0,507.6,520.43,564.9,176.5,136234,70900793.3,5388,AMRUTANJAN
2015-08-11,EQ,508.0,519.35,489.5,507.6,493.5,495.55,501.4,564.9,176.5,38907,19507834.55,1475,AMRUTANJAN
2015-08-12,EQ,494.9,494.9,475.0,495.55,478.0,476.9,482.63,564.9,176.5,23929,11548870.1,1132,AMRUTANJAN
2015-08-13,EQ,481.65,503.9,452.1,476.9,459.0,463.75,478.49,564.9,176.5,37102,17752818.15,1964,AMRUTANJAN
2015-08-14,EQ,465.0,478.0,449.05,463.75,455.05,456.35,463.48,564.9,176.5,46030,21333947.7,2119,AMRUTANJAN
2015-08-17,EQ,460.0,463.85,449.0,456.35,455.0,455.7,455.98,564.9,189.0,9261,4222838.1,593,AMRUTANJAN
2015-08-18,EQ,458.25,464.3,450.1,455.7,456.0,456.55,457.57,564.9,189.0,12686,5804735.85,865,AMRUTANJAN
2015-08-19,EQ,461.0,485.0,457.05,456.55,467.15,467.65,471.33,564.9,189.0,33519,15798549.9,2047,AMRUTANJAN
2015-08-20,EQ,461.1,474.0,450.1,467.65,454.6,455.75,461.1,564.9,189.0,14962,6898951.15,1727,AMRUTANJAN
2015-08-21,EQ,454.0,456.0,445.75,455.75,451.0,454.15,451.39,564.9,189.0,9435,4258894.05,672,AMRUTANJAN
2015-08-24,EQ,425.55,440.05,402.0,454.15,409.0,405.15,421.97,564.9,209.0,20607,8695525.2,1581,AMRUTANJAN
2015-08-25,EQ,407.0,427.45,391.25,405.15,419.0,421.1,414.79,564.9,209.0,30526,12661776.4,1655,AMRUTANJAN
2015-08-26,EQ,430.0,430.95,415.05,421.1,418.0,419.15,424.41,564.9,209.0,8686,3686459.4,530,AMRUTANJAN
2015-08-27,EQ,438.95,438.95,423.0,419.15,430.0,428.3,427.25,564.9,209.0,6014,2569466.45,544,AMRUTANJAN
2015-08-28,EQ,435.0,437.9,422.1,428.3,424.0,425.75,431.01,564.9,209.0,11500,4956564.25,778,AMRUTANJAN
2015-08-31,EQ,424.55,434.0,420.0,425.75,420.3,421.9,425.12,564.9,226.05,5942,2526091.75,375,AMRUTANJAN
2015-09-01,EQ,422.0,422.0,411.0,421.9,414.0,415.75,416.38,564.9,226.05,7358,3063738.05,517,AMRUTANJAN
2015-09-02,EQ,421.2,422.1,406.5,415.75,408.0,409.75,414.99,564.9,226.05,5265,2184932.95,571,AMRUTANJAN
2015-09-03,EQ,409.75,418.95,406.05,409.75,410.0,410.7,412.48,564.9,226.05,5376,2217504.35,322,AMRUTANJAN
2015-09-04,EQ,413.0,413.05,395.15,410.7,404.1,404.25,403.14,564.9,226.05,12511,5043627.75,624,AMRUTANJAN
2015-09-07,EQ,400.1,408.25,395.1,404.25,404.0,402.85,403.86,564.9,254.75,12604,5090255.8,422,AMRUTANJAN
2015-09-08,EQ,400.6,409.5,400.0,402.85,403.0,404.1,401.94,564.9,254.75,11738,4718024.2,638,AMRUTANJAN
2015-09-09,EQ,405.0,416.0,405.0,404.1,413.4,411.15,410.79,564.9,254.75,6582,2703828.2,380,AMRUTANJAN
2015-09-10,EQ,410.0,413.6,385.0,411.15,409.0,410.05,403.49,564.9,254.75,3125,1260901.95,356,AMRUTANJAN
2015-09-11,EQ,405.65,422.0,401.0,410.05,407.15,410.85,414.7,564.9,254.75,8624,3576408.25,613,AMRUTANJAN
2015-09-14,EQ,408.05,415.0,403.1,410.85,410.0,409.3,410.49,564.9,254.75,3609,1481463.3,310,AMRUTANJAN
2015-09-15,EQ,420.0,420.0,403.5,409.3,404.0,406.25,408.71,564.9,254.75,4596,1878424.1,375,AMRUTANJAN
2015-09-16,EQ,416.95,416.95,402.0,406.25,402.1,403.7,405.57,564.9,254.75,3079,1248739.45,285,AMRUTANJAN
2015-09-18,EQ,409.95,416.65,404.2,403.7,408.0,407.4,409.47,564.9,254.75,3385,1386049.25,347,AMRUTANJAN
2015-09-21,EQ,410.0,411.5,405.1,407.4,409.95,408.3,407.81,564.9,254.75,5832,2378359.2,295,AMRUTANJAN
2015-09-22,EQ,408.85,414.5,405.05,408.3,405.05,405.95,409.47,564.9,254.75,7307,2991980.2,355,AMRUTANJAN
2015-09-23,EQ,404.0,425.5,395.05,405.95,415.0,419.05,414.15,564.9,254.75,22360,9260410.1,1062,AMRUTANJAN
2015-09-24,EQ,416.05,426.0,416.0,419.05,418.0,418.75,420.75,564.9,254.75,8775,3692097.9,614,AMRUTANJAN
2015-09-28,EQ,411.55,417.9,410.25,418.75,411.0,413.85,413.88,564.9,254.75,2484,1028070.5,158,AMRUTANJAN
2015-09-29,EQ,410.05,417.9,400.1,413.85,414.0,412.8,409.22,564.9,254.75,11529,4717924.85,517,AMRUTANJAN
2015-09-30,EQ,419.45,419.5,411.3,412.8,419.0,417.75,416.72,564.9,254.75,9678,4033019.75,513,AMRUTANJAN
2015-10-01,EQ,424.0,447.8,417.25,417.75,425.1,427.85,434.74,564.9,254.75,65641,28536731.25,3423,AMRUTANJAN
2015-10-05,EQ,433.95,444.9,427.0,427.85,440.6,438.75,437.32,564.9,254.75,14494,6338513.6,844,AMRUTANJAN
2015-10-06,EQ,444.95,453.95,434.55,438.75,442.05,442.25,444.71,564.9,254.75,11126,4947796.45,1064,AMRUTANJAN
2015-10-07,EQ,436.0,450.0,436.0,442.25,438.05,438.6,443.58,564.9,254.75,7198,3192869.3,625,AMRUTANJAN
2015-10-08,EQ,439.05,445.95,435.0,438.6,436.0,435.75,437.45,564.9,254.75,5402,2363113.8,470,AMRUTANJAN
2015-10-09,EQ,431.0,474.0,431.0,435.75,464.0,464.3,458.73,564.9,254.75,65469,30032873.0,3284,AMRUTANJAN
2015-10-12,EQ,468.4,480.0,462.05,464.3,462.3,464.55,471.11,564.9,255.0,27548,12978180.55,1469,AMRUTANJAN
2015-10-13,EQ,465.95,471.95,450.0,464.55,454.9,452.95,457.48,564.9,255.0,13753,6291774.0,1520,AMRUTANJAN
2015-10-14,EQ,446.15,462.65,443.8,452.95,455.0,453.65,454.11,564.9,255.0,9648,4381225.15,500,AMRUTANJAN
2015-10-15,EQ,446.3,472.0,445.0,453.65,463.0,460.8,460.29,564.9,255.0,18321,8432970.7,1319,AMRUTANJAN
2015-10-16,EQ,461.05,469.45,460.05,460.8,460.05,461.05,463.32,564.9,255.0,5137,2380086.8,511,AMRUTANJAN
2015-10-19,EQ,456.45,459.7,451.5,461.05,452.5,452.35,455.31,564.9,265.0,7610,3464883.85,601,AMRUTANJAN
2015-10-20,EQ,443.0,460.0,443.0,452.35,448.05,449.25,455.46,564.9,265.0,16132,7347445.75,1129,AMRUTANJAN
2015-10-21,EQ,446.0,457.95,445.0,449.25,448.0,447.55,450.25,564.9,265.0,6704,3018492.75,581,AMRUTANJAN
2015-10-23,EQ,450.0,455.0,441.0,447.55,442.0,442.5,445.3,564.9,265.0,9240,4114616.55,630,AMRUTANJAN
2015-10-26,EQ,443.0,449.85,427.0,442.5,430.0,430.6,432.42,564.9,284.8,11592,5012668.0,592,AMRUTANJAN
2015-10-27,EQ,425.0,438.0,425.0,430.6,436.05,435.15,434.66,564.9,284.8,2688,1168375.15,273,AMRUTANJAN
2015-10-28,EQ,426.0,439.9,426.0,435.15,429.0,429.3,431.56,564.9,284.8,4342,1873829.2,315,AMRUTANJAN
2015-10-29,EQ,426.0,434.0,426.0,429.3,428.0,428.15,427.97,564.9,284.8,5099,2182214.8,335,AMRUTANJAN
2015-10-30,EQ,432.55,437.95,428.45,428.15,430.0,430.45,431.95,564.9,284.8,5356,2313501.55,522,AMRUTANJAN
2015-11-02,EQ,429.3,429.3,415.15,430.45,422.0,420.85,424.31,564.9,284.8,20160,8554120.35,619,AMRUTANJAN
2015-11-03,EQ,424.95,429.0,416.25,420.85,423.0,422.55,422.85,564.9,284.8,6056,2560771.7,445,AMRUTANJAN
2015-11-04,EQ,424.55,437.25,423.1,422.55,426.95,426.5,428.79,564.9,284.8,5538,2374636.15,567,AMRUTANJAN
2015-11-05,EQ,426.45,502.8,423.1,426.5,473.0,473.1,480.11,564.9,284.8,413762,198650709.4,15691,AMRUTANJAN
2015-11-06,EQ,483.4,510.0,481.1,473.1,485.0,486.45,493.26,564.9,284.8,315304,155526133.65,11385,AMRUTANJAN
2015-11-09,EQ,466.5,482.0,452.0,486.45,472.0,471.8,471.28,564.9,284.8,38095,17953374.8,1947,AMRUTANJAN
2015-11-10,EQ,471.8,476.95,456.5,471.8,459.15,459.85,463.64,564.9,284.8,27288,12651940.0,1102,AMRUTANJAN
2015-11-11,EQ,467.95,467.95,460.05,459.85,465.9,464.35,464.07,564.9,284.8,6695,3106945.45,287,AMRUTANJAN
2015-11-13,EQ,457.4,479.9,454.0,464.35,470.0,468.1,469.4,564.9,284.8,27274,12802407.7,1034,AMRUTANJAN
2015-11-16,EQ,462.5,477.0,461.5,468.1,468.0,468.0,469.46,564.9,287.0,15284,7175167.1,710,AMRUTANJAN
2015-11-17,EQ,463.6,476.8,461.0,468.0,467.85,466.5,467.67,564.9,287.0,12016,5619569.35,721,AMRUTANJAN
2015-11-18,EQ,466.85,501.05,466.05,466.5,490.0,490.6,488.01,564.9,287.0,152388,74367097.8,5257,AMRUTANJAN
2015-11-19,EQ,491.6,544.9,486.8,490.6,527.0,529.15,527.22,564.9,287.0,563275,296967297.3,20204,AMRUTANJAN
2015-11-20,EQ,527.05,539.0,506.0,529.15,511.25,509.0,521.14,564.9,287.0,137190,71494834.5,6068,AMRUTANJAN
2015-11-23,EQ,504.0,519.9,502.25,509.0,507.7,506.95,510.1,564.9,385.0,44551,22725344.2,2232,AMRUTANJAN
2015-11-24,EQ,506.95,510.95,495.1,506.95,495.1,497.0,500.71,564.9,385.0,34910,17479653.35,1544,AMRUTANJAN
2015-11-26,EQ,499.95,514.0,490.1,497.0,500.05,502.2,504.59,564.9,385.0,45620,23019441.1,2240,AMRUTANJAN
2015-11-27,EQ,505.95,519.7,502.8,502.2,509.05,509.95,513.63,564.9,385.0,76725,39408239.5,2766,AMRUTANJAN
2015-11-30,EQ,509.0,527.25,504.85,509.95,509.1,510.2,517.21,564.9,385.0,47744,24693818.65,2098,AMRUTANJAN
2015-12-01,EQ,510.2,520.0,495.25,510.2,500.8,500.2,504.53,564.9,385.0,36188,18257993.75,1907,AMRUTANJAN
2015-12-02,EQ,504.5,511.2,490.0,500.2,496.0,495.6,496.18,564.9,385.0,36415,18068480.75,1876,AMRUTANJAN
2015-12-03,EQ,492.1,494.3,480.0,495.6,480.2,481.45,485.89,564.9,385.0,24158,11738015.0,1193,AMRUTANJAN
2015-12-04,EQ,480.55,501.0,472.1,481.45,483.0,485.8,490.11,564.9,385.0,28973,14199985.75,1590,AMRUTANJAN
2015-12-07,EQ,492.0,494.95,482.0,485.8,483.9,484.0,488.06,564.9,385.0,8478,4137756.8,638,AMRUTANJAN
2015-12-08,EQ,474.25,492.85,456.3,484.0,468.95,469.15,479.93,564.9,385.0,26577,12755114.35,1511,AMRUTANJAN
2015-12-09,EQ,473.95,479.95,460.1,469.15,463.9,463.65,468.25,564.9,385.0,19130,8957578.65,1189,AMRUTANJAN
2015-12-10,EQ,460.05,479.0,454.0,463.65,472.8,468.05,464.67,564.9,385.0,30529,14185990.65,1303,AMRUTANJAN
2015-12-11,EQ,475.55,478.95,460.0,468.05,468.0,467.3,464.53,564.9,385.0,17494,8126499.3,986,AMRUTANJAN
2015-12-14,EQ,462.95,475.75,450.0,467.3,454.0,453.25,465.61,564.9,385.0,39957,18604203.3,1764,AMRUTANJAN
2015-12-15,EQ,452.0,470.05,451.25,453.25,458.25,459.1,461.14,564.9,385.0,26468,12205417.45,1407,AMRUTANJAN
2015-12-16,EQ,460.6,478.8,460.55,459.1,465.25,465.7,470.19,564.9,385.0,39105,18386716.55,1719,AMRUTANJAN
2015-12-17,EQ,472.0,479.0,466.3,465.7,478.95,477.85,474.38,564.9,385.0,19523,9261262.05,1321,AMRUTANJAN
2015-12-18,EQ,474.5,478.0,462.5,477.85,468.1,466.0,471.25,564.9,385.0,16086,7580537.55,695,AMRUTANJAN
2015-12-21,EQ,464.0,488.0,463.25,466.0,485.8,481.95,480.66,564.9,385.0,29806,14326586.5,1287,AMRUTANJAN
2015-12-22,EQ,486.8,494.0,484.85,481.95,492.0,487.75,489.66,564.9,385.0,25854,12659688.3,971,AMRUTANJAN
2015-12-23,EQ,482.15,505.0,482.15,487.75,491.7,492.95,496.18,564.9,385.0,25255,12530985.95,1219,AMRUTANJAN
2015-12-24,EQ,497.95,504.85,485.0,492.95,495.0,492.6,497.37,564.9,385.0,25247,12556997.65,1229,AMRUTANJAN
2015-12-28,EQ,493.0,499.2,486.0,492.6,491.0,492.05,494.5,564.9,385.0,10841,5360876.95,612,AMRUTANJAN
2015-12-29,EQ,487.15,496.0,479.8,492.05,481.0,481.65,485.6,564.9,385.0,9615,4669008.4,695,AMRUTANJAN
2015-12-30,EQ,486.45,493.0,479.55,481.65,481.1,481.45,486.94,564.9,385.0,9966,4852840.75,699,AMRUTANJAN
2015-12-31,EQ,484.0,491.0,477.55,481.45,481.0,480.3,484.04,564.9,385.0,10178,4926541.7,638,AMRUTANJAN
2016-01-01,EQ,486.45,490.5,483.0,480.3,486.45,486.95,487.35,564.9,385.0,12101,5897451.8,525,AMRUTANJAN
2016-01-04,EQ,487.05,491.95,473.0,486.95,476.95,476.2,480.16,564.9,385.0,7252,3482127.9,542,AMRUTANJAN
2016-01-05,EQ,471.3,483.0,471.25,476.2,473.5,474.3,476.77,564.9,385.0,11378,5424740.65,637,AMRUTANJAN
2016-01-06,EQ,485.0,498.25,470.0,474.3,473.0,473.6,483.22,564.9,385.0,55706,26918394.15,1991,AMRUTANJAN
2016-01-07,EQ,467.4,473.0,455.95,473.6,459.0,458.45,462.91,564.9,385.0,23409,10836322.65,1530,AMRUTANJAN
2016-01-08,EQ,457.05,471.95,457.05,458.45,467.3,467.15,466.43,564.9,385.0,9670,4510342.35,668,AMRUTANJAN
2016-01-11,EQ,466.95,469.9,460.6,467.15,461.25,462.45,464.55,564.9,385.0,6148,2856076.95,376,AMRUTANJAN
2016-01-12,EQ,463.05,472.4,453.8,462.45,456.5,455.75,461.09,564.9,385.0,10363,4778242.65,851,AMRUTANJAN
2016-01-13,EQ,458.4,463.95,440.0,455.75,453.0,452.45,450.8,564.9,385.0,15754,7101834.9,1047,AMRUTANJAN
2016-01-14,EQ,445.0,454.95,420.2,452.45,447.0,446.95,444.49,564.9,385.0,12478,5546378.95,1091,AMRUTANJAN
2016-01-15,EQ,440.05,454.9,422.6,446.95,432.85,428.0,440.71,564.9,385.0,12466,5493885.85,888,AMRUTANJAN
2016-01-18,EQ,410.55,434.4,410.0,428.0,410.15,414.1,418.99,564.9,385.0,16414,6877333.0,1449,AMRUTANJAN
2016-01-19,EQ,421.0,422.0,405.05,414.1,415.0,416.4,414.88,564.9,385.0,16018,6645534.4,876,AMRUTANJAN
2016-01-20,EQ,409.0,416.0,400.0,416.4,405.5,405.65,405.5,564.9,385.0,12146,4925147.35,847,AMRUTANJAN
2016-01-21,EQ,405.0,425.0,405.0,405.65,416.0,416.25,416.24,564.9,385.0,13459,5602197.15,1025,AMRUTANJAN
2016-01-22,EQ,417.0,424.8,416.2,416.25,420.2,418.9,419.88,564.9,385.0,9438,3962854.15,663,AMRUTANJAN
2016-01-25,EQ,418.95,430.0,418.15,418.9,424.4,426.3,425.69,564.9,385.0,4809,2047139.0,378,AMRUTANJAN
2016-01-27,EQ,426.3,431.4,422.0,426.3,423.1,425.35,426.24,564.9,385.0,4487,1912522.55,354,AMRUTANJAN
2016-01-28,EQ,418.6,424.35,418.6,425.35,422.95,419.9,420.7,564.9,385.0,3819,1606651.6,285,AMRUTANJAN
2016-01-29,EQ,417.05,435.95,417.05,419.9,434.0,430.8,426.87,564.9,385.0,10444,4458226.75,573,AMRUTANJAN
2016-02-01,EQ,431.95,444.9,429.1,430.8,432.0,435.05,437.92,564.9,385.0,8196,3589222.4,545,AMRUTANJAN
2016-02-02,EQ,437.35,438.15,420.0,435.05,423.0,422.65,427.81,564.9,385.0,5187,2219026.45,432,AMRUTANJAN
2016-02-03,EQ,422.0,422.6,409.3,422.65,414.9,414.25,417.11,564.9,385.0,6399,2669094.55,437,AMRUTANJAN
2016-02-04,EQ,416.15,423.0,401.5,414.25,407.8,403.8,409.99,564.9,385.0,8926,3659610.55,586,AMRUTANJAN
2016-02-05,EQ,405.0,419.4,402.9,403.8,419.4,412.2,409.63,564.9,385.0,14122,5784839.35,908,AMRUTANJAN
2016-02-08,EQ,416.0,420.0,409.0,412.2,409.65,411.9,415.17,564.9,385.0,5631,2337835.15,383,AMRUTANJAN
2016-02-09,EQ,410.0,418.0,402.6,411.9,418.0,413.8,412.75,564.9,385.0,1896,782572.05,287,AMRUTANJAN
2016-02-10,EQ,413.1,418.5,406.6,413.8,409.95,410.05,412.42,564.9,385.0,5933,2446862.2,444,AMRUTANJAN
2016-02-11,EQ,414.9,419.6,390.5,410.05,406.0,399.15,401.84,564.9,385.0,20037,8051728.35,1430,AMRUTANJAN
2016-02-12,EQ,392.1,410.0,385.0,399.15,400.0,391.1,394.45,564.9,385.0,12846,5067136.25,1476,AMRUTANJAN
2016-02-15,EQ,399.4,417.75,395.05,391.1,417.75,413.45,411.79,564.9,385.0,9632,3966381.8,872,AMRUTANJAN
2016-02-16,EQ,428.9,428.9,400.0,413.45,400.7,404.15,406.45,564.9,385.0,5328,2165555.3,615,AMRUTANJAN
2016-02-17,EQ,402.5,409.5,390.0,404.15,398.0,398.7,397.63,564.9,385.0,11057,4396650.1,902,AMRUTANJAN
2016-02-18,EQ,401.0,408.95,395.0,398.7,398.65,399.1,401.61,564.9,385.0,9152,3675542.6,684,AMRUTANJAN
2016-02-19,EQ,391.1,413.0,391.1,399.1,412.0,406.7,407.08,564.9,385.0,10952,4458385.05,698,AMRUTANJAN
2016-02-22,EQ,402.0,412.95,402.0,406.7,408.0,405.05,406.44,564.9,385.0,6343,2578028.05,459,AMRUTANJAN
2016-02-23,EQ,403.0,408.0,395.3,405.05,398.0,397.65,401.63,564.9,385.0,6457,2593346.6,458,AMRUTANJAN
2016-02-24,EQ,397.15,397.65,390.0,397.65,391.55,392.75,394.18,564.9,385.0,3920,1545169.65,217,AMRUTANJAN
2016-02-25,EQ,399.5,399.5,385.1,392.75,386.0,385.9,389.78,564.9,385.0,5670,2210069.7,388,AMRUTANJAN
2016-02-26,EQ,397.7,397.7,385.1,385.9,385.35,386.9,388.67,564.9,385.0,3808,1480036.55,285,AMRUTANJAN
2016-02-29,EQ,390.0,390.0,375.55,386.9,376.25,378.2,381.56,564.9,375.55,7452,2843413.6,666,AMRUTANJAN
2016-03-01,EQ,386.0,389.9,380.1,378.2,389.0,387.4,387.45,564.9,375.55,7127,2761370.35,335,AMRUTANJAN
2016-03-02,EQ,390.0,409.85,387.4,387.4,400.0,399.75,401.06,564.9,375.55,11961,4797086.45,785,AMRUTANJAN
2016-03-03,EQ,399.75,408.95,399.75,399.75,403.0,402.35,403.45,564.9,375.55,9597,3871931.0,298,AMRUTANJAN
2016-03-04,EQ,399.05,427.75,399.05,402.35,406.05,406.6,410.71,564.9,375.55,18778,7712267.75,1323,AMRUTANJAN
2016-03-08,EQ,406.6,416.0,402.95,406.6,405.0,404.75,408.35,564.9,375.55,6656,2717962.0,555,AMRUTANJAN
2016-03-09,EQ,405.0,406.1,395.0,404.75,406.0,403.45,402.12,564.9,375.55,5844,2349975.1,299,AMRUTANJAN
2016-03-10,EQ,401.5,430.3,400.2,403.45,417.15,418.05,421.72,564.9,375.55,51559,21743632.3,2501,AMRUTANJAN
2016-03-11,EQ,417.15,424.0,411.5,418.05,414.95,414.4,419.43,564.9,375.55,12582,5277273.1,546,AMRUTANJAN
2016-03-14,EQ,409.0,418.0,409.0,414.4,416.75,415.25,415.39,564.9,375.55,4412,1832701.0,327,AMRUTANJAN
2016-03-15,EQ,419.3,423.6,414.3,415.25,417.0,417.65,419.01,564.9,375.55,7891,3306405.95,356,AMRUTANJAN
2016-03-16,EQ,414.25,423.0,411.1,417.65,414.85,414.5,415.75,564.9,375.55,15366,6388341.65,393,AMRUTANJAN
2016-03-17,EQ,419.5,422.9,412.1,414.5,413.0,413.0,416.16,564.9,375.55,3640,1514833.25,365,AMRUTANJAN
2016-03-18,EQ,413.05,415.0,408.3,413.0,411.5,413.0,412.44,564.9,375.55,3317,1368058.45,325,AMRUTANJAN
2016-03-21,EQ,415.1,462.0,412.6,413.0,428.0,428.3,440.38,564.9,375.55,84501,37212747.25,4346,AMRUTANJAN
2016-03-22,EQ,429.0,430.9,418.0,428.3,423.5,423.05,425.4,564.9,375.55,6654,2830596.95,451,AMRUTANJAN
2016-03-23,EQ,418.0,435.0,418.0,423.05,427.25,425.65,427.84,564.9,375.55,9341,3996458.3,807,AMRUTANJAN
2016-03-28,EQ,425.0,442.0,411.5,425.65,414.0,414.3,421.39,564.9,375.55,9341,3936179.65,689,AMRUTANJAN
2016-03-29,EQ,415.05,418.4,405.0,414.3,411.9,410.4,409.44,564.9,375.55,10573,4329049.9,518,AMRUTANJAN
2016-03-30,EQ,416.0,424.8,412.05,410.4,422.95,421.95,419.83,564.9,375.55,8837,3710005.95,493,AMRUTANJAN
2016-03-31,EQ,417.0,425.95,413.4,421.95,415.0,416.45,419.9,564.9,375.55,5006,2102013.45,346,AMRUTANJAN
2016-04-01,EQ,419.0,426.3,414.0,416.45,421.0,421.55,420.76,564.9,375.55,6939,2919687.95,521,AMRUTANJAN
2016-04-04,EQ,423.0,434.0,421.8,421.55,433.95,430.5,428.46,564.9,375.55,7096,3040368.8,849,AMRUTANJAN
2016-04-05,EQ,428.0,436.0,421.8,430.5,436.0,428.85,427.86,564.9,375.55,10101,4321821.5,1461,AMRUTANJAN
2016-04-06,EQ,429.0,436.0,426.25,428.85,432.45,430.6,431.14,564.9,375.55,7125,3071891.7,757,AMRUTANJAN
2016-04-07,EQ,432.5,432.5,423.1,430.6,425.15,426.1,426.39,564.9,375.55,4716,2010858.95,396,AMRUTANJAN
2016-04-08,EQ,429.85,431.8,425.75,426.1,430.0,429.5,428.23,564.9,375.55,3799,1626834.85,361,AMRUTANJAN
2016-04-11,EQ,429.0,431.0,425.5,429.5,426.0,427.15,426.83,544.9,375.55,4354,1858402.2,375,AMRUTANJAN
2016-04-12,EQ,432.0,439.0,424.45,427.15,436.5,435.45,432.4,544.9,375.55,8919,3856601.3,512,AMRUTANJAN
2016-04-13,EQ,434.95,453.25,434.0,435.45,441.95,441.7,443.11,544.9,375.55,27314,12103173.4,1217,AMRUTANJAN
2016-04-18,EQ,445.4,446.95,434.6,441.7,436.0,436.0,440.78,544.9,375.55,6155,2713014.85,418,AMRUTANJAN
2016-04-20,EQ,430.15,449.35,430.15,436.0,448.0,446.75,443.43,544.9,375.55,8403,3726174.2,690,AMRUTANJAN
2016-04-21,EQ,439.55,447.0,436.0,446.75,437.0,437.15,440.38,544.9,375.55,2933,1291631.75,250,AMRUTANJAN
2016-04-22,EQ,437.15,439.5,428.6,437.15,430.95,429.7,432.29,544.9,375.55,8848,3824888.45,449,AMRUTANJAN
2016-04-25,EQ,432.0,436.0,424.5,429.7,428.0,427.55,428.54,544.9,375.55,6706,2873817.7,533,AMRUTANJAN
2016-04-26,EQ,428.2,435.9,423.05,427.55,435.9,433.3,430.37,544.9,375.55,10495,4516733.85,498,AMRUTANJAN
2016-04-27,EQ,432.5,444.0,429.05,433.3,436.0,435.6,436.89,544.9,375.55,12140,5303878.65,664,AMRUTANJAN
2016-04-28,EQ,433.8,443.05,431.05,435.6,435.5,436.9,437.6,544.9,375.55,9848,4309442.55,558,AMRUTANJAN
2016-04-29,EQ,437.45,442.0,433.15,436.9,434.2,434.65,437.16,544.9,375.55,2809,1227978.3,310,AMRUTANJAN
2016-05-02,EQ,429.75,464.55,429.75,434.65,444.5,444.25,449.89,544.9,375.55,23037,10364007.05,1294,AMRUTANJAN
2016-05-03,EQ,453.0,458.9,441.15,444.25,449.45,448.65,449.99,544.9,375.55,21269,9570877.6,1383,AMRUTANJAN
2016-05-04,EQ,448.1,452.45,444.05,448.65,444.05,444.65,447.44,544.9,375.55,7444,3330715.85,536,AMRUTANJAN
2016-05-05,EQ,443.55,449.35,437.05,444.65,440.95,439.15,441.87,544.9,375.55,6757,2985702.0,593,AMRUTANJAN
2016-05-06,EQ,441.0,473.65,441.0,439.15,450.0,455.35,460.44,544.9,375.55,96320,44349723.5,4420,AMRUTANJAN
2016-05-09,EQ,445.05,450.0,422.75,455.35,423.0,425.85,430.45,544.9,375.55,63175,27193644.1,2602,AMRUTANJAN
2016-05-10,EQ,435.0,435.0,422.5,425.85,429.15,426.3,426.58,544.9,375.55,11720,4999547.35,823,AMRUTANJAN
2016-05-11,EQ,422.0,428.9,415.0,426.3,416.0,416.8,420.47,544.9,375.55,12509,5259620.6,829,AMRUTANJAN
2016-05-12,EQ,414.6,423.0,412.95,416.8,418.0,417.45,417.27,544.9,375.55,68365,28526799.15,874,AMRUTANJAN
2016-05-13,EQ,420.0,424.9,413.25,417.45,416.1,416.8,418.26,544.9,375.55,9060,3789428.7,891,AMRUTANJAN
2016-05-16,EQ,422.8,422.8,412.05,416.8,413.0,414.0,415.94,544.9,375.55,12465,5184651.6,719,AMRUTANJAN
2016-05-17,EQ,418.0,419.0,410.15,414.0,411.2,411.8,413.44,544.9,375.55,5603,2316477.55,542,AMRUTANJAN
2016-05-18,EQ,414.9,414.9,407.1,411.8,410.0,409.9,409.5,544.9,375.55,5846,2393966.0,399,AMRUTANJAN
2016-05-19,EQ,412.0,412.5,406.1,409.9,406.9,407.35,409.52,544.9,375.55,4544,1860879.55,378,AMRUTANJAN
2016-05-20,EQ,410.0,411.0,403.1,407.35,411.0,408.85,407.56,544.9,375.55,3912,1594389.0,298,AMRUTANJAN
2016-05-23,EQ,410.0,410.35,403.15,408.85,405.0,405.25,407.48,544.9,375.55,4325,1762346.0,371,AMRUTANJAN
2016-05-24,EQ,405.4,409.95,397.0,405.25,398.0,398.55,399.53,544.9,375.55,6940,2772751.65,689,AMRUTANJAN
2016-05-25,EQ,398.05,404.5,396.0,398.55,397.4,398.2,398.65,544.9,375.55,6014,2397472.05,514,AMRUTANJAN
2016-05-26,EQ,398.1,399.0,385.3,398.2,390.0,390.5,392.95,544.9,375.55,9982,3922473.85,661,AMRUTANJAN
2016-05-27,EQ,391.0,404.5,388.5,390.5,401.0,398.8,397.01,544.9,375.55,14925,5925423.55,803,AMRUTANJAN
2016-05-30,EQ,402.95,409.9,398.8,398.8,403.75,405.9,404.98,544.9,375.55,6816,2760365.7,633,AMRUTANJAN
2016-05-31,EQ,403.05,405.0,400.0,405.9,402.0,401.3,401.79,544.9,375.55,3074,1235111.85,305,AMRUTANJAN
2016-06-01,EQ,400.0,410.15,400.0,401.3,404.95,404.35,406.94,544.9,375.55,5133,2088800.25,477,AMRUTANJAN
2016-06-02,EQ,405.1,406.95,402.1,404.35,404.0,404.65,404.57,544.9,375.55,4446,1798720.5,298,AMRUTANJAN
2016-06-03,EQ,409.0,409.0,402.0,404.65,405.0,404.25,404.65,544.9,375.55,5398,2184309.95,269,AMRUTANJAN
2016-06-06,EQ,405.0,409.95,403.7,404.25,409.0,406.3,407.58,544.9,375.55,7181,2926810.7,431,AMRUTANJAN
2016-06-07,EQ,409.95,411.0,403.25,406.3,405.05,406.5,408.04,544.9,375.55,6661,2717962.2,270,AMRUTANJAN
2016-06-08,EQ,411.5,412.0,406.05,406.5,406.55,409.5,409.17,544.9,375.55,9294,3802817.85,389,AMRUTANJAN
2016-06-09,EQ,409.5,413.0,407.1,409.5,412.0,410.8,410.04,544.9,375.55,4808,1971470.25,420,AMRUTANJAN
2016-06-10,EQ,410.8,412.0,405.25,410.8,408.7,406.45,408.54,544.9,375.55,1974,806453.7,177,AMRUTANJAN
2016-06-13,EQ,406.4,409.0,402.05,406.45,406.0,405.85,405.99,544.9,375.55,3377,1371040.3,392,AMRUTANJAN
2016-06-14,EQ,407.0,413.0,406.0,405.85,406.2,407.45,408.55,544.9,375.55,1896,774619.7,200,AMRUTANJAN
2016-06-15,EQ,409.9,411.0,406.0,407.45,407.0,406.9,408.44,544.9,375.55,2589,1057441.15,162,AMRUTANJAN
2016-06-16,EQ,406.0,409.65,400.0,406.9,402.45,402.0,402.67,544.9,375.55,4637,1867163.35,248,AMRUTANJAN
2016-06-17,EQ,404.0,408.5,398.1,402.0,400.0,400.25,401.98,544.9,375.55,5740,2307386.0,292,AMRUTANJAN
2016-06-20,EQ,398.0,406.0,394.0,400.25,405.7,404.15,402.03,544.9,375.55,4283,1721882.05,265,AMRUTANJAN
2016-06-21,EQ,405.0,406.9,397.7,404.15,399.0,400.55,401.81,544.9,375.55,6578,2643116.85,263,AMRUTANJAN
2016-06-22,EQ,397.0,423.6,397.0,400.55,410.7,408.35,411.9,544.9,375.55,16250,6693335.25,1169,AMRUTANJAN
2016-06-23,EQ,411.0,411.9,402.0,408.35,402.0,403.9,406.42,544.9,375.55,3771,1532624.95,236,AMRUTANJAN
2016-06-24,EQ,403.0,403.0,390.0,403.9,402.15,401.85,396.03,544.9,375.55,11248,4454560.9,703,AMRUTANJAN
2016-06-27,EQ,404.0,408.5,400.0,401.85,407.0,406.55,404.64,544.9,375.55,2328,941995.3,207,AMRUTANJAN
2016-06-28,EQ,406.9,425.0,405.65,406.55,414.0,412.65,415.42,544.9,375.55,15950,6625957.95,918,AMRUTANJAN
2016-06-29,EQ,413.05,420.95,409.5,412.65,413.0,412.8,413.53,544.9,375.55,7114,2941828.0,520,AMRUTANJAN
2016-06-30,EQ,415.0,418.95,411.0,412.8,415.0,414.25,414.62,544.9,375.55,7639,3167253.85,421,AMRUTANJAN
2016-07-01,EQ,419.0,419.0,412.2,414.25,418.0,417.15,416.71,544.9,375.55,8210,3421182.35,336,AMRUTANJAN
2016-07-04,EQ,417.15,422.0,413.05,417.15,415.0,416.8,418.35,544.9,375.55,5020,2100140.45,292,AMRUTANJAN
2016-07-05,EQ,418.0,418.95,409.0,416.8,409.0,410.2,413.2,544.9,375.55,8820,3644393.7,328,AMRUTANJAN
2016-07-07,EQ,410.0,431.8,410.0,410.2,418.0,417.85,420.01,544.9,375.55,126324,53057684.45,1227,AMRUTANJAN
2016-07-08,EQ,420.8,420.8,412.65,417.85,417.15,417.9,418.2,544.9,375.55,8118,3394924.55,394,AMRUTANJAN
2016-07-11,EQ,420.0,430.0,411.0,417.9,421.1,422.55,423.39,544.9,375.55,20191,8548660.75,812,AMRUTANJAN
2016-07-12,EQ,426.9,426.9,418.0,422.55,418.0,422.8,423.79,544.9,375.55,11970,5072764.1,300,AMRUTANJAN
2016-07-13,EQ,420.7,430.0,420.7,422.8,425.0,425.95,424.87,544.9,375.55,12584,5346580.75,453,AMRUTANJAN
2016-07-14,EQ,432.0,432.0,422.0,425.95,428.0,427.35,426.88,544.9,375.55,11119,4746455.2,374,AMRUTANJAN
2016-07-15,EQ,430.8,430.8,422.8,427.35,424.0,424.4,426.07,544.9,375.55,5674,2417537.7,257,AMRUTANJAN
2016-07-18,EQ,426.5,429.3,425.3,424.4,425.5,426.1,427.03,544.9,375.55,2552,1089792.1,189,AMRUTANJAN
2016-07-19,EQ,425.3,428.5,423.6,426.1,428.5,426.8,425.97,544.9,375.55,10129,4314683.05,288,AMRUTANJAN
2016-07-20,EQ,428.75,430.0,425.0,426.8,425.5,425.7,426.29,544.9,375.55,3232,1377766.25,128,AMRUTANJAN
2016-07-21,EQ,426.2,429.0,425.1,425.7,426.0,426.8,427.08,544.9,375.55,4929,2105069.1,134,AMRUTANJAN
2016-07-22,EQ,428.4,431.95,425.65,426.8,430.0,429.3,428.9,544.9,375.55,3565,1529016.3,212,AMRUTANJAN
2016-07-25,EQ,430.0,453.95,429.75,429.3,448.8,446.05,444.11,544.9,375.55,40359,17923975.0,1944,AMRUTANJAN
2016-07-26,EQ,450.0,461.0,440.0,446.05,443.0,440.6,449.61,544.9,375.55,22712,10211599.7,1247,AMRUTANJAN
2016-07-27,EQ,444.0,448.95,436.35,440.6,443.5,444.35,443.88,544.9,375.55,7122,3161306.25,523,AMRUTANJAN
2016-07-28,EQ,441.25,499.0,441.1,444.35,470.7,469.2,480.15,544.9,375.55,164140,78811237.5,6538,AMRUTANJAN
2016-07-29,EQ,469.2,472.9,461.25,469.2,465.0,463.2,465.18,544.9,375.55,12528,5827808.6,801,AMRUTANJAN
2016-08-01,EQ,469.0,469.9,450.0,463.2,451.0,451.55,453.82,544.9,375.55,10539,4782760.15,833,AMRUTANJAN
2016-08-02,EQ,452.0,468.0,442.1,451.55,445.0,444.15,452.97,544.9,375.55,19148,8673421.1,1499,AMRUTANJAN
2016-08-03,EQ,445.0,448.0,435.3,444.15,436.65,436.7,440.01,544.9,375.55,4255,1872248.25,360,AMRUTANJAN
2016-08-04,EQ,440.3,449.0,437.0,436.7,442.0,442.4,442.85,544.9,375.55,7465,3305857.95,510,AMRUTANJAN
2016-08-05,EQ,442.1,452.0,438.6,442.4,444.1,444.8,446.36,544.9,375.55,5193,2317941.5,549,AMRUTANJAN
2016-08-08,EQ,445.25,479.65,440.3,444.8,461.0,462.8,462.62,544.9,375.55,52434,24256876.55,1879,AMRUTANJAN
2016-08-09,EQ,465.9,480.0,457.0,462.8,458.0,460.6,467.84,544.9,375.55,40866,19118617.55,1488,AMRUTANJAN
2016-08-10,EQ,462.8,462.8,445.25,460.6,446.2,448.1,450.12,544.9,375.55,8747,3937192.35,570,AMRUTANJAN
2016-08-11,EQ,458.95,463.55,445.0,448.1,450.9,451.15,452.0,544.9,375.55,14420,6517905.95,1693,AMRUTANJAN
2016-08-12,EQ,451.0,454.05,431.7,451.15,437.85,437.95,444.39,544.9,375.55,18220,8096801.6,746,AMRUTANJAN
2016-08-16,EQ,440.0,446.8,435.0,437.95,440.0,441.15,439.73,544.9,375.55,4265,1875429.8,529,AMRUTANJAN
2016-08-17,EQ,446.0,450.0,442.0,441.15,445.0,446.65,445.99,544.9,375.55,5560,2479685.1,428,AMRUTANJAN
2016-08-18,EQ,451.0,456.0,446.6,446.65,455.0,454.15,452.56,544.9,375.55,9691,4385783.15,439,AMRUTANJAN
2016-08-19,EQ,448.8,457.7,448.8,454.15,449.0,451.1,452.05,544.9,375.55,8148,3683334.1,410,AMRUTANJAN
2016-08-22,EQ,451.2,454.75,435.0,451.1,437.1,438.1,439.72,544.9,375.55,14501,6376307.45,670,AMRUTANJAN
2016-08-23,EQ,442.5,453.9,440.0,438.1,440.0,440.35,443.42,544.9,375.55,6448,2859146.7,463,AMRUTANJAN
2016-08-24,EQ,445.0,446.0,440.0,440.35,440.15,441.4,441.64,544.9,375.55,5388,2379566.85,296,AMRUTANJAN
2016-08-25,EQ,445.0,447.8,437.7,441.4,437.7,439.35,442.53,544.9,375.55,2682,1186875.95,230,AMRUTANJAN
2016-08-26,EQ,439.05,444.95,432.0,439.35,432.0,433.6,436.9,544.9,375.55,5933,2592149.2,473,AMRUTANJAN
2016-08-29,EQ,437.4,437.45,427.0,433.6,431.0,430.7,430.29,544.9,375.55,4220,1815825.2,344,AMRUTANJAN
2016-08-30,EQ,432.0,454.9,430.8,430.7,447.9,447.45,448.2,544.9,375.55,30758,13785760.2,1342,AMRUTANJAN
2016-08-31,EQ,445.05,450.25,442.0,447.45,442.4,442.55,444.27,544.9,375.55,11368,5050510.9,491,AMRUTANJAN
2016-09-01,EQ,442.0,447.0,440.0,442.55,440.0,440.9,442.22,544.9,375.55,7179,3174719.65,227,AMRUTANJAN
2016-09-02,EQ,432.0,453.95,432.0,440.9,441.55,441.55,445.77,544.9,375.55,4373,1949373.95,477,AMRUTANJAN
2016-09-06,EQ,446.0,448.6,439.05,441.55,439.5,441.85,443.49,544.9,375.55,1816,805375.55,213,AMRUTANJAN
2016-09-07,EQ,444.5,445.5,438.95,441.85,439.0,439.55,440.32,544.9,375.55,8078,3556900.7,190,AMRUTANJAN
2016-09-08,EQ,444.45,444.45,432.3,439.55,436.5,436.75,438.46,544.9,375.55,17328,7597628.85,419,AMRUTANJAN
2016-09-09,EQ,433.05,442.0,432.25,436.75,433.0,434.1,436.49,544.9,375.55,30157,13163339.55,377,AMRUTANJAN
2016-09-12,EQ,440.0,440.0,420.1,434.1,428.0,426.8,428.57,544.9,375.55,7498,3213439.15,623,AMRUTANJAN
2016-09-14,EQ,438.0,438.0,422.55,426.8,433.1,432.2,431.85,544.9,375.55,2908,1255828.05,214,AMRUTANJAN
2016-09-15,EQ,433.05,437.6,427.3,432.2,437.55,435.35,434.23,544.9,375.55,3234,1404301.7,334,AMRUTANJAN
2016-09-16,EQ,437.8,437.8,427.55,435.35,429.6,430.15,434.13,544.9,375.55,8958,3888912.65,201,AMRUTANJAN
2016-09-19,EQ,430.2,447.0,428.1,430.15,438.8,438.05,438.97,544.9,375.55,19345,8491932.25,1014,AMRUTANJAN
2016-09-20,EQ,439.0,439.0,428.0,438.05,430.0,430.55,433.19,544.9,375.55,6505,2817875.9,370,AMRUTANJAN
2016-09-21,EQ,434.65,439.85,433.0,430.55,434.0,434.9,435.16,544.9,375.55,7823,3404270.2,254,AMRUTANJAN
2016-09-22,EQ,438.8,446.4,435.0,434.9,442.7,441.6,441.7,544.9,375.55,16856,7445259.25,1078,AMRUTANJAN
2016-09-23,EQ,447.8,447.8,439.0,441.6,444.0,442.15,441.53,544.9,375.55,10377,4581778.0,404,AMRUTANJAN
2016-09-26,EQ,445.0,445.0,439.3,442.15,444.15,441.7,442.69,544.9,375.55,7063,3126743.6,365,AMRUTANJAN
2016-09-27,EQ,445.0,447.0,441.0,441.7,441.0,441.8,442.77,544.9,375.55,9460,4188571.9,551,AMRUTANJAN
2016-09-28,EQ,440.0,444.8,438.0,441.8,441.8,440.4,440.42,544.9,375.55,10743,4731390.6,315,AMRUTANJAN
2016-09-29,EQ,445.0,468.0,434.0,440.4,435.0,438.1,453.57,544.9,375.55,72074,32690277.0,2852,AMRUTANJAN
2016-09-30,EQ,442.0,444.9,430.2,438.1,436.0,433.7,434.43,544.9,375.55,15921,6916501.4,744,AMRUTANJAN
2016-10-03,EQ,439.8,453.9,439.8,433.7,450.0,450.2,448.68,544.9,375.55,9932,4456309.6,674,AMRUTANJAN
2016-10-04,EQ,456.0,458.7,451.2,450.2,456.1,454.4,454.77,544.9,375.55,10312,4689633.7,657,AMRUTANJAN
2016-10-05,EQ,454.2,524.9,453.15,454.4,513.4,513.05,508.0,544.9,375.55,392566,199423879.1,13534,AMRUTANJAN
2016-10-06,EQ,518.0,537.65,512.2,513.05,522.0,518.6,524.08,544.9,375.55,167796,87939242.8,5997,AMRUTANJAN
2016-10-07,EQ,525.0,533.9,507.05,518.6,520.0,519.15,519.35,544.9,375.55,66478,34525288.5,2854,AMRUTANJAN
2016-10-10,EQ,525.6,529.4,505.0,519.15,511.0,512.2,517.77,544.9,375.55,20759,10748309.1,1112,AMRUTANJAN
2016-10-13,EQ,502.1,520.0,493.0,512.2,505.0,501.9,504.73,544.9,375.55,24040,12133643.35,1170,AMRUTANJAN
2016-10-14,EQ,505.0,521.0,487.35,501.9,510.0,507.5,505.46,544.9,375.55,27561,13930868.25,1678,AMRUTANJAN
2016-10-17,EQ,503.25,558.8,503.15,507.5,542.1,541.35,545.18,558.8,375.55,277789,151444594.45,10262,AMRUTANJAN
2016-10-18,EQ,547.9,638.7,532.0,541.35,616.0,620.05,605.94,638.7,375.55,1006642,609969584.0,33239,AMRUTANJAN
2016-10-19,EQ,619.95,624.75,592.6,620.05,597.5,598.0,606.66,638.7,375.55,139268,84488925.05,5762,AMRUTANJAN
2016-10-20,EQ,602.5,661.3,601.0,598.0,618.2,621.3,639.22,661.3,375.55,515879,329759564.0,17351,AMRUTANJAN
2016-10-21,EQ,623.4,643.0,614.0,621.3,634.0,628.75,630.12,661.3,375.55,177123,111608959.5,6399,AMRUTANJAN
2016-10-24,EQ,636.0,641.95,623.0,628.75,628.0,625.95,631.94,661.3,375.55,75657,47810473.8,2706,AMRUTANJAN
2016-10-25,EQ,631.05,638.5,620.0,625.95,623.25,622.95,627.04,661.3,375.55,43305,27154129.9,1638,AMRUTANJAN
2016-10-26,EQ,627.9,627.9,593.1,622.95,603.0,602.9,606.68,661.3,375.55,47625,28893081.85,2279,AMRUTANJAN
2016-10-27,EQ,602.9,608.65,582.3,602.9,585.0,586.0,594.5,661.3,375.55,35134,20887129.7,1746,AMRUTANJAN
2016-10-28,EQ,589.0,614.4,581.2,586.0,598.3,600.5,600.26,661.3,375.55,68661,41214702.05,3442,AMRUTANJAN
2016-10-30,EQ,604.9,605.0,589.5,600.5,599.0,599.25,599.62,661.3,375.55,14089,8448077.05,600,AMRUTANJAN
2016-11-01,EQ,604.4,620.0,591.9,599.25,598.0,600.2,606.39,661.3,375.55,50111,30386722.7,2650,AMRUTANJAN
2016-11-02,EQ,597.0,597.0,577.0,600.2,577.0,579.5,585.73,661.3,375.55,33497,19620183.0,1242,AMRUTANJAN
2016-11-03,EQ,578.0,603.3,575.0,579.5,580.0,577.55,593.27,661.3,375.55,74168,44001473.3,3689,AMRUTANJAN
2016-11-04,EQ,580.3,589.9,559.2,577.55,579.0,575.8,570.3,661.3,375.55,31432,17925819.55,1554,AMRUTANJAN
2016-11-07,EQ,578.0,594.95,575.35,575.8,576.0,576.15,582.26,661.3,375.55,15208,8855084.7,729,AMRUTANJAN
2016-11-08,EQ,583.25,592.0,574.85,576.15,580.0,581.95,580.04,661.3,375.55,13899,8061913.9,947,AMRUTANJAN
2016-11-09,EQ,546.0,566.5,500.0,581.95,556.9,554.25,537.25,661.3,375.55,38370,20614104.55,2374,AMRUTANJAN
2016-11-10,EQ,560.0,597.0,560.0,554.25,588.0,585.0,584.13,661.3,375.55,38704,22608227.95,1953,AMRUTANJAN
2016-11-11,EQ,584.5,584.5,533.5,585.0,539.0,538.35,553.03,661.3,375.55,24844,13739362.7,1750,AMRUTANJAN
2016-11-15,EQ,546.7,546.7,502.7,538.35,514.8,510.45,513.38,661.3,375.55,27305,14017732.8,1808,AMRUTANJAN
2016-11-16,EQ,520.0,528.25,511.0,510.45,521.0,514.4,515.27,661.3,375.55,13441,6925796.3,972,AMRUTANJAN
2016-11-17,EQ,510.05,531.8,508.9,514.4,515.05,516.2,515.65,661.3,375.55,17444,8995041.75,811,AMRUTANJAN
2016-11-18,EQ,514.95,542.0,510.05,516.2,531.0,531.45,527.31,661.3,375.55,33341,17581201.2,2437,AMRUTANJAN
2016-11-21,EQ,547.0,547.0,512.55,531.45,512.55,514.85,522.92,661.3,375.55,21681,11337498.55,1385,AMRUTANJAN
2016-11-22,EQ,525.15,535.0,515.0,514.85,526.0,524.2,523.41,661.3,375.55,11502,6020307.0,586,AMRUTANJAN
2016-11-23,EQ,524.2,540.0,518.25,524.2,535.0,533.5,532.72,661.3,375.55,17177,9150520.2,1317,AMRUTANJAN
2016-11-24,EQ,531.0,538.0,522.2,533.5,527.8,529.2,530.8,661.3,375.55,4940,2622161.25,374,AMRUTANJAN
2016-11-25,EQ,523.0,559.95,522.0,529.2,543.1,543.55,548.08,661.3,375.55,23230,12731842.75,1435,AMRUTANJAN
2016-11-28,EQ,547.95,559.35,541.55,543.55,548.2,549.9,551.65,661.3,375.55,9803,5407851.35,589,AMRUTANJAN
2016-11-29,EQ,550.5,567.0,550.5,549.9,553.5,553.95,557.86,661.3,375.55,14709,8205624.45,900,AMRUTANJAN
2016-11-30,EQ,554.0,563.5,545.25,553.95,550.0,550.3,554.88,661.3,375.55,7854,4358050.35,621,AMRUTANJAN
2016-12-01,EQ,550.5,563.0,522.5,550.3,533.0,528.55,539.44,661.3,375.55,10884,5871264.7,890,AMRUTANJAN
2016-12-02,EQ,531.75,535.0,525.15,528.55,526.2,527.5,529.56,661.3,375.55,6259,3314494.65,460,AMRUTANJAN
2016-12-05,EQ,530.95,535.0,524.0,527.5,533.0,530.8,530.85,661.3,375.55,4786,2540671.7,386,AMRUTANJAN
2016-12-06,EQ,525.0,543.8,525.0,530.8,533.0,534.0,535.84,661.3,375.55,7270,3895523.95,577,AMRUTANJAN
2016-12-07,EQ,542.95,543.0,534.25,534.0,540.0,537.95,539.0,661.3,375.55,6117,3297073.65,370,AMRUTANJAN
2016-12-08,EQ,542.35,545.0,538.0,537.95,538.0,538.45,541.24,661.3,375.55,4712,2550306.1,337,AMRUTANJAN
2016-12-09,EQ,549.0,549.0,536.15,538.45,541.05,542.5,542.84,661.3,375.55,3462,1879313.05,241,AMRUTANJAN
2016-12-12,EQ,545.2,546.45,535.05,542.5,536.05,539.8,540.56,661.3,375.55,2122,1147074.6,182,AMRUTANJAN
2016-12-13,EQ,540.0,593.5,540.0,539.8,565.6,566.7,575.8,661.3,375.55,74722,43024601.75,4128,AMRUTANJAN
2016-12-14,EQ,569.95,573.4,546.0,566.7,546.8,549.4,558.73,661.3,375.55,8654,4835262.75,599,AMRUTANJAN
2016-12-15,EQ,538.85,557.95,538.85,549.4,550.0,551.75,552.15,661.3,375.55,4198,2317915.0,411,AMRUTANJAN
2016-12-16,EQ,550.05,555.0,542.6,551.75,547.85,547.7,547.09,661.3,375.55,4688,2564735.35,440,AMRUTANJAN
2016-12-19,EQ,546.0,558.0,540.25,547.7,540.55,542.25,546.18,661.3,375.55,2154,1176469.85,263,AMRUTANJAN
2016-12-20,EQ,545.0,545.0,530.3,542.25,533.0,532.6,536.2,661.3,375.55,2347,1258473.0,279,AMRUTANJAN
2016-12-21,EQ,543.65,545.0,524.0,532.6,524.0,526.05,532.17,661.3,375.55,4403,2343143.8,369,AMRUTANJAN
2016-12-22,EQ,526.0,535.15,518.1,526.05,523.9,520.25,523.0,661.3,375.55,8211,4294366.05,704,AMRUTANJAN
2016-12-23,EQ,521.0,531.0,512.55,520.25,513.0,514.0,516.04,661.3,375.55,4129,2130744.05,432,AMRUTANJAN
2016-12-26,EQ,510.0,535.0,510.0,514.0,514.1,513.75,519.38,661.3,375.55,7574,3933754.35,746,AMRUTANJAN
2016-12-27,EQ,510.5,519.95,510.5,513.75,514.2,514.8,515.16,661.3,375.55,4735,2439262.2,503,AMRUTANJAN
2016-12-28,EQ,515.5,537.9,515.5,514.8,521.65,520.4,526.36,661.3,375.55,9701,5106200.55,717,AMRUTANJAN
2016-12-29,EQ,520.9,536.95,520.0,520.4,527.0,526.8,525.12,661.3,375.55,6107,3206892.4,650,AMRUTANJAN
2016-12-30,EQ,526.0,540.0,523.1,526.8,529.35,527.85,532.11,661.3,375.55,9008,4793235.3,799,AMRUTANJAN
2017-01-02,EQ,542.0,552.0,521.15,527.85,538.0,537.4,537.48,661.3,375.55,11860,6374523.2,834,AMRUTANJAN
2017-01-03,EQ,535.0,549.8,531.0,537.4,539.3,540.3,541.24,661.3,375.55,13509,7311585.8,772,AMRUTANJAN
2017-01-04,EQ,539.9,547.65,538.0,540.3,540.0,539.5,542.14,661.3,375.55,3410,1848702.75,285,AMRUTANJAN
2017-01-05,EQ,540.0,559.0,540.0,539.5,551.35,550.05,551.66,661.3,375.55,10932,6030739.15,789,AMRUTANJAN
2017-01-06,EQ,546.5,559.0,546.5,550.05,553.0,554.6,552.54,661.3,375.55,6465,3572146.6,606,AMRUTANJAN
2017-01-09,EQ,551.0,555.95,539.05,554.6,551.3,552.8,549.63,661.3,375.55,7459,4099719.2,971,AMRUTANJAN
2017-01-10,EQ,557.85,638.95,551.25,552.8,616.0,616.05,615.52,661.3,375.55,312930,192613460.05,14824,AMRUTANJAN
2017-01-11,EQ,616.0,627.0,595.2,616.05,603.7,604.25,609.08,661.3,375.55,44101,26861242.25,2844,AMRUTANJAN
2017-01-12,EQ,598.0,615.0,584.05,604.25,590.2,589.35,601.27,661.3,375.55,14457,8692572.75,1247,AMRUTANJAN
2017-01-13,EQ,586.0,608.5,585.1,589.35,597.0,594.5,599.58,661.3,375.55,17689,10605962.15,1007,AMRUTANJAN
2017-01-16,EQ,595.0,629.0,593.5,594.5,614.0,616.35,617.97,661.3,375.55,86226,53285169.45,4443,AMRUTANJAN
2017-01-17,EQ,614.1,622.5,603.85,616.35,606.0,606.65,611.88,661.3,375.55,19293,11805021.55,1675,AMRUTANJAN
2017-01-18,EQ,610.0,612.7,593.0,606.65,594.1,594.35,599.79,661.3,375.55,10232,6137085.5,559,AMRUTANJAN
2017-01-19,EQ,596.05,653.9,590.0,594.35,627.6,640.55,632.27,661.3,375.55,153919,97318561.05,7254,AMRUTANJAN
2017-01-20,EQ,632.0,636.45,620.0,640.55,624.4,622.3,626.84,661.3,375.55,30908,19374507.75,1757,AMRUTANJAN
2017-01-23,EQ,625.0,627.9,616.25,622.3,622.0,619.75,621.28,661.3,375.55,12565,7806399.4,611,AMRUTANJAN
2017-01-24,EQ,621.0,624.95,606.05,619.75,609.25,611.7,614.0,661.3,375.55,14939,9172561.8,1014,AMRUTANJAN
2017-01-25,EQ,618.8,620.0,602.45,611.7,607.0,605.65,608.33,661.3,375.55,15162,9223470.9,1309,AMRUTANJAN
2017-01-27,EQ,606.3,619.0,602.0,605.65,602.5,607.3,611.18,661.3,375.55,12339,7541391.8,939,AMRUTANJAN
2017-01-30,EQ,609.65,619.8,601.05,607.3,604.0,605.05,607.77,661.3,375.55,17780,10806079.75,1397,AMRUTANJAN
2017-01-31,EQ,609.0,609.0,595.5,605.05,603.95,597.9,598.68,661.3,375.55,8266,4948721.6,647,AMRUTANJAN
2017-02-01,EQ,597.0,612.4,590.05,597.9,603.3,605.35,599.62,661.3,375.55,10000,5996240.5,922,AMRUTANJAN
2017-02-02,EQ,602.3,627.0,601.0,605.35,612.1,612.6,612.9,661.3,375.55,17209,10547375.75,1190,AMRUTANJAN
2017-02-03,EQ,610.0,619.0,604.0,612.6,604.15,605.55,609.37,661.3,375.55,7695,4689090.35,496,AMRUTANJAN
2017-02-06,EQ,614.6,645.0,608.3,605.55,633.0,635.1,627.88,661.3,375.55,31966,20070706.2,1849,AMRUTANJAN
2017-02-07,EQ,636.0,644.3,615.4,635.1,620.0,617.5,627.78,661.3,375.55,12743,7999863.6,984,AMRUTANJAN
2017-02-08,EQ,621.95,622.05,601.0,617.5,607.45,606.25,610.97,661.3,375.55,10911,6666253.2,777,AMRUTANJAN
2017-02-09,EQ,613.9,640.0,604.0,606.25,606.05,608.05,619.78,661.3,375.55,90153,55874751.5,6183,AMRUTANJAN
2017-02-10,EQ,612.0,614.7,590.0,608.05,593.9,595.8,603.11,661.3,375.55,20590,12417981.15,1205,AMRUTANJAN
2017-02-13,EQ,606.0,606.0,581.0,595.8,584.4,584.0,590.27,661.3,375.55,18421,10873274.9,1616,AMRUTANJAN
2017-02-14,EQ,584.8,584.8,570.25,584.0,575.15,577.1,578.07,661.3,375.55,11810,6827048.75,925,AMRUTANJAN
2017-02-15,EQ,575.0,581.0,562.0,577.1,566.0,565.0,569.25,661.3,375.55,12175,6930658.95,711,AMRUTANJAN
2017-02-16,EQ,565.0,575.0,564.0,565.0,574.9,573.2,570.3,661.3,375.55,7241,4129566.9,621,AMRUTANJAN
2017-02-17,EQ,579.0,581.9,566.1,573.2,570.0,569.5,574.06,661.3,375.55,5309,3047679.95,468,AMRUTANJAN
2017-02-20,EQ,571.0,575.0,564.45,569.5,566.25,568.2,568.74,661.3,375.55,6798,3866290.05,909,AMRUTANJAN
2017-02-21,EQ,565.1,578.0,562.3,568.2,574.0,573.45,572.69,661.3,375.55,15837,9069654.0,1171,AMRUTANJAN
2017-02-22,EQ,574.0,584.0,565.3,573.45,583.0,582.7,581.17,661.3,375.55,14765,8580969.7,3170,AMRUTANJAN
2017-02-23,EQ,590.0,590.0,576.0,582.7,578.5,578.95,580.27,661.3,375.55,20984,12176397.4,3070,AMRUTANJAN
2017-02-27,EQ,584.0,584.0,573.0,578.95,575.0,575.35,577.75,661.3,375.55,2006,1158963.3,237,AMRUTANJAN
2017-02-28,EQ,574.8,580.0,572.15,575.35,573.0,574.45,574.93,661.3,375.55,3464,1991544.8,459,AMRUTANJAN
2017-03-01,EQ,575.0,584.15,569.6,574.45,571.6,571.1,575.8,661.3,375.55,10892,6271627.85,535,AMRUTANJAN
2017-03-02,EQ,574.95,583.1,570.0,571.1,574.0,574.6,576.88,661.3,375.55,17351,10009475.75,3510,AMRUTANJAN
2017-03-03,EQ,572.4,576.95,565.0,574.6,571.05,571.1,569.54,661.3,375.55,5558,3165491.2,1090,AMRUTANJAN
2017-03-06,EQ,570.65,578.85,568.5,571.1,570.0,569.85,571.32,661.3,385.3,4329,2473253.45,1035,AMRUTANJAN
2017-03-07,EQ,572.0,578.0,567.05,569.85,567.5,569.55,571.17,661.3,385.3,5547,3168264.9,1154,AMRUTANJAN
2017-03-08,EQ,575.0,575.0,565.0,569.55,568.0,568.3,569.85,661.3,385.3,2896,1650271.85,542,AMRUTANJAN
2017-03-09,EQ,574.0,575.0,563.0,568.3,567.7,564.8,565.04,661.3,385.3,5690,3215097.05,627,AMRUTANJAN
2017-03-10,EQ,569.0,569.0,550.0,564.8,552.95,551.05,556.77,661.3,385.3,9114,5074375.75,981,AMRUTANJAN
2017-03-14,EQ,560.0,562.75,532.4,551.05,550.1,549.85,546.04,661.3,385.3,33280,18172371.45,2646,AMRUTANJAN
2017-03-15,EQ,557.95,558.0,535.15,549.85,538.45,537.8,541.65,661.3,385.3,15417,8350680.65,1063,AMRUTANJAN
2017-03-16,EQ,543.0,545.0,535.1,537.8,537.0,537.25,540.19,661.3,385.3,11797,6372626.7,725,AMRUTANJAN
2017-03-17,EQ,541.7,545.0,533.3,537.25,540.0,540.25,541.68,661.3,385.3,16414,8891082.6,970,AMRUTANJAN
2017-03-20,EQ,548.0,555.0,530.1,540.25,548.9,547.05,544.13,661.3,385.3,26423,14377475.55,2220,AMRUTANJAN
2017-03-21,EQ,554.75,565.0,540.5,547.05,560.25,561.3,557.89,661.3,385.3,28396,15841892.9,1822,AMRUTANJAN
2017-03-22,EQ,558.95,558.95,543.2,561.3,549.95,549.75,551.27,661.3,385.3,10926,6023219.75,789,AMRUTANJAN
2017-03-23,EQ,552.7,564.75,552.7,549.75,559.8,559.15,558.03,661.3,385.3,12032,6714204.65,1786,AMRUTANJAN
2017-03-24,EQ,561.25,568.8,557.4,559.15,562.95,561.35,561.01,661.3,385.3,16011,8982266.35,1542,AMRUTANJAN
2017-03-27,EQ,561.15,596.0,556.7,561.35,581.0,580.2,579.25,661.3,385.3,54011,31285995.55,3129,AMRUTANJAN
2017-03-28,EQ,585.3,593.5,579.6,580.2,583.95,580.55,586.54,661.3,385.3,11947,7007397.0,1344,AMRUTANJAN
2017-03-29,EQ,580.05,594.0,577.85,580.55,579.0,579.15,581.69,661.3,385.3,22578,13133361.05,1854,AMRUTANJAN
2017-03-30,EQ,579.0,593.0,579.0,579.15,590.9,590.2,588.56,661.3,385.3,14853,8741867.45,2281,AMRUTANJAN
2017-03-31,EQ,588.0,594.9,582.0,590.2,591.5,590.9,587.69,661.3,385.3,12615,7413748.05,832,AMRUTANJAN
2017-04-03,EQ,591.0,621.0,591.0,590.9,616.0,616.05,612.12,661.3,385.3,45561,27888972.55,2785,AMRUTANJAN
2017-04-05,EQ,619.0,636.4,616.3,616.05,625.0,625.85,628.63,661.3,385.3,47335,29756172.9,2912,AMRUTANJAN
2017-04-06,EQ,628.75,634.4,619.85,625.85,626.0,627.75,626.39,661.3,385.3,12628,7909999.9,1199,AMRUTANJAN
2017-04-07,EQ,625.0,630.45,620.05,627.75,624.0,623.55,624.94,661.3,385.3,8487,5303850.9,507,AMRUTANJAN
2017-04-10,EQ,628.75,628.75,610.5,623.55,615.0,612.9,615.75,661.3,385.3,9617,5921700.75,1131,AMRUTANJAN
2017-04-11,EQ,612.9,644.4,610.55,612.9,631.15,631.8,632.23,661.3,385.3,30933,19556619.45,2152,AMRUTANJAN
2017-04-12,EQ,635.0,638.85,620.9,631.8,630.25,632.8,631.44,661.3,385.3,23822,15042154.9,2179,AMRUTANJAN
2017-04-13,EQ,622.55,642.0,622.55,632.8,635.65,638.15,637.8,661.3,385.3,73114,46631816.75,1253,AMRUTANJAN
2017-04-17,EQ,638.15,723.9,633.6,638.15,698.0,698.7,697.74,723.9,385.3,267312,186514493.8,11611,AMRUTANJAN
2017-04-18,EQ,702.9,714.45,675.35,698.7,676.0,677.6,694.99,723.9,385.3,63450,44097258.55,4284,AMRUTANJAN
2017-04-19,EQ,678.0,699.0,666.8,677.6,688.1,690.1,685.61,723.9,385.3,61841,42398835.4,4944,AMRUTANJAN
2017-04-20,EQ,696.95,696.95,672.0,690.1,672.8,673.45,682.15,723.9,385.3,9777,6669392.5,870,AMRUTANJAN
2017-04-21,EQ,681.6,688.9,666.0,673.45,680.85,678.15,677.29,723.9,385.3,17298,11715702.05,1297,AMRUTANJAN
2017-04-24,EQ,681.6,707.25,680.0,678.15,692.0,693.45,698.18,723.9,385.3,39294,27434375.2,2171,AMRUTANJAN
2017-04-25,EQ,695.0,725.0,685.05,693.45,717.0,714.65,711.73,725.0,385.3,64285,45753816.4,4104,AMRUTANJAN
2017-04-26,EQ,718.0,733.0,698.15,714.65,698.25,700.0,715.9,733.0,385.3,44346,31747426.35,3739,AMRUTANJAN
2017-04-27,EQ,702.0,714.0,691.4,700.0,700.6,699.4,702.39,733.0,385.3,12235,8593687.65,1129,AMRUTANJAN
2017-04-28,EQ,692.3,710.95,692.3,699.4,699.0,699.95,701.69,733.0,385.3,7209,5058496.95,1179,AMRUTANJAN
2017-05-02,EQ,691.0,713.6,691.0,699.95,700.0,701.3,703.76,733.0,385.3,12803,9010227.2,1447,AMRUTANJAN
2017-05-03,EQ,701.3,715.0,699.65,701.3,712.0,711.15,710.24,733.0,385.3,21848,15517320.65,1809,AMRUTANJAN
2017-05-04,EQ,714.95,721.0,703.0,711.15,707.0,709.1,715.35,733.0,385.3,19102,13664625.8,1676,AMRUTANJAN
2017-05-05,EQ,715.0,717.95,689.0,709.1,700.65,704.0,707.17,733.0,385.3,23952,16938198.45,2563,AMRUTANJAN
2017-05-08,EQ,690.55,714.45,690.55,704.0,708.0,704.25,704.65,733.0,385.3,15799,11132767.65,2127,AMRUTANJAN
2017-05-09,EQ,705.5,731.0,701.2,704.25,727.1,725.65,723.17,733.0,385.3,27776,20086875.5,2083,AMRUTANJAN
2017-05-10,EQ,720.0,765.0,720.0,725.65,743.9,738.95,746.44,765.0,385.3,63094,47096074.95,4000,AMRUTANJAN
2017-05-11,EQ,753.45,779.45,740.3,738.95,767.3,770.5,764.05,779.45,385.3,72803,55625030.9,4558,AMRUTANJAN
2017-05-12,EQ,774.95,784.2,747.6,770.5,760.0,759.25,763.24,784.2,385.3,39605,30228249.45,2347,AMRUTANJAN
2017-05-15,EQ,758.05,780.45,758.05,759.25,771.0,772.7,770.12,784.2,385.3,28128,21662052.05,1865,AMRUTANJAN
2017-05-16,EQ,771.0,778.9,760.0,772.7,764.7,767.9,768.16,784.2,385.3,19601,15056683.6,2209,AMRUTANJAN
2017-05-17,EQ,740.5,740.5,705.05,767.9,714.0,720.8,723.96,784.2,385.3,45344,32827078.0,2807,AMRUTANJAN
2017-05-18,EQ,715.55,715.6,691.6,720.8,692.15,694.4,703.12,784.2,385.3,15388,10819546.55,1342,AMRUTANJAN
2017-05-19,EQ,698.95,719.9,690.3,694.4,710.0,712.85,709.52,784.2,385.3,17772,12609623.4,1703,AMRUTANJAN
2017-05-22,EQ,700.0,748.0,700.0,712.85,727.0,728.6,731.72,784.2,385.3,14213,10399950.15,1143,AMRUTANJAN
2017-05-23,EQ,726.05,727.35,701.55,728.6,705.45,708.45,709.32,784.2,385.3,12562,8910460.95,945,AMRUTANJAN
2017-05-24,EQ,705.0,720.85,685.1,708.45,691.0,687.5,706.55,784.2,385.3,17782,12563866.75,1865,AMRUTANJAN
2017-05-25,EQ,700.0,703.95,690.95,687.5,695.0,694.85,697.43,784.2,385.3,6419,4476799.9,851,AMRUTANJAN
2017-05-26,EQ,710.8,710.8,692.55,694.85,696.95,695.5,698.22,784.2,385.3,4831,3373077.75,519,AMRUTANJAN
2017-05-29,EQ,715.95,715.95,685.0,695.5,685.3,689.7,693.27,784.2,390.0,7326,5078890.25,1230,AMRUTANJAN
2017-05-30,EQ,690.0,706.75,682.5,689.7,686.65,685.45,690.25,784.2,390.0,2792,1927185.45,689,AMRUTANJAN
2017-05-31,EQ,699.8,699.8,675.0,685.45,684.5,682.05,682.9,784.2,390.0,6257,4272915.1,404,AMRUTANJAN
2017-06-01,EQ,685.0,693.55,674.8,682.05,679.3,682.75,686.1,784.2,390.0,6264,4297713.45,654,AMRUTANJAN
2017-06-02,EQ,681.1,695.35,676.25,682.75,680.0,678.7,686.51,784.2,390.0,10239,7029213.35,1081,AMRUTANJAN
2017-06-05,EQ,690.0,699.55,678.75,678.7,686.9,686.2,685.73,784.2,390.0,6867,4708921.4,1118,AMRUTANJAN
2017-06-06,EQ,690.0,691.7,675.35,686.2,681.0,680.45,679.6,784.2,390.0,6431,4370523.5,251,AMRUTANJAN
2017-06-07,EQ,684.45,706.0,683.75,680.45,690.05,691.75,693.65,784.2,390.0,8627,5984115.25,1037,AMRUTANJAN
2017-06-08,EQ,688.05,699.75,686.3,691.75,693.8,692.05,691.48,784.2,390.0,3840,2655290.5,776,AMRUTANJAN
2017-06-09,EQ,686.0,699.0,675.65,692.05,698.0,697.1,693.36,784.2,390.0,6399,4436812.35,753,AMRUTANJAN
2017-06-12,EQ,691.05,699.0,682.55,697.1,697.5,695.6,692.19,784.2,390.0,8385,5803982.55,602,AMRUTANJAN
2017-06-13,EQ,691.65,697.75,690.05,695.6,690.05,693.0,694.64,784.2,390.0,11807,8201612.5,783,AMRUTANJAN
2017-06-14,EQ,690.1,698.3,690.1,693.0,694.0,694.55,694.91,784.2,390.0,3441,2391201.45,274,AMRUTANJAN
2017-06-15,EQ,694.0,697.05,687.15,694.55,690.25,694.05,694.23,784.2,390.0,9686,6724315.5,442,AMRUTANJAN
2017-06-16,EQ,696.5,707.5,692.2,694.05,695.9,695.7,699.87,784.2,390.0,13112,9176707.8,1085,AMRUTANJAN
2017-06-19,EQ,700.0,702.55,691.2,695.7,695.45,695.0,694.78,784.2,390.0,10341,7184741.6,642,AMRUTANJAN
2017-06-20,EQ,694.05,699.7,687.0,695.0,695.7,695.05,694.38,784.2,390.0,7613,5286333.2,450,AMRUTANJAN
2017-06-21,EQ,690.0,701.2,687.05,695.05,696.0,695.5,694.82,784.2,390.0,6516,4527451.25,367,AMRUTANJAN
2017-06-22,EQ,699.9,701.95,693.0,695.5,694.2,694.25,694.36,784.2,390.0,3615,2510108.55,105,AMRUTANJAN
2017-06-23,EQ,691.0,697.0,685.55,694.25,695.0,695.0,692.79,784.2,390.0,11142,7719045.1,621,AMRUTANJAN
2017-06-27,EQ,699.0,699.0,678.15,695.0,689.0,683.75,684.73,784.2,400.0,7162,4904014.6,1290,AMRUTANJAN
2017-06-28,EQ,680.0,683.75,670.35,683.75,675.0,678.35,676.27,784.2,400.0,2827,1911819.2,344,AMRUTANJAN
2017-06-29,EQ,685.5,690.0,676.95,678.35,678.75,679.35,681.81,784.2,400.0,5011,3416544.55,309,AMRUTANJAN
2017-06-30,EQ,680.05,682.3,676.0,679.35,676.0,678.0,679.61,784.2,400.0,2082,1414941.45,177,AMRUTANJAN
2017-07-03,EQ,670.05,737.0,670.05,678.0,691.0,693.95,708.41,784.2,409.0,24735,17522638.7,2107,AMRUTANJAN
2017-07-04,EQ,696.0,698.95,680.0,693.95,680.0,682.1,687.07,784.2,409.0,3679,2527738.75,383,AMRUTANJAN
2017-07-05,EQ,697.6,697.6,674.0,682.1,679.8,680.15,684.22,784.2,409.0,2368,1620243.2,246,AMRUTANJAN
2017-07-06,EQ,680.1,690.9,680.0,680.15,682.0,680.25,684.18,784.2,409.0,2458,1681702.75,299,AMRUTANJAN
2017-07-07,EQ,688.85,690.0,676.4,680.25,678.05,679.7,680.4,784.2,409.0,2365,1609150.55,260,AMRUTANJAN
2017-07-10,EQ,688.0,690.0,680.0,679.7,689.95,684.7,687.33,784.2,411.0,1094,751937.0,72,AMRUTANJAN
2017-07-11,EQ,687.95,687.95,680.0,684.7,682.0,682.05,681.9,784.2,411.0,2874,1959787.5,204,AMRUTANJAN
2017-07-12,EQ,680.0,688.0,675.0,682.05,678.0,678.3,678.22,784.2,411.0,1898,1287254.85,121,AMRUTANJAN
2017-07-13,EQ,682.0,699.0,670.0,678.3,672.0,671.8,681.87,784.2,411.0,10122,6901926.0,657,AMRUTANJAN
2017-07-14,EQ,679.9,679.9,664.8,671.8,667.55,665.7,669.11,784.2,411.0,3545,2371981.05,390,AMRUTANJAN
2017-07-17,EQ,666.0,678.0,664.0,665.7,664.0,665.35,669.52,784.2,420.1,5850,3916714.8,345,AMRUTANJAN
2017-07-18,EQ,667.0,673.0,655.2,665.35,663.0,660.4,660.47,784.2,420.1,3497,2309659.0,218,AMRUTANJAN
2017-07-19,EQ,669.15,670.0,656.3,660.4,664.9,661.25,661.57,784.2,420.1,3679,2433915.25,241,AMRUTANJAN
2017-07-20,EQ,670.0,672.5,657.0,661.25,658.3,660.55,662.63,784.2,420.1,3864,2560384.2,266,AMRUTANJAN
2017-07-21,EQ,676.45,676.45,651.0,660.55,653.2,654.85,660.97,784.2,420.1,2660,1758170.5,440,AMRUTANJAN
2017-07-24,EQ,651.5,664.0,646.65,654.85,655.0,650.35,652.24,784.2,420.1,2200,1434932.1,264,AMRUTANJAN
2017-07-25,EQ,650.5,677.9,641.45,650.35,663.6,663.55,662.26,784.2,420.1,7584,5022581.85,771,AMRUTANJAN
2017-07-26,EQ,660.0,669.6,644.5,663.55,655.0,652.0,652.04,784.2,420.1,4951,3228228.4,448,AMRUTANJAN
2017-07-27,EQ,652.0,663.75,643.0,652.0,646.65,644.85,648.09,784.2,420.1,2538,1644854.7,248,AMRUTANJAN
2017-07-28,EQ,650.0,655.95,630.4,644.85,639.85,640.5,638.6,784.2,420.1,4572,2919691.4,397,AMRUTANJAN
2017-07-31,EQ,646.5,648.0,633.05,640.5,641.1,641.15,641.56,784.2,420.1,1756,1126577.55,241,AMRUTANJAN
2017-08-01,EQ,645.0,647.0,636.2,641.15,637.5,638.1,639.94,784.2,420.1,1978,1265805.7,164,AMRUTANJAN
2017-08-02,EQ,640.1,640.1,622.5,638.1,622.5,625.25,628.27,784.2,420.1,4506,2830971.45,283,AMRUTANJAN
2017-08-03,EQ,634.95,649.9,625.1,625.25,640.3,639.05,636.77,784.2,420.1,12343,7859699.4,498,AMRUTANJAN
2017-08-04,EQ,640.95,640.95,627.0,639.05,635.0,630.95,633.75,784.2,420.1,2530,1603381.95,177,AMRUTANJAN
2017-08-07,EQ,632.0,635.0,621.5,630.95,627.0,626.7,627.33,784.2,420.1,2911,1826151.6,315,AMRUTANJAN
2017-08-08,EQ,637.0,637.0,621.75,626.7,622.0,622.5,625.56,784.2,420.1,1273,796337.65,177,AMRUTANJAN
2017-08-09,EQ,625.05,625.05,606.1,622.5,606.75,608.85,611.47,784.2,420.1,3356,2052078.65,284,AMRUTANJAN
2017-08-10,EQ,608.0,611.95,588.9,608.85,594.85,594.5,600.17,784.2,420.1,3973,2384469.25,255,AMRUTANJAN
2017-08-11,EQ,601.8,601.8,565.1,594.5,587.0,590.75,587.53,784.2,420.1,4025,2364803.45,325,AMRUTANJAN
2017-08-14,EQ,600.0,617.0,586.0,590.75,604.1,603.4,602.36,784.2,420.1,2254,1357715.05,179,AMRUTANJAN
2017-08-16,EQ,600.0,617.7,590.1,603.4,616.45,614.7,605.8,784.2,420.1,5288,3203480.0,323,AMRUTANJAN
2017-08-17,EQ,619.95,623.4,602.15,614.7,610.0,608.0,610.13,784.2,420.1,4221,2575339.1,257,AMRUTANJAN
2017-08-18,EQ,609.0,609.0,553.3,608.0,599.0,595.2,593.03,784.2,420.1,6060,3593765.05,591,AMRUTANJAN
2017-08-21,EQ,600.0,603.9,581.65,595.2,581.65,583.4,587.97,784.2,420.1,3284,1930892.55,283,AMRUTANJAN
2017-08-22,EQ,580.1,597.85,576.25,583.4,582.0,580.45,583.43,784.2,420.1,1936,1129518.95,229,AMRUTANJAN
2017-08-23,EQ,597.5,597.5,576.3,580.45,590.0,588.9,584.82,784.2,420.1,2707,1583101.8,187,AMRUTANJAN
2017-08-24,EQ,589.0,604.9,589.0,588.9,597.0,595.6,594.73,784.2,420.1,1980,1177569.45,287,AMRUTANJAN
2017-08-28,EQ,590.0,604.0,590.0,595.6,597.05,600.0,597.99,784.2,420.1,1574,941243.65,185,AMRUTANJAN
2017-08-29,EQ,600.0,603.8,592.15,600.0,595.0,597.55,597.28,784.2,420.1,4681,2795884.4,231,AMRUTANJAN
2017-08-30,EQ,596.0,605.5,595.0,597.55,596.95,596.65,600.64,784.2,420.1,1728,1037909.55,225,AMRUTANJAN
2017-08-31,EQ,604.0,604.0,592.0,596.65,600.0,597.1,597.43,784.2,420.1,2465,1472666.4,139,AMRUTANJAN
2017-09-01,EQ,592.05,635.0,592.05,597.1,617.0,618.85,622.81,784.2,420.1,14056,8754168.0,729,AMRUTANJAN
2017-09-04,EQ,619.0,625.9,618.95,618.85,619.7,619.7,620.21,784.2,420.1,5124,3177981.5,260,AMRUTANJAN
2017-09-05,EQ,619.0,627.7,612.05,619.7,623.0,624.3,624.49,784.2,420.1,4888,3052509.05,245,AMRUTANJAN
2017-09-06,EQ,625.6,625.6,610.0,624.3,618.0,613.65,615.55,784.2,420.1,3756,2312022.95,362,AMRUTANJAN
2017-09-07,EQ,611.5,621.75,611.5,613.65,619.0,619.75,616.29,784.2,420.1,2400,1479089.8,222,AMRUTANJAN
2017-09-08,EQ,615.0,644.0,612.0,619.75,620.1,623.55,626.29,784.2,420.1,3146,1970317.45,268,AMRUTANJAN
2017-09-11,EQ,624.0,633.0,621.0,623.55,632.0,629.9,628.78,784.2,420.1,4445,2794922.0,229,AMRUTANJAN
2017-09-12,EQ,629.7,632.5,623.5,629.9,628.0,629.65,629.2,784.2,420.1,2051,1290496.7,82,AMRUTANJAN
2017-09-13,EQ,624.05,626.95,610.1,629.65,610.1,613.85,619.18,784.2,420.1,5892,3648193.9,199,AMRUTANJAN
2017-09-14,EQ,619.0,624.0,602.6,613.85,609.0,609.9,614.07,784.2,420.1,2640,1621154.35,186,AMRUTANJAN
2017-09-15,EQ,618.75,618.75,597.7,609.9,598.25,601.75,607.84,784.2,420.1,2293,1393788.2,272,AMRUTANJAN
2017-09-18,EQ,602.0,608.0,597.35,601.75,599.95,599.1,601.72,784.2,428.0,2375,1429076.65,228,AMRUTANJAN
2017-09-19,EQ,608.0,634.7,595.0,599.1,606.0,610.95,615.08,784.2,428.0,8921,5487150.75,667,AMRUTANJAN
2017-09-20,EQ,612.0,625.0,609.0,610.95,611.0,616.05,615.13,784.2,428.0,1176,723398.45,144,AMRUTANJAN
2017-09-21,EQ,616.05,616.05,605.0,616.05,610.8,607.65,608.16,784.2,428.0,1832,1114158.05,196,AMRUTANJAN
2017-09-22,EQ,607.65,607.65,570.0,607.65,578.2,580.95,587.11,784.2,428.0,5733,3365898.85,551,AMRUTANJAN
2017-09-25,EQ,581.0,590.0,571.15,580.95,590.0,585.65,579.8,784.2,430.2,2606,1510969.45,191,AMRUTANJAN
2017-09-26,EQ,593.8,593.8,576.25,585.65,581.0,582.6,581.63,784.2,430.2,1509,877682.2,151,AMRUTANJAN
2017-09-27,EQ,576.25,597.85,576.25,582.6,577.0,581.25,584.13,784.2,430.2,2421,1414178.1,172,AMRUTANJAN
2017-09-28,EQ,577.0,585.0,572.0,581.25,581.25,581.95,578.34,784.2,430.2,3051,1764527.0,126,AMRUTANJAN
2017-09-29,EQ,576.05,589.0,576.0,581.95,588.0,584.25,584.37,784.2,430.2,2209,1290866.4,120,AMRUTANJAN
2017-10-03,EQ,586.0,591.2,571.65,584.25,581.0,576.4,584.51,784.2,439.8,3142,1836537.2,278,AMRUTANJAN
2017-10-04,EQ,575.6,581.0,573.1,576.4,580.0,577.7,577.7,784.2,439.8,1872,1081460.15,126,AMRUTANJAN
2017-10-05,EQ,582.0,596.0,582.0,577.7,585.0,587.4,587.82,784.2,439.8,2610,1534221.65,265,AMRUTANJAN
2017-10-06,EQ,587.4,591.0,582.4,587.4,585.0,587.0,586.88,784.2,439.8,1670,980088.85,111,AMRUTANJAN
2017-10-09,EQ,585.0,597.95,577.0,587.0,597.95,593.3,591.45,784.2,487.35,3636,2150510.0,248,AMRUTANJAN
2017-10-10,EQ,597.95,597.95,584.5,593.3,586.6,586.45,588.72,784.2,487.35,2099,1235731.9,223,AMRUTANJAN
2017-10-11,EQ,594.0,595.2,577.0,586.45,577.15,581.05,585.1,784.2,487.35,1087,636006.3,132,AMRUTANJAN
2017-10-12,EQ,581.0,585.0,580.0,581.05,582.0,583.25,582.67,784.2,487.35,1558,907798.6,126,AMRUTANJAN
2017-10-13,EQ,584.05,584.05,572.0,583.25,577.0,578.05,577.56,784.2,487.35,3949,2280798.5,289,AMRUTANJAN
2017-10-16,EQ,584.45,584.45,574.2,578.05,576.0,578.3,577.62,784.2,500.0,1235,713359.3,99,AMRUTANJAN
2017-10-17,EQ,573.15,582.45,571.2,578.3,578.0,574.5,574.87,784.2,500.0,3751,2156352.0,203,AMRUTANJAN
2017-10-18,EQ,574.55,580.0,564.0,574.5,578.0,577.5,574.06,784.2,500.0,1855,1064883.2,142,AMRUTANJAN
2017-10-19,EQ,577.0,589.9,575.25,577.5,589.0,586.7,584.05,784.2,500.0,1583,924548.2,118,AMRUTANJAN
2017-10-23,EQ,586.0,588.3,575.65,586.7,581.9,579.6,579.32,784.2,500.0,2240,1297683.95,108,AMRUTANJAN
2017-10-24,EQ,583.9,584.6,575.45,579.6,581.0,581.05,578.86,784.2,500.0,1413,817929.15,128,AMRUTANJAN
2017-10-25,EQ,585.05,589.05,576.0,581.05,576.0,576.6,581.38,784.2,500.0,2291,1331950.55,133,AMRUTANJAN
2017-10-26,EQ,576.6,580.45,564.0,576.6,568.8,566.85,570.41,784.2,500.0,6560,3741878.95,295,AMRUTANJAN
2017-10-27,EQ,575.0,617.0,560.5,566.85,585.0,581.15,588.62,784.2,500.0,24130,14203385.2,1530,AMRUTANJAN
2017-10-30,EQ,577.0,592.35,577.0,581.15,592.0,590.0,586.05,784.2,500.0,4133,2422149.35,238,AMRUTANJAN
2017-10-31,EQ,594.9,598.0,580.0,590.0,581.0,583.2,587.27,784.2,500.0,2453,1440584.5,203,AMRUTANJAN
2017-11-01,EQ,583.2,606.0,583.2,583.2,590.0,590.55,593.81,784.2,500.0,8385,4979074.9,433,AMRUTANJAN
2017-11-02,EQ,590.55,598.4,590.0,590.55,592.0,593.8,595.56,784.2,500.0,2991,1781332.15,170,AMRUTANJAN
2017-11-03,EQ,596.85,637.9,590.0,593.8,621.0,620.6,620.43,784.2,500.0,48197,29903012.1,3340,AMRUTANJAN
2017-11-06,EQ,629.25,664.8,623.0,620.6,645.0,647.85,650.38,784.2,500.0,67471,43881570.0,4823,AMRUTANJAN
2017-11-07,EQ,645.0,658.9,620.1,647.85,624.0,625.65,632.97,784.2,500.0,16020,10140121.15,934,AMRUTANJAN
2017-11-08,EQ,625.15,645.75,625.0,625.65,636.0,632.1,637.19,784.2,500.0,8195,5221796.75,326,AMRUTANJAN
2017-11-09,EQ,638.95,648.7,625.55,632.1,632.0,632.75,640.03,784.2,500.0,12352,7905590.4,690,AMRUTANJAN
2017-11-10,EQ,637.0,638.75,613.65,632.75,622.0,623.35,623.87,784.2,500.0,25187,15713393.45,1788,AMRUTANJAN
2017-11-13,EQ,627.05,630.15,603.05,623.35,605.0,607.2,622.3,784.2,502.7,30515,18989341.1,760,AMRUTANJAN
2017-11-14,EQ,607.25,610.0,598.0,607.2,610.0,606.75,603.01,784.2,502.7,5087,3067505.75,306,AMRUTANJAN
2017-11-15,EQ,601.75,609.85,592.55,606.75,598.0,599.4,601.31,784.2,502.7,4800,2886297.05,295,AMRUTANJAN
2017-11-16,EQ,599.45,609.65,598.0,599.4,602.0,600.05,600.48,784.2,502.7,4469,2683564.1,200,AMRUTANJAN
2017-11-17,EQ,609.7,624.95,599.95,600.05,612.0,614.65,611.33,784.2,502.7,14623,8939536.9,1144,AMRUTANJAN
2017-11-20,EQ,610.0,623.9,604.35,614.65,613.9,612.7,613.94,784.2,510.0,6324,3882572.15,444,AMRUTANJAN
2017-11-21,EQ,613.75,633.0,605.0,612.7,623.0,620.45,619.22,784.2,510.0,12474,7724179.85,944,AMRUTANJAN
2017-11-22,EQ,630.0,649.0,625.0,620.45,637.0,635.6,629.11,784.2,510.0,54525,34301958.9,1288,AMRUTANJAN
2017-11-23,EQ,635.65,637.0,620.0,635.6,622.8,624.6,628.27,784.2,510.0,9327,5859834.4,527,AMRUTANJAN
2017-11-24,EQ,629.7,629.75,624.7,624.6,624.7,625.25,625.89,784.2,510.0,2278,1425785.8,164,AMRUTANJAN
2017-11-27,EQ,625.25,636.0,624.0,625.25,634.0,634.05,632.64,784.2,510.0,10338,6540202.0,319,AMRUTANJAN
2017-11-28,EQ,634.1,640.0,625.0,634.05,627.45,626.8,631.92,784.2,510.0,4054,2561809.35,605,AMRUTANJAN
2017-11-29,EQ,635.95,636.0,622.0,626.8,627.0,625.85,625.83,784.2,510.0,4111,2572775.2,152,AMRUTANJAN
2017-11-30,EQ,629.85,629.85,616.0,625.85,617.1,616.55,620.51,784.2,510.0,2540,1576105.7,216,AMRUTANJAN
2017-12-01,EQ,617.2,623.9,606.05,616.55,607.0,611.05,615.39,784.2,510.0,5132,3158178.85,255,AMRUTANJAN
2017-12-04,EQ,611.0,612.95,600.5,611.05,600.5,603.1,604.57,784.2,510.0,4083,2468458.6,222,AMRUTANJAN
2017-12-05,EQ,600.15,603.85,596.0,603.1,600.0,599.45,599.96,784.2,510.0,15433,9259134.75,200,AMRUTANJAN
2017-12-06,EQ,601.5,608.4,585.1,599.45,585.1,588.25,598.7,784.2,510.0,7772,4653060.7,357,AMRUTANJAN
2017-12-07,EQ,590.0,599.0,585.15,588.25,588.85,587.2,593.19,784.2,510.0,5678,3368107.3,266,AMRUTANJAN
2017-12-08,EQ,596.4,609.45,590.1,587.2,594.0,595.65,598.69,784.2,510.0,6365,3810671.5,291,AMRUTANJAN
2017-12-11,EQ,602.0,606.9,596.0,595.65,601.5,600.35,601.13,784.2,510.0,2976,1788956.4,143,AMRUTANJAN
2017-12-12,EQ,600.4,606.0,595.0,600.35,600.0,600.1,599.41,784.2,510.0,1623,972849.9,74,AMRUTANJAN
2017-12-13,EQ,602.9,605.05,593.0,600.1,596.0,598.0,597.76,784.2,510.0,5261,3144832.45,122,AMRUTANJAN
2017-12-14,EQ,591.1,597.7,585.0,598.0,585.0,585.4,587.0,784.2,510.0,7427,4359680.8,693,AMRUTANJAN
2017-12-15,EQ,585.0,596.8,576.2,585.4,591.1,590.0,586.13,784.2,510.0,20120,11792869.3,1398,AMRUTANJAN
2017-12-18,EQ,595.9,596.8,572.35,590.0,590.0,587.95,588.3,784.2,510.0,1944,1143652.25,159,AMRUTANJAN
2017-12-19,EQ,595.9,599.7,588.15,587.95,598.8,598.5,594.88,784.2,510.0,3414,2030936.5,154,AMRUTANJAN
2017-12-20,EQ,598.9,605.35,588.0,598.5,593.0,592.35,598.18,784.2,510.0,5083,3040571.0,262,AMRUTANJAN
2017-12-21,EQ,593.0,597.95,581.0,592.35,582.0,584.05,585.51,784.2,510.0,20271,11868955.05,773,AMRUTANJAN
2017-12-22,EQ,589.95,675.0,589.0,584.05,650.2,651.8,653.7,784.2,510.0,245060,160196536.35,10160,AMRUTANJAN
2017-12-26,EQ,657.9,688.4,657.9,651.8,680.0,679.85,678.73,784.2,510.0,133103,90340993.8,5418,AMRUTANJAN
2017-12-27,EQ,685.9,692.15,663.0,679.85,664.1,665.95,677.3,784.2,510.0,45977,31140166.95,2527,AMRUTANJAN
2017-12-28,EQ,664.1,682.9,644.0,665.95,648.7,648.95,667.42,784.2,510.0,50045,33401114.95,1764,AMRUTANJAN
2017-12-29,EQ,659.95,662.7,643.5,648.95,651.0,649.2,651.93,784.2,510.0,17758,11577012.6,484,AMRUTANJAN
2018-01-01,EQ,648.1,652.7,635.0,649.2,640.1,641.45,643.15,784.2,521.15,12310,7917148.85,549,AMRUTANJAN
2018-01-02,EQ,651.0,651.0,635.0,641.45,639.0,640.1,639.66,784.2,521.15,6260,4004265.7,305,AMRUTANJAN
2018-01-03,EQ,636.1,660.0,634.0,640.1,655.0,650.45,647.69,784.2,521.15,27598,17874945.85,713,AMRUTANJAN
2018-01-04,EQ,655.0,681.0,648.5,650.45,680.0,673.25,668.11,784.2,521.15,85092,56850520.55,3824,AMRUTANJAN
2018-01-05,EQ,678.0,678.0,660.0,673.25,662.05,666.25,667.58,784.2,521.15,7483,4995535.75,475,AMRUTANJAN
2018-01-08,EQ,666.05,673.7,650.1,666.25,655.0,653.55,657.98,784.2,530.1,7976,5248032.9,348,AMRUTANJAN
2018-01-09,EQ,654.0,660.0,638.0,653.55,639.0,640.75,645.68,784.2,530.1,9912,6400021.1,513,AMRUTANJAN
2018-01-10,EQ,640.75,649.9,626.7,640.75,638.0,635.0,635.85,784.2,530.1,12891,8196755.45,751,AMRUTANJAN
2018-01-11,EQ,636.0,640.0,621.5,635.0,626.9,623.5,628.59,784.2,530.1,22454,14114429.05,6636,AMRUTANJAN
2018-01-12,EQ,631.95,632.0,610.0,623.5,612.25,617.45,620.52,784.2,530.1,26238,16281099.3,745,AMRUTANJAN
2018-01-15,EQ,622.0,634.85,610.0,617.45,627.9,626.35,622.27,784.2,530.1,8140,5065266.0,551,AMRUTANJAN
2018-01-16,EQ,626.35,644.0,615.0,626.35,622.0,622.15,628.16,784.2,530.1,15061,9460749.1,767,AMRUTANJAN
2018-01-17,EQ,618.0,642.2,615.3,622.15,641.95,638.95,631.61,784.2,530.1,12952,8180584.15,548,AMRUTANJAN
2018-01-18,EQ,639.0,644.0,615.15,638.95,616.0,618.3,631.28,784.2,530.1,9615,6069719.35,364,AMRUTANJAN
2018-01-19,EQ,615.0,628.15,611.0,618.3,614.9,612.45,618.04,784.2,530.1,5901,3647054.9,319,AMRUTANJAN
2018-01-22,EQ,613.0,619.9,602.0,612.45,606.9,606.95,610.96,784.2,530.1,6924,4230295.55,350,AMRUTANJAN
2018-01-23,EQ,608.2,622.0,608.2,606.95,611.0,610.55,615.08,784.2,530.1,5104,3139376.05,360,AMRUTANJAN
2018-01-24,EQ,615.0,615.0,595.2,610.55,597.95,596.5,599.61,784.2,530.1,22411,13437931.9,482,AMRUTANJAN
2018-01-25,EQ,597.0,605.95,596.0,596.5,598.75,601.15,600.77,784.2,530.1,4364,2621781.5,334,AMRUTANJAN
2018-01-29,EQ,625.0,629.85,602.0,601.15,605.0,607.1,613.02,784.2,530.1,15366,9419719.0,618,AMRUTANJAN
2018-01-30,EQ,603.0,615.75,589.45,607.1,606.0,605.6,600.11,784.2,530.1,11207,6725398.15,575,AMRUTANJAN
2018-01-31,EQ,605.0,605.0,591.6,605.6,596.0,597.1,595.58,784.2,530.1,4817,2868926.6,335,AMRUTANJAN
2018-02-01,EQ,595.0,609.0,591.0,597.1,600.1,596.75,596.62,784.2,530.1,2600,1551221.8,197,AMRUTANJAN
2018-02-02,EQ,591.0,594.8,562.0,596.75,585.0,581.7,579.94,784.2,530.1,9580,5555835.0,496,AMRUTANJAN
2018-02-05,EQ,571.0,605.9,571.0,581.7,585.0,587.1,584.86,784.2,530.1,4173,2440606.15,339,AMRUTANJAN
2018-02-06,EQ,555.2,588.0,553.0,587.1,583.1,584.7,573.28,784.2,530.1,7474,4284696.3,470,AMRUTANJAN
2018-02-07,EQ,584.05,598.0,584.0,584.7,586.5,590.8,590.7,784.2,530.1,4789,2828862.55,253,AMRUTANJAN
2018-02-08,EQ,586.55,598.0,585.0,590.8,585.0,587.6,590.74,784.2,530.1,2984,1762771.5,220,AMRUTANJAN
2018-02-09,EQ,585.0,595.0,575.0,587.6,588.8,592.1,591.42,784.2,530.1,2961,1751191.65,260,AMRUTANJAN
2018-02-12,EQ,585.8,607.0,585.8,592.1,602.05,604.75,598.13,784.2,530.1,4708,2816010.0,277,AMRUTANJAN
2018-02-14,EQ,588.0,627.0,585.0,604.75,585.05,590.75,604.33,784.2,530.1,15512,9374317.25,1086,AMRUTANJAN
2018-02-15,EQ,595.0,602.0,585.0,590.75,592.15,592.4,595.4,784.2,530.1,2589,1541491.85,249,AMRUTANJAN
2018-02-16,EQ,600.0,601.25,582.05,592.4,589.0,585.45,591.5,784.2,530.1,2291,1355122.45,243,AMRUTANJAN
2018-02-19,EQ,589.0,593.9,563.0,585.45,568.4,569.45,571.81,784.2,530.1,6250,3573786.95,401,AMRUTANJAN
2018-02-20,EQ,575.0,580.0,568.25,569.45,576.0,576.35,574.01,784.2,530.1,908,521199.15,129,AMRUTANJAN
2018-02-21,EQ,584.95,594.9,570.1,576.35,593.0,591.2,585.56,784.2,530.1,5545,3246956.4,551,AMRUTANJAN
2018-02-22,EQ,586.0,586.9,580.0,591.2,580.0,580.25,582.55,784.2,530.1,4084,2379142.45,182,AMRUTANJAN
2018-02-23,EQ,588.9,595.0,575.0,580.25,582.05,582.75,584.41,784.2,530.1,6967,4071550.95,359,AMRUTANJAN
2018-02-26,EQ,584.2,587.0,575.5,582.75,577.0,576.85,580.6,784.2,530.1,9952,5778114.6,331,AMRUTANJAN
2018-02-27,EQ,577.35,584.0,573.0,576.85,573.0,577.25,577.48,784.2,530.1,2514,1451777.7,149,AMRUTANJAN
2018-02-28,EQ,573.15,578.4,568.0,577.25,570.15,573.0,572.47,784.2,530.1,3532,2021955.25,167,AMRUTANJAN
2018-03-01,EQ,567.05,576.5,566.1,573.0,575.0,574.9,573.61,784.2,530.1,2124,1218346.0,109,AMRUTANJAN
2018-03-05,EQ,575.0,576.95,566.0,574.9,573.0,571.35,569.38,784.2,530.1,3233,1840801.05,162,AMRUTANJAN
2018-03-06,EQ,579.85,584.0,555.55,571.35,562.9,562.95,569.59,784.2,530.1,2842,1618781.95,254,AMRUTANJAN
2018-03-07,EQ,568.7,568.7,543.6,562.95,552.9,550.45,556.15,784.2,530.1,4225,2349722.5,249,AMRUTANJAN
2018-03-08,EQ,556.0,560.85,545.15,550.45,548.85,550.35,552.67,784.2,530.1,2837,1567922.55,274,AMRUTANJAN
2018-03-09,EQ,550.3,568.5,550.3,550.35,558.0,561.0,562.46,784.2,530.1,6111,3437206.5,338,AMRUTANJAN
2018-03-12,EQ,563.6,569.0,546.3,561.0,551.1,552.4,551.13,784.2,530.1,9760,5379045.95,320,AMRUTANJAN
2018-03-13,EQ,560.0,567.9,547.25,552.4,567.9,562.95,557.83,784.2,530.1,3470,1935662.75,240,AMRUTANJAN
2018-03-14,EQ,565.9,568.0,556.2,562.95,566.95,565.3,562.92,784.2,530.1,1538,865770.8,137,AMRUTANJAN
2018-03-15,EQ,560.0,568.0,551.6,565.3,555.25,558.5,558.59,784.2,530.1,8453,4721736.55,411,AMRUTANJAN
2018-03-16,EQ,561.05,564.85,556.0,558.5,562.95,560.9,560.99,784.2,530.1,2475,1388448.5,123,AMRUTANJAN
2018-03-19,EQ,563.0,565.0,548.0,560.9,549.1,552.1,556.12,784.2,530.1,2378,1322445.25,235,AMRUTANJAN
2018-03-20,EQ,557.0,558.0,550.05,552.1,551.0,552.15,553.78,784.2,530.1,3217,1781503.15,220,AMRUTANJAN
2018-03-21,EQ,558.0,560.4,544.55,552.15,548.0,548.15,551.33,784.2,530.1,7299,4024176.1,321,AMRUTANJAN
2018-03-22,EQ,545.0,560.2,538.9,548.15,544.5,545.9,546.71,784.2,530.1,4533,2478254.9,236,AMRUTANJAN
2018-03-23,EQ,523.7,548.1,523.7,545.9,547.5,544.5,540.46,784.2,523.7,8538,4614451.8,266,AMRUTANJAN
2018-03-26,EQ,549.8,549.85,535.1,544.5,549.0,544.05,544.14,784.2,523.7,13546,7370969.75,382,AMRUTANJAN
2018-03-27,EQ,552.95,552.95,544.7,544.05,545.0,547.9,546.76,784.2,523.7,10792,5900643.55,186,AMRUTANJAN
2018-03-28,EQ,549.0,550.1,538.0,547.9,538.55,540.7,543.32,784.2,523.7,3051,1657658.4,182,AMRUTANJAN
2018-04-02,EQ,548.5,557.9,541.7,540.7,557.9,555.85,551.39,784.2,523.7,1830,1009037.3,207,AMRUTANJAN
2018-04-03,EQ,551.0,560.0,546.1,555.85,554.0,554.2,551.55,784.2,523.7,2646,1459411.65,157,AMRUTANJAN
2018-04-04,EQ,551.1,559.4,550.0,554.2,552.0,551.65,554.41,784.2,523.7,2900,1607775.5,191,AMRUTANJAN
2018-04-05,EQ,558.8,559.0,552.15,551.65,553.95,553.55,555.29,784.2,523.7,2569,1426542.1,199,AMRUTANJAN
2018-04-06,EQ,557.95,572.9,555.35,553.55,569.5,571.3,567.58,784.2,523.7,6348,3603027.65,478,AMRUTANJAN
2018-04-09,EQ,574.8,596.7,574.8,571.3,595.0,594.05,589.66,784.2,523.7,12601,7430245.0,625,AMRUTANJAN
2018-04-10,EQ,590.8,594.9,589.0,594.05,590.05,590.7,592.35,784.2,523.7,4065,2407899.5,207,AMRUTANJAN
2018-04-11,EQ,586.0,593.75,581.0,590.7,583.3,583.6,585.31,784.2,523.7,2746,1607262.9,164,AMRUTANJAN
2018-04-12,EQ,581.05,599.95,579.6,583.6,597.2,595.0,588.45,784.2,523.7,8628,5077157.9,461,AMRUTANJAN
2018-04-13,EQ,300.0,325.5,292.6,595.0,310.0,310.55,312.27,784.2,292.6,34636,10815768.5,1652,AMRUTANJAN
2018-04-16,EQ,312.5,321.5,310.0,310.55,311.85,311.45,314.94,784.2,292.6,17661,5562115.45,514,AMRUTANJAN
2018-04-17,EQ,311.8,311.8,296.55,311.45,297.95,298.85,301.15,784.2,292.6,21384,6439890.4,842,AMRUTANJAN
2018-04-18,EQ,297.0,300.0,292.05,298.85,296.05,294.05,295.63,784.2,292.05,7590,2243864.6,407,AMRUTANJAN
2018-04-19,EQ,294.0,298.15,286.0,294.05,291.05,291.55,291.76,784.2,286.0,8404,2451990.05,459,AMRUTANJAN
2018-04-20,EQ,290.1,293.0,286.1,291.55,290.0,289.05,288.81,784.2,286.0,8391,2423437.05,326,AMRUTANJAN
2018-04-23,EQ,292.0,293.0,282.5,289.05,283.0,284.95,287.5,784.2,282.5,11359,3265731.05,639,AMRUTANJAN
2018-04-24,EQ,283.0,312.0,280.0,284.95,300.85,304.5,304.86,784.2,280.0,175037,53361522.1,4519,AMRUTANJAN
2018-04-25,EQ,300.0,303.0,290.35,304.5,295.0,292.05,294.08,784.2,280.0,20638,6069233.35,891,AMRUTANJAN
2018-04-26,EQ,290.0,296.2,285.55,292.05,286.0,286.4,288.48,784.2,280.0,12855,3708391.6,458,AMRUTANJAN
2018-04-27,EQ,282.0,288.3,282.0,286.4,283.05,283.55,284.98,784.2,280.0,8081,2302883.15,357,AMRUTANJAN
2018-04-30,EQ,285.6,291.35,279.95,283.55,281.85,281.4,283.4,784.2,279.95,7951,2253304.15,354,AMRUTANJAN
2018-05-02,EQ,280.75,288.15,280.0,281.4,281.1,281.8,284.42,784.2,279.95,7431,2113503.3,323,AMRUTANJAN
2018-05-03,EQ,288.7,288.7,277.2,281.8,278.2,278.85,279.96,784.2,277.2,3482,974814.8,204,AMRUTANJAN
2018-05-04,EQ,284.0,284.0,275.4,278.85,275.5,277.65,278.71,784.2,275.4,11347,3162563.55,290,AMRUTANJAN
2018-05-07,EQ,277.55,279.8,275.6,277.65,276.5,276.15,277.02,784.2,275.4,4328,1198940.25,171,AMRUTANJAN
2018-05-08,EQ,279.0,279.0,275.95,276.15,276.0,277.1,276.72,784.2,275.4,3535,978201.35,146,AMRUTANJAN
2018-05-09,EQ,278.0,279.8,272.6,277.1,272.8,273.6,276.0,784.2,272.6,4186,1155322.45,198,AMRUTANJAN
2018-05-10,EQ,273.6,276.4,271.0,273.6,271.05,271.6,273.16,784.2,271.0,5142,1404593.5,229,AMRUTANJAN
2018-05-11,EQ,273.0,275.8,268.25,271.6,272.35,274.1,271.99,784.2,268.25,8250,2243919.05,375,AMRUTANJAN
2018-05-14,EQ,274.0,296.95,270.2,274.1,282.9,283.0,287.48,780.45,268.25,35501,10205968.0,1516,AMRUTANJAN
2018-05-15,EQ,281.0,289.0,277.3,283.0,282.0,281.95,285.11,780.45,268.25,9043,2578236.5,380,AMRUTANJAN
2018-05-16,EQ,281.95,281.95,276.0,281.95,281.5,280.55,279.06,780.45,268.25,2885,805098.25,269,AMRUTANJAN
2018-05-17,EQ,277.2,284.95,277.0,280.55,284.2,280.65,279.45,780.45,268.25,2834,791954.5,157,AMRUTANJAN
2018-05-18,EQ,278.1,283.95,278.0,280.65,280.0,279.45,280.05,780.45,268.25,2788,780788.7,117,AMRUTANJAN
2018-05-21,EQ,283.0,283.0,270.0,279.45,272.0,272.45,274.75,748.0,268.25,5285,1452052.3,271,AMRUTANJAN
2018-05-22,EQ,272.1,285.3,268.15,272.45,282.5,282.0,275.7,748.0,268.15,10606,2924054.15,407,AMRUTANJAN
2018-05-23,EQ,282.0,282.0,276.0,282.0,278.05,278.15,278.75,748.0,268.15,4487,1250761.7,219,AMRUTANJAN
2018-05-24,EQ,280.0,286.0,277.95,278.15,280.1,280.55,281.35,748.0,268.15,3286,924521.7,229,AMRUTANJAN
2018-05-25,EQ,286.0,286.0,274.05,280.55,274.3,276.4,280.59,748.0,268.15,16048,4502889.7,785,AMRUTANJAN
2018-05-28,EQ,276.8,278.85,274.5,276.4,275.0,276.15,276.09,737.0,268.15,8239,2274678.45,306,AMRUTANJAN
2018-05-29,EQ,275.0,279.8,275.0,276.15,279.15,279.45,278.53,737.0,268.15,2876,801050.45,129,AMRUTANJAN
2018-05-30,EQ,276.0,276.95,272.05,279.45,272.1,272.95,274.19,737.0,268.15,4498,1233302.25,266,AMRUTANJAN
2018-05-31,EQ,273.0,276.95,270.5,272.95,272.1,272.65,273.91,737.0,268.15,4690,1284637.1,149,AMRUTANJAN
2018-06-01,EQ,272.65,275.0,251.65,272.65,257.0,259.0,259.82,737.0,251.65,20118,5226995.25,916,AMRUTANJAN
2018-06-04,EQ,258.65,259.0,245.0,259.0,252.4,250.95,251.5,737.0,245.0,11859,2982526.65,510,AMRUTANJAN
2018-06-05,EQ,252.5,254.2,232.55,250.95,254.2,251.0,243.05,737.0,232.55,16442,3996237.25,671,AMRUTANJAN
2018-06-06,EQ,252.0,261.0,245.2,251.0,259.75,258.65,254.06,737.0,232.55,2879,731449.05,241,AMRUTANJAN
2018-06-07,EQ,258.0,267.0,258.0,258.65,262.4,264.95,263.42,737.0,232.55,8783,2313617.0,430,AMRUTANJAN
2018-06-08,EQ,263.3,269.0,261.0,264.95,269.0,268.1,266.38,737.0,232.55,3850,1025576.4,152,AMRUTANJAN
2018-06-11,EQ,268.1,268.65,261.1,268.1,265.0,265.5,265.42,737.0,232.55,3429,910126.55,132,AMRUTANJAN
2018-06-12,EQ,269.4,270.9,264.0,265.5,270.0,269.3,268.82,737.0,232.55,2377,638975.15,136,AMRUTANJAN
2018-06-13,EQ,271.0,278.0,271.0,269.3,274.0,274.75,274.78,737.0,232.55,11350,3118701.05,404,AMRUTANJAN
2018-06-14,EQ,278.0,278.0,275.0,274.75,277.5,277.0,276.3,737.0,232.55,5007,1383458.15,129,AMRUTANJAN
2018-06-15,EQ,277.0,280.0,275.0,277.0,278.05,278.45,278.19,737.0,232.55,6583,1831343.35,151,AMRUTANJAN
2018-06-18,EQ,278.0,282.0,276.0,278.45,279.5,279.15,279.06,737.0,232.55,12875,3592858.15,189,AMRUTANJAN
2018-06-19,EQ,278.0,280.0,275.0,279.15,277.0,275.25,277.23,737.0,232.55,3178,881040.8,90,AMRUTANJAN
2018-06-20,EQ,280.0,280.0,270.0,275.25,270.0,270.15,271.0,737.0,232.55,3932,1065554.85,264,AMRUTANJAN
2018-06-21,EQ,274.65,276.0,270.0,270.15,272.0,271.2,271.64,737.0,232.55,2342,636170.05,141,AMRUTANJAN
2018-06-22,EQ,274.95,274.95,270.0,271.2,272.6,270.15,270.22,737.0,232.55,3336,901470.4,247,AMRUTANJAN
2018-06-25,EQ,270.0,278.65,270.0,270.15,275.0,275.05,274.62,737.0,232.55,2153,591265.0,176,AMRUTANJAN
2018-06-26,EQ,278.8,278.8,270.0,275.05,272.0,272.45,270.95,737.0,232.55,4218,1142875.55,114,AMRUTANJAN
2018-06-27,EQ,274.0,276.45,265.0,272.45,272.5,272.1,272.0,737.0,232.55,5942,1616218.3,180,AMRUTANJAN
2018-06-28,EQ,271.65,275.0,270.0,272.1,270.05,270.4,271.79,737.0,232.55,3904,1061077.9,96,AMRUTANJAN
2018-06-29,EQ,271.05,274.0,270.45,270.4,272.0,272.0,271.8,737.0,232.55,1958,532184.95,71,AMRUTANJAN
2018-07-02,EQ,270.15,275.0,269.0,272.0,270.05,270.1,270.52,737.0,232.55,2961,801024.5,131,AMRUTANJAN
2018-07-03,EQ,270.0,275.2,267.55,270.1,274.5,273.2,273.03,737.0,232.55,3844,1049524.7,156,AMRUTANJAN
2018-07-04,EQ,273.0,274.95,269.5,273.2,270.0,270.3,270.24,737.0,232.55,10556,2852659.65,119,AMRUTANJAN
2018-07-05,EQ,270.1,273.15,270.0,270.3,270.0,270.6,270.32,737.0,232.55,3578,967187.65,66,AMRUTANJAN
2018-07-06,EQ,270.1,281.0,269.5,270.6,272.95,270.9,273.03,737.0,232.55,8641,2359282.3,330,AMRUTANJAN
2018-07-09,EQ,278.0,282.0,273.0,270.9,280.0,280.35,279.45,699.0,232.55,21198,5923759.65,595,AMRUTANJAN
2018-07-10,EQ,280.0,284.9,277.0,280.35,280.0,280.05,281.66,699.0,232.55,12611,3551977.1,431,AMRUTANJAN
2018-07-11,EQ,280.0,289.5,275.1,280.05,285.0,285.3,282.83,699.0,232.55,36019,10187245.9,745,AMRUTANJAN
2018-07-12,EQ,292.0,292.0,284.0,285.3,287.0,286.5,288.14,699.0,232.55,12602,3631194.85,292,AMRUTANJAN
2018-07-13,EQ,285.0,287.85,284.0,286.5,285.0,285.0,285.06,699.0,232.55,7517,2142821.2,113,AMRUTANJAN
2018-07-16,EQ,285.0,285.0,279.0,285.0,280.0,279.55,280.04,692.15,232.55,16224,4543419.2,233,AMRUTANJAN
2018-07-17,EQ,277.0,278.9,273.5,279.55,276.25,275.15,275.03,692.15,232.55,29411,8088935.75,335,AMRUTANJAN
2018-07-18,EQ,275.0,278.0,274.0,275.15,275.0,275.35,275.03,692.15,232.55,14468,3979192.45,139,AMRUTANJAN
2018-07-19,EQ,275.0,276.5,274.0,275.35,275.0,274.3,274.98,692.15,232.55,24419,6714636.4,190,AMRUTANJAN
2018-07-20,EQ,273.0,275.85,273.0,274.3,275.0,275.6,273.96,692.15,232.55,8967,2456613.55,116,AMRUTANJAN
2018-07-23,EQ,273.5,276.0,272.0,275.6,273.95,273.2,272.72,692.15,232.55,13917,3795429.65,148,AMRUTANJAN
2018-07-24,EQ,273.0,276.0,272.5,273.2,273.0,273.05,273.27,692.15,232.55,3495,955084.1,132,AMRUTANJAN
2018-07-25,EQ,274.1,275.4,271.0,273.05,272.5,272.8,272.76,692.15,232.55,6255,1706124.7,188,AMRUTANJAN
2018-07-26,EQ,276.85,276.85,273.5,272.8,273.55,274.05,274.98,692.15,232.55,71961,19788062.45,113,AMRUTANJAN
2018-07-27,EQ,277.95,277.95,272.0,274.05,272.05,272.85,272.05,692.15,232.55,159118,43288760.3,209,AMRUTANJAN
2018-07-30,EQ,276.85,276.85,270.0,272.85,270.3,270.9,271.46,692.15,232.55,3876,1052169.65,150,AMRUTANJAN
2018-07-31,EQ,271.0,275.0,270.0,270.9,273.55,272.35,270.75,692.15,232.55,10871,2943284.8,199,AMRUTANJAN
2018-08-01,EQ,273.8,277.5,269.0,272.35,270.0,270.2,270.81,692.15,232.55,32753,8869896.2,510,AMRUTANJAN
2018-08-02,EQ,272.9,272.9,255.7,270.2,260.95,259.1,266.94,692.15,232.55,42405,11319419.65,876,AMRUTANJAN
2018-08-03,EQ,259.0,267.75,245.6,259.1,250.05,250.8,252.49,692.15,232.55,55885,14110446.55,1512,AMRUTANJAN
2018-08-06,EQ,254.55,260.0,248.0,250.8,253.95,250.8,253.26,692.15,232.55,33435,8467762.2,782,AMRUTANJAN
2018-08-07,EQ,254.55,259.0,249.0,250.8,253.65,253.3,252.74,692.15,232.55,36710,9278146.3,727,AMRUTANJAN
2018-08-08,EQ,256.7,257.9,250.25,253.3,252.35,252.25,254.3,692.15,232.55,18298,4653162.45,629,AMRUTANJAN
2018-08-09,EQ,254.6,258.0,252.0,252.25,255.9,254.65,255.52,692.15,232.55,12746,3256881.85,514,AMRUTANJAN
2018-08-10,EQ,243.5,246.85,241.0,254.65,245.75,245.25,244.51,692.15,232.55,35740,8738930.3,642,AMRUTANJAN
2018-08-13,EQ,244.0,246.6,240.6,245.25,243.5,241.85,242.66,692.15,232.55,16468,3996144.85,412,AMRUTANJAN
2018-08-14,EQ,242.35,245.45,241.0,241.85,242.75,242.2,242.09,692.15,232.55,46930,11361330.85,406,AMRUTANJAN
2018-08-16,EQ,240.0,244.9,240.0,242.2,241.1,242.05,241.74,692.15,232.55,23607,5706774.0,227,AMRUTANJAN
2018-08-17,EQ,242.0,243.95,240.0,242.05,243.55,243.35,242.38,692.15,232.55,11232,2722440.8,191,AMRUTANJAN
2018-08-20,EQ,249.9,249.9,244.7,243.35,245.0,245.05,245.82,692.15,232.55,25355,6232639.45,329,AMRUTANJAN
2018-08-21,EQ,245.05,247.0,242.6,245.05,246.9,246.1,245.18,692.15,232.55,34335,8418197.45,439,AMRUTANJAN
2018-08-23,EQ,247.0,295.3,244.0,246.1,295.3,295.3,284.27,692.15,232.55,485558,138031716.0,6745,AMRUTANJAN
2018-08-24,EQ,315.0,352.0,311.0,295.3,343.05,344.45,339.11,692.15,232.55,2308420,782803846.75,50355,AMRUTANJAN
2018-08-27,EQ,341.9,360.0,325.0,344.45,345.0,351.5,345.48,692.15,232.55,866144,299231445.85,17767,AMRUTANJAN
2018-08-28,EQ,337.5,348.0,333.95,351.5,333.95,334.6,339.63,692.15,232.55,320058,108701269.1,6310,AMRUTANJAN
2018-08-29,EQ,324.0,338.0,317.9,334.6,317.9,317.9,325.64,692.15,232.55,96693,31487287.4,3426,AMRUTANJAN
2018-08-30,EQ,308.4,317.0,302.05,317.9,305.0,307.3,307.62,692.15,232.55,144687,44508860.95,4307,AMRUTANJAN
2018-08-31,EQ,308.0,320.0,306.95,307.3,311.95,309.9,311.57,692.15,232.55,61262,19087269.55,2107,AMRUTANJAN
2018-09-03,EQ,324.0,325.35,318.1,309.9,325.35,325.35,324.49,692.15,232.55,137691,44679150.85,1705,AMRUTANJAN
2018-09-04,EQ,329.9,332.8,309.1,325.35,309.1,310.1,316.78,692.15,232.55,96229,30483334.7,2970,AMRUTANJAN
2018-09-05,EQ,306.1,324.0,305.0,310.1,315.0,312.75,313.38,692.15,232.55,54429,17056839.05,2105,AMRUTANJAN
2018-09-06,EQ,322.4,328.35,297.2,312.75,328.35,328.35,324.54,692.15,232.55,255767,83005726.7,5300,AMRUTANJAN
2018-09-07,EQ,333.4,333.9,310.55,328.35,316.5,317.55,322.22,692.15,232.55,117946,38004335.4,3506,AMRUTANJAN
2018-09-10,EQ,317.0,323.8,310.0,317.55,311.0,311.35,315.65,692.15,232.55,44937,14184588.1,1825,AMRUTANJAN
2018-09-11,EQ,315.0,339.0,293.25,311.35,316.4,313.25,322.24,692.15,232.55,166736,53729374.95,6555,AMRUTANJAN
2018-09-12,EQ,316.4,320.0,304.2,313.25,307.5,308.9,310.38,692.15,232.55,40963,12714281.95,1739,AMRUTANJAN
2018-09-14,EQ,313.0,317.0,309.95,308.9,311.25,310.75,312.86,692.15,232.55,18860,5900576.2,773,AMRUTANJAN
2018-09-17,EQ,312.0,312.4,303.1,310.75,304.65,305.4,307.0,692.15,232.55,25942,7964299.9,1326,AMRUTANJAN
2018-09-18,EQ,306.8,311.4,300.0,305.4,301.3,301.0,305.0,692.15,232.55,17000,5184933.3,825,AMRUTANJAN
2018-09-19,EQ,303.5,305.9,285.0,301.0,291.05,289.4,293.05,692.15,232.55,28514,8356106.35,1125,AMRUTANJAN
2018-09-21,EQ,291.0,295.75,271.5,289.4,282.0,279.2,281.78,692.15,232.55,35450,9988963.7,1182,AMRUTANJAN
2018-09-24,EQ,276.0,285.8,261.0,279.2,264.15,265.7,267.6,692.15,232.55,25794,6902596.35,1216,AMRUTANJAN
2018-09-25,EQ,261.6,266.65,250.0,265.7,258.0,258.2,256.75,692.15,232.55,27331,7017213.65,1155,AMRUTANJAN
2018-09-26,EQ,260.8,268.5,255.05,258.2,264.0,263.05,261.14,692.15,232.55,19529,5099778.85,1018,AMRUTANJAN
2018-09-27,EQ,263.05,271.8,259.0,263.05,262.5,262.15,264.33,692.15,232.55,17755,4693157.35,784,AMRUTANJAN
2018-09-28,EQ,259.45,262.75,242.0,262.15,248.15,248.45,252.44,692.15,232.55,19824,5004431.75,840,AMRUTANJAN
2018-10-01,EQ,259.0,259.0,238.75,248.45,254.0,249.05,243.65,692.15,232.55,16498,4019684.75,722,AMRUTANJAN
2018-10-03,EQ,257.9,269.0,250.0,249.05,256.6,257.7,258.66,692.15,232.55,18430,4767014.65,1086,AMRUTANJAN
2018-10-04,EQ,256.0,261.75,251.0,257.7,251.0,252.75,254.29,692.15,232.55,10911,2774530.2,528,AMRUTANJAN
2018-10-05,EQ,256.7,256.7,250.0,252.75,251.0,251.95,252.32,692.15,232.55,11230,2833549.1,541,AMRUTANJAN
2018-10-08,EQ,250.05,259.65,247.5,251.95,250.0,249.55,250.49,692.15,232.55,20046,5021328.5,610,AMRUTANJAN
2018-10-09,EQ,257.9,257.9,250.0,249.55,250.0,250.25,250.66,692.15,232.55,7638,1914532.15,398,AMRUTANJAN
2018-10-10,EQ,251.1,257.9,249.1,250.25,250.35,251.05,250.78,692.15,232.55,51857,13004521.55,1084,AMRUTANJAN
2018-10-11,EQ,247.05,254.0,239.95,251.05,253.0,246.6,246.24,692.15,232.55,13837,3407230.6,574,AMRUTANJAN
2018-10-12,EQ,254.95,257.0,250.0,246.6,251.5,251.55,252.83,692.15,232.55,12821,3241591.95,574,AMRUTANJAN
2018-10-15,EQ,251.5,257.0,250.0,251.55,252.05,251.3,253.02,692.15,232.55,10902,2758393.7,581,AMRUTANJAN
2018-10-16,EQ,256.3,256.35,250.75,251.3,253.3,252.65,253.85,692.15,232.55,8808,2235914.2,318,AMRUTANJAN
2018-10-17,EQ,259.7,259.7,250.0,252.65,251.5,250.15,252.32,692.15,232.55,6389,1612062.5,410,AMRUTANJAN
2018-10-19,EQ,250.15,252.7,250.0,250.15,250.8,250.3,250.5,692.15,232.55,5332,1335665.5,178,AMRUTANJAN
2018-10-22,EQ,248.6,252.6,248.6,250.3,250.05,250.05,251.0,692.15,232.55,6367,1598135.2,226,AMRUTANJAN
2018-10-23,EQ,253.0,257.9,245.0,250.05,248.5,248.2,250.0,692.15,232.55,11909,2977202.85,632,AMRUTANJAN
2018-10-24,EQ,251.85,252.0,248.95,248.2,250.05,250.55,250.35,692.15,232.55,3422,856692.7,190,AMRUTANJAN
2018-10-25,EQ,250.75,250.95,247.85,250.55,250.5,249.85,248.42,692.15,232.55,11499,2856599.1,238,AMRUTANJAN
2018-10-26,EQ,249.0,255.7,249.0,249.85,249.0,249.05,250.09,692.15,232.55,7569,1892915.3,311,AMRUTANJAN
2018-10-29,EQ,246.05,250.0,241.6,249.05,244.9,244.45,244.53,692.15,232.55,12139,2968321.95,661,AMRUTANJAN
2018-10-30,EQ,246.65,293.0,246.65,244.45,267.2,268.25,278.56,692.15,232.55,223517,62262619.15,10028,AMRUTANJAN
2018-10-31,EQ,268.3,274.7,252.85,268.25,255.0,254.5,260.78,692.15,232.55,59738,15578464.9,2249,AMRUTANJAN
2018-11-01,EQ,262.3,264.9,251.15,254.5,254.25,255.4,258.72,692.15,232.55,55647,14397232.0,1878,AMRUTANJAN
2018-11-02,EQ,258.0,259.15,252.6,255.4,252.6,253.55,255.52,692.15,232.55,25969,6635580.25,828,AMRUTANJAN
2018-11-05,EQ,253.55,256.0,248.6,253.55,249.8,249.25,250.77,692.15,232.55,12579,3154480.4,609,AMRUTANJAN
2018-11-06,EQ,254.0,269.8,246.55,249.25,254.55,255.95,260.01,692.15,232.55,85181,22147849.1,2977,AMRUTANJAN
2018-11-07,EQ,256.8,259.0,254.0,255.95,255.1,256.75,256.74,692.15,232.55,9277,2381782.75,436,AMRUTANJAN
2018-11-09,EQ,257.5,257.5,248.2,256.75,249.1,250.0,251.39,692.15,232.55,16659,4187887.3,791,AMRUTANJAN
2018-11-12,EQ,252.15,252.65,247.25,250.0,247.25,248.0,250.21,692.15,232.55,16096,4027362.95,587,AMRUTANJAN
2018-11-13,EQ,247.3,250.8,246.9,248.0,248.75,248.6,248.08,692.15,232.55,8482,2104195.45,344,AMRUTANJAN
2018-11-14,EQ,248.45,257.3,247.55,248.6,251.6,250.65,251.13,692.15,232.55,15050,3779519.65,688,AMRUTANJAN
2018-11-15,EQ,265.0,268.0,255.0,250.65,255.6,257.35,261.16,692.15,232.55,73009,19067150.9,3304,AMRUTANJAN
2018-11-16,EQ,255.4,255.95,249.5,257.35,251.75,251.1,252.29,692.15,232.55,13997,3531366.6,976,AMRUTANJAN
2018-11-19,EQ,250.1,257.3,249.0,251.1,254.15,253.5,253.16,692.15,232.55,9785,2477145.75,515,AMRUTANJAN
2018-11-20,EQ,251.05,255.0,249.5,253.5,250.6,250.7,251.56,692.15,232.55,6111,1537280.9,375,AMRUTANJAN
2018-11-21,EQ,250.5,253.8,245.8,250.7,249.0,248.1,248.98,692.15,232.55,14895,3708515.25,561,AMRUTANJAN
2018-11-22,EQ,248.75,249.9,245.2,248.1,246.0,246.3,248.05,692.15,232.55,8354,2072213.6,338,AMRUTANJAN
2018-11-26,EQ,249.0,249.85,243.1,246.3,245.05,245.6,245.83,692.15,232.55,8446,2076273.95,477,AMRUTANJAN
2018-11-27,EQ,246.0,248.75,244.05,245.6,244.05,245.05,246.13,692.15,232.55,5329,1311631.35,319,AMRUTANJAN
2018-11-28,EQ,245.4,255.9,243.2,245.05,252.2,254.25,250.88,692.15,232.55,30861,7742255.05,955,AMRUTANJAN
2018-11-29,EQ,256.1,258.0,248.0,254.25,258.0,255.5,252.76,692.15,232.55,13713,3466130.5,566,AMRUTANJAN
2018-11-30,EQ,260.0,268.0,251.45,255.5,253.0,253.95,259.81,692.15,232.55,45714,11877052.9,1821,AMRUTANJAN
2018-12-03,EQ,252.2,257.0,251.15,253.95,251.35,252.3,253.42,692.15,232.55,9105,2307433.45,566,AMRUTANJAN
2018-12-04,EQ,251.7,253.5,248.0,252.3,249.45,248.9,250.9,692.15,232.55,8540,2142722.45,463,AMRUTANJAN
2018-12-05,EQ,249.5,253.4,247.15,248.9,253.0,251.25,249.32,692.15,232.55,5414,1349807.3,347,AMRUTANJAN
2018-12-06,EQ,253.9,253.9,245.4,251.25,247.45,246.95,247.03,692.15,232.55,6547,1617309.7,336,AMRUTANJAN
2018-12-07,EQ,248.0,248.95,244.6,246.95,246.8,246.2,245.98,692.15,232.55,6327,1556298.8,326,AMRUTANJAN
2018-12-10,EQ,243.95,244.95,240.0,246.2,240.95,240.85,242.16,692.15,232.55,6527,1580594.8,382,AMRUTANJAN
2018-12-11,EQ,237.8,245.2,236.2,240.85,241.45,240.85,239.79,692.15,232.55,6543,1568946.65,445,AMRUTANJAN
2018-12-12,EQ,243.0,248.0,241.95,240.85,243.35,244.55,243.92,692.15,232.55,14463,3527798.8,457,AMRUTANJAN
2018-12-13,EQ,246.05,251.0,245.3,244.55,246.05,246.15,248.37,692.15,232.55,7878,1956656.35,292,AMRUTANJAN
2018-12-14,EQ,248.0,248.95,244.0,246.15,245.2,245.15,245.79,692.15,232.55,3355,824634.1,186,AMRUTANJAN
2018-12-17,EQ,245.15,247.0,244.1,245.15,246.2,245.45,245.77,692.15,232.55,4109,1009851.95,258,AMRUTANJAN
2018-12-18,EQ,246.05,248.45,244.3,245.45,247.2,247.55,246.61,692.15,232.55,4627,1141059.2,223,AMRUTANJAN
2018-12-19,EQ,249.05,259.0,247.0,247.55,253.75,252.9,253.87,692.15,232.55,24251,6156526.35,1450,AMRUTANJAN
2018-12-20,EQ,254.95,259.15,251.25,252.9,257.0,256.05,255.61,692.15,232.55,21019,5372708.65,682,AMRUTANJAN
2018-12-21,EQ,285.0,304.7,280.3,256.05,293.55,293.2,295.61,692.15,232.55,1289307,381132320.9,29455,AMRUTANJAN
2018-12-24,EQ,293.0,297.3,280.5,293.2,281.15,281.7,287.78,692.15,232.55,178304,51312757.6,6422,AMRUTANJAN
2018-12-26,EQ,281.7,281.7,265.25,281.7,267.0,267.4,269.97,692.15,232.55,61440,16587214.15,1876,AMRUTANJAN
2018-12-27,EQ,270.35,274.85,265.65,267.4,266.0,266.95,270.26,692.15,232.55,28878,7804433.6,1100,AMRUTANJAN
2018-12-28,EQ,272.0,274.0,267.0,266.95,267.1,267.8,269.45,692.15,232.55,30255,8152272.7,954,AMRUTANJAN
2018-12-31,EQ,268.0,303.0,267.9,267.8,289.3,289.6,292.56,681.0,232.55,471769,138019247.25,16057,AMRUTANJAN
2019-01-01,EQ,291.0,292.25,283.3,289.6,284.5,285.55,286.68,681.0,232.55,62764,17993401.45,2538,AMRUTANJAN
2019-01-02,EQ,282.0,288.7,281.0,285.55,284.0,282.55,283.8,681.0,232.55,51075,14494987.85,1827,AMRUTANJAN
2019-01-03,EQ,288.0,288.9,280.3,282.55,280.8,281.5,284.78,681.0,232.55,44392,12642058.9,1907,AMRUTANJAN
2019-01-04,EQ,281.45,284.5,275.1,281.5,275.9,276.75,278.11,681.0,232.55,33686,9368517.15,1292,AMRUTANJAN
2019-01-07,EQ,279.0,297.4,273.6,276.75,285.3,286.25,289.49,673.7,232.55,163443,47315059.95,6030,AMRUTANJAN
2019-01-08,EQ,288.0,295.65,286.5,286.25,287.1,288.4,289.97,673.7,232.55,49147,14251034.8,1618,AMRUTANJAN
2019-01-09,EQ,292.0,293.8,286.0,288.4,286.2,286.95,289.03,673.7,232.55,46879,13549568.9,1809,AMRUTANJAN
2019-01-10,EQ,286.95,296.9,284.95,286.95,292.95,292.05,293.03,673.7,232.55,79312,23240457.85,4415,AMRUTANJAN
2019-01-11,EQ,294.7,294.7,287.0,292.05,290.25,290.05,289.8,673.7,232.55,28853,8361559.65,1969,AMRUTANJAN
2019-01-14,EQ,291.0,304.2,289.0,290.05,294.0,295.15,298.58,644.0,232.55,118200,35292373.95,5474,AMRUTANJAN
2019-01-15,EQ,294.8,303.85,292.1,295.15,298.0,298.1,298.77,644.0,232.55,42619,12733357.0,2343,AMRUTANJAN
2019-01-16,EQ,300.0,302.95,296.45,298.1,299.95,298.15,299.14,644.0,232.55,25135,7518871.25,1437,AMRUTANJAN
2019-01-17,EQ,299.6,311.0,297.25,298.15,310.0,309.75,306.2,644.0,232.55,119707,36654454.4,4529,AMRUTANJAN
2019-01-18,EQ,311.5,317.4,306.25,309.75,310.1,310.5,310.92,644.0,232.55,66406,20647268.8,2812,AMRUTANJAN
2019-01-21,EQ,310.0,318.35,306.0,310.5,315.0,315.55,311.89,629.85,232.55,40937,12767737.7,2381,AMRUTANJAN
2019-01-22,EQ,314.95,317.0,308.9,315.55,310.0,310.4,311.78,629.85,232.55,38678,12058960.2,1664,AMRUTANJAN
2019-01-23,EQ,310.05,314.9,309.85,310.4,310.0,310.05,310.94,629.85,232.55,26468,8229920.5,1154,AMRUTANJAN
2019-01-24,EQ,310.05,335.0,308.05,310.05,321.0,319.6,324.38,629.85,232.55,180882,58674419.05,8161,AMRUTANJAN
2019-01-25,EQ,320.2,326.85,317.0,319.6,322.0,322.6,321.92,629.85,232.55,46702,15034466.35,3325,AMRUTANJAN
2019-01-28,EQ,319.2,324.8,309.05,322.6,314.5,316.85,317.93,629.85,232.55,39410,12529702.45,4181,AMRUTANJAN
2019-01-29,EQ,316.85,318.55,307.9,316.85,312.95,310.4,312.27,629.85,232.55,18657,5826056.2,903,AMRUTANJAN
2019-01-30,EQ,311.95,318.6,305.0,310.4,307.7,308.05,312.66,629.85,232.55,20776,6495723.9,1517,AMRUTANJAN
2019-01-31,EQ,308.2,312.75,303.0,308.05,305.0,305.25,307.2,629.85,232.55,16752,5146278.5,895,AMRUTANJAN
2019-02-01,EQ,306.0,310.0,303.35,305.25,308.0,308.05,306.53,629.85,232.55,15798,4842512.15,563,AMRUTANJAN
2019-02-04,EQ,310.0,310.0,298.05,308.05,298.65,300.9,304.1,627.0,232.55,7866,2392075.7,412,AMRUTANJAN
2019-02-05,EQ,300.65,306.9,299.1,300.9,301.35,301.9,302.59,627.0,232.55,15381,4654099.1,651,AMRUTANJAN
2019-02-06,EQ,301.6,314.4,300.0,301.9,314.4,311.2,307.03,627.0,232.55,22750,6984897.35,1117,AMRUTANJAN
2019-02-07,EQ,311.7,317.8,310.5,311.2,311.0,312.0,314.12,627.0,232.55,14468,4544654.75,1017,AMRUTANJAN
2019-02-08,EQ,310.75,312.95,304.0,312.0,305.0,305.45,307.34,627.0,232.55,9913,3046684.15,532,AMRUTANJAN
2019-02-11,EQ,305.75,305.75,296.05,305.45,297.1,298.15,299.4,627.0,232.55,7587,2271534.65,428,AMRUTANJAN
2019-02-12,EQ,299.8,305.95,287.6,298.15,299.0,290.95,295.2,627.0,232.55,20737,6121654.1,1062,AMRUTANJAN
2019-02-13,EQ,293.0,295.0,275.5,290.95,277.2,280.5,285.36,627.0,232.55,23064,6581556.9,1067,AMRUTANJAN
2019-02-14,EQ,282.15,287.3,280.0,280.5,285.2,284.95,284.1,627.0,232.55,24444,6944554.3,970,AMRUTANJAN
2019-02-15,EQ,284.15,295.0,275.35,284.95,292.0,292.5,285.32,627.0,232.55,18113,5167975.05,1071,AMRUTANJAN
2019-02-18,EQ,292.45,292.55,282.8,292.5,283.25,284.95,287.21,599.95,232.55,4611,1324322.45,348,AMRUTANJAN
2019-02-19,EQ,282.05,291.85,280.0,284.95,283.5,283.35,286.1,599.95,232.55,3558,1017929.5,301,AMRUTANJAN
2019-02-20,EQ,287.45,294.75,285.35,283.35,292.95,293.6,292.21,599.95,232.55,9462,2764888.4,413,AMRUTANJAN
2019-02-21,EQ,294.95,302.95,292.0,293.6,296.0,299.75,298.35,599.95,232.55,12920,3854639.45,1052,AMRUTANJAN
2019-02-22,EQ,299.0,305.5,294.35,299.75,295.75,297.2,301.86,599.95,232.55,20341,6140118.3,944,AMRUTANJAN
2019-02-25,EQ,300.0,312.7,298.0,297.2,302.0,301.3,304.18,599.95,232.55,24210,7364123.4,1986,AMRUTANJAN
2019-02-26,EQ,297.0,299.95,290.0,301.3,295.0,296.05,295.25,599.95,232.55,12624,3727244.65,798,AMRUTANJAN
2019-02-27,EQ,298.95,302.0,290.8,296.05,290.95,291.2,293.97,599.95,232.55,19003,5586340.0,606,AMRUTANJAN
2019-02-28,EQ,291.5,300.0,291.5,291.2,293.4,294.1,295.44,599.95,232.55,15831,4677129.1,796,AMRUTANJAN
2019-03-01,EQ,297.6,299.0,294.0,294.1,295.4,295.15,296.74,599.95,232.55,13315,3951043.55,355,AMRUTANJAN
2019-03-05,EQ,300.0,300.0,292.8,295.15,296.55,296.2,296.64,599.95,232.55,15267,4528778.55,544,AMRUTANJAN
2019-03-06,EQ,294.0,310.0,294.0,296.2,298.3,299.5,301.99,599.95,232.55,48087,14521926.85,1256,AMRUTANJAN
2019-03-07,EQ,302.75,321.9,302.75,299.5,312.5,312.15,313.59,599.95,232.55,59079,18526541.9,2104,AMRUTANJAN
2019-03-08,EQ,315.45,316.5,307.55,312.15,308.0,310.3,310.85,599.95,232.55,22572,7016426.75,952,AMRUTANJAN
2019-03-11,EQ,312.85,315.0,310.0,310.3,310.1,311.15,312.25,599.95,232.55,12166,3798879.85,437,AMRUTANJAN
2019-03-12,EQ,312.85,315.95,310.1,311.15,311.0,311.5,312.93,599.95,232.55,13139,4111533.1,614,AMRUTANJAN
2019-03-13,EQ,325.0,358.0,325.0,311.5,337.5,338.75,345.43,599.95,232.55,684389,236410096.75,18121,AMRUTANJAN
2019-03-14,EQ,340.0,342.7,326.25,338.75,333.55,336.05,333.65,599.95,232.55,88515,29533392.35,2704,AMRUTANJAN
2019-03-15,EQ,337.9,344.5,317.95,336.05,324.0,323.85,334.76,599.95,232.55,100914,33781924.3,2997,AMRUTANJAN
2019-03-18,EQ,326.6,331.0,315.15,323.85,316.0,316.8,321.34,599.95,232.55,54537,17524683.15,3376,AMRUTANJAN
2019-03-19,EQ,320.0,333.0,316.0,316.8,322.0,324.1,326.72,599.95,232.55,86267,28184776.35,3059,AMRUTANJAN
2019-03-20,EQ,325.0,334.95,318.6,324.1,318.7,320.3,324.48,599.95,232.55,27441,8904089.8,953,AMRUTANJAN
2019-03-22,EQ,321.0,327.7,317.05,320.3,321.0,321.15,320.86,599.95,232.55,34158,10959794.1,1900,AMRUTANJAN
2019-03-25,EQ,322.0,322.0,312.95,321.15,312.95,313.8,316.68,599.95,232.55,18180,5757327.85,940,AMRUTANJAN
2019-03-26,EQ,314.95,324.9,308.95,313.8,310.0,309.85,314.15,599.95,232.55,33028,10375601.6,1103,AMRUTANJAN
2019-03-27,EQ,312.05,318.8,305.4,309.85,308.5,308.0,311.39,599.95,232.55,48985,15253305.4,1549,AMRUTANJAN
2019-03-28,EQ,310.0,314.0,307.1,308.0,309.0,308.1,309.76,599.95,232.55,27531,8527968.35,1014,AMRUTANJAN
2019-03-29,EQ,310.95,311.5,308.0,308.1,309.1,309.25,309.7,599.95,232.55,23246,7199261.25,720,AMRUTANJAN
2019-04-01,EQ,309.2,330.5,309.15,309.25,322.8,323.05,322.77,599.95,232.55,73522,23730759.75,2415,AMRUTANJAN
2019-04-02,EQ,322.8,326.55,317.0,323.05,320.0,318.8,321.5,599.95,232.55,21874,7032538.85,930,AMRUTANJAN
2019-04-03,EQ,321.0,324.8,311.25,318.8,314.5,313.6,318.19,599.95,232.55,18726,5958382.25,909,AMRUTANJAN
2019-04-04,EQ,315.05,317.15,301.6,313.6,305.35,304.0,307.23,599.95,232.55,23137,7108443.35,1136,AMRUTANJAN
2019-04-05,EQ,309.0,316.7,306.8,304.0,313.5,313.15,312.53,599.95,232.55,34952,10923416.65,1134,AMRUTANJAN
2019-04-08,EQ,313.0,320.5,307.8,313.15,309.9,309.2,313.25,599.95,232.55,39010,12219884.7,1175,AMRUTANJAN
2019-04-09,EQ,309.05,312.3,305.0,309.2,308.6,310.55,309.29,599.95,232.55,12320,3810450.35,670,AMRUTANJAN
2019-04-10,EQ,311.0,316.85,305.05,310.55,306.35,305.75,310.83,599.95,232.55,24485,7610567.5,1078,AMRUTANJAN
2019-04-11,EQ,317.25,336.0,317.25,305.75,321.0,322.05,328.36,599.95,232.55,531123,174399196.0,15829,AMRUTANJAN
2019-04-12,EQ,320.5,320.5,313.25,322.05,316.5,315.25,316.88,599.95,232.55,28028,8881610.5,1560,AMRUTANJAN
2019-04-15,EQ,316.95,323.0,315.0,315.25,315.55,315.75,317.67,360.0,232.55,25150,7989287.7,1052,AMRUTANJAN
2019-04-16,EQ,317.45,319.95,315.05,315.75,315.75,316.35,317.77,360.0,232.55,13984,4443754.0,504,AMRUTANJAN
2019-04-18,EQ,316.0,318.9,308.6,316.35,309.0,310.2,312.76,360.0,232.55,15357,4803048.7,633,AMRUTANJAN
2019-04-22,EQ,307.0,312.0,300.1,310.2,300.3,301.45,304.33,360.0,232.55,27392,8336098.2,1090,AMRUTANJAN
2019-04-23,EQ,302.05,307.0,301.5,301.45,301.5,302.2,303.92,360.0,232.55,12216,3712680.6,1440,AMRUTANJAN
2019-04-24,EQ,302.5,305.95,301.0,302.2,303.5,303.5,303.89,360.0,232.55,7585,2304996.95,443,AMRUTANJAN
2019-04-25,EQ,303.45,307.0,300.1,303.5,301.95,301.0,303.18,360.0,232.55,16588,5029210.05,705,AMRUTANJAN
2019-04-26,EQ,304.8,311.85,300.85,301.0,308.1,307.95,306.63,360.0,232.55,25859,7929082.55,1020,AMRUTANJAN
2019-04-30,EQ,308.0,315.7,305.1,307.95,305.95,307.7,309.3,360.0,232.55,37104,11476337.25,1493,AMRUTANJAN
2019-05-02,EQ,304.0,304.85,293.75,307.7,296.45,295.45,299.52,360.0,232.55,25146,7531847.15,1188,AMRUTANJAN
2019-05-03,EQ,298.05,308.9,293.85,295.45,306.0,304.5,303.37,360.0,232.55,54595,16562347.55,1793,AMRUTANJAN
2019-05-06,EQ,303.7,304.9,295.65,304.5,297.75,297.65,300.21,360.0,232.55,12136,3643372.75,596,AMRUTANJAN
2019-05-07,EQ,302.1,305.0,296.25,297.65,296.25,297.55,300.06,360.0,232.55,9423,2827454.9,612,AMRUTANJAN
2019-05-08,EQ,291.2,296.05,288.7,297.55,288.8,289.95,292.25,360.0,232.55,6191,1809325.6,498,AMRUTANJAN
2019-05-09,EQ,285.3,291.8,283.2,289.95,285.0,284.8,286.11,360.0,232.55,19040,5447489.8,3288,AMRUTANJAN
2019-05-10,EQ,285.4,289.7,284.8,284.8,284.8,286.2,286.59,360.0,232.55,8342,2390692.25,356,AMRUTANJAN
2019-05-13,EQ,283.6,285.0,279.1,286.2,279.75,280.9,282.17,360.0,232.55,8710,2457679.7,551,AMRUTANJAN
2019-05-14,EQ,279.85,285.1,274.35,280.9,282.0,280.65,279.06,360.0,232.55,15131,4222458.45,831,AMRUTANJAN
2019-05-15,EQ,281.15,285.0,279.0,280.65,282.0,280.55,280.97,360.0,232.55,11788,3312070.35,324,AMRUTANJAN
2019-05-16,EQ,276.75,282.8,274.65,280.55,281.5,280.95,279.31,360.0,232.55,8661,2419137.65,323,AMRUTANJAN
2019-05-17,EQ,280.05,285.15,277.5,280.95,280.9,279.4,282.63,360.0,232.55,10695,3022728.55,461,AMRUTANJAN
2019-05-20,EQ,291.05,294.3,286.85,279.4,288.0,287.75,290.52,360.0,232.55,32395,9411551.5,591,AMRUTANJAN
2019-05-21,EQ,298.0,304.0,289.55,287.75,291.4,292.75,294.19,360.0,232.55,33859,9960878.35,1391,AMRUTANJAN
2019-05-22,EQ,292.0,295.7,286.5,292.75,294.0,288.4,289.67,360.0,232.55,10757,3115931.05,481,AMRUTANJAN
2019-05-23,EQ,290.0,295.0,281.0,288.4,282.7,283.65,288.67,360.0,232.55,17257,4981663.85,547,AMRUTANJAN
2019-05-24,EQ,312.0,340.35,301.5,283.65,340.35,340.35,328.31,360.0,232.55,859334,282126874.8,17310,AMRUTANJAN
2019-05-27,EQ,354.0,358.0,316.95,340.35,321.85,321.75,331.5,360.0,232.55,351453,116507770.95,10962,AMRUTANJAN
2019-05-28,EQ,322.1,332.7,321.5,321.75,324.3,326.6,326.54,360.0,232.55,119190,38919708.45,3427,AMRUTANJAN
2019-05-29,EQ,325.0,328.7,320.25,326.6,326.0,326.25,326.28,360.0,232.55,98126,32016142.45,1733,AMRUTANJAN
2019-05-30,EQ,327.95,331.8,321.5,326.25,323.35,322.55,326.17,360.0,232.55,31606,10308925.75,1206,AMRUTANJAN
2019-05-31,EQ,327.9,329.0,311.8,322.55,312.0,312.9,320.21,360.0,232.55,31339,10035036.1,1279,AMRUTANJAN
2019-06-03,EQ,315.0,328.7,314.95,312.9,322.7,322.1,321.59,360.0,232.55,57252,18411653.3,3138,AMRUTANJAN
2019-06-04,EQ,327.0,344.0,321.35,322.1,335.1,334.75,335.29,360.0,232.55,128714,43156109.1,4296,AMRUTANJAN
2019-06-06,EQ,355.0,355.0,329.95,334.75,330.5,331.95,343.11,360.0,232.55,245308,84166833.45,7540,AMRUTANJAN
2019-06-07,EQ,331.95,331.95,323.8,331.95,326.25,326.3,326.5,360.0,232.55,30106,9829577.65,1298,AMRUTANJAN
2019-06-10,EQ,329.9,336.4,324.3,326.3,325.4,326.6,328.47,360.0,236.2,23900,7850503.3,1558,AMRUTANJAN
2019-06-11,EQ,324.0,329.9,322.0,326.6,323.25,322.95,324.94,360.0,236.2,20152,6548282.1,892,AMRUTANJAN
2019-06-12,EQ,324.8,324.8,318.0,322.95,320.95,319.75,320.13,360.0,236.2,14517,4647307.5,555,AMRUTANJAN
2019-06-13,EQ,319.75,319.75,313.05,319.75,315.75,315.9,315.72,360.0,236.2,21820,6889018.15,828,AMRUTANJAN
2019-06-14,EQ,315.15,318.0,310.3,315.9,313.5,312.6,314.51,360.0,236.2,7965,2505047.25,600,AMRUTANJAN
2019-06-17,EQ,313.0,313.0,306.25,312.6,310.0,307.9,308.63,360.0,236.2,9256,2856674.65,546,AMRUTANJAN
2019-06-18,EQ,308.55,313.55,302.0,307.9,304.8,303.2,306.98,360.0,236.2,16713,5130478.6,843,AMRUTANJAN
2019-06-19,EQ,308.8,309.15,293.05,303.2,294.75,294.6,298.57,360.0,236.2,20460,6108770.15,998,AMRUTANJAN
2019-06-20,EQ,293.0,303.95,288.25,294.6,301.5,302.05,296.86,360.0,236.2,16658,4945049.85,860,AMRUTANJAN
2019-06-21,EQ,308.0,308.0,297.3,302.05,301.0,298.7,300.14,360.0,236.2,8320,2497123.8,464,AMRUTANJAN
2019-06-24,EQ,296.45,304.95,296.0,298.7,297.25,296.8,298.99,360.0,236.2,9948,2974371.05,647,AMRUTANJAN
2019-06-25,EQ,302.0,315.0,302.0,296.8,305.0,306.7,309.81,360.0,236.2,112314,34796303.4,4777,AMRUTANJAN
2019-06-26,EQ,306.6,308.05,301.15,306.7,302.1,303.1,304.99,360.0,236.2,25306,7718014.0,1164,AMRUTANJAN
2019-06-27,EQ,305.75,305.95,300.05,303.1,301.2,301.65,302.98,360.0,236.2,16794,5088207.65,944,AMRUTANJAN
2019-06-28,EQ,301.7,308.85,298.8,301.65,299.8,300.5,303.71,360.0,236.2,27305,8292687.05,1408,AMRUTANJAN
2019-07-01,EQ,300.15,306.0,299.25,300.5,302.7,303.85,302.78,360.0,236.2,13474,4079679.7,697,AMRUTANJAN
2019-07-02,EQ,304.05,304.75,300.9,303.85,301.5,301.7,301.84,360.0,236.2,3988,1203757.55,238,AMRUTANJAN
2019-07-03,EQ,302.65,306.55,301.1,301.7,303.0,302.6,303.75,360.0,236.2,13278,4033131.6,758,AMRUTANJAN
2019-07-04,EQ,301.35,303.9,300.0,302.6,301.0,300.35,301.66,360.0,236.2,7585,2288093.55,449,AMRUTANJAN
2019-07-05,EQ,306.0,306.0,293.25,300.35,297.0,296.1,299.68,360.0,236.2,12336,3696898.55,637,AMRUTANJAN
2019-07-08,EQ,293.15,296.3,288.5,296.1,294.75,294.8,293.05,360.0,236.2,15069,4415975.15,766,AMRUTANJAN
2019-07-09,EQ,292.65,298.5,290.6,294.8,292.1,291.9,294.45,360.0,236.2,9928,2923322.65,612,AMRUTANJAN
2019-07-10,EQ,292.65,297.5,292.0,291.9,296.5,295.65,294.71,360.0,236.2,8925,2630282.8,522,AMRUTANJAN
2019-07-11,EQ,296.05,306.9,293.95,295.65,304.2,304.0,302.03,360.0,236.2,20579,6215450.25,1429,AMRUTANJAN
2019-07-12,EQ,304.0,310.0,301.05,304.0,310.0,308.9,306.51,360.0,236.2,14317,4388266.95,1141,AMRUTANJAN
2019-07-15,EQ,311.85,311.85,300.0,308.9,301.2,302.65,306.26,360.0,236.2,12283,3761832.2,866,AMRUTANJAN
2019-07-16,EQ,303.95,307.0,302.0,302.65,303.0,302.75,303.5,360.0,236.2,7334,2225901.1,453,AMRUTANJAN
2019-07-17,EQ,307.9,308.35,302.0,302.75,307.4,306.05,305.23,360.0,236.2,7719,2356040.55,572,AMRUTANJAN
2019-07-18,EQ,304.65,305.0,297.25,306.05,301.9,300.2,300.1,360.0,236.2,8986,2696709.8,624,AMRUTANJAN
2019-07-19,EQ,304.85,304.9,295.0,300.2,301.55,297.5,297.52,360.0,236.2,11393,3389598.8,540,AMRUTANJAN
2019-07-22,EQ,299.55,303.0,290.05,297.5,299.05,300.8,296.33,360.0,236.2,14717,4361054.75,812,AMRUTANJAN
2019-07-23,EQ,301.95,302.8,296.0,300.8,296.0,299.4,298.94,360.0,236.2,6943,2075557.1,438,AMRUTANJAN
2019-07-24,EQ,299.4,300.55,293.05,299.4,294.0,296.85,296.15,360.0,236.2,8347,2471932.7,386,AMRUTANJAN
2019-07-25,EQ,297.45,307.0,293.1,296.85,293.15,294.65,299.42,360.0,236.2,14147,4235953.85,1219,AMRUTANJAN
2019-07-26,EQ,296.8,305.15,296.8,294.65,302.0,302.25,301.94,360.0,236.2,16248,4905940.6,916,AMRUTANJAN
2019-07-29,EQ,300.05,305.75,295.0,302.25,296.0,296.15,298.52,360.0,236.2,7185,2144894.55,570,AMRUTANJAN
2019-07-30,EQ,299.0,299.8,281.65,296.15,282.1,283.3,290.52,360.0,236.2,12172,3536232.65,888,AMRUTANJAN
2019-07-31,EQ,282.25,287.0,280.15,283.3,285.15,283.85,283.99,360.0,236.2,7295,2071699.9,516,AMRUTANJAN
2019-08-01,EQ,284.0,287.9,282.5,283.85,285.65,284.5,285.03,360.0,236.2,8293,2363718.35,591,AMRUTANJAN
2019-08-02,EQ,287.2,288.0,281.2,284.5,283.35,283.1,284.16,360.0,236.2,9456,2687040.15,823,AMRUTANJAN
2019-08-05,EQ,283.15,285.0,276.65,283.1,281.0,281.25,281.1,360.0,236.2,8973,2522282.2,638,AMRUTANJAN
2019-08-06,EQ,280.2,291.35,279.0,281.25,285.95,285.7,284.78,360.0,236.2,22276,6343732.0,1532,AMRUTANJAN
2019-08-07,EQ,286.0,290.8,282.65,285.7,284.0,285.75,286.64,360.0,236.2,14082,4036488.45,842,AMRUTANJAN
2019-08-08,EQ,291.95,294.0,286.2,285.75,289.1,287.6,289.28,360.0,236.2,14228,4115881.85,744,AMRUTANJAN
2019-08-09,EQ,290.0,296.0,290.0,287.6,292.65,293.65,294.19,360.0,236.2,17358,5106544.25,757,AMRUTANJAN
2019-08-13,EQ,296.4,299.0,280.35,293.65,285.85,284.8,288.71,360.0,236.2,36250,10465831.0,1410,AMRUTANJAN
2019-08-14,EQ,285.0,294.85,284.95,284.8,291.7,291.85,291.03,360.0,236.2,13256,3857955.1,793,AMRUTANJAN
2019-08-16,EQ,288.0,294.0,284.5,291.85,291.5,291.35,289.88,360.0,236.2,11570,3353885.3,598,AMRUTANJAN
2019-08-19,EQ,285.4,290.9,285.4,291.35,290.0,290.25,288.73,360.0,236.2,13025,3760735.75,683,AMRUTANJAN
2019-08-20,EQ,291.7,294.7,286.05,290.25,287.0,287.9,290.07,360.0,236.2,18256,5295552.3,850,AMRUTANJAN
2019-08-21,EQ,290.0,291.6,288.1,287.9,288.15,290.2,290.0,360.0,236.2,8006,2321755.4,259,AMRUTANJAN
2019-08-22,EQ,290.15,290.7,282.85,290.2,285.15,286.75,287.96,360.0,236.2,16290,4690795.25,1828,AMRUTANJAN
2019-08-23,EQ,285.0,288.0,275.2,286.75,281.0,281.9,282.53,360.0,236.2,16286,4601291.9,2047,AMRUTANJAN
2019-08-26,EQ,283.25,288.0,280.0,281.9,281.9,281.95,282.6,360.0,236.2,15306,4325423.55,1654,AMRUTANJAN
2019-08-27,EQ,284.95,292.6,281.0,281.95,283.0,283.55,285.45,360.0,236.2,31001,8849326.85,3310,AMRUTANJAN
2019-08-28,EQ,285.0,286.7,283.85,283.55,285.0,285.0,284.92,360.0,236.2,13250,3775155.1,387,AMRUTANJAN
2019-08-29,EQ,284.95,286.9,284.7,285.0,286.9,286.05,285.89,360.0,236.2,9424,2694264.3,291,AMRUTANJAN
2019-08-30,EQ,286.05,318.0,285.3,286.05,301.0,301.1,306.02,360.0,236.2,82637,25288675.15,4332,AMRUTANJAN
2019-09-03,EQ,300.9,305.7,292.55,301.1,298.95,299.2,296.53,358.0,236.2,15218,4512568.5,937,AMRUTANJAN
2019-09-04,EQ,298.95,304.0,296.0,299.2,302.9,301.7,300.86,358.0,236.2,7320,2202286.7,682,AMRUTANJAN
2019-09-05,EQ,304.0,304.0,296.95,301.7,303.0,301.95,300.86,358.0,236.2,23033,6929767.2,683,AMRUTANJAN
2019-09-06,EQ,308.0,308.0,301.25,301.95,303.0,304.35,303.93,358.0,236.2,8410,2556009.8,601,AMRUTANJAN
2019-09-09,EQ,306.75,309.5,293.05,304.35,302.05,302.0,301.47,358.0,236.2,60968,18380238.6,615,AMRUTANJAN
2019-09-11,EQ,300.05,312.0,300.05,302.0,303.0,303.35,306.06,358.0,236.2,16105,4929035.95,768,AMRUTANJAN
2019-09-12,EQ,306.55,308.75,302.0,303.35,302.0,302.9,304.9,358.0,236.2,6173,1882162.0,441,AMRUTANJAN
2019-09-13,EQ,301.5,306.75,298.5,302.9,301.0,299.5,301.23,358.0,236.2,9370,2822496.85,444,AMRUTANJAN
2019-09-16,EQ,301.0,325.0,299.5,299.5,322.0,321.55,315.65,358.0,236.2,83713,26424286.95,3841,AMRUTANJAN
2019-09-17,EQ,335.2,342.0,302.0,321.55,305.75,306.35,324.7,358.0,236.2,154503,50167622.75,5446,AMRUTANJAN
2019-09-18,EQ,310.0,319.5,306.35,306.35,308.2,308.6,311.56,358.0,236.2,20629,6427205.5,1002,AMRUTANJAN
2019-09-19,EQ,306.0,313.0,304.0,308.6,311.0,310.05,308.9,358.0,236.2,24837,7672177.15,1370,AMRUTANJAN
2019-09-20,EQ,310.0,324.0,310.0,310.05,313.35,314.15,315.51,358.0,236.2,24793,7822515.25,1356,AMRUTANJAN
2019-09-23,EQ,317.7,321.95,308.3,314.15,317.95,317.55,314.8,358.0,236.2,32970,10378980.8,2134,AMRUTANJAN
2019-09-24,EQ,317.95,335.5,317.1,317.55,332.85,332.35,327.02,358.0,236.2,72780,23800645.5,4141,AMRUTANJAN
2019-09-25,EQ,342.0,342.0,326.6,332.35,327.05,330.3,333.35,358.0,236.2,77323,25775435.9,3953,AMRUTANJAN
2019-09-26,EQ,334.4,352.5,328.0,330.3,345.2,345.3,344.54,358.0,236.2,94589,32589447.15,4569,AMRUTANJAN
2019-09-27,EQ,348.65,381.0,345.2,345.3,367.0,365.8,366.23,381.0,236.2,319779,117112442.8,11052,AMRUTANJAN
2019-09-30,EQ,369.95,373.5,352.0,365.8,360.55,360.9,362.54,381.0,236.2,57254,20756717.25,2420,AMRUTANJAN
2019-10-01,EQ,364.0,373.35,340.25,360.9,360.0,355.2,359.21,381.0,236.2,52794,18964197.4,3174,AMRUTANJAN
2019-10-03,EQ,354.0,360.55,342.1,355.2,347.5,347.75,350.78,381.0,236.2,22918,8039153.2,1708,AMRUTANJAN
2019-10-04,EQ,351.0,355.45,333.0,347.75,342.0,336.65,343.5,381.0,236.2,27266,9365981.95,1673,AMRUTANJAN
2019-10-07,EQ,333.1,347.0,328.25,336.65,337.0,336.5,338.71,381.0,236.2,19030,6445667.15,1798,AMRUTANJAN
2019-10-09,EQ,337.05,346.05,333.9,336.5,339.95,339.95,340.46,381.0,236.2,11176,3804951.65,1007,AMRUTANJAN
2019-10-10,EQ,339.25,363.7,337.1,339.95,346.4,347.2,349.93,381.0,236.2,62617,21911507.9,5339,AMRUTANJAN
2019-10-11,EQ,347.0,359.0,346.2,347.2,348.0,348.8,352.03,381.0,236.2,20224,7119486.25,1671,AMRUTANJAN
2019-10-14,EQ,349.0,353.3,338.0,348.8,340.0,340.6,344.94,381.0,236.2,24141,8327293.3,1366,AMRUTANJAN
2019-10-15,EQ,341.05,359.5,341.05,340.6,354.1,355.4,350.06,381.0,236.2,27062,9473368.6,1518,AMRUTANJAN
2019-10-16,EQ,355.4,363.95,348.75,355.4,356.0,354.05,355.13,381.0,236.2,16583,5889200.1,1049,AMRUTANJAN
2019-10-17,EQ,354.25,360.0,348.35,354.05,357.0,354.25,355.18,381.0,236.2,17318,6150966.3,1065,AMRUTANJAN
2019-10-18,EQ,355.9,365.0,355.9,354.25,359.0,360.3,361.56,381.0,236.2,23249,8405905.75,1560,AMRUTANJAN
2019-10-22,EQ,360.0,417.8,356.85,360.3,383.3,382.95,392.34,417.8,236.2,239505,93967838.15,10568,AMRUTANJAN
2019-10-23,EQ,386.4,398.4,372.65,382.95,387.35,388.35,387.1,417.8,236.2,79013,30586045.65,3875,AMRUTANJAN
2019-10-24,EQ,389.9,411.8,383.05,388.35,401.35,403.05,402.23,417.8,236.2,120661,48533619.9,4970,AMRUTANJAN
2019-10-25,EQ,405.0,414.0,394.75,403.05,410.0,409.8,406.74,417.8,236.2,58908,23960396.4,3002,AMRUTANJAN
2019-10-27,EQ,410.0,414.0,405.1,409.8,408.35,409.45,410.15,417.8,236.2,13031,5344726.7,674,AMRUTANJAN
2019-10-29,EQ,411.75,430.8,407.0,409.45,422.95,418.4,421.52,430.8,236.2,74089,31229716.65,3563,AMRUTANJAN
2019-10-30,EQ,423.0,440.8,421.0,418.4,429.0,429.05,430.72,440.8,236.2,72866,31384741.75,4373,AMRUTANJAN
2019-10-31,EQ,434.85,438.0,422.5,429.05,427.1,428.6,430.98,440.8,236.2,42225,18197924.3,2033,AMRUTANJAN
2019-11-01,EQ,432.9,432.9,420.3,428.6,425.95,424.25,424.75,440.8,236.2,22576,9589190.1,1904,AMRUTANJAN
2019-11-04,EQ,429.0,454.0,422.1,424.25,449.2,448.2,444.43,454.0,236.2,125296,55685402.8,5140,AMRUTANJAN
2019-11-05,EQ,449.2,468.6,445.0,448.2,458.7,458.7,458.51,468.6,236.2,105768,48495434.25,8653,AMRUTANJAN
2019-11-06,EQ,460.9,466.9,453.75,458.7,460.0,460.6,459.99,468.6,236.2,47822,21997437.05,1982,AMRUTANJAN
2019-11-07,EQ,462.25,494.9,447.8,460.6,494.0,488.0,480.92,494.9,236.2,250818,120622489.55,8485,AMRUTANJAN
2019-11-08,EQ,490.0,497.85,482.5,488.0,488.0,492.0,491.99,497.85,236.2,86243,42430849.1,3843,AMRUTANJAN
2019-11-11,EQ,491.9,522.0,488.4,492.0,517.0,513.15,508.21,522.0,236.2,88488,44970330.95,5755,AMRUTANJAN
2019-11-13,EQ,515.9,522.9,491.85,513.15,495.0,501.35,512.12,522.9,236.2,57822,29611667.4,5031,AMRUTANJAN
2019-11-14,EQ,502.8,502.8,458.95,501.35,466.5,466.9,470.39,522.9,236.2,42591,20034461.45,2858,AMRUTANJAN
2019-11-15,EQ,455.0,457.0,419.0,466.9,425.0,423.1,434.44,522.9,236.2,99557,43251847.25,5353,AMRUTANJAN
2019-11-18,EQ,424.0,442.0,423.95,423.1,438.5,436.45,433.56,522.9,236.2,65877,28561813.5,4154,AMRUTANJAN
2019-11-19,EQ,437.5,454.0,437.5,436.45,451.95,447.95,446.91,522.9,236.2,57670,25773344.6,7499,AMRUTANJAN
2019-11-20,EQ,449.3,450.7,441.1,447.95,442.0,445.0,445.77,522.9,236.2,33219,14807925.85,2896,AMRUTANJAN
2019-11-21,EQ,449.0,453.9,441.7,445.0,450.0,447.95,449.11,522.9,236.2,43539,19553748.6,3757,AMRUTANJAN
2019-11-22,EQ,451.0,464.7,445.55,447.95,453.55,455.4,455.47,522.9,236.2,35143,16006432.45,3220,AMRUTANJAN
2019-11-25,EQ,455.0,460.1,451.6,455.4,455.3,455.35,455.57,522.9,236.2,18323,8347426.1,987,AMRUTANJAN
2019-11-26,EQ,458.95,489.95,457.9,455.35,473.8,472.7,476.09,522.9,236.2,100103,47658081.25,9142,AMRUTANJAN
2019-11-27,EQ,473.0,492.15,452.5,472.7,455.1,463.1,477.68,522.9,236.2,61796,29518979.05,5442,AMRUTANJAN
2019-11-28,EQ,458.8,468.0,452.7,463.1,462.2,459.85,461.39,522.9,236.2,29451,13588496.7,4303,AMRUTANJAN
2019-11-29,EQ,462.35,463.75,442.25,459.85,447.0,446.4,455.62,522.9,236.2,20857,9502932.7,3920,AMRUTANJAN
2019-12-02,EQ,451.9,473.95,443.65,446.4,469.2,469.1,462.05,522.9,236.2,52272,24152365.2,5810,AMRUTANJAN
2019-12-03,EQ,468.0,478.0,457.85,469.1,470.0,464.6,471.26,522.9,236.2,29939,14109135.75,4137,AMRUTANJAN
2019-12-04,EQ,469.95,470.0,454.85,464.6,464.5,464.95,463.09,522.9,236.2,20686,9579454.85,1616,AMRUTANJAN
2019-12-05,EQ,463.0,474.0,463.0,464.95,466.25,467.1,469.84,522.9,236.2,15995,7515073.0,1221,AMRUTANJAN
2019-12-06,EQ,469.7,474.0,464.1,467.1,467.0,468.3,469.57,522.9,236.2,18931,8889402.5,1425,AMRUTANJAN
2019-12-09,EQ,461.3,480.0,461.3,468.3,478.9,474.15,474.91,522.9,236.2,46396,22033933.75,1755,AMRUTANJAN
2019-12-10,EQ,478.0,478.0,446.25,474.15,455.0,454.95,460.57,522.9,236.2,38063,17530836.15,3094,AMRUTANJAN
2019-12-11,EQ,454.95,463.0,448.05,454.95,449.15,451.15,454.69,522.9,236.2,22701,10321838.7,1466,AMRUTANJAN
2019-12-12,EQ,446.2,457.3,442.3,451.15,448.4,445.0,450.42,522.9,236.2,17126,7713855.25,1467,AMRUTANJAN
2019-12-13,EQ,445.25,454.95,445.25,445.0,451.7,449.3,450.45,522.9,236.2,13247,5967084.0,2777,AMRUTANJAN
2019-12-16,EQ,449.3,455.0,437.5,449.3,450.0,442.5,447.46,522.9,244.1,17865,7993893.25,1253,AMRUTANJAN
2019-12-17,EQ,448.0,450.05,444.0,442.5,447.0,447.95,448.46,522.9,244.1,11245,5042910.3,917,AMRUTANJAN
2019-12-18,EQ,448.0,450.05,438.5,447.95,440.0,440.7,442.58,522.9,244.1,8150,3607063.0,640,AMRUTANJAN
2019-12-19,EQ,440.7,446.5,440.0,440.7,440.1,440.8,442.86,522.9,244.1,11010,4875841.25,1019,AMRUTANJAN
2019-12-20,EQ,444.55,444.55,430.0,440.8,430.05,430.95,434.5,522.9,244.1,16448,7146722.7,1631,AMRUTANJAN
2019-12-23,EQ,433.9,433.9,420.0,430.95,420.0,421.45,424.08,522.9,265.25,17960,7616563.0,1743,AMRUTANJAN
2019-12-24,EQ,415.15,434.8,411.0,421.45,430.2,429.95,426.63,522.9,265.25,45057,19222676.55,2399,AMRUTANJAN
2019-12-26,EQ,430.0,434.35,425.1,429.95,426.0,426.6,429.55,522.9,265.25,8220,3530929.75,678,AMRUTANJAN
2019-12-27,EQ,429.0,430.0,421.6,426.6,423.15,423.6,425.11,522.9,265.25,10406,4423727.5,669,AMRUTANJAN
2019-12-30,EQ,426.0,457.0,423.05,423.6,446.2,446.65,447.38,522.9,267.9,99755,44628218.05,4885,AMRUTANJAN
2019-12-31,EQ,448.95,452.0,438.0,446.65,440.0,440.3,446.24,522.9,267.9,23895,10662882.75,1617,AMRUTANJAN
2020-01-01,EQ,440.35,444.5,431.2,440.3,432.25,432.5,436.89,522.9,267.9,10222,4465877.0,792,AMRUTANJAN
2020-01-02,EQ,433.25,453.0,428.6,432.5,446.0,447.15,439.92,522.9,267.9,26606,11704426.6,1196,AMRUTANJAN
2020-01-03,EQ,447.2,447.9,434.0,447.15,437.0,437.65,438.5,522.9,267.9,16541,7253307.3,967,AMRUTANJAN
2020-01-06,EQ,437.65,438.55,423.0,437.65,425.2,425.15,426.9,522.9,273.6,15961,6813829.6,1786,AMRUTANJAN
2020-01-07,EQ,425.5,436.9,424.6,425.15,426.0,425.2,428.71,522.9,273.6,12315,5279552.45,665,AMRUTANJAN
2020-01-08,EQ,424.0,428.45,416.35,425.2,423.9,423.5,422.29,522.9,273.6,17156,7244857.15,1383,AMRUTANJAN
2020-01-09,EQ,429.8,437.8,425.1,423.5,431.0,432.65,432.27,522.9,273.6,13070,5649759.55,754,AMRUTANJAN
2020-01-10,EQ,432.65,454.8,430.65,432.65,440.0,437.85,443.63,522.9,273.6,51213,22719842.55,2218,AMRUTANJAN
2020-01-13,EQ,443.9,453.15,440.05,437.85,445.0,444.0,444.54,522.9,274.35,16384,7283324.0,1213,AMRUTANJAN
2020-01-14,EQ,440.05,481.7,440.05,444.0,475.0,474.95,468.9,522.9,274.35,162547,76219012.85,8836,AMRUTANJAN
2020-01-15,EQ,474.95,479.95,470.0,474.95,471.3,472.6,474.3,522.9,274.35,75197,35665687.65,4736,AMRUTANJAN
2020-01-16,EQ,476.25,499.0,475.0,472.6,475.5,477.3,484.53,522.9,274.35,91354,44263917.25,4159,AMRUTANJAN
2020-01-17,EQ,482.6,496.0,473.05,477.3,492.0,491.1,486.35,522.9,274.35,68457,33294281.2,2795,AMRUTANJAN
2020-01-20,EQ,491.0,544.0,482.05,491.1,498.0,497.75,512.0,544.0,274.35,332936,170463031.6,11314,AMRUTANJAN
2020-01-21,EQ,497.0,509.0,485.0,497.75,492.0,491.0,496.56,544.0,274.35,54983,27302135.9,2852,AMRUTANJAN
2020-01-22,EQ,495.0,500.0,476.1,491.0,480.0,479.5,486.56,544.0,274.35,32652,15887128.25,2957,AMRUTANJAN
2020-01-23,EQ,479.0,485.75,473.0,479.5,476.5,476.65,476.96,544.0,274.35,23090,11012954.95,1100,AMRUTANJAN
2020-01-24,EQ,479.35,479.35,471.0,476.65,474.95,473.05,474.47,544.0,274.35,18522,8788217.6,1044,AMRUTANJAN
2020-01-27,EQ,470.0,489.0,452.0,473.05,455.0,454.8,464.35,544.0,274.35,70918,32930810.75,2493,AMRUTANJAN
2020-01-28,EQ,459.5,459.5,444.05,454.8,450.0,449.15,451.27,544.0,274.35,30813,13904937.65,3015,AMRUTANJAN
2020-01-29,EQ,446.35,465.0,446.35,449.15,465.0,461.5,459.74,544.0,274.35,28617,13156381.3,1746,AMRUTANJAN
2020-01-30,EQ,466.0,466.9,448.95,461.5,456.5,460.4,456.18,544.0,274.35,33096,15097615.6,2426,AMRUTANJAN
2020-01-31,EQ,463.0,463.0,451.0,460.4,453.5,455.5,455.14,544.0,274.35,21269,9680383.4,1365,AMRUTANJAN
2020-02-01,EQ,450.55,461.45,401.55,455.5,424.0,426.05,438.09,544.0,274.35,25970,11377129.05,1373,AMRUTANJAN
2020-02-03,EQ,421.0,460.0,420.75,426.05,459.0,454.8,445.88,544.0,274.35,89236,39788844.65,6537,AMRUTANJAN
2020-02-04,EQ,461.8,479.5,454.0,454.8,477.0,476.75,469.99,544.0,274.35,42547,19996826.55,3086,AMRUTANJAN
2020-02-05,EQ,476.75,489.85,474.95,476.75,478.75,481.2,480.86,544.0,274.35,40543,19495696.35,2749,AMRUTANJAN
2020-02-06,EQ,478.4,488.2,467.7,481.2,468.95,472.5,479.9,544.0,274.35,17928,8603688.45,1549,AMRUTANJAN
2020-02-07,EQ,469.0,479.9,465.1,472.5,466.5,469.2,473.32,544.0,274.35,14956,7078993.1,979,AMRUTANJAN
2020-02-10,EQ,466.05,473.15,457.0,469.2,467.8,465.55,465.21,544.0,274.35,18416,8567398.45,1244,AMRUTANJAN
2020-02-11,EQ,469.0,487.8,467.85,465.55,480.0,479.9,480.6,544.0,274.35,45175,21710978.05,3731,AMRUTANJAN
2020-02-12,EQ,483.25,544.45,464.0,479.9,544.0,523.7,521.39,544.45,274.35,432204,225346325.85,11506,AMRUTANJAN
2020-02-13,EQ,552.5,555.0,501.15,523.7,505.0,506.65,520.65,555.0,274.35,245616,127881193.4,10075,AMRUTANJAN
2020-02-14,EQ,501.0,519.5,500.0,506.65,506.35,505.55,509.03,555.0,274.35,71982,36640802.6,6221,AMRUTANJAN
2020-02-17,EQ,509.9,519.0,495.0,505.55,495.0,500.2,507.5,555.0,274.35,37188,18872877.6,2226,AMRUTANJAN
2020-02-18,EQ,500.95,500.95,480.55,500.2,489.0,487.2,487.74,555.0,274.35,34522,16837785.25,3485,AMRUTANJAN
2020-02-19,EQ,491.05,524.75,491.05,487.2,508.6,506.4,510.64,555.0,274.35,91297,46620111.9,6359,AMRUTANJAN
2020-02-19,EQ,491.05,524.75,491.05,487.2,508.6,506.4,510.64,555.0,274.35,91297,46620111.9,6359,AMRUTANJAN
2020-02-19,EQ,491.05,524.75,491.05,487.2,508.6,506.4,510.64,555.0,274.35,91297,46620111.9,6359,AMRUTANJAN
2020-02-19,EQ,491.05,524.75,491.05,487.2,508.6,506.4,510.64,555.0,274.35,91297,46620111.9,6359,AMRUTANJAN
2020-02-19,EQ,491.05,524.75,491.05,487.2,508.6,506.4,510.64,555.0,274.35,91297,46620111.9,6359,AMRUTANJAN
2020-02-20,EQ,507.0,522.9,507.0,506.4,516.05,515.45,517.5,555.0,274.35,39930,20663868.0,3708,AMRUTANJAN
2020-02-24,EQ,513.95,539.0,505.0,515.45,518.2,519.85,526.48,555.0,274.35,68019,35810410.05,5675,AMRUTANJAN
2020-02-25,EQ,505.4,520.75,505.4,519.85,506.1,507.45,511.27,555.0,274.35,30111,15394803.4,3098,AMRUTANJAN
2020-02-26,EQ,509.0,511.5,487.0,507.45,495.0,492.35,501.55,555.0,274.35,43763,21949471.1,3611,AMRUTANJAN
2020-02-27,EQ,496.3,499.65,475.0,492.35,479.25,478.25,480.65,555.0,274.35,45532,21885083.65,5605,AMRUTANJAN
2020-02-28,EQ,453.0,476.0,451.0,478.25,465.7,461.95,462.07,555.0,274.35,42428,19604713.5,4115,AMRUTANJAN
2020-03-02,EQ,468.55,489.0,442.25,461.95,456.0,451.2,472.48,555.0,274.35,48874,23092031.5,4434,AMRUTANJAN
2020-03-03,EQ,464.7,495.0,464.7,451.2,469.8,470.5,477.01,555.0,274.35,146393,69830874.1,5382,AMRUTANJAN
2020-03-03,EQ,464.7,495.0,464.7,451.2,469.8,470.5,477.01,555.0,274.35,146393,69830874.1,5382,AMRUTANJAN
2020-03-03,EQ,464.7,495.0,464.7,451.2,469.8,470.5,477.01,555.0,274.35,146393,69830874.1,5382,AMRUTANJAN
2020-03-03,EQ,464.7,495.0,464.7,451.2,469.8,470.5,477.01,555.0,274.35,146393,69830874.1,5382,AMRUTANJAN
2020-03-03,EQ,464.7,495.0,464.7,451.2,469.8,470.5,477.01,555.0,274.35,146393,69830874.1,5382,AMRUTANJAN
2020-03-04,EQ,474.0,484.15,439.85,470.5,451.75,454.05,463.03,555.0,274.35,82910,38389407.85,5628,AMRUTANJAN
2020-03-04,EQ,474.0,484.15,439.85,470.5,451.75,454.05,463.03,555.0,274.35,82910,38389407.85,5628,AMRUTANJAN
2020-03-04,EQ,474.0,484.15,439.85,470.5,451.75,454.05,463.03,555.0,274.35,82910,38389407.85,5628,AMRUTANJAN
2020-03-04,EQ,474.0,484.15,439.85,470.5,451.75,454.05,463.03,555.0,274.35,82910,38389407.85,5628,AMRUTANJAN
2020-03-04,EQ,474.0,484.15,439.85,470.5,451.75,454.05,463.03,555.0,274.35,82910,38389407.85,5628,AMRUTANJAN
2020-03-04,EQ,474.0,484.15,439.85,470.5,451.75,454.05,463.03,555.0,274.35,82910,38389407.85,5628,AMRUTANJAN
2020-03-04,EQ,474.0,484.15,439.85,470.5,451.75,454.05,463.03,555.0,274.35,82910,38389407.85,5628,AMRUTANJAN
2020-03-05,EQ,456.25,466.0,452.0,454.05,459.0,457.9,457.55,555.0,274.35,41068,18790823.85,3567,AMRUTANJAN
2020-03-06,EQ,441.1,468.5,435.0,457.9,466.0,465.2,457.11,555.0,274.35,37847,17300407.5,4695,AMRUTANJAN
2020-03-09,EQ,459.95,460.0,425.25,465.2,448.5,450.05,447.84,555.0,274.35,62502,27991097.45,6333,AMRUTANJAN
2020-03-11,EQ,446.2,459.0,442.45,450.05,447.0,448.6,451.37,555.0,274.35,17779,8024886.65,1404,AMRUTANJAN
2020-03-12,EQ,430.0,430.1,370.5,448.6,380.0,380.7,390.62,555.0,274.35,132488,51752023.2,7115,AMRUTANJAN
2020-03-13,EQ,315.0,397.45,315.0,380.7,357.45,356.85,359.88,555.0,274.35,85723,30850153.2,6433,AMRUTANJAN
2020-03-16,EQ,343.85,350.0,329.0,356.85,331.5,331.65,339.26,555.0,274.35,70870,24043144.95,4933,AMRUTANJAN
2020-03-17,EQ,325.55,368.1,325.55,331.65,330.0,333.55,344.63,555.0,274.35,46565,16047817.35,2502,AMRUTANJAN
2020-03-18,EQ,343.0,350.0,303.05,333.55,307.0,309.45,319.92,555.0,274.35,39259,12559701.3,2117,AMRUTANJAN
2020-03-19,EQ,280.35,324.0,276.95,309.45,295.0,298.3,300.04,555.0,274.35,65535,19662903.25,4596,AMRUTANJAN
2020-03-20,EQ,310.0,319.95,293.0,298.3,313.9,314.5,309.5,555.0,274.35,38665,11966844.45,1828,AMRUTANJAN
2020-03-23,EQ,279.0,299.0,253.0,314.5,272.9,269.0,270.45,555.0,253.0,46409,12551313.3,2123,AMRUTANJAN
2020-03-24,EQ,272.9,289.4,262.05,269.0,274.0,275.05,275.3,555.0,253.0,25976,7151139.15,2224,AMRUTANJAN
2020-03-25,EQ,270.0,308.85,264.05,275.05,306.0,293.7,281.31,555.0,253.0,42401,11928028.55,2245,AMRUTANJAN
2020-03-26,EQ,330.0,352.0,319.2,293.7,324.95,326.35,333.86,555.0,253.0,348342,116298212.2,10973,AMRUTANJAN
2020-03-27,EQ,333.0,339.95,318.0,326.35,322.9,322.5,329.94,555.0,253.0,116266,38360373.3,7212,AMRUTANJAN
2020-03-30,EQ,311.0,332.4,302.5,322.5,320.0,316.4,319.81,555.0,253.0,149043,47664869.95,4221,AMRUTANJAN
2020-03-31,EQ,321.75,335.0,319.7,316.4,332.0,329.95,328.3,555.0,253.0,76475,25106662.75,2234,AMRUTANJAN
2020-04-01,EQ,333.0,336.05,318.0,329.95,322.95,321.35,326.45,555.0,253.0,25096,8192672.0,1220,AMRUTANJAN
2020-04-03,EQ,330.0,330.0,301.0,321.35,311.3,312.35,313.14,555.0,253.0,27031,8464436.6,2668,AMRUTANJAN
2020-04-07,EQ,321.0,338.2,313.35,312.35,322.1,324.0,326.9,555.0,253.0,121318,39658277.0,6165,AMRUTANJAN
2020-04-08,EQ,326.0,352.0,320.1,324.0,344.3,345.45,342.94,555.0,253.0,278725,95586275.35,9075,AMRUTANJAN
2020-04-09,EQ,352.8,379.4,352.0,345.45,374.8,375.0,366.67,555.0,253.0,158234,58019811.85,7268,AMRUTANJAN
2020-04-13,EQ,385.0,410.95,369.5,375.0,393.0,403.5,398.6,555.0,253.0,269147,107281334.6,8845,AMRUTANJAN
2020-04-15,EQ,408.0,440.5,404.45,403.5,419.5,416.0,423.03,555.0,253.0,191357,80949448.65,14486,AMRUTANJAN
2020-04-16,EQ,415.0,415.0,402.0,416.0,406.0,405.25,406.22,555.0,253.0,63522,25804005.4,5519,AMRUTANJAN
2020-04-17,EQ,414.5,420.0,403.25,405.25,403.25,404.85,408.58,555.0,253.0,57124,23339657.8,5539,AMRUTANJAN
2020-04-20,EQ,412.9,412.9,385.05,404.85,387.0,386.65,392.9,555.0,253.0,68885,27064903.85,4379,AMRUTANJAN
2020-04-21,EQ,380.0,414.0,372.6,386.65,385.0,386.35,397.11,555.0,253.0,278663,110659049.55,8888,AMRUTANJAN
2020-04-22,EQ,385.0,396.4,380.2,386.35,385.0,385.55,388.04,555.0,253.0,58296,22621071.75,3513,AMRUTANJAN
2020-04-23,EQ,388.75,403.2,386.1,385.55,390.0,390.45,395.28,555.0,253.0,56517,22340137.65,2675,AMRUTANJAN
2020-04-24,EQ,386.0,398.9,383.55,390.45,387.0,386.8,390.74,555.0,253.0,46357,18113466.35,2741,AMRUTANJAN
2020-04-27,EQ,400.0,401.05,391.0,386.8,394.9,394.3,395.04,555.0,253.0,52034,20555425.1,2784,AMRUTANJAN
2020-04-28,EQ,395.05,402.0,393.55,394.3,394.0,395.55,397.7,555.0,253.0,38305,15233963.3,3112,AMRUTANJAN
2020-04-29,EQ,399.0,401.0,390.0,395.55,391.0,391.6,394.85,555.0,253.0,36794,14527999.35,1806,AMRUTANJAN
2020-04-30,EQ,394.55,399.8,390.1,391.6,390.5,390.65,394.0,555.0,253.0,37993,14969212.75,1676,AMRUTANJAN
2020-05-04,EQ,382.0,384.7,375.35,390.65,376.55,377.05,379.0,555.0,253.0,32972,12496528.25,1826,AMRUTANJAN
2020-05-05,EQ,380.6,385.0,363.55,377.05,367.1,367.3,376.95,555.0,253.0,38713,14592791.5,2893,AMRUTANJAN
2020-05-06,EQ,368.0,371.65,354.0,367.3,366.0,363.9,363.62,555.0,253.0,38820,14115644.15,2063,AMRUTANJAN
2020-05-07,EQ,365.7,369.4,350.6,363.9,354.05,354.6,355.71,555.0,253.0,63288,22511866.05,3592,AMRUTANJAN
2020-05-08,EQ,359.8,360.0,350.0,354.6,350.0,350.8,354.71,555.0,253.0,64644,22929715.95,2336,AMRUTANJAN
2020-05-11,EQ,354.0,354.55,340.85,350.8,341.0,341.3,345.09,555.0,253.0,89488,30881639.75,2406,AMRUTANJAN
2020-05-12,EQ,341.05,342.2,335.0,341.3,340.9,340.2,338.92,555.0,253.0,26747,9064978.9,1369,AMRUTANJAN
2020-05-13,EQ,349.0,355.0,339.05,340.2,341.7,341.25,343.12,555.0,253.0,45361,15564420.4,2037,AMRUTANJAN
2020-05-14,EQ,340.0,359.95,339.0,341.25,352.0,353.8,352.96,555.0,253.0,130514,46066358.1,5471,AMRUTANJAN
2020-05-15,EQ,353.8,365.0,346.0,353.8,359.4,360.2,358.29,555.0,253.0,73784,26436046.2,3898,AMRUTANJAN
2020-05-18,EQ,362.9,369.85,342.25,360.2,349.5,351.6,355.41,555.0,253.0,69772,24797507.9,2598,AMRUTANJAN
2020-05-19,EQ,355.0,357.95,339.0,351.6,341.55,341.75,346.95,555.0,253.0,95183,33023762.6,4522,AMRUTANJAN
2020-05-20,EQ,337.25,343.5,327.0,341.75,335.05,335.35,333.01,555.0,253.0,133287,44385522.05,4616,AMRUTANJAN
2020-05-21,EQ,336.0,344.65,335.0,335.35,337.7,339.25,340.41,555.0,253.0,44429,15124005.35,2048,AMRUTANJAN
2020-05-22,EQ,338.0,339.7,327.0,339.25,331.5,330.85,334.32,555.0,253.0,37150,12420101.95,1725,AMRUTANJAN
2020-05-26,EQ,333.0,335.95,328.0,330.85,328.1,329.55,331.1,555.0,253.0,28594,9467575.95,1220,AMRUTANJAN
2020-05-27,EQ,331.0,333.0,320.1,329.55,326.85,326.65,325.88,555.0,253.0,47216,15386707.65,2081,AMRUTANJAN
2020-05-28,EQ,328.3,344.8,327.5,326.65,336.0,338.0,337.59,555.0,253.0,57551,19428432.6,2879,AMRUTANJAN
2020-05-29,EQ,338.0,344.0,336.25,338.0,339.1,339.6,340.6,555.0,253.0,29421,10020787.6,1560,AMRUTANJAN
2020-06-01,EQ,342.0,355.55,341.65,339.6,347.2,346.55,347.48,555.0,253.0,125231,43515202.75,2617,AMRUTANJAN
2020-06-02,EQ,346.0,369.0,346.0,346.55,363.9,364.85,360.9,555.0,253.0,118474,42756887.75,4846,AMRUTANJAN
2020-06-03,EQ,372.0,375.0,348.25,364.85,352.0,353.4,365.87,555.0,253.0,236273,86444880.65,7770,AMRUTANJAN
2020-06-04,EQ,355.3,362.35,347.1,353.4,349.9,349.2,352.1,555.0,253.0,74416,26201677.6,2836,AMRUTANJAN
2020-06-05,EQ,351.4,359.65,348.95,349.2,350.0,350.2,353.72,555.0,253.0,84075,29739110.9,2793,AMRUTANJAN
2020-06-08,EQ,354.0,355.9,345.3,350.2,348.5,347.65,350.43,555.0,253.0,96452,33799898.3,3260,AMRUTANJAN
2020-06-09,EQ,349.0,358.0,340.0,347.65,355.1,347.2,347.89,555.0,253.0,357731,124451617.65,11693,AMRUTANJAN
2020-06-10,EQ,365.0,404.0,365.0,347.2,395.0,392.15,388.44,555.0,253.0,4726721,1836055056.85,78655,AMRUTANJAN
2020-06-11,EQ,398.0,398.0,380.0,392.15,383.0,381.75,386.52,555.0,253.0,480026,185539350.45,12452,AMRUTANJAN
2020-06-12,EQ,374.7,391.9,365.0,381.75,389.0,388.15,381.16,555.0,253.0,293135,111730088.5,7845,AMRUTANJAN
2020-06-15,EQ,404.0,404.0,387.1,388.15,391.95,390.5,393.37,555.0,253.0,236840,93165927.85,6476,AMRUTANJAN
2020-06-16,EQ,395.25,399.0,370.7,390.5,383.95,380.05,386.19,555.0,253.0,185280,71554044.75,6903,AMRUTANJAN
2020-06-17,EQ,383.8,392.95,380.3,380.05,389.25,387.55,387.13,555.0,253.0,125888,48734410.85,4330,AMRUTANJAN
2020-06-18,EQ,390.0,402.45,390.0,387.55,398.0,398.4,397.09,555.0,253.0,323245,128357236.95,8298,AMRUTANJAN
2020-06-19,EQ,372.55,380.0,366.0,398.4,376.1,376.4,375.42,555.0,253.0,442782,166231028.7,11031,AMRUTANJAN
2020-06-22,EQ,380.0,384.25,371.3,376.4,373.85,373.05,376.73,555.0,253.0,132569,49942222.05,4213,AMRUTANJAN
2020-06-23,EQ,399.0,399.2,381.5,373.05,384.0,383.25,387.52,555.0,253.0,272152,105464712.15,9047,AMRUTANJAN
2020-06-24,EQ,384.0,384.9,373.0,383.25,373.4,374.1,377.74,555.0,253.0,102318,38649911.0,3935,AMRUTANJAN
2020-06-25,EQ,369.35,382.9,369.35,374.1,377.8,377.75,376.92,555.0,253.0,113920,42938885.6,6346,AMRUTANJAN
2020-06-26,EQ,379.0,382.45,372.65,377.75,373.35,373.65,377.31,555.0,253.0,81699,30825726.3,5703,AMRUTANJAN
2020-06-29,EQ,372.8,376.3,363.65,373.65,366.25,366.45,368.26,555.0,253.0,102559,37768821.45,5809,AMRUTANJAN
2020-06-30,EQ,368.0,369.75,360.3,366.45,361.95,361.0,363.79,555.0,253.0,52205,18991425.05,3673,AMRUTANJAN
2020-07-01,EQ,361.6,364.0,355.0,361.0,357.8,357.45,357.79,555.0,253.0,50553,18087349.2,3614,AMRUTANJAN
2020-07-02,EQ,360.0,366.0,360.0,357.45,361.95,361.55,362.98,555.0,253.0,65450,23757310.3,4023,AMRUTANJAN
2020-07-03,EQ,363.4,364.35,358.0,361.55,358.55,360.65,359.8,555.0,253.0,52611,18929596.35,4028,AMRUTANJAN
2020-07-06,EQ,362.45,367.05,358.55,360.65,363.1,361.9,362.71,555.0,253.0,117298,42544762.95,4946,AMRUTANJAN
2020-07-07,EQ,363.6,364.2,357.1,361.9,360.0,359.2,360.2,555.0,253.0,59425,21405125.55,4024,AMRUTANJAN
2020-07-08,EQ,361.0,361.6,355.0,359.2,355.6,356.0,356.91,555.0,253.0,56661,20222800.85,4419,AMRUTANJAN
2020-07-09,EQ,357.5,362.0,355.0,356.0,359.9,359.5,359.63,555.0,253.0,58672,21100223.25,2867,AMRUTANJAN
2020-07-10,EQ,359.55,372.0,359.55,359.5,368.05,369.05,365.68,555.0,253.0,211719,77421694.45,7925,AMRUTANJAN
2020-07-13,EQ,370.0,385.0,367.1,369.05,382.45,380.9,375.96,555.0,253.0,256764,96532238.45,9349,AMRUTANJAN
2020-07-14,EQ,380.95,387.85,371.65,380.9,378.0,381.4,381.33,555.0,253.0,479892,182996474.7,12914,AMRUTANJAN
2020-07-15,EQ,383.35,393.7,375.0,381.4,386.95,386.95,385.46,555.0,253.0,278709,107431820.9,7004,AMRUTANJAN
2020-07-16,EQ,386.95,404.0,380.0,386.95,402.0,401.4,395.05,555.0,253.0,445125,175846899.25,12588,AMRUTANJAN
2020-07-17,EQ,404.6,404.9,391.5,401.4,392.65,394.45,397.79,555.0,253.0,237659,94538693.85,7177,AMRUTANJAN
2020-07-20,EQ,393.1,399.9,389.65,394.45,398.0,398.05,395.81,555.0,253.0,127352,50407149.9,2839,AMRUTANJAN
2020-07-21,EQ,399.0,401.4,391.0,398.05,395.6,398.8,396.74,555.0,253.0,146153,57984521.7,4393,AMRUTANJAN
2020-07-22,EQ,398.5,418.0,392.1,398.8,401.0,398.5,404.7,555.0,253.0,299490,121204478.4,9804,AMRUTANJAN
2020-07-23,EQ,398.5,414.0,398.5,398.5,405.1,404.4,408.21,555.0,253.0,162414,66298335.7,6565,AMRUTANJAN
2020-07-24,EQ,396.6,404.95,393.0,404.4,396.0,395.1,398.91,555.0,253.0,79839,31848925.2,2860,AMRUTANJAN
2020-07-27,EQ,397.0,397.1,382.0,395.1,385.2,386.85,389.0,555.0,253.0,54200,21083851.45,2881,AMRUTANJAN
2020-07-28,EQ,388.8,393.75,386.55,386.85,389.95,388.4,389.68,555.0,253.0,50807,19798593.15,3304,AMRUTANJAN
2020-07-29,EQ,389.0,393.9,385.0,388.4,388.0,387.6,389.61,555.0,253.0,33226,12945296.4,1889,AMRUTANJAN
2020-07-30,EQ,386.05,421.55,386.05,387.6,408.0,409.4,411.82,555.0,253.0,703272,289620078.65,18547,AMRUTANJAN
2020-07-31,EQ,405.0,446.65,401.7,409.4,432.95,430.2,432.91,555.0,253.0,1454321,629583093.25,30350,AMRUTANJAN
2020-08-03,EQ,434.75,446.0,430.0,430.2,446.0,441.6,438.36,555.0,253.0,306648,134421253.4,8367,AMRUTANJAN
2020-08-04,EQ,451.0,454.45,427.0,441.6,436.55,433.6,439.87,555.0,253.0,346019,152204084.05,8635,AMRUTANJAN
2020-08-05,EQ,435.8,440.8,422.2,433.6,426.0,425.3,431.29,555.0,253.0,230053,99219217.8,5320,AMRUTANJAN
2020-08-06,EQ,426.0,430.0,420.6,425.3,426.2,426.15,425.87,555.0,253.0,222522,94764686.85,4284,AMRUTANJAN
2020-08-07,EQ,428.3,461.6,426.15,426.15,451.0,451.95,446.85,555.0,253.0,478667,213890784.0,10772,AMRUTANJAN
2020-08-10,EQ,454.0,500.0,441.4,451.95,493.55,493.35,475.76,555.0,253.0,972450,462657066.05,22765,AMRUTANJAN
2020-08-11,EQ,495.8,498.2,474.65,493.35,482.0,481.55,485.93,555.0,253.0,309512,150400331.25,8644,AMRUTANJAN
2020-08-12,EQ,484.0,495.0,470.0,481.55,489.1,488.55,485.31,555.0,253.0,234462,113786653.0,6842,AMRUTANJAN
2020-08-13,EQ,491.0,525.0,482.1,488.55,487.5,492.25,503.78,555.0,253.0,1184855,596907306.15,32523,AMRUTANJAN
2020-08-14,EQ,490.9,496.65,470.0,492.25,477.8,478.75,485.71,555.0,253.0,265267,128843348.2,7867,AMRUTANJAN
2020-08-17,EQ,482.8,484.15,470.3,478.75,472.0,472.1,475.35,555.0,253.0,80058,38055460.1,3307,AMRUTANJAN
2020-08-18,EQ,477.9,492.0,473.2,472.1,489.8,489.6,487.45,555.0,253.0,261783,127605506.05,8121,AMRUTANJAN
2020-08-19,EQ,494.5,494.55,482.0,489.6,482.7,482.9,486.08,555.0,253.0,96308,46813699.55,3940,AMRUTANJAN
2020-08-20,EQ,485.8,485.8,473.5,482.9,475.15,474.4,478.34,555.0,253.0,72296,34582100.35,3001,AMRUTANJAN
2020-08-21,EQ,480.0,489.95,475.05,474.4,478.85,477.25,482.7,555.0,253.0,233006,112472556.35,6787,AMRUTANJAN
2020-08-24,EQ,480.5,483.0,476.0,477.25,477.0,477.55,478.92,555.0,253.0,55480,26570533.3,2316,AMRUTANJAN
2020-08-25,EQ,478.0,478.9,470.0,477.55,472.9,472.75,473.43,555.0,253.0,60364,28577872.85,2935,AMRUTANJAN
2020-08-26,EQ,479.0,479.0,470.0,472.75,470.5,470.95,473.24,555.0,253.0,30598,14480196.5,1409,AMRUTANJAN
2020-08-27,EQ,473.25,496.0,471.05,470.95,479.0,477.05,480.69,555.0,253.0,179759,86408831.5,5537,AMRUTANJAN
2020-08-28,EQ,487.95,487.95,472.2,477.05,473.2,474.45,478.46,555.0,253.0,68577,32811295.9,3150,AMRUTANJAN
2020-08-31,EQ,476.15,478.0,445.0,474.45,448.85,448.15,457.99,555.0,253.0,94540,43298184.75,4194,AMRUTANJAN
2020-09-01,EQ,449.05,468.0,440.05,448.15,451.0,448.35,446.69,555.0,253.0,58553,26155201.8,3379,AMRUTANJAN
2020-09-02,EQ,451.0,457.85,445.05,448.35,450.0,452.5,451.27,555.0,253.0,65280,29458697.75,2875,AMRUTANJAN
2020-09-03,EQ,452.5,453.9,447.55,452.5,450.0,449.05,450.38,555.0,253.0,32205,14504380.6,1696,AMRUTANJAN
2020-09-04,EQ,445.0,448.5,441.05,449.05,441.5,442.4,444.94,555.0,253.0,42799,19042920.2,2346,AMRUTANJAN
2020-09-07,EQ,449.95,449.95,435.05,442.4,436.5,436.85,439.64,555.0,253.0,54519,23968867.45,2895,AMRUTANJAN
2020-09-08,EQ,432.2,447.9,428.45,436.85,432.0,433.6,435.86,555.0,253.0,51502,22447873.35,4236,AMRUTANJAN
2020-09-09,EQ,428.0,435.9,421.1,433.6,425.5,425.15,425.56,555.0,253.0,51617,21965960.05,3504,AMRUTANJAN
2020-09-10,EQ,429.9,434.5,418.0,425.15,422.95,421.6,426.84,555.0,253.0,69912,29841273.5,4558,AMRUTANJAN
2020-09-11,EQ,422.95,446.25,422.5,421.6,439.1,440.75,440.33,555.0,253.0,610181,268679625.0,18431,AMRUTANJAN
2020-09-14,EQ,447.75,478.0,442.0,440.75,466.7,465.75,463.96,555.0,253.0,453632,210466517.5,17323,AMRUTANJAN
2020-09-15,EQ,469.95,477.0,465.5,465.75,466.25,468.7,471.14,555.0,253.0,132449,62402186.45,5818,AMRUTANJAN
2020-09-16,EQ,472.0,473.9,463.05,468.7,466.2,464.4,466.44,555.0,253.0,52672,24568335.95,3210,AMRUTANJAN
2020-09-17,EQ,466.0,481.0,464.4,464.4,473.0,472.5,474.55,555.0,253.0,170163,80750525.05,6574,AMRUTANJAN
2020-09-18,EQ,476.0,478.45,458.0,472.5,464.95,466.4,472.56,555.0,253.0,79919,37766468.55,3895,AMRUTANJAN
2020-09-21,EQ,466.0,473.75,440.55,466.4,441.4,443.7,457.71,555.0,253.0,73307,33553099.35,4214,AMRUTANJAN
2020-09-22,EQ,448.0,449.6,421.0,443.7,429.0,427.6,427.64,555.0,253.0,101945,43595605.45,5688,AMRUTANJAN
2020-09-23,EQ,431.95,439.0,426.55,427.6,433.0,433.85,432.33,555.0,253.0,100874,43611136.6,3601,AMRUTANJAN
2020-09-24,EQ,434.95,434.95,419.5,433.85,420.05,420.2,424.76,555.0,253.0,73221,31101119.65,4833,AMRUTANJAN
2020-09-25,EQ,425.25,431.8,420.25,420.2,423.35,424.1,424.48,555.0,253.0,95609,40584368.85,6002,AMRUTANJAN
2020-09-28,EQ,426.9,448.9,426.9,424.1,432.3,434.2,436.83,555.0,253.0,275090,120166845.75,10133,AMRUTANJAN
2020-09-29,EQ,436.0,439.2,431.25,434.2,432.9,432.1,433.96,555.0,253.0,42016,18233070.8,2450,AMRUTANJAN
2020-09-30,EQ,431.0,433.95,421.1,432.1,421.1,423.0,427.98,555.0,253.0,55218,23632246.95,4000,AMRUTANJAN
2020-10-01,EQ,424.9,428.5,424.25,423.0,427.45,427.6,427.27,555.0,253.0,50547,21597367.65,2708,AMRUTANJAN
2020-10-05,EQ,430.0,432.95,425.0,427.6,425.5,426.15,428.66,555.0,253.0,63696,27303636.65,2897,AMRUTANJAN
2020-10-06,EQ,428.0,428.3,423.1,426.15,424.95,424.1,425.56,555.0,253.0,42325,18012011.2,2130,AMRUTANJAN
2020-10-07,EQ,425.0,436.0,422.5,424.1,424.0,424.15,429.08,555.0,253.0,82237,35286508.85,3649,AMRUTANJAN
2020-10-08,EQ,426.3,427.55,422.5,424.15,424.5,423.45,424.35,555.0,253.0,41807,17740774.25,1923,AMRUTANJAN
2020-10-09,EQ,425.5,425.5,416.6,423.45,418.3,419.05,419.9,555.0,253.0,55048,23114921.75,2673,AMRUTANJAN
2020-10-12,EQ,422.95,423.0,411.25,419.05,414.9,414.25,415.48,555.0,253.0,43033,17879150.65,2099,AMRUTANJAN
2020-10-13,EQ,414.25,419.4,410.25,414.25,410.85,411.7,415.39,555.0,253.0,29639,12311650.75,1619,AMRUTANJAN
2020-10-14,EQ,411.5,413.8,406.25,411.7,409.3,408.4,408.52,555.0,253.0,34699,14175078.1,1579,AMRUTANJAN
2020-10-15,EQ,410.0,410.5,401.1,408.4,408.65,403.25,406.61,555.0,253.0,38018,15458553.45,2067,AMRUTANJAN
2020-10-16,EQ,405.2,411.95,400.25,403.25,408.95,407.2,405.87,555.0,253.0,53669,21782799.05,2789,AMRUTANJAN
2020-10-19,EQ,408.5,411.1,406.05,407.2,407.2,407.45,408.02,555.0,253.0,17308,7061931.0,1082,AMRUTANJAN
2020-10-20,EQ,407.85,408.0,403.4,407.45,407.5,406.95,405.86,555.0,253.0,21767,8834440.2,1444,AMRUTANJAN
2020-10-21,EQ,408.0,424.2,407.2,406.95,420.0,421.05,417.7,555.0,253.0,95506,39893252.95,4345,AMRUTANJAN
2020-10-22,EQ,416.0,429.75,412.7,421.05,422.0,420.75,418.47,555.0,253.0,31490,13177503.7,1993,AMRUTANJAN
2020-10-23,EQ,421.1,426.0,416.6,420.75,418.1,419.6,422.12,555.0,253.0,20521,8662362.6,1340,AMRUTANJAN
2020-10-26,EQ,420.0,421.65,407.35,419.6,411.8,410.05,413.53,555.0,253.0,18164,7511316.15,1117,AMRUTANJAN
2020-10-27,EQ,412.0,413.75,404.0,410.05,407.4,407.65,408.87,555.0,253.0,15820,6468356.9,1096,AMRUTANJAN
2020-10-28,EQ,408.0,425.45,404.85,407.65,413.0,413.5,417.78,555.0,253.0,115463,48238673.35,4451,AMRUTANJAN
2020-10-29,EQ,412.0,412.0,406.55,413.5,410.9,408.9,409.65,555.0,253.0,17986,7367924.35,1801,AMRUTANJAN
2020-10-30,EQ,408.0,424.0,408.0,408.9,418.0,418.6,418.6,555.0,253.0,62373,26109614.85,2858,AMRUTANJAN
2020-11-02,EQ,420.7,422.0,409.5,418.6,409.95,411.7,413.37,555.0,253.0,19300,7978107.6,1181,AMRUTANJAN
2020-11-03,EQ,412.0,424.0,412.0,411.7,417.0,417.0,417.33,555.0,253.0,34296,14312863.9,1575,AMRUTANJAN
2020-11-04,EQ,418.0,419.05,411.0,417.0,415.1,415.4,415.32,555.0,253.0,26327,10934186.95,1199,AMRUTANJAN
2020-11-05,EQ,416.25,429.95,415.5,415.4,426.0,427.35,424.08,555.0,253.0,84306,35752476.5,6704,AMRUTANJAN
2020-11-06,EQ,429.0,441.5,425.4,427.35,431.8,433.7,434.44,555.0,253.0,110512,48011036.2,6015,AMRUTANJAN
2020-11-09,EQ,433.7,444.5,433.15,433.7,435.9,434.75,438.47,555.0,253.0,49724,21802301.9,4019,AMRUTANJAN
2020-11-10,EQ,435.9,436.95,425.0,434.75,425.0,427.1,428.48,555.0,253.0,26671,11427897.95,1585,AMRUTANJAN
2020-11-11,EQ,425.2,429.75,419.8,427.1,424.0,424.75,424.26,555.0,253.0,41683,17684305.8,3065,AMRUTANJAN
2020-11-12,EQ,426.8,483.85,425.65,424.75,468.5,474.35,466.76,555.0,253.0,984620,459577361.3,27007,AMRUTANJAN
2020-11-13,EQ,470.0,491.0,463.0,474.35,471.4,474.05,479.7,555.0,253.0,631223,302796164.05,20558,AMRUTANJAN
2020-11-14,EQ,479.5,480.0,468.15,474.05,476.3,477.45,476.71,555.0,253.0,71140,33913275.9,2233,AMRUTANJAN
2020-11-17,EQ,475.0,490.0,473.5,477.45,486.0,486.25,482.75,555.0,253.0,258524,124803192.05,9361,AMRUTANJAN
2020-11-18,EQ,488.65,510.0,487.05,486.25,499.0,497.9,499.78,555.0,253.0,465605,232701308.2,11927,AMRUTANJAN
2020-11-19,EQ,497.0,518.7,491.0,497.9,498.0,496.75,506.83,555.0,253.0,330756,167635713.5,11711,AMRUTANJAN
2020-11-20,EQ,499.25,507.0,487.0,496.75,493.0,492.7,494.85,555.0,253.0,89859,44467014.15,3365,AMRUTANJAN
2020-11-23,EQ,493.9,498.0,488.0,492.7,492.0,491.15,494.02,555.0,253.0,86951,42955486.45,3183,AMRUTANJAN
2020-11-24,EQ,493.8,508.5,482.25,491.15,491.95,494.15,496.04,555.0,253.0,201666,100034114.65,7378,AMRUTANJAN
2020-11-25,EQ,496.8,499.45,485.75,494.15,488.0,487.45,491.88,555.0,253.0,64807,31877557.6,2894,AMRUTANJAN
2020-11-26,EQ,491.5,502.2,486.1,487.45,497.4,496.15,494.31,555.0,253.0,87428,43216946.15,3628,AMRUTANJAN
2020-11-27,EQ,499.95,508.5,499.95,496.15,502.0,504.7,504.19,555.0,253.0,112901,56923480.15,3167,AMRUTANJAN
2020-12-01,EQ,507.8,509.0,496.0,504.7,497.9,497.85,500.88,555.0,253.0,68877,34498938.2,2867,AMRUTANJAN
2020-12-02,EQ,498.0,503.2,494.1,497.85,498.5,498.55,498.93,555.0,253.0,40867,20389767.05,1820,AMRUTANJAN
2020-12-03,EQ,502.0,505.0,495.75,498.55,497.0,498.25,499.98,555.0,253.0,33584,16791465.35,2034,AMRUTANJAN
2020-12-04,EQ,500.4,501.35,492.0,498.25,497.0,495.65,496.52,555.0,253.0,32559,16166119.55,1823,AMRUTANJAN
2020-12-07,EQ,497.5,531.0,495.05,495.65,514.5,517.6,520.68,555.0,253.0,460700,239876885.6,15845,AMRUTANJAN
2020-12-08,EQ,521.0,524.0,502.0,517.6,515.2,514.2,515.76,555.0,253.0,87505,45131749.4,4882,AMRUTANJAN
2020-12-09,EQ,516.0,527.9,510.0,514.2,513.4,512.9,518.16,555.0,253.0,97457,50498542.7,3886,AMRUTANJAN
2020-12-10,EQ,513.4,513.7,500.0,512.9,506.25,504.5,505.22,555.0,253.0,50796,25663397.3,2676,AMRUTANJAN
2020-12-11,EQ,505.95,513.9,492.95,504.5,500.5,500.7,504.34,555.0,253.0,47757,24085665.6,2695,AMRUTANJAN
2020-12-14,EQ,501.9,508.8,498.0,500.7,499.0,499.65,502.17,555.0,253.0,37639,18901351.95,2182,AMRUTANJAN
2020-12-15,EQ,501.5,515.0,495.4,499.65,507.75,504.7,505.25,555.0,253.0,79167,39998985.55,4253,AMRUTANJAN
2020-12-16,EQ,509.75,525.0,505.05,504.7,514.95,511.6,517.01,555.0,253.0,121967,63058109.15,7714,AMRUTANJAN
2020-12-17,EQ,518.9,518.9,502.8,511.6,505.25,505.45,512.31,555.0,253.0,51629,26449828.75,3560,AMRUTANJAN
2020-12-18,EQ,509.9,518.05,507.35,505.45,512.65,510.15,512.15,555.0,253.0,91354,46786780.55,4159,AMRUTANJAN
2020-12-21,EQ,510.0,520.0,465.95,510.15,476.35,481.45,497.46,555.0,253.0,102278,50879473.8,5287,AMRUTANJAN
2020-12-22,EQ,481.5,500.35,470.2,481.45,494.8,493.0,489.27,555.0,253.0,105140,51441505.45,6593,AMRUTANJAN
2020-12-23,EQ,494.4,511.05,493.0,493.0,509.0,508.45,504.2,555.0,253.0,56972,28724997.65,3204,AMRUTANJAN
2020-12-24,EQ,512.0,514.9,489.2,508.45,498.05,499.2,504.39,555.0,253.0,61041,30788640.0,3115,AMRUTANJAN
2020-12-28,EQ,500.0,512.6,492.0,499.2,503.05,504.3,505.11,555.0,253.0,86914,43901512.85,3454,AMRUTANJAN
2020-12-29,EQ,509.8,509.8,494.3,504.3,501.0,501.1,504.26,555.0,253.0,55920,28198111.45,2924,AMRUTANJAN
2020-12-30,EQ,507.35,507.35,498.0,501.1,500.35,500.65,502.53,555.0,253.0,37659,18924930.05,1954,AMRUTANJAN
2020-12-31,EQ,502.0,513.9,500.0,500.65,502.45,502.15,505.13,555.0,253.0,57251,28919272.4,2970,AMRUTANJAN
2021-01-01,EQ,503.8,506.5,500.0,502.15,502.25,502.75,503.84,555.0,253.0,32562,16406178.2,1499,AMRUTANJAN
2021-01-04,EQ,508.5,589.0,502.8,502.75,560.5,564.4,560.81,589.0,253.0,1751203,982100297.65,55162,AMRUTANJAN
2021-01-05,EQ,555.0,581.95,546.0,564.4,564.0,563.8,568.59,589.0,253.0,443922,252411445.15,15876,AMRUTANJAN
2021-01-06,EQ,566.0,571.2,539.1,563.8,552.0,547.45,555.26,589.0,253.0,157064,87210646.65,6936,AMRUTANJAN
2021-01-07,EQ,552.7,563.9,540.05,547.45,544.95,543.55,552.27,589.0,253.0,118226,65292813.2,5318,AMRUTANJAN
2021-01-08,EQ,546.3,566.7,543.6,543.55,548.5,550.3,554.84,589.0,253.0,147638,81915451.7,8165,AMRUTANJAN
2021-01-11,EQ,553.0,554.95,540.0,550.3,541.0,542.75,545.62,589.0,253.0,60306,32904389.75,2812,AMRUTANJAN
2021-01-12,EQ,550.0,562.0,546.25,542.75,549.45,551.25,553.92,589.0,253.0,133320,73849047.25,6199,AMRUTANJAN
2021-01-13,EQ,551.0,555.0,530.0,551.25,534.85,537.1,542.62,589.0,253.0,65076,35311463.5,3689,AMRUTANJAN
2021-01-14,EQ,537.1,548.95,536.7,537.1,538.55,538.15,541.6,589.0,253.0,35267,19100562.6,1743,AMRUTANJAN
2021-01-15,EQ,542.0,554.35,538.0,538.15,539.0,539.6,546.93,589.0,253.0,111066,60745419.95,4998,AMRUTANJAN
2021-01-18,EQ,538.0,538.0,522.0,539.6,524.0,525.1,528.78,589.0,253.0,37905,20043425.05,2530,AMRUTANJAN
2021-01-19,EQ,527.75,539.35,526.2,525.1,530.7,528.75,531.79,589.0,253.0,44389,23605699.45,2786,AMRUTANJAN
2021-01-20,EQ,534.0,536.0,524.7,528.75,525.25,527.15,528.9,589.0,253.0,37170,19659205.25,1767,AMRUTANJAN
2021-01-21,EQ,531.0,533.95,513.35,527.15,520.7,519.1,525.64,589.0,253.0,39303,20659154.05,1848,AMRUTANJAN
2021-01-22,EQ,524.75,524.75,506.0,519.1,512.0,509.05,515.73,589.0,253.0,29419,15172202.75,1933,AMRUTANJAN
2021-01-25,EQ,517.0,518.05,493.15,509.05,503.1,501.15,503.72,589.0,253.0,36758,18515875.7,2140,AMRUTANJAN
2021-01-27,EQ,501.0,501.0,491.25,501.15,494.0,493.9,494.86,589.0,253.0,35653,17643323.15,2029,AMRUTANJAN
2021-01-28,EQ,489.0,509.9,483.0,493.9,504.0,500.45,493.39,589.0,253.0,55723,27493188.85,3870,AMRUTANJAN
2021-01-29,EQ,500.55,508.3,490.0,500.45,491.0,493.95,500.78,589.0,253.0,30746,15397055.15,1824,AMRUTANJAN
2021-02-01,EQ,494.0,517.95,489.65,493.95,514.0,511.25,505.48,589.0,253.0,56807,28714625.25,3068,AMRUTANJAN
2021-02-02,EQ,514.0,523.6,510.6,511.25,514.05,515.15,515.68,589.0,253.0,34659,17872942.7,1990,AMRUTANJAN
2021-02-03,EQ,517.0,529.9,511.25,515.15,517.1,519.45,523.02,589.0,253.0,46815,24485030.6,2521,AMRUTANJAN
2021-02-04,EQ,521.5,524.75,515.0,519.45,516.1,516.0,519.69,589.0,253.0,36230,18828238.2,2007,AMRUTANJAN
2021-02-05,EQ,518.4,521.1,515.05,516.0,515.35,516.75,517.86,589.0,253.0,17742,9187940.6,1136,AMRUTANJAN
2021-02-08,EQ,519.0,527.0,517.0,516.75,523.15,523.5,522.86,589.0,253.0,42781,22368303.05,1877,AMRUTANJAN
2021-02-09,EQ,520.5,526.9,513.7,523.5,519.5,518.05,521.22,589.0,253.0,43480,22662687.2,1885,AMRUTANJAN
2021-02-10,EQ,520.65,529.7,517.0,518.05,529.0,527.3,524.3,589.0,253.0,57979,30398342.45,3448,AMRUTANJAN
2021-02-11,EQ,529.0,545.4,516.0,527.3,531.0,533.7,534.33,589.0,253.0,342761,183147401.4,10603,AMRUTANJAN
2021-02-12,EQ,537.95,618.0,537.95,533.7,585.55,586.95,591.66,618.0,253.0,1686875,998050359.5,75621,AMRUTANJAN
2021-02-15,EQ,585.3,598.0,572.2,586.95,592.0,589.6,587.51,618.0,253.0,199977,117488786.7,12312,AMRUTANJAN
2021-02-16,EQ,592.0,595.05,567.0,589.6,575.5,573.95,584.65,618.0,253.0,204224,119398609.65,5243,AMRUTANJAN
2021-02-17,EQ,573.0,589.9,561.8,573.95,572.1,573.45,577.44,618.0,253.0,73095,42208220.3,4172,AMRUTANJAN
2021-02-18,EQ,576.0,586.0,567.05,573.45,570.95,569.45,578.42,618.0,253.0,51598,29845167.5,2513,AMRUTANJAN
2021-02-19,EQ,564.3,574.4,550.95,569.45,556.0,555.7,562.24,618.0,253.0,35176,19777224.9,2199,AMRUTANJAN
2021-02-22,EQ,555.0,555.0,535.0,555.7,539.0,538.55,541.93,618.0,253.0,42526,23046245.05,3822,AMRUTANJAN
2021-02-23,EQ,542.4,563.8,535.0,538.55,542.25,545.15,548.0,618.0,253.0,58460,32036066.25,4785,AMRUTANJAN
2021-02-24,EQ,546.95,570.15,545.0,545.15,550.0,548.85,550.24,618.0,253.0,176013,96849832.6,4040,AMRUTANJAN
2021-02-25,EQ,550.05,558.4,550.05,548.85,557.0,556.05,554.97,618.0,253.0,78231,43415573.55,2257,AMRUTANJAN
2021-02-26,EQ,548.85,560.05,541.7,556.05,546.0,545.8,549.5,618.0,253.0,52081,28618402.25,4086,AMRUTANJAN
2021-03-01,EQ,548.55,560.05,545.05,545.8,546.05,547.8,550.59,618.0,253.0,32021,17630337.75,1668,AMRUTANJAN
2021-03-02,EQ,550.0,556.75,525.0,547.8,536.0,535.25,541.02,618.0,253.0,63465,34335990.2,4253,AMRUTANJAN
2021-03-03,EQ,548.9,584.9,542.65,535.25,568.9,568.55,569.89,618.0,253.0,252675,143995868.3,9060,AMRUTANJAN
2021-03-04,EQ,565.0,571.95,561.0,568.55,562.95,562.75,564.83,618.0,253.0,41172,23255087.55,3214,AMRUTANJAN
2021-03-05,EQ,588.0,589.0,564.0,562.75,569.75,568.6,577.93,618.0,253.0,155185,89686485.6,5839,AMRUTANJAN
2021-03-08,EQ,580.0,580.0,555.0,568.6,557.5,556.6,563.19,618.0,253.0,66650,37536696.55,4646,AMRUTANJAN
2021-03-09,EQ,558.0,572.85,551.0,556.6,554.75,553.3,560.33,618.0,253.0,42737,23946969.9,2663,AMRUTANJAN
2021-03-10,EQ,556.2,558.65,539.75,553.3,543.5,542.0,546.1,618.0,253.0,55461,30287204.4,4010,AMRUTANJAN
2021-03-12,EQ,548.0,564.4,534.85,542.0,534.85,536.6,549.5,618.0,253.0,208146,114375681.85,11115,AMRUTANJAN
2021-03-15,EQ,537.0,538.95,522.65,536.6,524.95,524.55,527.93,618.0,253.0,55778,29446743.9,3837,AMRUTANJAN
2021-03-16,EQ,528.75,536.9,526.0,524.55,529.0,527.55,529.87,618.0,253.0,29126,15432905.3,1831,AMRUTANJAN
2021-03-17,EQ,529.95,536.0,514.85,527.55,517.7,516.9,524.12,618.0,253.0,39106,20496048.45,2861,AMRUTANJAN
2021-03-18,EQ,523.0,529.4,439.4,516.9,493.8,493.65,507.42,618.0,253.0,275831,139961515.45,9388,AMRUTANJAN
2021-03-19,EQ,490.0,506.6,480.95,493.65,502.0,501.6,498.17,618.0,253.0,91076,45371088.45,4013,AMRUTANJAN
2021-03-22,EQ,502.0,523.0,502.0,501.6,519.0,519.3,514.92,618.0,253.0,71339,36733738.25,3045,AMRUTANJAN
2021-03-23,EQ,525.0,525.9,512.0,519.3,514.9,513.7,517.86,618.0,253.0,37954,19654976.45,2157,AMRUTANJAN
2021-03-24,EQ,512.0,535.0,512.0,513.7,531.0,531.25,526.95,618.0,253.0,127141,66997564.95,5317,AMRUTANJAN
2021-03-25,EQ,536.9,543.55,525.05,531.25,534.0,531.55,532.26,618.0,253.0,103232,54946069.1,4686,AMRUTANJAN
2021-03-26,EQ,536.9,570.0,530.0,531.55,565.5,562.3,551.65,618.0,253.0,125053,68985308.5,5677,AMRUTANJAN
2021-03-30,EQ,566.0,572.95,546.0,562.3,551.85,553.35,563.78,618.0,301.0,131964,74398180.5,10229,AMRUTANJAN
2021-03-31,EQ,554.0,575.0,551.7,553.35,563.2,567.65,565.47,618.0,301.0,121464,68683674.3,6897,AMRUTANJAN
2021-04-01,EQ,570.5,584.0,570.0,567.65,574.7,575.7,575.56,618.0,301.0,56397,32460069.55,2976,AMRUTANJAN
2021-04-05,EQ,575.0,578.6,546.0,575.7,556.8,557.3,558.83,618.0,313.35,39862,22276088.6,3945,AMRUTANJAN
2021-04-06,EQ,560.1,570.25,551.95,557.3,557.45,559.85,564.09,618.0,313.35,30466,17185706.55,1899,AMRUTANJAN
2021-04-07,EQ,558.0,575.3,555.05,559.85,568.0,569.25,568.88,618.0,313.35,46222,26294996.6,2901,AMRUTANJAN
2021-04-08,EQ,572.0,585.1,566.4,569.25,572.25,571.4,576.41,618.0,313.35,51832,29876664.85,3021,AMRUTANJAN
2021-04-09,EQ,572.0,606.45,567.65,571.4,598.0,598.55,594.79,618.0,313.35,206467,122805189.65,9205,AMRUTANJAN
2021-04-12,EQ,617.0,617.0,569.45,598.55,590.0,582.6,588.65,618.0,320.1,113655,66902540.7,7448,AMRUTANJAN
2021-04-13,EQ,592.6,628.15,592.6,582.6,604.3,605.15,612.59,628.15,320.1,227001,139058590.05,13202,AMRUTANJAN
2021-04-15,EQ,610.7,613.95,590.0,605.15,597.5,599.05,600.03,628.15,320.1,61058,36636883.45,5231,AMRUTANJAN
2021-04-16,EQ,612.0,632.5,605.55,599.05,611.05,611.65,619.45,632.5,320.1,211298,130888099.75,10537,AMRUTANJAN
2021-04-19,EQ,590.0,627.9,590.0,611.65,624.0,623.45,617.07,632.5,320.1,113934,70304843.75,8475,AMRUTANJAN
2021-04-20,EQ,628.9,648.0,614.7,623.45,621.4,620.85,633.82,648.0,320.1,142278,90178429.4,10055,AMRUTANJAN
2021-04-22,EQ,623.0,656.0,618.0,620.85,646.75,646.1,645.32,656.0,320.1,200400,129321873.6,11592,AMRUTANJAN
2021-04-23,EQ,646.75,659.9,630.0,646.1,634.05,634.45,641.33,659.9,320.1,81587,52324329.75,5223,AMRUTANJAN
2021-04-26,EQ,637.8,647.25,630.0,634.45,638.9,634.6,638.64,659.9,320.1,36998,23628336.2,3033,AMRUTANJAN
2021-04-27,EQ,618.0,641.65,618.0,634.6,638.85,636.15,637.93,659.9,320.1,53140,33899610.15,2831,AMRUTANJAN
2021-04-28,EQ,636.15,641.5,633.05,636.15,635.0,636.7,638.56,659.9,320.1,42214,26956314.85,1982,AMRUTANJAN
2021-04-29,EQ,639.9,642.75,627.8,636.7,631.0,630.5,633.1,659.9,320.1,30541,19335551.8,1983,AMRUTANJAN
2021-04-30,EQ,629.0,639.0,625.3,630.5,637.0,636.4,636.1,659.9,320.1,33972,21609686.4,1962,AMRUTANJAN
2021-05-03,EQ,646.85,651.45,635.05,636.4,638.0,637.6,642.34,659.9,320.1,54037,34710044.55,3995,AMRUTANJAN
2021-05-04,EQ,639.05,646.75,625.0,637.6,632.9,627.5,634.81,659.9,320.1,43634,27699302.55,2768,AMRUTANJAN
2021-05-05,EQ,626.5,639.0,625.7,627.5,628.0,629.7,631.6,659.9,320.1,38138,24087952.55,4639,AMRUTANJAN
2021-05-06,EQ,629.05,631.8,616.2,629.7,624.15,625.55,624.0,659.9,320.1,35426,22105854.05,2412,AMRUTANJAN
2021-05-07,EQ,630.0,634.45,624.15,625.55,628.0,629.35,629.19,659.9,320.1,26794,16858429.95,2104,AMRUTANJAN
2021-05-10,EQ,630.0,644.95,630.0,629.35,640.05,637.75,639.36,659.9,320.1,44115,28205161.3,3090,AMRUTANJAN
2021-05-11,EQ,645.0,674.0,637.8,637.75,657.0,654.9,656.45,674.0,320.1,85938,56414188.65,6163,AMRUTANJAN
2021-05-12,EQ,657.0,678.8,657.0,654.9,669.9,666.3,669.05,678.8,320.1,86276,57722539.65,6311,AMRUTANJAN
2021-05-14,EQ,680.0,697.0,674.45,666.3,686.0,683.15,687.38,697.0,320.1,285918,196532925.65,18634,AMRUTANJAN
2021-05-17,EQ,691.9,731.4,680.05,683.15,726.0,722.85,715.91,731.4,320.1,191021,136753749.05,12051,AMRUTANJAN
2021-05-18,EQ,731.0,736.75,693.85,722.85,701.5,700.3,717.26,736.75,320.1,107066,76794422.65,9139,AMRUTANJAN
2021-05-19,EQ,701.0,760.0,694.0,700.3,759.5,747.7,732.54,760.0,320.1,160575,117627142.45,9692,AMRUTANJAN
2021-05-20,EQ,751.45,762.0,725.45,747.7,743.0,734.8,744.61,762.0,320.1,137063,102058787.85,9742,AMRUTANJAN
2021-05-21,EQ,754.0,764.8,743.0,734.8,758.5,751.05,754.72,764.8,320.1,95252,71888265.25,6187,AMRUTANJAN
2021-05-24,EQ,764.0,776.4,752.95,751.05,763.0,765.6,766.07,776.4,320.1,129246,99011091.35,7707,AMRUTANJAN
2021-05-25,EQ,777.0,783.95,767.05,765.6,775.35,776.8,777.55,783.95,320.1,109904,85455662.6,7455,AMRUTANJAN
2021-05-26,EQ,782.4,804.5,778.0,776.8,798.65,797.6,796.32,804.5,320.1,121928,97093575.8,7079,AMRUTANJAN
2021-05-27,EQ,804.9,804.9,750.0,797.6,763.0,760.45,774.05,804.9,320.1,187118,144838215.05,14258,AMRUTANJAN
2021-05-28,EQ,704.0,730.25,686.15,760.45,702.0,700.7,714.05,804.9,320.1,363743,259729230.35,18949,AMRUTANJAN
2021-05-31,EQ,707.7,723.0,701.25,700.7,714.7,708.9,715.06,804.9,340.0,174768,124969855.2,10980,AMRUTANJAN
2021-06-01,EQ,710.0,719.95,692.45,708.9,700.5,696.6,702.51,804.9,340.0,71643,50330221.7,5561,AMRUTANJAN
2021-06-02,EQ,696.6,709.0,685.65,696.6,692.0,689.85,691.75,804.9,340.0,75558,52267193.75,5503,AMRUTANJAN
2021-06-03,EQ,698.7,708.9,688.55,689.85,697.95,695.25,696.17,804.9,340.0,86036,59896068.2,4981,AMRUTANJAN
2021-06-04,EQ,708.7,711.05,698.9,695.25,704.5,705.35,705.33,804.9,340.0,68609,48391987.8,3450,AMRUTANJAN
2021-06-07,EQ,712.6,715.0,695.0,705.35,702.9,699.95,705.49,804.9,340.0,58781,41469669.3,3204,AMRUTANJAN
2021-06-08,EQ,708.25,710.0,699.6,699.95,704.45,704.5,704.66,804.9,340.0,38545,27161082.65,2504,AMRUTANJAN
2021-06-09,EQ,709.95,710.0,688.0,704.5,701.0,700.05,701.99,804.9,340.0,45859,32192717.8,2935,AMRUTANJAN
2021-06-10,EQ,706.8,706.8,696.0,700.05,701.0,700.4,701.62,804.9,340.0,27143,19044062.4,2069,AMRUTANJAN
2021-06-11,EQ,704.95,708.0,699.7,700.4,707.0,704.15,703.99,804.9,340.0,31039,21851135.0,2167,AMRUTANJAN
2021-06-14,EQ,709.0,728.0,687.05,704.15,698.0,695.55,699.23,804.9,355.0,80254,56116091.3,4984,AMRUTANJAN
2021-06-15,EQ,702.0,708.0,695.0,695.55,696.35,698.3,699.67,804.9,355.0,29841,20878728.95,2283,AMRUTANJAN
2021-06-16,EQ,692.35,701.95,692.35,698.3,699.4,697.25,697.65,804.9,355.0,28288,19735144.5,2090,AMRUTANJAN
2021-06-17,EQ,699.8,699.8,690.1,697.25,694.0,692.0,695.02,804.9,355.0,20628,14336822.55,1905,AMRUTANJAN
2021-06-18,EQ,698.8,698.8,675.0,692.0,682.45,679.85,682.95,804.9,355.0,46193,31547336.05,3713,AMRUTANJAN
2021-06-21,EQ,676.0,694.05,673.7,679.85,689.0,686.6,687.03,804.9,355.0,26346,18100560.25,2533,AMRUTANJAN
2021-06-22,EQ,688.05,694.35,683.65,686.6,684.0,685.9,687.56,804.9,355.0,24234,16662379.6,1686,AMRUTANJAN
2021-06-23,EQ,685.3,704.8,675.0,685.9,680.25,680.4,681.38,804.9,355.0,31080,21177185.1,4046,AMRUTANJAN
2021-06-24,EQ,680.4,686.45,672.05,680.4,677.0,675.55,677.81,804.9,355.0,29860,20239403.1,4171,AMRUTANJAN
2021-06-25,EQ,682.0,687.25,672.0,675.55,675.05,676.1,678.84,804.9,355.0,29509,20031993.2,3752,AMRUTANJAN
2021-06-28,EQ,688.0,688.0,675.1,676.1,679.0,677.5,678.97,804.9,355.0,21155,14363547.45,1569,AMRUTANJAN
2021-06-29,EQ,683.5,692.25,675.75,677.5,686.0,685.4,684.96,804.9,355.0,35248,24143625.3,3180,AMRUTANJAN
2021-06-30,EQ,685.45,708.0,685.45,685.4,702.0,701.05,700.34,804.9,355.0,86828,60809374.9,6925,AMRUTANJAN
2021-07-01,EQ,707.45,717.8,702.0,701.05,712.45,711.25,711.41,804.9,355.0,68906,49020299.8,5102,AMRUTANJAN
2021-07-02,EQ,716.9,730.7,713.05,711.25,715.55,717.1,722.08,804.9,355.0,105899,76467997.15,6220,AMRUTANJAN
2021-07-05,EQ,722.8,725.95,707.0,717.1,712.35,716.2,719.5,804.9,355.0,88715,63830251.65,10056,AMRUTANJAN
2021-07-06,EQ,714.0,717.15,693.0,716.2,703.9,699.6,707.39,804.9,355.0,51643,36531778.3,5753,AMRUTANJAN
2021-07-07,EQ,701.65,709.85,700.0,699.6,704.85,703.95,704.84,804.9,355.0,29504,20795513.55,2738,AMRUTANJAN
2021-07-08,EQ,707.4,717.5,703.95,703.95,705.0,707.75,710.99,804.9,355.0,29637,21071659.45,2618,AMRUTANJAN
2021-07-09,EQ,710.0,720.25,705.0,707.75,712.7,714.8,713.83,804.9,355.0,32814,23423549.35,2889,AMRUTANJAN
2021-07-12,EQ,730.0,733.3,715.1,714.8,720.0,719.55,724.6,804.9,367.1,59059,42794252.4,5301,AMRUTANJAN
2021-07-13,EQ,724.0,726.6,715.0,719.55,718.5,716.95,720.58,804.9,367.1,27192,19593888.45,2514,AMRUTANJAN
2021-07-14,EQ,716.95,734.8,710.0,716.95,711.5,712.4,720.61,804.9,367.1,47508,34234709.55,3641,AMRUTANJAN
2021-07-15,EQ,716.0,721.0,708.35,712.4,713.0,712.3,716.23,804.9,367.1,20680,14811627.35,2391,AMRUTANJAN
2021-07-16,EQ,718.0,718.0,703.2,712.3,705.1,706.1,709.45,804.9,367.1,29845,21173398.5,2705,AMRUTANJAN
2021-07-19,EQ,704.4,704.4,690.0,706.1,692.95,691.55,695.58,804.9,382.0,51700,35961452.55,4380,AMRUTANJAN
2021-07-20,EQ,694.0,702.95,688.0,691.55,690.8,691.7,694.17,804.9,382.0,33997,23599676.45,3279,AMRUTANJAN
2021-07-22,EQ,701.9,701.9,686.0,691.7,689.85,687.65,690.95,804.9,382.0,30800,21281140.6,2675,AMRUTANJAN
2021-07-23,EQ,691.0,691.0,685.0,687.65,688.0,687.55,687.73,804.9,382.0,16084,11061463.2,1880,AMRUTANJAN
2021-07-26,EQ,676.4,685.95,662.35,687.55,671.5,670.25,668.04,804.9,382.0,140859,94099406.45,11190,AMRUTANJAN
2021-07-27,EQ,674.8,679.6,660.0,670.25,664.0,662.3,668.65,804.9,382.0,39200,26211049.95,4262,AMRUTANJAN
2021-07-28,EQ,667.9,669.25,652.55,662.3,665.45,662.15,661.9,804.9,382.0,37138,24581770.25,4743,AMRUTANJAN
2021-07-29,EQ,665.5,676.15,658.5,662.15,667.55,665.25,666.37,804.9,382.0,26750,17825364.1,2577,AMRUTANJAN
2021-07-30,EQ,666.0,695.3,666.0,665.25,680.35,682.9,682.3,804.9,382.0,38472,26249271.3,3703,AMRUTANJAN
2021-08-02,EQ,685.0,703.0,685.0,682.9,697.4,696.15,696.47,804.9,400.25,37310,25985320.75,3624,AMRUTANJAN
2021-08-03,EQ,702.95,703.85,691.4,696.15,694.0,693.7,698.12,804.9,400.25,19817,13834657.3,2349,AMRUTANJAN
2021-08-04,EQ,693.75,706.95,684.0,693.7,685.05,685.05,694.69,804.9,400.25,25263,17549959.9,2600,AMRUTANJAN
2021-08-05,EQ,688.5,689.85,671.2,685.05,678.0,679.75,678.26,804.9,400.25,15199,10308829.25,2036,AMRUTANJAN
2021-08-06,EQ,681.0,702.2,678.5,679.75,692.5,693.5,690.72,804.9,400.25,27404,18928559.65,2764,AMRUTANJAN
2021-08-09,EQ,694.0,725.0,692.45,693.5,724.5,721.35,711.61,804.9,400.25,121594,86527175.85,7582,AMRUTANJAN
2021-08-10,EQ,725.5,744.85,678.1,721.35,683.0,684.3,722.34,804.9,400.25,228238,164865730.45,17384,AMRUTANJAN
2021-08-11,EQ,688.0,698.0,656.25,684.3,674.0,675.5,672.47,804.9,400.25,89756,60357836.7,6560,AMRUTANJAN
2021-08-12,EQ,679.0,699.0,668.5,675.5,684.5,681.35,680.04,804.9,400.25,78238,53204826.3,3832,AMRUTANJAN
2021-08-13,EQ,687.7,695.75,657.0,681.35,670.1,671.9,677.49,804.9,400.25,54056,36622258.6,4293,AMRUTANJAN
2021-08-16,EQ,717.0,718.0,684.9,671.9,700.0,704.05,698.82,804.9,400.25,153521,107283051.55,9412,AMRUTANJAN
2021-08-17,EQ,711.25,714.7,702.0,704.05,703.95,705.1,706.71,804.9,400.25,71840,50770097.9,4258,AMRUTANJAN
2021-08-18,EQ,708.65,708.65,687.55,705.1,693.75,691.35,697.0,804.9,400.25,50408,35134396.65,2759,AMRUTANJAN
2021-08-20,EQ,690.0,698.4,678.5,691.35,685.9,682.8,686.06,804.9,400.25,92700,63597746.9,4837,AMRUTANJAN
2021-08-23,EQ,683.1,700.0,665.0,682.8,672.25,678.05,679.75,804.9,400.25,36428,24761856.15,3107,AMRUTANJAN
2021-08-24,EQ,676.65,695.75,674.25,678.05,691.0,689.25,687.29,804.9,400.25,36447,25049812.05,2709,AMRUTANJAN
2021-08-25,EQ,694.9,703.75,689.25,689.25,692.0,694.05,697.15,804.9,400.25,31200,21751203.15,1936,AMRUTANJAN
2021-08-26,EQ,693.0,709.0,691.6,694.05,700.05,702.9,701.86,804.9,400.25,46236,32451039.9,2992,AMRUTANJAN
2021-08-27,EQ,702.9,731.0,698.35,702.9,729.35,728.45,719.2,804.9,400.25,160493,115425809.2,9376,AMRUTANJAN
2021-08-30,EQ,746.9,746.9,720.25,728.45,724.95,725.0,736.35,804.9,400.25,91990,67736852.8,6821,AMRUTANJAN
2021-08-31,EQ,728.65,735.0,711.7,725.0,716.6,716.8,722.09,804.9,400.25,28012,20227112.85,2736,AMRUTANJAN
2021-09-01,EQ,720.0,733.0,701.35,716.8,706.0,704.9,714.4,804.9,400.25,50871,36342232.3,3987,AMRUTANJAN
2021-09-02,EQ,705.0,720.35,700.0,704.9,717.0,716.45,712.72,804.9,400.25,32952,23485470.8,3106,AMRUTANJAN
2021-09-03,EQ,716.0,728.0,706.55,716.45,714.45,713.35,718.5,804.9,400.25,31494,22628358.3,3232,AMRUTANJAN
2021-09-06,EQ,725.0,737.0,714.2,713.35,717.7,715.95,723.48,804.9,400.25,68783,49763105.15,5701,AMRUTANJAN
2021-09-07,EQ,724.4,733.3,712.15,715.95,717.7,717.35,723.32,804.9,400.25,75194,54389605.4,5283,AMRUTANJAN
2021-09-08,EQ,720.95,724.0,715.0,717.35,716.0,716.0,718.88,804.9,400.25,14278,10264180.75,1696,AMRUTANJAN
2021-09-09,EQ,719.5,725.0,715.65,716.0,720.0,719.15,720.22,804.9,400.25,16084,11584098.7,1967,AMRUTANJAN
2021-09-13,EQ,722.0,739.0,720.55,719.15,727.0,727.55,731.35,804.9,400.25,68595,50166960.0,5696,AMRUTANJAN
2021-09-14,EQ,725.0,739.9,725.0,727.55,739.0,737.05,734.58,804.9,400.25,37118,27266200.65,4035,AMRUTANJAN
2021-09-15,EQ,740.0,753.3,725.0,737.05,733.05,733.6,740.45,804.9,400.25,72762,53876918.8,6290,AMRUTANJAN
2021-09-16,EQ,739.95,749.5,729.35,733.6,741.0,737.7,741.63,804.9,400.25,41407,30708811.25,3474,AMRUTANJAN
2021-09-17,EQ,740.0,749.0,730.0,737.7,744.0,746.95,740.98,804.9,400.25,56219,41657013.4,5229,AMRUTANJAN
2021-09-20,EQ,747.9,803.95,736.05,746.95,779.0,772.95,782.25,804.9,400.25,395614,309470950.1,26650,AMRUTANJAN
2021-09-21,EQ,785.5,883.0,770.3,772.95,854.1,849.85,848.12,883.0,400.25,1637420,1388726330.1,90880,AMRUTANJAN
2021-09-22,EQ,859.95,865.0,831.0,849.85,836.0,835.25,849.72,883.0,400.25,415615,353155869.6,26689,AMRUTANJAN
2021-09-23,EQ,843.0,862.0,815.1,835.25,820.0,821.3,841.24,883.0,400.25,332879,280029484.15,20776,AMRUTANJAN
2021-09-24,EQ,828.0,852.0,822.0,821.3,824.0,826.8,836.67,883.0,400.25,234786,196439508.45,13972,AMRUTANJAN
2021-09-27,EQ,837.95,860.0,836.15,826.8,838.9,839.25,845.4,883.0,400.25,291508,246441009.9,16311,AMRUTANJAN
2021-09-28,EQ,843.9,846.85,832.5,839.25,839.8,838.9,839.27,883.0,400.25,108811,91322050.25,7275,AMRUTANJAN
2021-09-29,EQ,831.0,839.7,820.1,838.9,829.5,826.5,829.2,883.0,400.25,85818,71160115.05,8484,AMRUTANJAN
2021-09-30,EQ,829.8,845.9,827.05,826.5,831.1,835.2,835.96,883.0,400.25,76953,64329454.3,7033,AMRUTANJAN
2021-10-01,EQ,835.0,836.7,820.0,835.2,824.9,821.3,824.69,883.0,400.25,59794,49311382.6,5672,AMRUTANJAN
2021-10-04,EQ,829.85,843.25,823.15,821.3,824.9,827.0,833.71,883.0,400.25,64668,53914344.0,6234,AMRUTANJAN
2021-10-05,EQ,829.0,834.8,819.95,827.0,827.7,828.0,826.9,883.0,400.25,56661,46853123.75,5559,AMRUTANJAN
2021-10-06,EQ,829.95,869.65,829.05,828.0,836.55,841.8,846.05,883.0,400.25,341673,289073772.35,23078,AMRUTANJAN
2021-10-07,EQ,846.4,853.15,830.1,841.8,832.7,834.55,843.1,883.0,400.25,65762,55444078.5,6028,AMRUTANJAN
2021-10-08,EQ,839.4,845.55,822.1,834.55,830.5,827.45,834.35,883.0,400.25,54625,45576377.05,4021,AMRUTANJAN
2021-10-11,EQ,833.4,835.4,822.2,827.45,826.7,826.35,828.92,883.0,400.25,39780,32974527.8,4772,AMRUTANJAN
2021-10-12,EQ,829.75,849.95,824.95,826.35,834.0,830.6,833.92,883.0,400.25,47142,39312620.65,6045,AMRUTANJAN
2021-10-13,EQ,850.5,904.85,834.65,830.6,889.0,884.85,875.37,904.85,400.25,740079,647843252.0,48746,AMRUTANJAN
2021-10-14,EQ,925.55,940.0,902.0,884.85,911.3,907.65,925.39,940.0,400.25,509193,471204400.75,36481,AMRUTANJAN
2021-10-18,EQ,929.8,985.0,925.85,907.65,973.0,971.6,961.04,985.0,403.4,438190,421116246.9,34252,AMRUTANJAN
2021-10-19,EQ,982.0,984.4,912.65,971.6,949.0,930.55,960.32,985.0,403.4,223482,214613735.35,20283,AMRUTANJAN
2021-10-20,EQ,928.0,928.0,866.25,930.55,901.0,902.1,900.39,985.0,403.4,147495,132802675.15,15153,AMRUTANJAN
2021-10-21,EQ,907.9,939.25,903.1,902.1,928.3,925.15,923.24,985.0,403.4,88384,81599859.25,8935,AMRUTANJAN
2021-10-22,EQ,936.1,952.45,896.55,925.15,906.6,905.15,923.43,985.0,403.4,126448,116766256.15,13790,AMRUTANJAN
2021-10-25,EQ,950.0,950.0,909.0,905.15,909.9,916.6,920.35,985.0,404.0,125860,115834985.55,10845,AMRUTANJAN
2021-10-26,EQ,913.0,925.0,903.05,916.6,920.1,919.9,916.96,985.0,404.0,63417,58151094.05,7033,AMRUTANJAN
2021-10-27,EQ,922.0,949.8,914.95,919.9,930.0,924.9,934.2,985.0,404.0,83599,78098078.6,7201,AMRUTANJAN
2021-10-28,EQ,921.9,923.55,901.0,924.9,910.0,907.6,910.27,985.0,404.0,49849,45375858.6,6292,AMRUTANJAN
2021-10-29,EQ,912.9,929.0,895.0,907.6,914.9,912.2,913.99,985.0,404.0,57615,52659544.7,7765,AMRUTANJAN
2021-11-01,EQ,919.9,932.6,912.35,912.2,922.9,920.9,919.92,985.0,409.5,32015,29451114.6,6680,AMRUTANJAN
2021-11-02,EQ,924.4,935.85,916.0,920.9,925.5,923.45,926.36,985.0,409.5,36897,34180000.8,6124,AMRUTANJAN
2021-11-03,EQ,927.8,927.8,917.75,923.45,926.0,925.55,923.58,985.0,409.5,35636,32912741.35,3914,AMRUTANJAN
2021-11-04,EQ,939.9,995.0,934.95,925.55,990.0,975.0,965.28,995.0,409.5,103719,100118394.6,9922,AMRUTANJAN
2021-11-08,EQ,1010.0,1024.55,970.0,975.0,990.0,992.05,1001.58,1024.55,419.8,164345,164605444.65,15298,AMRUTANJAN
2021-11-09,EQ,993.8,997.5,950.0,992.05,966.0,960.45,977.7,1024.55,419.8,105082,102738797.9,9184,AMRUTANJAN
2021-11-10,EQ,942.0,982.45,903.3,960.45,926.0,920.5,943.03,1024.55,419.8,162049,152817518.85,19348,AMRUTANJAN
2021-11-11,EQ,929.95,949.75,916.0,920.5,938.35,944.15,931.24,1024.55,419.8,71698,66767940.35,6200,AMRUTANJAN
2021-11-12,EQ,954.0,966.2,934.5,944.15,953.1,953.7,950.45,1024.55,419.8,48405,46006591.45,5148,AMRUTANJAN
2021-11-15,EQ,962.8,963.85,902.65,953.7,924.0,924.65,932.8,1024.55,439.4,45399,42348151.65,5811,AMRUTANJAN
2021-11-16,EQ,922.0,940.6,922.0,924.65,934.95,930.7,933.92,1024.55,439.4,38008,35496381.1,4732,AMRUTANJAN
2021-11-17,EQ,930.7,941.5,927.95,930.7,932.05,933.65,933.89,1024.55,439.4,25802,24096302.65,3535,AMRUTANJAN
2021-11-18,EQ,940.35,940.35,906.2,933.65,916.9,914.5,921.28,1024.55,439.4,41586,38312259.15,6307,AMRUTANJAN
2021-11-22,EQ,914.0,919.5,878.3,914.5,899.0,893.0,900.29,1024.55,439.4,80869,72805526.5,11337,AMRUTANJAN
2021-11-23,EQ,893.0,915.8,875.65,893.0,908.0,904.75,902.34,1024.55,439.4,47230,42617685.8,7364,AMRUTANJAN
2021-11-24,EQ,912.8,919.75,893.25,904.75,899.45,899.0,905.72,1024.55,439.4,65322,59163690.25,9334,AMRUTANJAN
2021-11-25,EQ,898.0,909.85,892.0,899.0,902.6,898.45,901.73,1024.55,439.4,16905,15243767.4,2074,AMRUTANJAN
2021-11-26,EQ,895.0,913.85,885.0,898.45,895.05,895.85,896.25,1024.55,439.4,41309,37023148.15,5989,AMRUTANJAN
2021-11-29,EQ,890.05,890.1,840.55,895.85,879.55,873.9,870.69,1024.55,439.4,40791,35516370.45,6869,AMRUTANJAN
2021-11-30,EQ,878.3,904.5,875.0,873.9,890.0,889.15,892.21,1024.55,439.4,23293,20782275.15,3175,AMRUTANJAN
2021-12-01,EQ,893.6,902.95,885.0,889.15,888.0,887.6,891.27,1024.55,439.4,17783,15849534.7,2914,AMRUTANJAN
2021-12-02,EQ,891.9,904.5,885.75,887.6,899.1,902.7,896.61,1024.55,439.4,34070,30547529.25,5272,AMRUTANJAN
2021-12-03,EQ,904.5,913.1,900.2,902.7,906.05,907.75,907.45,1024.55,439.4,17857,16204274.7,2458,AMRUTANJAN
2021-12-06,EQ,920.0,924.0,892.75,907.75,899.9,901.85,912.45,1024.55,439.4,28790,26269311.75,3910,AMRUTANJAN
2021-12-07,EQ,896.1,924.0,896.1,901.85,922.2,919.45,913.15,1024.55,439.4,22542,20584334.3,2500,AMRUTANJAN
2021-12-08,EQ,929.9,937.9,911.45,919.45,924.7,922.45,927.18,1024.55,439.4,25543,23682879.55,4964,AMRUTANJAN
2021-12-09,EQ,924.3,926.8,903.45,922.45,912.4,914.9,914.34,1024.55,439.4,31521,28820976.75,6573,AMRUTANJAN
2021-12-10,EQ,917.95,925.0,915.0,914.9,920.0,920.5,920.45,1024.55,439.4,14228,13096114.7,2548,AMRUTANJAN
2021-12-13,EQ,928.0,929.55,900.0,920.5,902.0,903.35,907.61,1024.55,439.4,29645,26906220.65,4937,AMRUTANJAN
2021-12-14,EQ,899.0,910.0,890.1,903.35,900.0,901.55,900.41,1024.55,439.4,18425,16590092.1,2989,AMRUTANJAN
2021-12-15,EQ,906.0,906.05,890.0,901.55,894.6,894.15,897.22,1024.55,439.4,16069,14417477.85,2960,AMRUTANJAN
2021-12-16,EQ,896.1,911.1,891.1,894.15,899.0,901.45,896.76,1024.55,439.4,14686,13169824.4,1731,AMRUTANJAN
2021-12-17,EQ,895.05,909.9,882.5,901.45,900.45,899.4,895.73,1024.55,439.4,21204,18992993.0,2853,AMRUTANJAN
2021-12-20,EQ,895.0,895.7,872.0,899.4,879.0,879.45,881.63,1024.55,439.4,63413,55906899.75,8514,AMRUTANJAN
2021-12-21,EQ,910.0,910.0,882.2,879.45,899.9,895.95,892.36,1024.55,439.4,34399,30696308.6,5109,AMRUTANJAN
2021-12-22,EQ,906.0,906.0,892.0,895.95,894.0,896.15,899.32,1024.55,439.4,12631,11359265.25,2457,AMRUTANJAN
2021-12-23,EQ,899.3,913.7,896.6,896.15,899.95,901.45,904.3,1024.55,439.4,22512,20357656.5,3136,AMRUTANJAN
2021-12-24,EQ,900.1,909.45,893.3,901.45,897.0,898.7,899.53,1024.55,439.4,25093,22571928.45,5658,AMRUTANJAN
2021-12-27,EQ,899.9,920.35,892.85,898.7,916.5,915.45,913.51,1024.55,439.4,82863,75696421.15,10983,AMRUTANJAN
2021-12-28,EQ,928.2,928.2,914.0,915.45,916.5,915.55,920.27,1024.55,439.4,25624,23581042.05,3683,AMRUTANJAN
2021-12-29,EQ,919.8,926.9,905.3,915.55,909.65,908.0,917.18,1024.55,439.4,19837,18194074.95,3200,AMRUTANJAN
2021-12-30,EQ,916.9,954.45,905.2,908.0,937.0,935.65,940.01,1024.55,439.4,109708,103126680.8,10802,AMRUTANJAN
2021-12-31,EQ,939.9,946.0,925.0,935.65,936.0,936.5,938.58,1024.55,439.4,36906,34639096.1,4919,AMRUTANJAN
2022-01-03,EQ,944.0,949.6,929.2,936.5,934.4,933.0,937.6,1024.55,439.4,24250,22736809.9,3383,AMRUTANJAN
2022-01-04,EQ,940.35,942.3,920.0,933.0,933.0,931.0,929.62,1024.55,439.4,25251,23473849.5,3676,AMRUTANJAN
2022-01-05,EQ,935.0,974.9,929.9,931.0,957.2,958.1,955.57,1024.55,439.4,109237,104383519.25,10510,AMRUTANJAN
2022-01-06,EQ,957.7,957.7,936.05,958.1,943.05,943.7,945.28,1024.55,439.4,21224,20062628.25,4026,AMRUTANJAN
2022-01-07,EQ,945.25,959.8,941.0,943.7,944.0,943.35,949.08,1024.55,439.4,22912,21745383.2,3743,AMRUTANJAN
2022-01-10,EQ,952.0,952.0,925.0,943.35,930.0,929.55,935.94,1024.55,439.4,29394,27510897.55,5403,AMRUTANJAN
2022-01-11,EQ,948.5,948.5,936.05,929.55,936.9,940.9,943.33,1024.55,439.4,26923,25397352.95,4564,AMRUTANJAN
2022-01-12,EQ,940.9,944.9,918.5,940.9,925.7,925.5,930.61,1024.55,439.4,31074,28917808.8,3657,AMRUTANJAN
2022-01-13,EQ,930.0,930.0,908.0,925.5,918.4,917.7,915.45,1024.55,439.4,47569,43547201.8,6784,AMRUTANJAN
2022-01-14,EQ,917.0,925.5,911.8,917.7,912.0,915.0,916.05,1024.55,439.4,22585,20689066.3,3072,AMRUTANJAN
2022-01-17,EQ,915.0,923.0,910.15,915.0,913.9,911.9,913.03,1024.55,439.4,22217,20284710.9,2487,AMRUTANJAN
2022-01-18,EQ,910.3,917.1,901.15,911.9,911.0,904.6,908.32,1024.55,439.4,33703,30613133.85,3158,AMRUTANJAN
2022-01-19,EQ,902.7,912.35,900.0,904.6,905.7,906.1,903.0,1024.55,439.4,22427,20251592.75,2781,AMRUTANJAN
2022-01-20,EQ,910.65,917.95,903.0,906.1,916.65,913.3,911.75,1024.55,439.4,18426,16799885.95,2961,AMRUTANJAN
2022-01-21,EQ,917.9,917.9,895.0,913.3,900.0,900.5,902.93,1024.55,439.4,18532,16733104.25,3134,AMRUTANJAN
2022-01-24,EQ,900.0,904.0,859.0,900.5,876.35,865.55,876.44,1024.55,439.4,48490,42498405.0,6631,AMRUTANJAN
2022-01-25,EQ,875.0,897.45,852.3,865.55,895.0,894.65,882.42,1024.55,439.4,20910,18451350.65,3646,AMRUTANJAN
2022-01-27,EQ,895.0,895.0,875.3,894.65,885.0,884.45,884.08,1024.55,439.4,20299,17946002.1,3485,AMRUTANJAN
2022-01-28,EQ,884.45,896.95,875.0,884.45,879.7,877.2,887.76,1024.55,439.4,12165,10799644.55,2410,AMRUTANJAN
2022-01-31,EQ,865.0,869.75,824.0,877.2,826.0,826.8,833.65,1024.55,439.4,115988,96692998.2,14228,AMRUTANJAN
2022-02-01,EQ,830.25,832.95,821.0,826.8,827.0,825.4,827.11,1024.55,439.4,30404,25147335.4,3887,AMRUTANJAN
2022-02-02,EQ,826.05,850.0,826.05,825.4,846.7,844.6,842.32,1024.55,439.4,34491,29052429.85,4009,AMRUTANJAN
2022-02-03,EQ,851.6,851.6,825.0,844.6,838.5,833.45,834.32,1024.55,439.4,24082,20092006.75,3835,AMRUTANJAN
2022-02-04,EQ,837.0,837.35,826.5,833.45,833.4,830.85,830.88,1024.55,439.4,17101,14208884.45,2353,AMRUTANJAN
2022-02-07,EQ,845.0,900.0,832.85,830.85,852.0,853.5,855.98,1024.55,439.4,36410,31166393.05,5540,AMRUTANJAN
2022-02-08,EQ,853.5,868.65,839.45,853.5,850.0,844.6,850.29,1024.55,439.4,18008,15312019.95,3303,AMRUTANJAN
2022-02-09,EQ,848.85,848.85,830.0,844.6,838.9,835.3,837.75,1024.55,439.4,13084,10961090.15,2133,AMRUTANJAN
2022-02-10,EQ,837.7,845.0,831.9,835.3,835.0,840.2,839.6,1024.55,439.4,10683,8969404.4,1842,AMRUTANJAN
2022-02-11,EQ,838.0,870.0,824.0,840.2,862.85,845.05,837.57,1024.55,439.4,49905,41798963.85,5700,AMRUTANJAN
2022-02-14,EQ,840.0,840.0,815.0,845.05,815.0,820.5,824.48,1024.55,439.4,26262,21652458.4,4314,AMRUTANJAN
2022-02-15,EQ,820.0,829.0,810.0,820.5,826.75,826.0,819.29,1024.55,439.4,13909,11395521.2,2790,AMRUTANJAN
2022-02-16,EQ,825.0,832.1,804.6,826.0,810.0,806.2,812.2,1024.55,439.4,30880,25080726.6,5150,AMRUTANJAN
2022-02-17,EQ,810.25,814.95,803.05,806.2,810.0,806.2,808.11,1024.55,439.4,28030,22651184.85,4291,AMRUTANJAN
2022-02-18,EQ,800.0,852.45,770.2,806.2,786.0,798.35,796.63,1024.55,439.4,71237,56749468.45,5687,AMRUTANJAN
2022-02-21,EQ,786.0,795.6,770.0,798.35,779.0,780.75,782.28,1024.55,439.4,21584,16884661.8,3534,AMRUTANJAN
2022-02-22,EQ,758.0,808.3,749.0,780.75,761.0,755.35,763.34,1024.55,439.4,61107,46645683.15,8099,AMRUTANJAN
2022-02-23,EQ,757.35,799.45,757.35,755.35,780.0,791.75,781.12,1024.55,439.4,17937,14010912.75,2210,AMRUTANJAN
2022-02-24,EQ,790.0,826.75,785.0,791.75,804.0,797.3,808.23,1024.55,439.4,196065,158465435.5,16274,AMRUTANJAN
2022-02-25,EQ,835.0,844.35,785.1,797.3,810.0,803.3,806.06,1024.55,439.4,92980,74947618.65,17429,AMRUTANJAN
2022-02-28,EQ,820.0,850.0,809.0,803.3,824.0,835.55,823.71,1024.55,439.4,83667,68917239.0,7813,AMRUTANJAN
2022-03-02,EQ,844.0,850.9,835.5,835.55,839.0,841.6,842.72,1024.55,439.4,29616,24958004.3,3401,AMRUTANJAN
2022-03-03,EQ,841.0,848.9,815.0,841.6,828.3,824.05,832.31,1024.55,439.4,21316,17741466.95,3199,AMRUTANJAN
2022-03-04,EQ,825.0,825.0,801.05,824.05,808.0,811.05,817.8,1024.55,439.4,21524,17602389.25,3768,AMRUTANJAN
2022-03-07,EQ,806.95,819.9,788.2,811.05,808.0,803.8,807.68,1024.55,439.4,42662,34457291.0,6806,AMRUTANJAN
2022-03-08,EQ,814.0,829.0,806.85,803.8,810.55,821.4,820.86,1024.55,439.4,16192,13291382.8,2291,AMRUTANJAN
2022-03-09,EQ,822.8,844.0,816.9,821.4,843.0,839.45,836.54,1024.55,439.4,21838,18268451.7,3308,AMRUTANJAN
2022-03-10,EQ,845.35,870.3,831.0,839.45,848.0,835.85,853.33,1024.55,439.4,30933,26395916.9,5752,AMRUTANJAN
2022-03-11,EQ,840.05,846.15,824.3,835.85,830.0,830.2,831.95,1024.55,439.4,16340,13594108.0,2585,AMRUTANJAN
2022-03-14,EQ,844.0,859.85,825.0,830.2,833.3,832.95,839.03,1024.55,439.4,27225,22842531.25,4802,AMRUTANJAN
2022-03-15,EQ,840.05,842.0,822.0,832.95,826.2,826.75,833.16,1024.55,439.4,16011,13339714.25,3125,AMRUTANJAN
2022-03-16,EQ,835.9,835.9,823.6,826.75,828.8,830.6,831.36,1024.55,439.4,10098,8395047.3,1729,AMRUTANJAN
2022-03-17,EQ,839.8,850.0,835.9,830.6,845.05,840.65,843.2,1024.55,439.4,17267,14559493.1,2144,AMRUTANJAN
2022-03-21,EQ,848.95,854.0,836.1,840.65,836.1,838.55,843.68,1024.55,502.0,16222,13686202.7,2284,AMRUTANJAN
2022-03-22,EQ,843.5,845.0,831.0,838.55,842.0,840.6,837.98,1024.55,502.0,13185,11048823.65,1807,AMRUTANJAN
2022-03-23,EQ,841.0,866.95,840.0,840.6,846.0,842.75,854.49,1024.55,502.0,21449,18327932.85,3077,AMRUTANJAN
2022-03-24,EQ,840.0,849.95,838.0,842.75,840.25,844.35,844.58,1024.55,502.0,10739,9069979.45,1895,AMRUTANJAN
2022-03-25,EQ,848.6,859.0,834.1,844.35,858.0,856.25,847.1,1024.55,502.0,12545,10626851.85,1801,AMRUTANJAN
2022-03-28,EQ,850.0,859.9,830.5,856.25,835.0,834.75,842.45,1024.55,546.0,23598,19880202.0,4808,AMRUTANJAN
2022-03-29,EQ,834.0,838.35,808.8,834.75,810.0,810.55,819.57,1024.55,546.0,26144,21426965.9,3643,AMRUTANJAN
2022-03-30,EQ,814.65,823.0,788.05,810.55,797.0,793.25,803.26,1024.55,546.0,63833,51274734.9,7613,AMRUTANJAN
2022-03-31,EQ,799.95,808.0,786.0,793.25,799.6,794.6,795.87,1024.55,546.0,37619,29939740.5,5610,AMRUTANJAN
2022-04-01,EQ,800.0,850.0,799.95,794.6,831.5,835.2,832.88,1024.55,546.0,56062,46692797.4,5932,AMRUTANJAN
2022-04-04,EQ,848.0,863.35,840.0,835.2,848.0,846.1,849.8,1024.55,546.0,26954,22905463.2,3816,AMRUTANJAN
2022-04-05,EQ,857.9,857.9,832.35,846.1,850.0,842.65,840.93,1024.55,546.0,32323,27181360.5,3642,AMRUTANJAN
2022-04-06,EQ,850.0,910.85,833.05,842.65,902.0,900.9,889.1,1024.55,546.0,119793,106507962.0,11371,AMRUTANJAN
2022-04-07,EQ,903.6,926.0,867.6,900.9,878.0,874.85,900.79,1024.55,546.0,68303,61526720.3,7806,AMRUTANJAN
2022-04-08,EQ,881.35,908.0,873.0,874.85,875.0,881.5,892.17,1024.55,546.0,36054,32166473.1,4415,AMRUTANJAN
2022-04-11,EQ,884.4,909.0,880.0,881.5,893.7,897.4,892.71,1024.55,569.45,31325,27964252.5,5830,AMRUTANJAN
2022-04-12,EQ,885.1,904.45,874.85,897.4,884.3,883.65,890.28,1024.55,569.45,28353,25242006.5,3638,AMRUTANJAN
2022-04-13,EQ,885.65,909.55,885.65,883.65,907.0,905.65,900.17,1024.55,569.45,29723,26755673.8,4510,AMRUTANJAN
2022-04-18,EQ,909.9,954.6,884.0,905.65,937.05,935.25,931.28,1024.55,590.0,113769,105951077.9,12396,AMRUTANJAN
2022-04-19,EQ,942.0,946.85,888.4,935.25,905.0,910.15,931.62,1024.55,590.0,61120,56940635.35,8113,AMRUTANJAN
2022-04-20,EQ,915.0,917.5,880.0,910.15,885.0,887.3,901.09,1024.55,590.0,50468,45476018.7,6334,AMRUTANJAN
2022-04-21,EQ,899.8,916.4,888.4,887.3,915.0,910.9,903.38,1024.55,590.0,17133,15477623.5,2751,AMRUTANJAN
2022-04-22,EQ,910.0,921.3,900.0,910.9,906.0,902.7,912.14,1024.55,590.0,28242,25760620.2,5089,AMRUTANJAN
2022-04-25,EQ,900.0,900.75,865.25,902.7,870.0,873.1,886.6,1024.55,616.2,49066,43502066.0,6435,AMRUTANJAN
2022-04-26,EQ,885.0,895.0,872.9,873.1,877.0,877.0,882.55,1024.55,616.2,19870,17536310.5,3391,AMRUTANJAN
2022-04-27,EQ,865.0,913.0,865.0,877.0,905.1,907.5,890.79,1024.55,616.2,40700,36255298.2,5792,AMRUTANJAN
2022-04-28,EQ,917.5,934.95,907.7,907.5,912.2,911.75,919.02,1024.55,616.2,43194,39696296.2,7908,AMRUTANJAN
2022-04-29,EQ,923.9,928.0,900.05,911.75,903.0,906.65,918.54,1024.55,616.2,24352,22368346.4,4450,AMRUTANJAN
2022-05-02,EQ,889.0,911.05,885.0,906.65,896.55,898.9,898.79,1024.55,616.2,21187,19042605.2,3414,AMRUTANJAN
2022-05-04,EQ,909.95,910.95,880.3,898.9,890.0,888.65,896.46,1024.55,616.2,25245,22631028.6,3860,AMRUTANJAN
2022-05-05,EQ,867.15,898.0,861.55,888.65,868.0,867.8,885.61,1024.55,616.2,24140,21378506.75,4184,AMRUTANJAN
2022-05-06,EQ,856.0,875.1,840.85,867.8,859.95,849.05,858.45,1024.55,616.2,28813,24734433.6,5433,AMRUTANJAN
2022-05-09,EQ,850.0,853.3,828.2,849.05,834.0,833.45,835.57,1024.55,630.0,16794,14032617.15,3570,AMRUTANJAN
2022-05-10,EQ,837.65,884.0,830.05,833.45,838.0,844.6,860.66,1024.55,630.0,97330,83768016.0,9029,AMRUTANJAN
2022-05-11,EQ,842.35,847.0,800.0,844.6,817.0,806.75,813.11,1024.55,630.0,44340,36053214.4,7062,AMRUTANJAN
2022-05-12,EQ,787.35,802.6,772.8,806.75,787.7,785.15,789.17,1024.55,630.0,31271,24678029.65,4854,AMRUTANJAN
2022-05-13,EQ,795.0,819.6,791.05,785.15,815.0,813.0,809.54,1024.55,630.0,24507,19839479.3,4066,AMRUTANJAN
2022-05-16,EQ,817.95,835.85,807.4,813.0,823.05,828.7,823.6,1024.55,652.55,28817,23733805.4,4844,AMRUTANJAN
2022-05-17,EQ,832.85,835.75,819.95,828.7,832.0,825.3,826.98,1024.55,652.55,15571,12876874.15,2760,AMRUTANJAN
2022-05-18,EQ,829.45,840.0,821.0,825.3,821.1,824.85,831.29,1024.55,652.55,9766,8118425.25,1913,AMRUTANJAN
2022-05-19,EQ,822.0,830.25,806.45,824.85,814.05,814.05,818.59,1024.55,652.55,11314,9261503.05,2216,AMRUTANJAN
2022-05-20,EQ,826.25,841.0,820.0,814.05,836.5,834.55,832.21,1024.55,652.55,10267,8544335.0,2390,AMRUTANJAN
2022-05-23,EQ,837.95,850.0,830.0,834.55,843.7,846.25,842.01,1024.55,652.55,15094,12709235.55,2060,AMRUTANJAN
2022-05-24,EQ,850.5,850.5,819.85,846.25,825.0,824.4,833.88,1024.55,652.55,13451,11216568.1,2150,AMRUTANJAN
2022-05-25,EQ,820.0,840.2,775.05,824.4,786.95,789.05,810.01,1024.55,652.55,32541,26358540.1,4274,AMRUTANJAN
2022-05-26,EQ,800.0,804.5,756.15,789.05,777.05,777.45,777.66,1024.55,652.55,33056,25706189.85,6620,AMRUTANJAN
2022-05-27,EQ,789.1,797.65,781.75,777.45,785.3,786.25,788.32,1024.55,652.55,9467,7463054.35,1709,AMRUTANJAN
2022-05-30,EQ,790.2,822.95,786.0,786.25,820.0,809.7,802.7,1024.55,652.55,10886,8738195.4,1859,AMRUTANJAN
2022-05-31,EQ,813.75,825.0,806.05,809.7,823.8,823.35,817.78,1024.55,652.55,7421,6068728.75,1546,AMRUTANJAN
2022-06-01,EQ,827.5,831.85,813.55,823.35,816.5,818.05,824.44,1024.55,652.55,12567,10360711.6,1850,AMRUTANJAN
2022-06-02,EQ,815.0,838.9,813.95,818.05,829.2,834.0,828.29,1024.55,652.55,9682,8019458.35,1935,AMRUTANJAN
2022-06-03,EQ,842.0,842.0,820.1,834.0,829.95,826.35,830.59,1024.55,652.55,8477,7040916.0,1762,AMRUTANJAN
2022-06-06,EQ,830.5,839.75,820.0,826.35,825.0,828.55,829.35,1024.55,652.55,9201,7630811.95,1980,AMRUTANJAN
2022-06-07,EQ,826.75,837.7,793.95,828.55,807.0,806.35,809.78,1024.55,652.55,17239,13959779.6,2455,AMRUTANJAN
2022-06-08,EQ,810.4,819.0,797.6,806.35,801.0,804.4,808.54,1024.55,652.55,6731,5442285.2,1525,AMRUTANJAN
2022-06-09,EQ,804.4,825.0,801.0,804.4,820.05,818.2,810.49,1024.55,652.55,9404,7621874.5,1955,AMRUTANJAN
2022-06-10,EQ,805.0,822.1,803.5,818.2,815.0,816.5,816.3,1024.55,652.55,9800,7999765.0,2091,AMRUTANJAN
2022-06-13,EQ,802.25,814.45,795.0,816.5,802.5,800.05,799.25,1024.55,652.55,13236,10578819.2,2062,AMRUTANJAN
2022-06-14,EQ,795.0,820.0,795.0,800.05,819.9,815.45,808.38,1024.55,652.55,11973,9678762.2,1843,AMRUTANJAN
2022-06-15,EQ,815.0,829.3,808.6,815.45,817.0,820.8,819.95,1024.55,652.55,9801,8036298.2,1597,AMRUTANJAN
2022-06-16,EQ,812.35,824.95,795.0,820.8,801.0,800.55,806.08,1024.55,652.55,8003,6451022.0,1811,AMRUTANJAN
2022-06-17,EQ,800.6,802.1,786.0,800.55,787.3,790.05,790.09,1024.55,652.55,9523,7523988.75,2064,AMRUTANJAN
2022-06-20,EQ,808.0,808.0,753.05,790.05,767.45,762.9,777.19,1024.55,652.55,41727,32429840.6,6029,AMRUTANJAN
2022-06-21,EQ,790.0,790.0,766.1,762.9,777.05,780.05,779.81,1024.55,652.55,28712,22389978.6,4849,AMRUTANJAN
2022-06-22,EQ,784.0,789.8,772.6,780.05,783.0,784.7,784.85,1024.55,652.55,6536,5129763.2,1198,AMRUTANJAN
2022-06-23,EQ,788.65,791.0,775.0,784.7,785.0,781.3,782.73,1024.55,652.55,11272,8822973.75,1977,AMRUTANJAN
2022-06-24,EQ,776.0,792.0,776.0,781.3,792.0,789.6,787.53,1024.55,652.55,6510,5126799.8,974,AMRUTANJAN
2022-06-27,EQ,790.15,799.0,784.95,789.6,788.0,789.8,790.5,1024.55,652.55,8302,6562715.05,1428,AMRUTANJAN
2022-06-28,EQ,790.0,796.5,781.35,789.8,787.0,789.65,790.89,1024.55,652.55,6627,5241247.65,1265,AMRUTANJAN
2022-06-29,EQ,782.0,789.9,777.0,789.65,778.0,779.0,782.6,1024.55,652.55,7035,5505618.35,1213,AMRUTANJAN
2022-06-30,EQ,782.0,794.5,775.3,779.0,794.0,788.95,783.79,1024.55,652.55,8511,6670865.2,2518,AMRUTANJAN
2022-07-01,EQ,792.9,798.95,777.15,788.95,788.0,792.95,789.07,1024.55,652.55,14878,11739839.85,7291,AMRUTANJAN
2022-07-04,EQ,797.05,809.65,786.1,792.95,789.0,792.85,797.34,1024.55,652.55,17693,14107327.15,5686,AMRUTANJAN
2022-07-05,EQ,799.75,807.9,785.0,792.85,799.0,799.1,798.64,1024.55,652.55,18557,14820388.9,3284,AMRUTANJAN
2022-07-06,EQ,803.1,808.5,789.05,799.1,799.0,795.7,799.21,1024.55,652.55,9597,7670008.25,1492,AMRUTANJAN
2022-07-07,EQ,805.0,812.55,795.05,795.7,809.0,803.4,804.41,1024.55,652.55,16037,12900361.15,5053,AMRUTANJAN
2022-07-08,EQ,814.0,814.0,784.95,803.4,787.1,788.3,793.56,1024.55,652.55,29666,23541827.95,5477,AMRUTANJAN
2022-07-11,EQ,792.25,795.0,769.0,788.3,779.0,777.3,777.59,1024.55,652.55,39973,31082481.45,5747,AMRUTANJAN
2022-07-12,EQ,781.2,784.45,772.95,777.3,780.0,779.5,778.91,1024.55,652.55,7998,6229687.35,1327,AMRUTANJAN
2022-07-13,EQ,774.25,782.95,770.05,779.5,778.0,775.55,777.16,1024.55,652.55,10533,8185867.4,1709,AMRUTANJAN
2022-07-14,EQ,779.45,782.15,768.0,775.55,774.15,771.35,773.16,1024.55,652.55,7926,6128049.05,1212,AMRUTANJAN
2022-07-15,EQ,775.25,778.45,768.0,771.35,774.95,772.55,772.92,1024.55,652.55,5827,4503782.55,1245,AMRUTANJAN
2022-07-18,EQ,776.45,778.0,770.0,772.55,774.7,773.85,774.28,1024.55,652.55,13617,10543332.8,1276,AMRUTANJAN
2022-07-19,EQ,777.0,780.5,770.05,773.85,774.95,773.6,774.71,1024.55,652.55,12633,9786890.95,1583,AMRUTANJAN
2022-07-20,EQ,777.5,790.0,775.45,773.6,778.0,777.6,781.25,1024.55,652.55,30465,23800932.25,4641,AMRUTANJAN
2022-07-21,EQ,781.5,785.0,770.0,777.6,779.9,774.55,774.71,1024.55,652.55,19507,15112221.55,1880,AMRUTANJAN
2022-07-22,EQ,774.55,794.9,774.55,774.55,792.85,791.7,786.11,1024.55,652.55,12630,9928554.35,1792,AMRUTANJAN
2022-07-25,EQ,798.0,798.0,780.0,791.7,785.0,784.9,787.8,1024.55,652.55,11085,8732798.65,2222,AMRUTANJAN
2022-07-26,EQ,788.85,788.85,773.35,784.9,774.85,775.0,778.45,1024.55,652.55,12152,9459664.85,1023,AMRUTANJAN
2022-07-27,EQ,784.7,784.7,771.0,775.0,781.0,778.25,778.66,1024.55,652.55,4320,3363795.0,1172,AMRUTANJAN
2022-07-28,EQ,782.15,814.95,782.15,778.25,801.9,803.65,800.42,1024.55,652.55,27802,22253376.05,3758,AMRUTANJAN
2022-07-29,EQ,801.9,815.9,795.25,803.65,804.5,801.65,805.59,1024.55,652.55,22716,18299839.45,4594,AMRUTANJAN
2022-08-01,EQ,812.45,813.0,799.6,801.65,805.95,805.4,806.16,1024.55,656.25,16684,13449926.15,2485,AMRUTANJAN
2022-08-02,EQ,805.0,822.0,801.0,805.4,801.0,804.85,811.62,1024.55,656.25,20985,17031800.65,3470,AMRUTANJAN
2022-08-03,EQ,799.15,811.7,797.15,804.85,805.95,806.1,804.58,1024.55,656.25,16651,13397114.2,2401,AMRUTANJAN
2022-08-04,EQ,810.0,817.75,803.5,806.1,807.95,811.95,810.82,1024.55,656.25,11453,9286300.35,1558,AMRUTANJAN
2022-08-05,EQ,816.05,821.0,808.4,811.95,810.85,813.8,815.4,1024.55,656.25,16662,13586230.65,2763,AMRUTANJAN
2022-08-08,EQ,815.0,834.9,810.1,813.8,828.0,828.5,827.69,1024.55,656.25,34527,28577701.65,3863,AMRUTANJAN
2022-08-10,EQ,820.25,827.0,813.45,828.5,817.0,815.05,819.85,1024.55,656.25,10832,8880631.9,1679,AMRUTANJAN
2022-08-11,EQ,819.15,819.8,811.0,815.05,815.5,815.25,815.85,1024.55,656.25,8754,7141912.0,1656,AMRUTANJAN
2022-08-12,EQ,819.0,847.25,815.45,815.25,847.25,843.85,835.42,1024.55,656.25,37194,31072787.65,4987,AMRUTANJAN
2022-08-16,EQ,800.0,803.95,760.0,843.85,762.25,761.75,766.85,1024.55,665.0,228155,174959942.35,18096,AMRUTANJAN
2022-08-17,EQ,770.9,774.0,761.75,761.75,767.5,765.6,767.62,1024.55,665.0,62055,47634684.5,11016,AMRUTANJAN
2022-08-18,EQ,774.0,774.9,765.65,765.6,769.75,769.0,768.45,1024.55,665.0,26441,20318590.45,3000,AMRUTANJAN
2022-08-19,EQ,767.05,771.5,758.55,769.0,760.3,759.85,763.93,1024.55,665.0,36988,28256393.75,3178,AMRUTANJAN
2022-08-22,EQ,759.0,759.0,745.0,759.85,747.0,748.55,749.42,1024.55,665.0,34445,25813733.9,4761,AMRUTANJAN
2022-08-23,EQ,740.1,748.3,737.0,748.55,744.9,742.9,742.35,1024.55,665.0,34641,25715691.0,5268,AMRUTANJAN
2022-08-24,EQ,749.9,760.0,721.2,742.9,734.6,729.05,734.88,1024.55,665.0,52613,38664472.15,5168,AMRUTANJAN
2022-08-25,EQ,732.0,745.95,731.95,729.05,739.0,741.2,740.06,1024.55,665.0,24899,18426855.1,3537,AMRUTANJAN
2022-08-26,EQ,742.0,758.0,741.3,741.2,750.0,749.85,750.97,1024.55,665.0,24612,18482830.85,2995,AMRUTANJAN
2022-08-29,EQ,731.0,769.95,730.05,749.85,759.8,761.5,755.81,1024.55,700.0,93316,70529467.45,7291,AMRUTANJAN
2022-08-30,EQ,770.0,774.0,753.0,761.5,758.0,759.1,763.74,1024.55,700.0,26510,20246752.1,3327,AMRUTANJAN
2022-09-01,EQ,759.1,765.0,749.0,759.1,759.55,755.2,757.98,1024.55,700.0,16647,12618134.8,2396,AMRUTANJAN
2022-09-02,EQ,758.0,765.55,753.2,755.2,755.0,757.2,759.32,1024.55,700.0,16667,12655618.0,2342,AMRUTANJAN
2022-09-05,EQ,755.0,759.0,747.05,757.2,750.0,748.55,750.5,1024.55,712.15,21905,16439688.1,2655,AMRUTANJAN
2022-09-06,EQ,752.0,752.0,740.0,748.55,743.55,741.8,744.89,1024.55,712.15,26781,19948909.65,3147,AMRUTANJAN
2022-09-07,EQ,745.0,746.2,733.25,741.8,734.9,735.4,739.37,1024.55,712.15,31809,23518651.55,2564,AMRUTANJAN
2022-09-08,EQ,736.0,740.0,729.0,735.4,733.3,730.8,732.76,1024.55,712.15,47782,35012720.9,5552,AMRUTANJAN
2022-09-09,EQ,731.0,738.5,728.1,730.8,733.0,732.2,731.23,1024.55,712.15,65885,48177359.5,3429,AMRUTANJAN
2022-09-12,EQ,738.0,739.0,729.6,732.2,735.0,733.85,733.35,1024.55,720.55,51025,37418940.55,3597,AMRUTANJAN
2022-09-13,EQ,737.0,758.8,736.3,733.85,751.05,751.1,748.88,1024.55,720.55,74922,56107520.05,4998,AMRUTANJAN
2022-09-14,EQ,744.9,753.35,740.0,751.1,748.15,749.8,749.23,1024.55,720.55,30607,22931613.6,2540,AMRUTANJAN
2022-09-15,EQ,753.0,757.5,743.15,749.8,750.2,751.3,751.1,1024.55,720.55,32204,24188280.4,4584,AMRUTANJAN
2022-09-16,EQ,753.0,753.0,727.0,751.3,741.0,730.15,737.54,1024.55,720.55,47592,35101210.35,6865,AMRUTANJAN
2022-09-19,EQ,731.0,752.35,731.0,730.15,744.9,743.9,746.05,1024.55,721.2,37286,27817338.3,5131,AMRUTANJAN
2022-09-20,EQ,744.9,753.55,732.0,743.9,735.0,734.4,744.15,1024.55,721.2,74463,55411684.4,4435,AMRUTANJAN
2022-09-21,EQ,738.1,738.35,718.7,734.4,727.6,724.2,724.57,1024.55,718.7,36155,26196900.45,4495,AMRUTANJAN
2022-09-22,EQ,725.0,735.75,714.4,724.2,725.1,727.65,723.62,1024.55,714.4,27542,19929821.7,2893,AMRUTANJAN
2022-09-23,EQ,734.95,735.9,725.0,727.65,728.45,727.35,730.85,1024.55,714.4,14207,10383251.15,2678,AMRUTANJAN
2022-09-26,EQ,727.35,730.95,714.0,727.35,728.6,719.95,722.43,1024.55,714.0,20367,14713753.05,3769,AMRUTANJAN
2022-09-27,EQ,722.0,730.65,720.35,719.95,727.5,726.05,725.15,1024.55,714.0,7143,5179766.5,1302,AMRUTANJAN
2022-09-28,EQ,729.0,731.6,717.0,726.05,728.0,721.85,724.71,1024.55,714.0,12942,9379217.45,1826,AMRUTANJAN
2022-09-29,EQ,729.8,734.5,702.35,721.85,710.1,715.6,720.21,1024.55,702.35,19710,14195328.6,5459,AMRUTANJAN
2022-09-30,EQ,709.7,719.0,703.0,715.6,718.0,714.8,710.6,1024.55,702.35,17879,12704746.45,3282,AMRUTANJAN
2022-10-03,EQ,718.9,727.95,711.85,714.8,720.25,721.4,720.76,1024.55,702.35,10103,7281826.55,1518,AMRUTANJAN
2022-10-04,EQ,727.9,728.0,716.05,721.4,719.5,721.1,721.19,1024.55,702.35,12989,9367525.2,2053,AMRUTANJAN
2022-10-06,EQ,727.7,729.35,717.0,721.1,720.0,719.25,720.53,1024.55,702.35,21206,15279548.6,2857,AMRUTANJAN
2022-10-07,EQ,722.85,725.0,717.0,719.25,723.8,722.25,721.57,1024.55,702.35,10385,7493471.55,1537,AMRUTANJAN
2022-10-10,EQ,717.25,724.85,714.1,722.25,724.8,722.65,719.66,1024.55,702.35,6473,4658372.4,1049,AMRUTANJAN
2022-10-11,EQ,727.7,727.7,720.05,722.65,720.8,720.55,721.37,1024.55,702.35,6697,4831046.8,799,AMRUTANJAN
2022-10-12,EQ,720.0,722.45,716.55,720.55,720.0,719.25,719.79,1024.55,702.35,4389,3159146.35,701,AMRUTANJAN
2022-10-13,EQ,719.25,720.15,710.05,719.25,714.35,713.8,715.1,1024.55,702.35,7412,5300304.75,939,AMRUTANJAN
2022-10-14,EQ,716.05,718.0,710.0,713.8,711.0,712.9,715.79,1024.55,702.35,7326,5243909.45,881,AMRUTANJAN
2022-10-17,EQ,710.0,713.85,709.0,712.9,710.35,710.05,710.8,1024.55,702.35,7098,5045222.95,921,AMRUTANJAN
2022-10-18,EQ,712.0,714.0,705.45,710.05,709.9,707.95,708.97,1024.55,702.35,10549,7478924.8,1530,AMRUTANJAN
2022-10-19,EQ,710.0,713.4,704.85,707.95,705.0,705.45,707.85,1024.55,702.35,15640,11070841.45,1488,AMRUTANJAN
2022-10-20,EQ,709.0,732.0,705.4,705.45,728.15,728.65,722.64,1024.55,702.35,22377,16170612.95,2042,AMRUTANJAN
2022-10-21,EQ,738.0,748.75,733.0,728.65,739.2,739.45,741.58,1024.55,702.35,26737,19827637.35,3312,AMRUTANJAN
2022-10-24,EQ,749.0,753.95,747.0,739.45,751.0,750.95,751.01,1024.55,702.35,14002,10515635.55,1848,AMRUTANJAN
2022-10-25,EQ,750.95,752.2,741.5,750.95,745.85,745.25,745.39,1024.55,702.35,36384,27120399.6,1683,AMRUTANJAN
2022-10-27,EQ,745.25,749.0,732.1,745.25,743.0,738.15,741.68,1024.55,702.35,11569,8580519.25,1475,AMRUTANJAN
2022-10-28,EQ,741.75,744.95,731.0,738.15,734.0,732.35,734.94,1024.55,702.35,8291,6093353.95,1393,AMRUTANJAN
2022-10-31,EQ,739.65,743.9,721.8,732.35,734.9,732.2,736.04,1024.55,702.35,13498,9935120.3,1879,AMRUTANJAN
2022-11-01,EQ,735.9,746.95,734.0,732.2,740.0,739.65,740.51,1024.55,702.35,11116,8231472.15,1619,AMRUTANJAN
2022-11-02,EQ,744.95,751.95,724.95,739.65,734.35,731.2,738.88,1024.55,702.35,23082,17054928.15,2492,AMRUTANJAN
2022-11-03,EQ,731.2,746.0,729.1,731.2,730.35,733.7,737.14,1024.55,702.35,17316,12764244.25,2218,AMRUTANJAN
2022-11-04,EQ,733.7,749.0,730.0,733.7,745.0,746.4,743.99,1024.55,702.35,15436,11484184.2,1509,AMRUTANJAN
2022-11-07,EQ,745.0,749.65,730.05,746.4,739.8,735.7,740.76,1024.55,702.35,20840,15437489.7,2864,AMRUTANJAN
2022-11-09,EQ,740.0,744.3,731.3,735.7,738.05,737.45,738.35,1024.55,702.35,10733,7924700.15,1639,AMRUTANJAN
2022-11-10,EQ,741.15,745.3,730.0,737.45,735.0,733.2,737.84,1024.55,702.35,8569,6322560.75,1443,AMRUTANJAN
2022-11-11,EQ,736.9,741.45,728.05,733.2,733.9,731.2,733.54,1024.55,702.35,10060,7379397.7,1729,AMRUTANJAN
2022-11-14,EQ,732.0,768.9,727.5,731.2,736.45,738.05,743.09,974.9,702.35,24973,18557134.4,2466,AMRUTANJAN
2022-11-15,EQ,741.75,743.9,730.25,738.05,735.0,733.6,735.81,974.9,702.35,10875,8001952.7,1281,AMRUTANJAN
2022-11-16,EQ,730.55,738.7,720.05,733.6,723.0,722.8,726.24,974.9,702.35,17748,12889253.5,1868,AMRUTANJAN
2022-11-17,EQ,719.0,726.4,719.0,722.8,721.9,722.25,722.47,974.9,702.35,7183,5189513.8,1161,AMRUTANJAN
2022-11-18,EQ,725.9,726.95,710.0,722.25,718.65,714.65,718.5,974.9,702.35,11353,8157084.2,1534,AMRUTANJAN
2022-11-21,EQ,718.1,718.1,705.0,714.65,707.0,707.3,710.62,974.9,702.35,13897,9875546.0,2369,AMRUTANJAN
2022-11-22,EQ,705.3,708.65,700.0,707.3,704.0,701.75,703.72,974.9,700.0,23075,16238259.8,2901,AMRUTANJAN
2022-11-23,EQ,701.0,707.7,696.3,701.75,702.95,701.95,703.15,974.9,696.3,12829,9020738.3,1791,AMRUTANJAN
2022-11-24,EQ,702.0,709.5,701.0,701.95,704.35,703.75,704.9,974.9,696.3,10994,7749659.55,1343,AMRUTANJAN
2022-11-25,EQ,701.5,708.15,701.5,703.75,707.0,705.8,705.45,974.9,696.3,12419,8760943.95,1361,AMRUTANJAN
2022-11-28,EQ,705.8,713.85,701.55,705.8,703.6,703.9,707.04,974.9,696.3,21404,15133485.5,2732,AMRUTANJAN
2022-11-29,EQ,703.9,710.4,703.9,703.9,707.7,705.6,706.91,974.9,696.3,12389,8757892.55,1878,AMRUTANJAN
2022-11-30,EQ,707.0,713.0,705.65,705.6,711.65,708.7,709.38,974.9,696.3,13351,9470951.65,1521,AMRUTANJAN
2022-12-01,EQ,710.0,719.25,702.1,708.7,710.2,709.4,709.37,974.9,696.3,28083,19921128.8,2857,AMRUTANJAN
2022-12-02,EQ,706.0,716.5,705.0,709.4,714.0,712.35,712.14,974.9,696.3,16368,11656330.6,2137,AMRUTANJAN
2022-12-05,EQ,712.3,715.85,705.0,712.35,707.0,706.4,709.37,974.9,696.3,14732,10450461.2,1937,AMRUTANJAN
2022-12-06,EQ,705.1,709.8,702.0,706.4,704.0,703.3,704.89,974.9,696.3,20689,14583487.0,3139,AMRUTANJAN
2022-12-07,EQ,702.25,712.0,702.0,703.3,705.0,704.25,705.85,974.9,696.3,14020,9896023.85,1660,AMRUTANJAN
2022-12-08,EQ,707.6,709.9,701.0,704.25,703.0,702.7,704.45,974.9,696.3,10922,7694009.45,1431,AMRUTANJAN
2022-12-09,EQ,702.25,712.7,699.65,702.7,700.0,701.05,704.83,974.9,696.3,20967,14778159.45,2556,AMRUTANJAN
2022-12-12,EQ,701.0,707.95,699.05,701.05,703.0,705.5,704.3,974.9,696.3,10288,7245854.25,1404,AMRUTANJAN
2022-12-13,EQ,705.0,712.9,699.95,705.5,709.0,709.05,707.82,974.9,696.3,13878,9823145.5,1375,AMRUTANJAN
2022-12-14,EQ,709.1,714.9,704.55,709.05,705.0,706.2,711.01,974.9,696.3,12894,9167744.75,1486,AMRUTANJAN
2022-12-15,EQ,706.5,718.3,706.05,706.2,712.95,712.35,713.31,974.9,696.3,14907,10633288.7,1288,AMRUTANJAN
2022-12-16,EQ,705.0,715.0,701.0,712.35,701.0,701.35,704.15,974.9,696.3,9202,6479585.35,1312,AMRUTANJAN
2022-12-19,EQ,702.25,709.0,700.05,701.35,700.05,702.75,704.79,974.9,696.3,8492,5985046.35,952,AMRUTANJAN
2022-12-20,EQ,701.5,713.75,700.1,702.75,709.75,708.5,706.33,974.9,696.3,19597,13842032.45,2914,AMRUTANJAN
2022-12-21,EQ,708.5,711.4,700.0,708.5,701.5,703.35,706.73,974.9,696.3,11816,8350696.45,1442,AMRUTANJAN
2022-12-22,EQ,701.0,707.0,695.95,703.35,696.0,697.15,699.13,974.9,695.95,15540,10864406.45,2594,AMRUTANJAN
2022-12-23,EQ,695.0,703.5,688.0,697.15,699.0,690.55,692.44,974.9,688.0,31082,21522293.95,4670,AMRUTANJAN
2022-12-26,EQ,693.9,707.5,693.9,690.55,703.25,704.05,703.19,974.9,688.0,15739,11067573.15,2079,AMRUTANJAN
2022-12-27,EQ,712.0,712.0,701.3,704.05,709.35,704.3,705.67,974.9,688.0,6637,4683542.4,991,AMRUTANJAN
2022-12-28,EQ,704.3,712.0,695.25,704.3,702.4,701.55,702.42,974.9,688.0,17603,12364629.0,3041,AMRUTANJAN
2022-12-29,EQ,701.55,705.65,698.45,701.55,703.1,701.55,702.2,974.9,688.0,7543,5296710.6,1183,AMRUTANJAN
2022-12-30,EQ,701.55,730.0,701.55,701.55,712.5,710.6,711.93,974.9,688.0,22448,15981507.0,1640,AMRUTANJAN
2023-01-02,EQ,706.3,727.0,706.3,710.6,726.0,725.25,718.03,974.9,688.0,18642,13385495.95,2450,AMRUTANJAN
2023-01-03,EQ,718.15,729.9,718.0,725.25,728.0,725.3,725.22,974.9,688.0,21958,15924433.9,2978,AMRUTANJAN
2023-01-04,EQ,728.95,728.95,719.0,725.3,722.95,720.65,722.7,974.9,688.0,8193,5921061.15,1495,AMRUTANJAN
2023-01-05,EQ,724.0,727.0,718.0,720.65,723.45,719.35,721.69,974.9,688.0,21715,15671538.75,1619,AMRUTANJAN
2023-01-06,EQ,719.35,723.5,706.95,719.35,708.85,708.5,715.48,974.9,688.0,9638,6895786.4,1791,AMRUTANJAN
2023-01-09,EQ,710.35,716.6,705.3,708.5,713.9,710.15,711.23,954.6,688.0,11408,8113746.5,2046,AMRUTANJAN
2023-01-10,EQ,707.0,738.0,707.0,710.15,736.0,734.55,728.69,954.6,688.0,37706,27476118.4,3423,AMRUTANJAN
2023-01-11,EQ,740.0,746.0,720.55,734.55,729.0,726.7,734.13,954.6,688.0,27887,20472565.95,3868,AMRUTANJAN
2023-01-12,EQ,730.35,737.0,728.45,726.7,733.0,731.25,732.91,954.6,688.0,11840,8677696.55,2375,AMRUTANJAN
2023-01-13,EQ,734.95,739.7,730.55,731.25,736.9,736.0,735.65,954.6,688.0,7955,5852088.55,919,AMRUTANJAN
2023-01-16,EQ,736.0,741.9,717.55,736.0,726.0,719.7,726.19,954.6,688.0,21922,15919625.65,3832,AMRUTANJAN
2023-01-17,EQ,723.3,723.3,706.0,719.7,707.55,707.65,711.0,954.6,688.0,59295,42158957.4,3098,AMRUTANJAN
2023-01-18,EQ,711.2,716.8,705.65,707.65,713.65,713.1,711.61,954.6,688.0,13594,9673589.55,1741,AMRUTANJAN
2023-01-19,EQ,706.0,721.0,706.0,713.1,714.1,714.65,716.05,954.6,688.0,10907,7809973.15,1808,AMRUTANJAN
2023-01-20,EQ,708.0,718.0,706.05,714.65,715.0,709.65,711.39,954.6,688.0,10821,7697955.25,1673,AMRUTANJAN
2023-01-23,EQ,713.15,713.15,705.15,709.65,706.95,707.9,710.62,954.6,688.0,7838,5569832.65,1618,AMRUTANJAN
2023-01-24,EQ,707.9,718.0,704.4,707.9,710.0,710.1,710.31,954.6,688.0,37518,26649264.45,3090,AMRUTANJAN
2023-01-25,EQ,710.0,715.15,705.0,710.1,711.75,710.05,709.98,954.6,688.0,14961,10622050.85,1812,AMRUTANJAN
2023-01-27,EQ,706.0,715.0,704.55,710.05,710.65,712.7,710.36,954.6,688.0,14529,10320758.25,4848,AMRUTANJAN
2023-01-30,EQ,704.3,720.0,704.05,712.7,718.25,715.45,714.07,954.6,688.0,14133,10091993.35,3028,AMRUTANJAN
2023-01-31,EQ,715.45,725.0,706.7,715.45,722.0,721.25,720.09,954.6,688.0,11128,8013207.9,2337,AMRUTANJAN
2023-02-01,EQ,724.9,727.0,712.1,721.25,723.0,718.9,721.71,954.6,688.0,15344,11073848.2,3427,AMRUTANJAN
2023-02-02,EQ,715.0,724.75,714.5,718.9,722.0,719.0,719.18,954.6,688.0,40808,29348104.55,2885,AMRUTANJAN
2023-02-03,EQ,709.0,720.75,705.55,719.0,711.25,709.1,712.61,954.6,688.0,13829,9854673.5,3330,AMRUTANJAN
2023-02-06,EQ,712.65,719.65,709.15,709.1,712.65,711.25,712.92,954.6,688.0,10396,7411486.75,2494,AMRUTANJAN
2023-02-07,EQ,711.25,717.95,708.8,711.25,708.8,710.9,714.09,954.6,688.0,11264,8043471.05,1935,AMRUTANJAN
2023-02-08,EQ,711.0,718.0,709.0,710.9,715.95,714.6,713.52,954.6,688.0,6357,4535850.9,1430,AMRUTANJAN
2023-02-09,EQ,717.9,718.15,703.3,714.6,711.5,709.1,709.56,954.6,688.0,8656,6141930.7,1484,AMRUTANJAN
2023-02-10,EQ,718.2,720.0,709.55,709.1,715.2,715.4,715.94,954.6,688.0,8935,6396968.45,1559,AMRUTANJAN
2023-02-13,EQ,718.0,718.0,709.05,715.4,717.0,711.5,714.26,954.6,688.0,7901,5643376.1,1434,AMRUTANJAN
2023-02-14,EQ,715.05,715.05,666.0,711.5,695.45,701.9,696.14,954.6,666.0,64039,44580425.4,5612,AMRUTANJAN
2023-02-15,EQ,675.0,675.0,635.8,701.9,644.8,646.95,646.73,954.6,635.8,109612,70889171.5,9798,AMRUTANJAN
2023-02-16,EQ,648.0,664.9,632.1,646.95,640.0,638.5,645.53,954.6,632.1,56975,36779222.2,6039,AMRUTANJAN
2023-02-17,EQ,632.0,639.95,630.0,638.5,633.5,634.75,634.01,954.6,630.0,37027,23475493.8,4137,AMRUTANJAN
2023-02-20,EQ,630.0,634.75,619.25,634.75,620.0,620.4,623.02,954.6,619.25,26032,16218476.85,3306,AMRUTANJAN
2023-02-21,EQ,621.5,633.9,620.0,620.4,633.65,631.4,627.75,954.6,619.25,23892,14998143.8,3111,AMRUTANJAN
2023-02-22,EQ,631.95,634.7,610.0,631.4,615.0,614.5,621.79,954.6,610.0,26391,16409773.0,3147,AMRUTANJAN
2023-02-23,EQ,614.5,619.95,605.0,614.5,612.0,607.25,610.7,954.6,605.0,18017,11002974.65,2311,AMRUTANJAN
2023-02-24,EQ,610.3,610.3,600.0,607.25,603.0,603.3,603.36,954.6,600.0,22886,13808465.3,2775,AMRUTANJAN
2023-02-27,EQ,603.3,606.25,591.5,603.3,595.0,595.85,595.85,954.6,591.5,17106,10192565.9,3205,AMRUTANJAN
2023-02-28,EQ,600.0,612.5,598.55,595.85,605.0,609.15,606.28,954.6,591.5,17828,10808687.3,2731,AMRUTANJAN
2023-03-01,EQ,612.2,624.95,607.45,609.15,624.95,622.4,619.65,954.6,591.5,17725,10983374.45,3778,AMRUTANJAN
2023-03-02,EQ,622.4,638.55,615.0,622.4,631.0,627.95,631.28,954.6,591.5,16895,10665499.75,3340,AMRUTANJAN
2023-03-03,EQ,629.85,634.1,620.35,627.95,628.7,625.55,629.35,954.6,591.5,11353,7144958.4,2054,AMRUTANJAN
2023-03-06,EQ,629.3,637.85,623.0,625.55,624.6,630.4,628.54,954.6,591.5,11537,7251521.15,2201,AMRUTANJAN
2023-03-08,EQ,633.6,635.0,626.0,630.4,635.0,631.95,630.8,954.6,591.5,14770,9316910.3,2775,AMRUTANJAN
2023-03-09,EQ,631.95,643.0,630.1,631.95,634.0,632.15,636.05,954.6,591.5,13401,8523712.65,2500,AMRUTANJAN
2023-03-10,EQ,631.15,635.35,616.4,632.15,625.0,621.65,628.17,954.6,591.5,19208,12065829.55,3127,AMRUTANJAN
2023-03-13,EQ,621.65,623.9,610.0,621.65,611.05,612.75,617.15,954.6,591.5,10987,6780674.4,1915,AMRUTANJAN
2023-03-14,EQ,615.85,617.95,602.5,612.75,608.0,604.85,610.14,954.6,591.5,23968,14623864.7,1969,AMRUTANJAN
2023-03-15,EQ,609.85,611.95,600.0,604.85,603.5,601.05,605.3,954.6,591.5,7758,4695919.6,1712,AMRUTANJAN
2023-03-16,EQ,603.4,603.4,592.35,601.05,600.0,600.1,597.55,954.6,591.5,10215,6103938.2,1817,AMRUTANJAN
2023-03-17,EQ,603.15,610.5,599.7,600.1,609.0,608.7,607.29,954.6,591.5,7507,4558907.6,1322,AMRUTANJAN
2023-03-20,EQ,608.0,628.15,600.55,608.7,626.8,622.35,620.62,954.6,591.5,23480,14572234.7,5070,AMRUTANJAN
2023-03-21,EQ,625.5,642.0,615.0,622.35,640.35,638.7,635.54,954.6,591.5,16108,10237336.1,2240,AMRUTANJAN
2023-03-22,EQ,641.85,642.05,625.0,638.7,640.0,630.75,636.3,954.6,591.5,13957,8880784.55,2091,AMRUTANJAN
2023-03-23,EQ,630.75,652.0,630.75,630.75,637.0,641.3,641.83,954.6,591.5,16413,10534328.25,2812,AMRUTANJAN
2023-03-24,EQ,642.95,644.9,621.0,641.3,627.0,623.85,631.58,954.6,591.5,12189,7698355.2,2407,AMRUTANJAN
2023-03-27,EQ,630.0,630.0,601.15,623.85,604.8,605.95,612.92,954.6,591.5,19831,12154773.75,3829,AMRUTANJAN
2023-03-28,EQ,609.0,614.95,592.25,605.95,592.55,595.25,600.85,954.6,591.5,24933,14981054.95,4462,AMRUTANJAN
2023-03-29,EQ,598.25,603.0,572.5,595.25,575.0,574.65,584.14,954.6,572.5,44805,26172230.5,4714,AMRUTANJAN
2023-03-31,EQ,583.25,584.25,554.05,574.65,580.85,576.0,569.18,954.6,554.05,85123,48450697.05,10277,AMRUTANJAN
2023-04-03,EQ,585.0,623.7,581.3,576.0,614.0,615.65,600.4,954.6,554.05,30354,18224664.35,4652,AMRUTANJAN
2023-04-05,EQ,618.75,618.75,598.9,615.65,603.0,601.7,603.96,954.6,554.05,37158,22441808.65,4320,AMRUTANJAN
2023-04-06,EQ,601.7,615.8,594.45,601.7,605.65,604.05,606.2,954.6,554.05,18815,11405702.55,3225,AMRUTANJAN
2023-04-10,EQ,613.05,616.7,598.05,604.05,612.0,606.55,607.5,954.6,554.05,18685,11351223.25,3202,AMRUTANJAN
2023-04-11,EQ,607.95,613.9,606.55,606.55,610.9,610.15,611.02,954.6,554.05,9881,6037490.45,1734,AMRUTANJAN
2023-04-12,EQ,610.15,613.75,603.55,610.15,608.55,606.6,609.49,954.6,554.05,9671,5894349.45,1975,AMRUTANJAN
2023-04-13,EQ,612.65,614.35,594.45,606.6,598.0,602.55,606.0,954.6,554.05,15345,9299094.55,2925,AMRUTANJAN
2023-04-17,EQ,602.2,605.55,591.0,602.55,594.0,593.15,597.06,954.6,554.05,23358,13946194.95,3069,AMRUTANJAN
2023-04-18,EQ,593.55,620.4,593.55,593.15,615.35,614.7,610.82,954.6,554.05,19156,11700849.85,1991,AMRUTANJAN
2023-04-19,EQ,619.6,628.05,610.45,614.7,622.3,624.0,621.62,954.6,554.05,23205,14424748.3,3155,AMRUTANJAN
2023-04-20,EQ,618.8,629.0,610.9,624.0,618.0,615.5,616.6,954.6,554.05,16810,10364976.65,2214,AMRUTANJAN
2023-04-21,EQ,620.45,620.45,605.0,615.5,613.9,611.7,611.02,954.6,554.05,9509,5810147.85,1695,AMRUTANJAN
2023-04-24,EQ,610.0,615.1,600.0,611.7,603.0,602.0,604.68,934.95,554.05,12250,7407330.55,1882,AMRUTANJAN
2023-04-25,EQ,605.95,610.75,601.0,602.0,603.7,602.85,604.52,934.95,554.05,11209,6776019.35,2447,AMRUTANJAN
2023-04-26,EQ,603.75,606.9,600.0,602.85,602.3,601.45,602.22,934.95,554.05,10205,6145641.5,1869,AMRUTANJAN
2023-04-27,EQ,606.0,606.0,601.45,601.45,603.9,602.5,603.46,934.95,554.05,7356,4439022.2,897,AMRUTANJAN
2023-04-28,EQ,608.0,608.0,603.0,602.5,604.95,603.95,604.92,934.95,554.05,9439,5709861.95,1159,AMRUTANJAN
2023-05-02,EQ,609.45,615.0,602.0,603.95,608.0,605.4,609.16,911.05,554.05,16856,10268030.9,2543,AMRUTANJAN
2023-05-03,EQ,605.95,609.95,604.1,605.4,607.5,606.6,607.24,911.05,554.05,9249,5616352.65,1194,AMRUTANJAN
2023-05-04,EQ,609.65,611.85,605.0,606.6,609.95,608.25,608.82,911.05,554.05,9821,5979198.5,1523,AMRUTANJAN
2023-05-05,EQ,604.5,612.9,598.7,608.25,599.5,600.2,603.2,911.05,554.05,21851,13180429.35,2626,AMRUTANJAN
2023-05-08,EQ,600.5,604.35,588.45,600.2,592.0,590.9,594.12,884.0,554.05,45279,26900944.1,4011,AMRUTANJAN
2023-05-09,EQ,597.9,599.75,592.2,590.9,599.0,597.4,595.93,884.0,554.05,11776,7017664.75,1556,AMRUTANJAN
2023-05-10,EQ,603.95,603.95,596.5,597.4,600.0,598.7,599.62,884.0,554.05,12418,7446107.35,1475,AMRUTANJAN
2023-05-11,EQ,599.95,610.95,596.6,598.7,604.0,602.2,604.06,884.0,554.05,22267,13450714.3,2159,AMRUTANJAN
2023-05-12,EQ,605.25,613.9,601.05,602.2,608.75,608.25,609.34,884.0,554.05,13533,8246227.4,1867,AMRUTANJAN
2023-05-15,EQ,608.0,608.0,599.55,608.25,601.0,600.6,602.89,850.5,554.05,13475,8123927.05,1839,AMRUTANJAN
2023-05-16,EQ,603.6,604.2,598.2,600.6,598.2,599.4,601.02,850.5,554.05,10745,6457909.15,1257,AMRUTANJAN
2023-05-17,EQ,605.0,606.85,597.75,599.4,598.0,598.8,600.68,850.5,554.05,10202,6128152.0,1553,AMRUTANJAN
2023-05-18,EQ,598.8,604.95,597.55,598.8,601.0,601.6,602.48,850.5,554.05,4766,2871427.95,818,AMRUTANJAN
2023-05-19,EQ,604.65,604.65,597.5,601.6,600.0,598.95,600.51,850.5,554.05,8881,5333144.95,1627,AMRUTANJAN
2023-05-22,EQ,598.2,605.85,597.65,598.95,602.0,601.85,602.0,850.5,554.05,17271,10397090.55,2196,AMRUTANJAN
2023-05-23,EQ,601.85,609.5,597.0,601.85,601.75,598.8,602.71,850.5,554.05,19604,11815563.05,1722,AMRUTANJAN
2023-05-24,EQ,601.8,606.0,584.05,598.8,592.0,591.2,592.82,850.5,554.05,25976,15399219.25,2775,AMRUTANJAN
2023-05-25,EQ,594.15,595.45,579.2,591.2,586.0,583.6,584.87,850.5,554.05,29699,17369989.55,3562,AMRUTANJAN
2023-05-26,EQ,586.5,592.2,584.55,583.6,590.0,589.05,588.65,850.5,554.05,12175,7166759.55,1860,AMRUTANJAN
2023-05-29,EQ,595.5,600.0,590.0,589.05,600.0,599.3,595.39,847.25,554.05,34576,20586308.95,3289,AMRUTANJAN
2023-05-30,EQ,603.0,608.0,599.55,599.3,604.05,604.95,603.98,847.25,554.05,22758,13745490.55,2830,AMRUTANJAN
2023-05-31,EQ,606.95,616.95,603.8,604.95,610.0,607.5,609.25,847.25,554.05,25442,15500644.85,2939,AMRUTANJAN
2023-06-01,EQ,610.55,614.2,607.3,607.5,612.0,609.95,611.55,847.25,554.05,15309,9362153.25,2180,AMRUTANJAN
2023-06-02,EQ,614.0,616.5,600.0,609.95,604.0,603.95,608.26,847.25,554.05,23751,14446789.65,2147,AMRUTANJAN
2023-06-05,EQ,606.95,611.45,585.15,603.95,596.7,592.05,597.28,847.25,554.05,68332,40813139.95,5984,AMRUTANJAN
2023-06-06,EQ,595.05,602.35,586.6,592.05,591.0,591.05,592.71,847.25,554.05,47921,28403064.2,4196,AMRUTANJAN
2023-06-07,EQ,591.05,597.75,588.6,591.05,589.7,591.15,592.58,847.25,554.05,29810,17664746.15,2976,AMRUTANJAN
2023-06-08,EQ,596.0,596.0,585.0,591.15,588.0,586.95,590.13,847.25,554.05,33477,19755773.0,3134,AMRUTANJAN
2023-06-09,EQ,590.05,595.5,588.0,586.95,591.0,589.65,591.62,847.25,554.05,16527,9777774.15,1831,AMRUTANJAN
2023-06-12,EQ,594.9,595.95,587.4,589.65,589.0,588.6,590.39,847.25,554.05,17063,10073800.9,2543,AMRUTANJAN
2023-06-13,EQ,591.55,594.95,579.1,588.6,588.95,587.5,588.61,847.25,554.05,26594,15653387.9,3350,AMRUTANJAN
2023-06-14,EQ,590.45,608.0,590.0,587.5,606.95,604.55,600.4,847.25,554.05,44946,26985692.5,4445,AMRUTANJAN
2023-06-15,EQ,607.75,664.5,607.7,604.55,644.0,644.4,646.3,847.25,554.05,352319,227702879.25,19229,AMRUTANJAN
2023-06-16,EQ,652.3,652.8,637.05,644.4,640.95,640.5,643.33,847.25,554.05,42970,27643864.3,3584,AMRUTANJAN
2023-06-19,EQ,635.05,642.95,620.05,640.5,625.7,623.25,626.57,847.25,554.05,44336,27779789.55,4877,AMRUTANJAN
2023-06-20,EQ,626.4,634.55,618.0,623.25,619.0,619.65,623.73,847.25,554.05,32767,20437777.75,3701,AMRUTANJAN
2023-06-21,EQ,625.0,626.0,614.0,619.65,617.0,617.6,618.07,847.25,554.05,37226,23008412.8,3502,AMRUTANJAN
2023-06-22,EQ,623.75,662.25,617.55,617.6,636.8,636.6,644.83,847.25,554.05,135355,87280718.2,10779,AMRUTANJAN
2023-06-23,EQ,640.9,645.0,624.55,636.6,630.0,631.2,634.37,847.25,554.05,26869,17044875.5,3354,AMRUTANJAN
2023-06-26,EQ,624.0,639.95,624.0,631.2,632.05,633.65,634.49,847.25,554.05,16395,10402498.6,2780,AMRUTANJAN
2023-06-27,EQ,668.95,708.8,655.0,633.65,661.0,667.4,685.14,847.25,554.05,780438,534707666.85,28570,AMRUTANJAN
2023-06-28,EQ,667.85,674.95,663.1,667.4,669.9,667.9,669.19,847.25,554.05,64125,42911522.45,5606,AMRUTANJAN
2023-06-30,EQ,678.0,775.45,678.0,667.9,736.2,738.25,740.01,847.25,554.05,2346353,1736335041.65,78329,AMRUTANJAN
2023-07-03,EQ,737.15,737.75,702.05,738.25,703.35,703.7,718.07,847.25,554.05,326373,234358731.4,19226,AMRUTANJAN
2023-07-04,EQ,712.7,725.0,707.1,703.7,714.0,712.2,716.46,847.25,554.05,137132,98248980.2,10413,AMRUTANJAN
2023-07-05,EQ,719.8,722.5,713.9,712.2,715.35,715.95,717.56,847.25,554.05,74438,53413960.1,5828,AMRUTANJAN
2023-07-06,EQ,718.0,724.4,718.0,715.95,721.5,721.0,721.36,847.25,554.05,65655,47361215.65,4456,AMRUTANJAN
2023-07-07,EQ,722.9,728.7,721.0,721.0,724.0,723.4,723.92,847.25,554.05,72946,52806988.35,5493,AMRUTANJAN
2023-07-10,EQ,725.95,734.0,725.0,723.4,730.0,729.3,729.52,847.25,554.05,71382,52074251.25,6030,AMRUTANJAN
2023-07-11,EQ,733.8,734.5,725.65,729.3,730.0,729.1,729.72,847.25,554.05,52624,38400669.55,6277,AMRUTANJAN
2023-07-12,EQ,733.5,738.0,728.55,729.1,732.0,732.45,732.59,847.25,554.05,75075,54999153.1,6652,AMRUTANJAN
2023-07-13,EQ,728.0,728.0,707.5,732.45,711.0,709.25,717.25,847.25,554.05,61617,44194983.05,5278,AMRUTANJAN
2023-07-14,EQ,709.25,715.0,697.1,709.25,701.0,701.6,705.16,847.25,554.05,34341,24215862.45,3843,AMRUTANJAN
2023-07-17,EQ,701.6,705.7,685.0,701.6,686.55,686.25,693.03,847.25,554.05,55456,38432945.7,6693,AMRUTANJAN
2023-07-18,EQ,686.25,700.0,685.0,686.25,688.0,687.5,690.07,847.25,554.05,37513,25886693.2,4764,AMRUTANJAN
2023-07-19,EQ,697.0,698.8,687.05,687.5,691.0,689.9,692.82,847.25,554.05,39799,27573426.6,4015,AMRUTANJAN
2023-07-20,EQ,696.95,696.95,685.0,689.9,685.0,686.4,689.84,847.25,554.05,41637,28722762.15,3980,AMRUTANJAN
2023-07-21,EQ,685.0,689.1,673.5,686.4,678.8,677.1,680.81,847.25,554.05,38358,26114548.05,4271,AMRUTANJAN
2023-07-24,EQ,679.8,682.55,652.0,677.1,657.0,655.0,662.86,847.25,554.05,95729,63455369.45,9077,AMRUTANJAN
2023-07-25,EQ,660.05,666.95,645.0,655.0,656.0,650.6,656.49,847.25,554.05,52621,34544908.3,5011,AMRUTANJAN
2023-07-26,EQ,653.9,661.35,647.75,650.6,653.0,651.9,653.3,847.25,554.05,32241,21063023.1,4043,AMRUTANJAN
2023-07-27,EQ,657.9,658.85,645.05,651.9,652.0,649.3,651.03,847.25,554.05,40486,26357733.2,5551,AMRUTANJAN
2023-07-28,EQ,650.15,655.15,646.55,649.3,650.55,652.2,651.0,847.25,554.05,22248,14483524.35,2771,AMRUTANJAN
2023-07-31,EQ,650.25,667.6,644.2,652.2,660.0,657.9,653.69,847.25,554.05,63967,41814722.45,6647,AMRUTANJAN
2023-08-01,EQ,657.65,664.5,647.0,657.9,649.0,648.75,653.74,847.25,554.05,93095,60859849.0,7519,AMRUTANJAN
2023-08-02,EQ,647.2,655.8,641.0,648.75,647.5,647.95,649.05,847.25,554.05,73716,47845654.1,6081,AMRUTANJAN
2023-08-03,EQ,650.0,652.0,640.0,647.95,642.0,640.9,645.21,847.25,554.05,46693,30126574.9,4546,AMRUTANJAN
2023-08-04,EQ,647.9,651.5,644.55,640.9,649.0,649.05,648.7,847.25,554.05,31134,20196581.25,2935,AMRUTANJAN
2023-08-07,EQ,650.0,653.4,641.0,649.05,641.05,643.15,647.07,847.25,554.05,25195,16302878.95,2940,AMRUTANJAN
2023-08-08,EQ,644.0,646.0,633.0,643.15,634.0,633.95,636.82,847.25,554.05,30735,19572654.3,3657,AMRUTANJAN
2023-08-09,EQ,633.95,636.35,622.35,633.95,626.45,624.2,629.1,847.25,554.05,55571,34959547.55,7772,AMRUTANJAN
2023-08-10,EQ,626.45,639.3,625.0,624.2,626.4,629.9,631.17,847.25,554.05,52892,33384097.5,7087,AMRUTANJAN
2023-08-11,EQ,631.0,634.9,625.0,629.9,627.1,626.75,629.24,847.25,554.05,51210,32223527.85,10271,AMRUTANJAN
2023-08-14,EQ,626.05,626.45,616.05,626.75,619.0,618.85,619.77,803.95,554.05,32567,20183970.45,5975,AMRUTANJAN
2023-08-16,EQ,616.25,624.8,616.0,618.85,619.15,617.85,620.06,803.95,554.05,29636,18376072.55,4473,AMRUTANJAN
2023-08-17,EQ,619.95,621.55,611.0,617.85,614.0,613.15,616.87,803.95,554.05,72426,44677069.95,10479,AMRUTANJAN
2023-08-18,EQ,616.0,617.0,601.1,613.15,605.0,604.7,607.73,803.95,554.05,63678,38698923.15,5310,AMRUTANJAN
2023-08-21,EQ,607.6,614.5,606.0,604.7,610.75,610.9,610.83,775.45,554.05,29916,18273585.3,3678,AMRUTANJAN
2023-08-22,EQ,613.95,616.45,608.0,610.9,610.5,609.2,611.84,775.45,554.05,25034,15316733.7,2764,AMRUTANJAN
2023-08-23,EQ,611.9,618.0,610.1,609.2,617.3,616.65,614.94,775.45,554.05,14271,8775817.75,2093,AMRUTANJAN
2023-08-24,EQ,619.8,623.9,612.1,616.65,613.1,613.95,616.77,775.45,554.05,27260,16813061.55,2952,AMRUTANJAN
2023-08-25,EQ,612.2,615.95,610.0,613.95,613.0,612.05,613.23,775.45,554.05,17695,10851062.3,1870,AMRUTANJAN
2023-08-28,EQ,611.0,617.85,610.0,612.05,614.15,610.7,613.01,775.45,554.05,18092,11090510.35,2064,AMRUTANJAN
2023-08-29,EQ,613.8,613.8,606.55,610.7,611.0,608.8,609.4,775.45,554.05,25075,15280793.75,2857,AMRUTANJAN
2023-08-30,EQ,608.85,620.0,608.85,608.8,615.55,616.4,615.79,775.45,554.05,30506,18785184.0,2992,AMRUTANJAN
2023-08-31,EQ,619.0,619.0,610.0,616.4,613.0,614.55,613.26,775.45,554.05,34082,20901026.75,3358,AMRUTANJAN
2023-09-01,EQ,612.25,615.0,609.5,614.55,610.7,610.25,610.99,775.45,554.05,41283,25223452.45,2284,AMRUTANJAN
2023-09-04,EQ,612.95,617.0,609.1,610.25,611.35,610.65,612.77,775.45,554.05,60248,36918136.2,4134,AMRUTANJAN
2023-09-05,EQ,613.75,654.0,610.65,610.65,647.7,644.9,636.44,775.45,554.05,154993,98644182.2,11527,AMRUTANJAN
2023-09-06,EQ,644.8,659.9,642.3,644.9,658.0,656.55,654.17,775.45,554.05,94051,61525208.8,6500,AMRUTANJAN
2023-09-07,EQ,658.0,659.5,645.5,656.55,649.0,649.15,650.07,775.45,554.05,39879,25923947.8,3614,AMRUTANJAN
2023-09-08,EQ,649.85,652.5,639.45,649.15,644.9,641.7,645.2,775.45,554.05,27687,17863607.0,3045,AMRUTANJAN
2023-09-11,EQ,644.9,649.9,632.0,641.7,637.0,638.0,639.37,775.45,554.05,41223,26356762.2,3884,AMRUTANJAN
2023-09-12,EQ,643.3,643.65,626.0,638.0,626.05,627.55,629.69,775.45,554.05,48293,30409536.7,3295,AMRUTANJAN
2023-09-13,EQ,626.0,638.45,625.7,627.55,634.9,628.9,630.52,775.45,554.05,23823,15020831.6,2542,AMRUTANJAN
2023-09-14,EQ,629.0,644.9,629.0,628.9,642.5,643.7,640.39,775.45,554.05,33596,21514387.6,3057,AMRUTANJAN
2023-09-15,EQ,643.7,651.3,641.5,643.7,641.5,644.05,646.38,775.45,554.05,40270,26029783.6,6283,AMRUTANJAN
2023-09-18,EQ,647.3,647.3,630.0,644.05,632.9,631.4,635.26,775.45,554.05,22023,13990284.9,2061,AMRUTANJAN
2023-09-20,EQ,634.35,637.95,625.0,631.4,630.1,629.65,629.42,775.45,554.05,19410,12217044.7,1985,AMRUTANJAN
2023-09-21,EQ,626.4,646.95,626.4,629.65,635.6,633.95,636.73,775.45,554.05,30197,19227266.25,3526,AMRUTANJAN
2023-09-22,EQ,636.45,650.0,630.05,633.95,634.0,635.95,637.73,775.45,554.05,32284,20588471.0,4246,AMRUTANJAN
2023-09-25,EQ,632.15,641.85,631.2,635.95,631.2,631.75,635.5,775.45,554.05,23692,15056231.25,3688,AMRUTANJAN
2023-09-26,EQ,632.0,634.05,626.65,631.75,628.2,631.9,631.12,775.45,554.05,18847,11894716.0,2912,AMRUTANJAN
2023-09-27,EQ,631.9,633.8,624.0,631.9,625.75,625.2,628.78,775.45,554.05,23616,14849178.6,3304,AMRUTANJAN
2023-09-28,EQ,625.2,629.8,611.0,625.2,617.0,614.6,618.5,775.45,554.05,27701,17133176.1,3845,AMRUTANJAN
2023-09-29,EQ,614.6,624.85,613.15,614.6,617.0,616.15,618.75,775.45,554.05,37601,23265448.6,5037,AMRUTANJAN
2023-10-03,EQ,612.0,621.1,609.4,616.15,610.5,610.95,614.92,775.45,554.05,36510,22450694.15,4544,AMRUTANJAN
2023-10-04,EQ,614.05,614.05,601.35,610.95,612.0,610.45,609.25,775.45,554.05,27381,16681772.05,3291,AMRUTANJAN
2023-10-05,EQ,615.0,621.85,610.5,610.45,617.0,617.45,616.56,775.45,554.05,16940,10444548.1,1813,AMRUTANJAN
2023-10-06,EQ,617.5,621.25,610.75,617.45,613.0,615.25,614.81,775.45,554.05,19504,11991263.0,3223,AMRUTANJAN
2023-10-09,EQ,615.25,615.25,595.0,615.25,596.0,598.45,602.74,775.45,554.05,38006,22907664.2,4512,AMRUTANJAN
2023-10-10,EQ,599.35,607.5,595.65,598.45,600.15,602.8,599.91,775.45,554.05,34537,20719221.0,2590,AMRUTANJAN
2023-10-11,EQ,605.0,609.2,601.5,602.8,604.5,604.35,604.58,775.45,554.05,18002,10883642.55,1705,AMRUTANJAN
2023-10-12,EQ,607.05,611.55,601.45,604.35,609.0,606.1,605.59,775.45,554.05,21641,13105617.65,2129,AMRUTANJAN
2023-10-13,EQ,609.15,611.0,601.4,606.1,605.0,606.2,605.54,775.45,554.05,14068,8518710.55,1759,AMRUTANJAN
2023-10-16,EQ,606.2,606.2,600.0,606.2,601.85,601.1,602.34,775.45,554.05,15439,9299468.05,1852,AMRUTANJAN
2023-10-17,EQ,603.85,611.0,602.0,601.1,604.6,609.0,606.37,775.45,554.05,24171,14656631.5,1875,AMRUTANJAN
2023-10-18,EQ,606.0,608.9,602.1,609.0,604.5,603.35,605.05,775.45,554.05,10645,6440729.4,1280,AMRUTANJAN
2023-10-19,EQ,603.45,605.9,600.0,603.35,600.0,600.35,602.28,775.45,554.05,13072,7873024.3,1174,AMRUTANJAN
2023-10-20,EQ,600.0,605.45,599.85,600.35,600.75,601.25,601.72,775.45,554.05,14729,8862733.05,1132,AMRUTANJAN
2023-10-23,EQ,601.25,604.25,590.7,601.25,591.4,591.35,594.25,775.45,554.05,19197,11407769.7,2195,AMRUTANJAN
2023-10-25,EQ,590.85,597.9,588.0,591.35,589.95,589.35,591.35,775.45,554.05,15891,9397089.1,1946,AMRUTANJAN
2023-10-26,EQ,588.0,592.0,575.05,589.35,580.35,586.65,583.17,775.45,554.05,32161,18755230.9,3130,AMRUTANJAN
2023-10-27,EQ,589.5,610.9,563.9,586.65,602.1,604.35,595.34,775.45,554.05,70160,41768819.65,6558,AMRUTANJAN
2023-10-30,EQ,600.15,606.4,593.45,604.35,600.65,600.55,600.23,775.45,554.05,13135,7884037.2,2173,AMRUTANJAN
2023-10-31,EQ,603.25,603.4,594.1,600.55,598.15,596.5,598.75,775.45,554.05,9403,5630035.4,1492,AMRUTANJAN
2023-11-01,EQ,598.1,605.0,595.0,596.5,601.0,601.9,601.29,775.45,554.05,11529,6932258.15,1396,AMRUTANJAN
2023-11-02,EQ,601.9,605.0,599.0,601.9,604.0,601.25,602.41,775.45,554.05,9217,5552421.65,1033,AMRUTANJAN
2023-11-03,EQ,604.3,609.7,599.7,601.25,605.0,604.7,605.35,775.45,554.05,11267,6820487.75,1309,AMRUTANJAN
2023-11-06,EQ,604.7,614.85,604.65,604.7,610.05,609.05,608.83,775.45,554.05,10562,6430496.4,1316,AMRUTANJAN
2023-11-07,EQ,612.05,613.05,606.1,609.05,608.7,607.75,608.43,775.45,554.05,4593,2794517.8,762,AMRUTANJAN
2023-11-08,EQ,607.75,609.9,600.1,607.75,600.5,603.6,605.72,775.45,554.05,14547,8811451.6,1020,AMRUTANJAN
2023-11-09,EQ,604.9,610.45,602.65,603.6,609.6,607.55,607.79,775.45,554.05,11158,6781679.35,1229,AMRUTANJAN
2023-11-10,EQ,608.1,611.0,601.7,607.55,603.0,602.6,605.48,775.45,554.05,13773,8339283.8,965,AMRUTANJAN
2023-11-12,EQ,592.0,604.95,584.0,602.6,604.35,601.55,595.83,775.45,554.05,19685,11728927.5,1837,AMRUTANJAN
2023-11-13,EQ,604.0,606.7,590.1,601.55,592.4,592.55,594.74,775.45,554.05,32173,19134510.1,3552,AMRUTANJAN
2023-11-15,EQ,592.55,595.55,588.05,592.55,592.0,592.35,592.45,775.45,554.05,34635,20519433.65,2392,AMRUTANJAN
2023-11-16,EQ,592.0,611.1,589.0,592.35,600.25,599.45,600.95,775.45,554.05,61830,37156640.35,4087,AMRUTANJAN
2023-11-17,EQ,595.0,608.25,595.0,599.45,605.3,605.15,604.18,775.45,554.05,15591,9419762.45,1855,AMRUTANJAN
2023-11-20,EQ,600.05,613.9,598.3,605.15,610.3,610.45,605.94,775.45,554.05,34860,21122915.35,3508,AMRUTANJAN
2023-11-21,EQ,613.0,628.8,605.05,610.45,610.0,609.4,615.28,775.45,554.05,54792,33712667.3,6497,AMRUTANJAN
2023-11-22,EQ,605.3,614.25,601.7,609.4,602.0,602.85,606.59,775.45,554.05,10585,6420770.65,1878,AMRUTANJAN
2023-11-23,EQ,604.9,605.45,593.35,602.85,597.0,596.0,599.68,775.45,554.05,19779,11861167.2,2980,AMRUTANJAN
2023-11-24,EQ,599.0,613.85,598.95,596.0,610.55,611.4,609.27,775.45,554.05,29514,17982014.2,4026,AMRUTANJAN
2023-11-28,EQ,612.0,615.9,605.6,611.4,611.0,611.1,611.7,775.45,554.05,24171,14785417.1,2950,AMRUTANJAN
2023-11-29,EQ,608.5,620.05,599.95,611.1,608.0,604.0,608.41,775.45,554.05,38158,23215772.35,3410,AMRUTANJAN
2023-11-30,EQ,602.1,607.05,600.0,604.0,603.0,602.25,603.0,775.45,554.05,18676,11261659.9,2197,AMRUTANJAN
2023-12-01,EQ,602.05,605.95,600.0,602.25,601.0,600.35,602.17,775.45,554.05,21076,12691300.45,1868,AMRUTANJAN
2023-12-04,EQ,603.35,607.55,598.35,600.35,604.6,603.5,601.76,775.45,554.05,23948,14410987.45,2853,AMRUTANJAN
2023-12-05,EQ,608.15,608.15,596.0,603.5,598.5,598.65,599.86,775.45,554.05,28440,17059900.3,3280,AMRUTANJAN
2023-12-06,EQ,598.0,603.0,596.0,598.65,597.0,596.45,598.67,775.45,554.05,30739,18402479.65,2785,AMRUTANJAN
2023-12-07,EQ,596.45,600.0,593.3,596.45,597.0,595.0,596.73,775.45,554.05,20595,12289563.2,2710,AMRUTANJAN
2023-12-08,EQ,595.05,600.0,593.5,595.0,594.0,595.5,596.92,775.45,554.05,21247,12682697.35,2865,AMRUTANJAN
2023-12-11,EQ,599.7,599.7,592.3,595.5,595.7,594.8,594.99,775.45,554.05,25318,15064022.75,2984,AMRUTANJAN
2023-12-12,EQ,592.0,597.4,586.05,594.8,591.45,590.2,592.36,775.45,554.05,28404,16825431.45,3265,AMRUTANJAN
2023-12-13,EQ,590.2,602.15,589.5,590.2,590.0,590.8,594.55,775.45,554.05,36090,21457270.95,2868,AMRUTANJAN
2023-12-14,EQ,593.9,595.0,587.0,590.8,590.6,589.7,590.83,775.45,554.05,28576,16883446.15,2839,AMRUTANJAN
2023-12-15,EQ,590.95,596.7,590.0,589.7,596.45,593.65,592.59,775.45,554.05,22035,13057724.0,1958,AMRUTANJAN
2023-12-18,EQ,593.95,596.15,591.15,593.65,594.0,594.0,593.5,775.45,554.05,22465,13332883.3,2301,AMRUTANJAN
2023-12-19,EQ,590.0,598.0,590.0,594.0,596.5,595.25,594.7,775.45,554.05,40974,24367352.95,1746,AMRUTANJAN
2023-12-20,EQ,595.5,600.0,591.0,595.25,591.95,592.75,594.36,775.45,554.05,41003,24370491.7,2126,AMRUTANJAN
2023-12-21,EQ,590.6,596.95,588.7,592.75,595.8,595.6,593.86,775.45,554.05,25073,14889905.7,1772,AMRUTANJAN
2023-12-22,EQ,595.6,605.0,594.0,595.6,601.5,599.35,599.37,775.45,554.05,34432,20637580.15,2278,AMRUTANJAN
2023-12-26,EQ,602.35,609.0,597.0,599.35,600.8,599.6,600.3,775.45,554.05,27491,16502778.85,3101,AMRUTANJAN
2023-12-27,EQ,599.5,608.3,598.3,599.6,602.6,601.5,601.91,775.45,554.05,65908,39670978.85,4803,AMRUTANJAN
2023-12-28,EQ,602.65,604.1,600.0,601.5,600.5,600.15,600.86,775.45,554.05,33985,20420067.85,2115,AMRUTANJAN
2023-12-29,EQ,600.0,606.5,596.3,600.15,600.4,599.45,601.86,775.45,554.05,62553,37647970.0,4520,AMRUTANJAN
2024-01-01,EQ,607.4,617.95,599.5,599.45,616.65,616.55,613.34,775.45,554.05,97121,59568457.35,8040,AMRUTANJAN
2024-01-02,EQ,621.45,634.0,610.0,616.55,623.25,624.8,622.29,775.45,554.05,148775,92581301.5,11708,AMRUTANJAN
2024-01-03,EQ,629.0,630.35,617.0,624.8,618.0,620.25,622.36,775.45,554.05,46639,29026145.65,4218,AMRUTANJAN
2024-01-04,EQ,621.0,630.5,612.0,620.25,618.4,619.95,623.15,775.45,554.05,80688,50280500.6,5746,AMRUTANJAN
2024-01-05,EQ,623.05,627.7,598.7,619.95,602.6,602.55,605.01,775.45,554.05,216955,131259020.05,11255,AMRUTANJAN
2024-01-08,EQ,601.05,609.9,575.0,602.55,580.0,579.65,589.88,775.45,554.05,169247,99835262.85,11698,AMRUTANJAN
2024-01-09,EQ,582.55,594.95,582.55,579.65,590.0,588.65,589.4,775.45,554.05,50308,29651468.15,4650,AMRUTANJAN
2024-01-10,EQ,583.2,593.2,580.1,588.65,582.4,582.1,585.8,775.45,554.05,40644,23809332.0,4415,AMRUTANJAN
2024-01-11,EQ,583.0,591.9,582.6,582.1,589.8,589.05,587.14,775.45,554.05,24893,14615724.2,3395,AMRUTANJAN
2024-01-12,EQ,593.0,593.0,585.6,589.05,589.15,588.15,588.36,775.45,554.05,28378,16696417.25,3267,AMRUTANJAN
2024-01-15,EQ,590.4,597.95,587.05,588.15,597.95,596.5,595.11,775.45,554.05,44905,26723254.45,3512,AMRUTANJAN
2024-01-16,EQ,596.5,602.0,595.0,596.5,595.6,598.4,597.02,775.45,554.05,27456,16391815.9,2874,AMRUTANJAN
2024-01-17,EQ,598.0,601.2,593.65,598.4,597.1,599.1,598.35,775.45,554.05,30932,18508086.7,2544,AMRUTANJAN
2024-01-18,EQ,599.1,599.5,592.0,599.1,597.95,596.4,595.49,775.45,554.05,22943,13662216.55,1652,AMRUTANJAN
2024-01-19,EQ,596.0,602.0,595.2,596.4,602.0,599.95,599.34,775.45,554.05,43560,26107237.9,2358,AMRUTANJAN
2024-01-20,EQ,600.0,604.8,592.1,599.95,593.1,594.75,597.99,775.45,554.05,11948,7144739.6,1194,AMRUTANJAN
2024-01-23,EQ,593.05,598.8,590.0,594.75,595.0,593.35,595.13,775.45,554.05,33359,19852874.95,1970,AMRUTANJAN
2024-01-24,EQ,596.0,597.1,590.05,593.35,590.3,590.75,594.06,775.45,554.05,16012,9512093.2,1666,AMRUTANJAN
2024-01-25,EQ,591.0,593.55,585.8,590.75,589.95,586.95,588.88,775.45,554.05,16195,9536922.5,1954,AMRUTANJAN
2024-01-29,EQ,588.9,591.85,579.05,586.95,583.0,581.95,586.03,775.45,554.05,36760,21542450.95,3115,AMRUTANJAN
2024-01-30,EQ,584.9,587.9,572.05,581.95,578.0,576.85,578.9,775.45,554.05,32162,18618469.5,2800,AMRUTANJAN
2024-01-31,EQ,577.9,584.95,577.0,576.85,581.0,579.55,580.55,775.45,554.05,17220,9997054.2,2461,AMRUTANJAN
2024-02-01,EQ,576.5,591.0,570.0,579.55,576.75,574.45,578.88,775.45,554.05,36190,20949660.6,3273,AMRUTANJAN
2024-02-02,EQ,577.35,581.2,572.1,574.45,574.95,573.65,576.47,775.45,554.05,18665,10759722.35,2395,AMRUTANJAN
2024-02-05,EQ,576.95,580.4,574.0,573.65,574.0,574.3,576.13,775.45,554.05,17966,10350810.0,1872,AMRUTANJAN
2024-02-06,EQ,570.8,578.85,570.6,574.3,572.05,572.85,573.82,775.45,554.05,18220,10455038.35,2034,AMRUTANJAN
2024-02-07,EQ,577.45,596.9,574.0,572.85,592.5,590.15,585.94,775.45,554.05,36982,21669210.65,3047,AMRUTANJAN
2024-02-08,EQ,590.1,593.1,581.1,590.15,585.0,582.4,586.08,775.45,554.05,23577,13817970.05,2514,AMRUTANJAN
2024-02-09,EQ,582.45,589.9,575.0,582.4,577.4,586.3,583.57,775.45,554.05,22459,13106492.4,2021,AMRUTANJAN
2024-02-12,EQ,665.25,679.8,620.0,586.3,636.0,632.0,653.34,775.45,554.05,1267568,828151654.25,43780,AMRUTANJAN
2024-02-13,EQ,635.7,659.0,622.05,632.0,641.0,641.25,645.23,775.45,554.05,274834,177331738.95,22786,AMRUTANJAN
2024-02-14,EQ,639.05,655.1,632.0,641.25,646.5,643.85,646.27,775.45,554.05,87811,56749978.25,8179,AMRUTANJAN
2024-02-15,EQ,647.75,670.0,646.0,643.85,657.1,657.5,658.28,775.45,554.05,132444,87184897.75,11110,AMRUTANJAN
2024-02-16,EQ,657.55,668.1,651.45,657.5,655.0,657.25,660.0,775.45,554.05,72163,47627636.35,7138,AMRUTANJAN
2024-02-19,EQ,662.35,666.0,646.0,657.25,653.0,651.05,654.52,775.45,554.05,63794,41754518.95,5866,AMRUTANJAN
2024-02-20,EQ,650.1,659.3,650.0,651.05,650.7,650.3,652.04,775.45,554.05,38001,24778241.45,3710,AMRUTANJAN
2024-02-21,EQ,650.0,702.0,648.2,650.3,675.2,676.85,682.32,775.45,554.05,351753,240006661.15,28037,AMRUTANJAN
2024-02-22,EQ,677.95,677.95,666.25,676.85,669.5,669.65,670.94,775.45,554.05,65073,43659854.45,5321,AMRUTANJAN
2024-02-23,EQ,671.0,674.85,657.2,669.65,657.2,662.45,666.67,775.45,554.05,56957,37971314.55,5217,AMRUTANJAN
2024-02-26,EQ,665.8,669.9,654.0,662.45,654.0,656.15,661.32,775.45,554.05,28207,18653973.65,3262,AMRUTANJAN
2024-02-27,EQ,655.05,663.15,650.0,656.15,651.3,651.25,656.08,775.45,554.05,42334,27774333.6,4001,AMRUTANJAN
2024-02-28,EQ,654.95,656.25,630.35,651.25,650.0,648.85,644.64,775.45,554.05,40267,25957613.75,3997,AMRUTANJAN
2024-02-29,EQ,650.0,650.0,633.5,648.85,638.0,639.35,639.16,775.45,554.05,29899,19110215.7,3125,AMRUTANJAN
2024-03-01,EQ,640.0,668.95,640.0,639.35,667.0,666.0,661.07,775.45,554.05,73225,48406990.9,7378,AMRUTANJAN
2024-03-02,EQ,671.0,675.0,665.0,666.0,671.75,669.2,671.56,775.45,554.05,5776,3878950.2,705,AMRUTANJAN
2024-03-04,EQ,669.25,675.0,659.05,669.2,666.5,667.2,664.69,775.45,554.05,64671,42986015.15,4361,AMRUTANJAN
2024-03-05,EQ,661.2,689.0,661.2,667.2,676.0,678.8,679.18,775.45,554.05,81664,55464670.3,8355,AMRUTANJAN
2024-03-06,EQ,682.15,683.0,655.05,678.8,669.55,661.25,663.91,775.45,554.05,55224,36663749.75,6065,AMRUTANJAN
2024-03-07,EQ,667.2,671.85,660.0,661.25,665.0,665.5,664.66,775.45,554.05,50073,33281743.3,4569,AMRUTANJAN
2024-03-11,EQ,663.25,667.65,611.95,665.5,632.05,635.95,634.11,775.45,554.05,121416,76991102.9,10278,AMRUTANJAN
2024-03-12,EQ,630.25,641.65,616.45,635.95,622.7,624.6,626.13,775.45,554.05,57525,36018059.2,5908,AMRUTANJAN
2024-03-13,EQ,620.0,635.0,596.0,624.6,604.0,603.65,610.73,775.45,554.05,72437,44239558.3,10340,AMRUTANJAN
2024-03-14,EQ,604.95,615.3,599.6,603.65,601.8,601.75,604.47,775.45,554.05,57349,34665690.2,5333,AMRUTANJAN
2024-03-15,EQ,602.0,608.9,597.75,601.75,601.9,600.45,602.02,775.45,554.05,22302,13426347.5,2048,AMRUTANJAN
2024-03-18,EQ,608.0,608.0,600.05,600.45,602.05,602.05,602.76,775.45,554.05,17491,10542925.0,2054,AMRUTANJAN
2024-03-19,EQ,602.05,624.0,597.2,602.05,616.55,617.7,611.09,775.45,554.05,46242,28258146.0,4315,AMRUTANJAN
2024-03-20,EQ,615.85,616.9,608.2,617.7,612.0,612.3,611.47,775.45,554.05,29008,17737553.05,2629,AMRUTANJAN
2024-03-21,EQ,614.15,617.1,603.05,612.3,607.0,606.9,609.53,775.45,554.05,17597,10725878.45,2241,AMRUTANJAN
2024-03-22,EQ,602.3,609.0,601.0,606.9,602.0,604.55,605.04,775.45,554.05,22868,13836116.0,2085,AMRUTANJAN
2024-03-26,EQ,600.0,616.05,600.0,604.55,616.05,611.1,606.79,775.45,554.05,52247,31703212.85,2824,AMRUTANJAN
2024-03-27,EQ,614.2,626.0,608.0,611.1,610.05,616.5,616.97,775.45,554.05,57160,35266092.6,3559,AMRUTANJAN
2024-03-28,EQ,614.6,628.0,608.6,616.5,622.0,620.45,616.28,775.45,554.05,57440,35399217.9,4342,AMRUTANJAN
2024-04-01,EQ,625.0,626.9,616.55,620.45,624.95,622.5,622.2,775.45,563.9,28752,17889368.95,3330,AMRUTANJAN
2024-04-02,EQ,623.7,637.05,621.9,622.5,634.4,633.5,631.69,775.45,563.9,31039,19606977.1,3216,AMRUTANJAN
2024-04-03,EQ,633.55,652.55,625.95,633.5,652.0,649.1,643.05,775.45,563.9,49380,31753932.05,6682,AMRUTANJAN
2024-04-04,EQ,649.15,654.0,645.0,649.1,650.8,652.2,650.28,775.45,563.9,22052,14340076.85,2598,AMRUTANJAN
2024-04-05,EQ,651.0,661.65,648.2,652.2,653.95,651.9,654.07,775.45,563.9,25122,16431543.7,2226,AMRUTANJAN
2024-04-08,EQ,681.0,707.0,670.0,651.9,675.0,671.95,687.73,775.45,563.9,209871,144333992.75,12106,AMRUTANJAN
2024-04-09,EQ,690.0,690.0,663.6,671.95,670.5,667.7,675.2,775.45,563.9,59332,40060745.7,4092,AMRUTANJAN
2024-04-10,EQ,666.7,681.95,663.05,667.7,670.1,671.65,672.87,775.45,563.9,28578,19229393.95,3305,AMRUTANJAN
2024-04-12,EQ,671.65,672.05,646.95,671.65,648.0,648.45,655.65,775.45,563.9,42104,27605383.3,3794,AMRUTANJAN
2024-04-15,EQ,645.0,664.8,632.65,648.45,658.0,658.0,648.45,775.45,563.9,75133,48719713.35,7150,AMRUTANJAN
2024-04-16,EQ,661.3,662.45,647.2,658.0,647.2,650.15,654.02,775.45,563.9,31241,20432306.6,3156,AMRUTANJAN
2024-04-18,EQ,652.7,659.7,641.25,650.15,647.5,643.4,651.14,775.45,563.9,28347,18457977.9,2979,AMRUTANJAN
2024-04-19,EQ,646.65,646.65,633.0,643.4,641.0,638.2,637.88,775.45,563.9,26791,17089467.05,2800,AMRUTANJAN
2024-04-22,EQ,640.95,684.9,640.95,638.2,682.0,680.9,676.06,775.45,563.9,138866,93881755.55,9578,AMRUTANJAN
2024-04-23,EQ,680.9,688.3,670.05,680.9,673.0,673.1,678.93,775.45,563.9,59798,40598483.85,5178,AMRUTANJAN
2024-04-24,EQ,676.5,685.0,670.0,673.1,681.0,679.7,678.38,775.45,563.9,34296,23265641.5,3057,AMRUTANJAN
2024-04-25,EQ,679.75,698.8,678.0,679.7,688.0,689.5,690.02,775.45,563.9,77111,53208444.95,6189,AMRUTANJAN
2024-04-26,EQ,689.45,697.8,680.2,689.5,682.1,681.5,687.92,775.45,563.9,30154,20743630.75,3313,AMRUTANJAN
2024-04-29,EQ,686.0,714.0,686.0,681.5,707.5,709.4,703.49,775.45,563.9,127641,89793951.25,6841,AMRUTANJAN
2024-04-30,EQ,714.9,714.9,695.2,709.4,698.0,698.65,702.8,775.45,563.9,44126,31011675.4,4295,AMRUTANJAN
2024-05-02,EQ,701.95,797.5,701.85,698.65,782.0,783.55,762.25,797.5,563.9,748640,570649538.1,42275,AMRUTANJAN
2024-05-03,EQ,793.0,804.0,770.1,783.55,774.05,775.75,788.85,804.0,563.9,708957,559259832.25,38115,AMRUTANJAN
2024-05-06,EQ,775.0,778.95,741.25,775.75,752.7,752.75,754.65,804.0,563.9,101888,76890144.1,11110,AMRUTANJAN
2024-05-07,EQ,748.0,769.25,738.85,752.75,753.55,751.2,751.28,804.0,563.9,59858,44970167.9,6639,AMRUTANJAN
2024-05-08,EQ,751.85,779.0,740.05,751.2,770.2,774.1,760.67,804.0,563.9,126952,96568522.2,14356,AMRUTANJAN
2024-05-09,EQ,780.0,780.0,730.0,774.1,738.95,732.85,752.92,804.0,563.9,92119,69358372.65,9300,AMRUTANJAN
2024-05-10,EQ,739.95,753.85,739.95,732.85,747.9,747.65,746.96,804.0,563.9,44623,33331522.85,4704,AMRUTANJAN
2024-05-13,EQ,747.65,753.65,730.95,747.65,736.8,735.25,737.3,804.0,563.9,23102,17033176.7,2824,AMRUTANJAN
2024-05-14,EQ,735.25,756.5,735.25,735.25,750.0,750.25,747.38,804.0,563.9,32905,24592522.3,4658,AMRUTANJAN
2024-05-15,EQ,753.95,764.0,740.45,750.25,747.0,746.6,752.89,804.0,563.9,30733,23138456.9,4016,AMRUTANJAN
2024-05-16,EQ,749.4,756.0,743.05,746.6,746.0,749.8,749.57,804.0,563.9,18717,14029701.55,3023,AMRUTANJAN
2024-05-17,EQ,750.0,763.1,740.2,749.8,745.05,744.95,750.9,804.0,563.9,37774,28364595.9,4450,AMRUTANJAN
2024-05-18,EQ,744.95,755.0,737.3,744.95,742.0,740.55,743.24,804.0,563.9,4921,3657482.85,646,AMRUTANJAN
2024-05-21,EQ,744.65,751.3,729.0,740.55,732.4,732.1,738.31,804.0,563.9,56804,41939180.45,5968,AMRUTANJAN
2024-05-22,EQ,733.8,754.9,728.05,732.1,729.9,729.3,734.22,804.0,563.9,25646,18829703.8,2720,AMRUTANJAN
2024-05-23,EQ,732.8,748.0,730.1,729.3,738.0,736.55,737.38,804.0,563.9,34111,25152721.7,4217,AMRUTANJAN
2024-05-24,EQ,729.4,729.4,702.7,736.55,710.0,706.5,714.32,804.0,563.9,114610,81868231.25,9932,AMRUTANJAN
2024-05-27,EQ,710.05,711.8,692.95,706.5,699.0,694.95,702.18,804.0,563.9,33819,23746984.6,3658,AMRUTANJAN
2024-05-28,EQ,700.4,705.3,690.0,694.95,694.55,697.1,697.28,804.0,563.9,45293,31581934.25,5110,AMRUTANJAN
2024-05-29,EQ,692.55,702.95,690.05,697.1,697.05,698.35,694.38,804.0,563.9,25002,17360836.85,1881,AMRUTANJAN
2024-05-30,EQ,700.45,707.0,688.0,698.35,689.5,690.2,696.72,804.0,563.9,47227,32904188.25,3420,AMRUTANJAN
2024-05-31,EQ,693.7,698.65,686.85,690.2,694.5,691.5,691.91,804.0,563.9,22508,15573525.95,2066,AMRUTANJAN
2024-06-03,EQ,699.45,708.0,680.2,691.5,687.0,685.2,691.93,804.0,563.9,37837,26180635.6,3480,AMRUTANJAN
2024-06-04,EQ,685.2,689.1,639.55,685.2,672.05,666.45,665.68,804.0,563.9,64968,43247712.95,6160,AMRUTANJAN
2024-06-05,EQ,655.25,739.85,655.25,666.45,709.0,710.15,703.55,804.0,563.9,63901,44957673.0,7513,AMRUTANJAN
2024-06-06,EQ,715.15,726.5,704.25,710.15,722.25,715.75,717.24,804.0,563.9,49158,35258231.75,4018,AMRUTANJAN
2024-06-07,EQ,727.7,729.0,715.05,715.75,724.0,725.2,723.31,804.0,563.9,34713,25108254.7,2822,AMRUTANJAN
2024-06-10,EQ,725.0,742.55,720.6,725.2,730.0,732.2,731.68,804.0,563.9,62695,45872878.9,3769,AMRUTANJAN
2024-06-11,EQ,738.0,758.8,727.0,732.2,748.05,748.45,744.24,804.0,563.9,61200,45547514.8,4504,AMRUTANJAN
2024-06-12,EQ,751.55,759.9,744.0,748.45,750.0,753.05,750.42,804.0,563.9,62355,46792301.95,3054,AMRUTANJAN
2024-06-13,EQ,746.2,764.3,746.2,753.05,753.0,756.65,757.93,804.0,563.9,42973,32570540.1,3171,AMRUTANJAN
2024-06-14,EQ,752.2,762.9,749.8,756.65,750.25,750.1,752.13,804.0,563.9,26664,20054719.8,1854,AMRUTANJAN
2024-06-18,EQ,750.1,777.0,750.0,750.1,760.0,764.5,766.61,804.0,563.9,69349,53163360.85,5938,AMRUTANJAN
2024-06-19,EQ,768.35,776.45,748.05,764.5,760.0,758.8,758.9,804.0,563.9,37272,28285877.0,3783,AMRUTANJAN
2024-06-20,EQ,759.0,764.75,750.0,758.8,758.5,758.8,755.06,804.0,563.9,26842,20267337.15,2215,AMRUTANJAN
2024-06-21,EQ,758.2,767.95,748.0,758.8,750.05,750.95,757.45,804.0,563.9,19757,14964873.25,1969,AMRUTANJAN
2024-06-24,EQ,751.2,767.0,751.2,750.95,759.25,755.6,758.33,804.0,563.9,21923,16624962.8,2738,AMRUTANJAN
2024-06-25,EQ,758.7,763.7,750.0,755.6,750.5,750.2,752.65,804.0,563.9,20504,15432273.75,2066,AMRUTANJAN
2024-06-26,EQ,751.0,772.6,742.9,750.2,755.95,756.1,754.61,804.0,563.9,54414,41061366.1,3175,AMRUTANJAN
2024-06-27,EQ,752.2,760.85,749.05,756.1,750.95,750.35,751.68,804.0,563.9,55921,42034458.35,2949,AMRUTANJAN
2024-06-28,EQ,754.15,758.0,745.0,750.35,749.55,749.5,749.68,804.0,563.9,123042,92241608.1,2391,AMRUTANJAN
2024-07-01,EQ,749.95,825.15,746.2,749.5,786.8,786.35,796.22,825.15,563.9,291771,232313794.95,20541,AMRUTANJAN
2024-07-02,EQ,787.0,800.0,773.95,786.35,780.8,782.05,786.58,825.15,563.9,66184,52059155.7,8290,AMRUTANJAN
2024-07-03,EQ,785.95,787.7,765.0,782.05,765.0,769.7,775.26,825.15,563.9,27683,21461615.4,2710,AMRUTANJAN
2024-07-04,EQ,773.8,797.15,769.8,769.7,791.0,790.6,783.49,825.15,563.9,58220,45614785.45,5854,AMRUTANJAN
2024-07-05,EQ,792.0,793.95,782.55,790.6,784.45,788.55,788.06,825.15,563.9,41143,32423343.95,4762,AMRUTANJAN
2024-07-08,EQ,788.55,795.4,777.9,788.55,777.9,785.75,789.36,825.15,563.9,103619,81792788.35,4524,AMRUTANJAN
2024-07-09,EQ,782.9,787.35,770.0,785.75,781.2,775.05,775.99,825.15,563.9,27091,21022477.7,1905,AMRUTANJAN
2024-07-10,EQ,778.95,790.0,762.0,775.05,769.4,769.15,774.81,825.15,563.9,42550,32967971.2,4685,AMRUTANJAN
2024-07-11,EQ,765.1,774.6,756.6,769.15,760.4,760.05,762.52,825.15,563.9,16239,12382628.0,2318,AMRUTANJAN
2024-07-12,EQ,760.25,773.85,750.0,760.05,752.9,752.4,760.42,825.15,563.9,33524,25492486.8,4204,AMRUTANJAN
2024-07-15,EQ,752.4,752.9,737.0,752.4,744.7,744.4,743.68,825.15,563.9,22997,17102494.1,2384,AMRUTANJAN
2024-07-16,EQ,746.85,747.95,738.9,744.4,744.0,742.95,742.71,825.15,563.9,12904,9583885.15,1808,AMRUTANJAN
2024-07-18,EQ,740.0,745.0,724.95,742.95,739.9,737.7,734.06,825.15,563.9,31184,22890842.4,3614,AMRUTANJAN
2024-07-19,EQ,745.0,755.95,731.95,737.7,740.0,738.5,741.22,825.15,563.9,34825,25813067.25,4631,AMRUTANJAN
2024-07-22,EQ,727.0,744.0,727.0,738.5,739.0,739.05,739.04,825.15,563.9,30503,22542923.6,3852,AMRUTANJAN
2024-07-23,EQ,739.05,753.2,720.0,739.05,749.7,746.85,739.62,825.15,563.9,39395,29137417.25,7782,AMRUTANJAN
2024-07-24,EQ,750.0,770.0,750.0,746.85,761.0,767.35,762.83,825.15,563.9,26020,19848965.9,4280,AMRUTANJAN
2024-07-25,EQ,769.95,782.4,767.35,767.35,778.5,779.75,777.47,825.15,563.9,25440,19778824.45,4392,AMRUTANJAN
2024-07-26,EQ,779.75,785.8,749.0,779.75,750.55,753.05,761.78,825.15,563.9,35713,27205288.65,4643,AMRUTANJAN
2024-07-29,EQ,749.0,758.0,745.0,753.05,745.5,748.55,749.04,825.15,563.9,25188,18866728.0,3490,AMRUTANJAN
2024-07-30,EQ,748.55,768.6,747.4,748.55,766.0,765.25,757.6,825.15,563.9,41796,31664559.0,4823,AMRUTANJAN
2024-07-31,EQ,766.0,768.9,743.05,765.25,755.05,755.6,751.27,825.15,563.9,87130,65458545.75,6234,AMRUTANJAN
2024-08-01,EQ,746.35,780.85,746.35,755.6,762.0,762.2,766.08,825.15,563.9,34351,26315546.0,4607,AMRUTANJAN
2024-08-02,EQ,752.25,779.0,752.25,762.2,755.0,760.3,766.51,825.15,563.9,31558,24189625.45,6106,AMRUTANJAN
2024-08-05,EQ,745.0,745.6,722.05,760.3,742.65,736.35,735.58,825.15,563.9,38042,27983018.3,5471,AMRUTANJAN
2024-08-06,EQ,742.35,748.75,707.55,736.35,714.55,710.85,725.64,825.15,563.9,20897,15163609.95,3703,AMRUTANJAN
2024-08-07,EQ,715.0,749.75,715.0,710.85,749.75,734.85,726.49,825.15,563.9,10808,7851892.95,2087,AMRUTANJAN
2024-08-08,EQ,739.15,743.5,719.55,734.85,740.0,740.35,738.48,825.15,563.9,15504,11449323.5,1998,AMRUTANJAN
2024-08-09,EQ,744.0,767.95,741.05,740.35,761.5,762.5,760.3,825.15,563.9,36673,27882373.6,4887,AMRUTANJAN
2024-08-12,EQ,745.1,769.95,745.1,762.5,767.0,766.4,765.52,825.15,563.9,26127,20000743.55,3070,AMRUTANJAN
2024-08-13,EQ,770.0,771.0,752.35,766.4,760.0,755.15,763.84,825.15,563.9,22182,16943491.1,2824,AMRUTANJAN
2024-08-14,EQ,710.0,751.95,707.35,755.15,732.0,733.9,724.14,825.15,563.9,194180,140613120.5,9635,AMRUTANJAN
2024-08-16,EQ,735.0,754.75,730.0,733.9,750.0,750.4,741.31,825.15,563.9,47184,34977745.85,3711,AMRUTANJAN
2024-08-19,EQ,743.1,758.0,736.1,750.4,756.1,753.35,747.2,825.15,563.9,35575,26581594.25,2854,AMRUTANJAN
2024-08-20,EQ,746.1,800.0,746.1,753.35,780.0,778.55,783.25,825.15,563.9,218617,171231194.8,10459,AMRUTANJAN
2024-08-21,EQ,783.95,786.0,767.45,778.55,785.0,781.4,776.5,825.15,563.9,44869,34840784.15,4219,AMRUTANJAN
2024-08-22,EQ,784.0,820.0,756.0,781.4,761.25,758.25,793.33,825.15,563.9,211719,167963976.5,11871,AMRUTANJAN
2024-08-23,EQ,761.9,769.15,747.55,758.25,756.9,754.45,756.24,825.15,563.9,42927,32463276.65,3698,AMRUTANJAN
2024-08-26,EQ,754.55,809.0,745.2,754.45,782.15,790.9,790.15,825.15,563.9,268746,212350238.15,13788,AMRUTANJAN
2024-08-27,EQ,784.05,832.0,773.75,790.9,832.0,823.3,811.6,832.0,563.9,355818,288780453.05,15290,AMRUTANJAN
2024-08-28,EQ,832.65,862.6,829.95,823.3,833.75,832.25,846.02,862.6,563.9,783412,662783958.4,26350,AMRUTANJAN
2024-08-29,EQ,838.0,842.25,818.5,832.25,826.0,826.15,829.13,862.6,563.9,84744,70263551.15,6380,AMRUTANJAN
2024-08-30,EQ,826.15,830.25,815.6,826.15,817.0,818.9,822.63,862.6,563.9,42083,34618599.8,3936,AMRUTANJAN
2024-09-02,EQ,823.75,829.75,808.0,818.9,812.0,811.25,814.43,862.6,563.9,36145,29437544.95,3888,AMRUTANJAN
2024-09-03,EQ,812.0,817.8,806.0,811.25,812.55,813.1,810.87,862.6,563.9,20826,16887085.7,1778,AMRUTANJAN
2024-09-04,EQ,812.0,819.3,803.25,813.1,811.45,807.45,812.92,862.6,563.9,95152,77350526.75,9199,AMRUTANJAN
2024-09-05,EQ,811.5,838.9,806.0,807.45,823.95,817.0,826.06,862.6,563.9,102804,84922113.5,8342,AMRUTANJAN
2024-09-06,EQ,819.8,834.5,803.4,817.0,808.0,808.5,819.37,862.6,563.9,72688,59558368.45,5393,AMRUTANJAN
2024-09-09,EQ,805.0,810.3,795.0,808.5,802.25,797.9,799.95,862.6,563.9,26130,20902744.95,2735,AMRUTANJAN
2024-09-10,EQ,801.9,812.45,795.0,797.9,796.6,797.25,802.24,862.6,563.9,23750,19053301.3,3140,AMRUTANJAN
2024-09-11,EQ,800.65,803.2,786.25,797.25,790.35,789.1,794.59,862.6,563.9,21159,16812740.55,2268,AMRUTANJAN
2024-09-12,EQ,793.05,803.8,782.0,789.1,782.15,784.9,788.4,862.6,563.9,24751,19513580.1,2696,AMRUTANJAN
2024-09-13,EQ,788.85,790.9,775.0,784.9,789.0,787.35,783.02,862.6,563.9,21664,16963277.25,2451,AMRUTANJAN
2024-09-16,EQ,790.0,799.9,777.1,787.35,785.65,786.1,784.85,862.6,563.9,19453,15267703.35,2513,AMRUTANJAN
2024-09-17,EQ,790.0,790.0,777.95,786.1,780.0,779.25,780.89,862.6,563.9,22793,17798917.95,2367,AMRUTANJAN
2024-09-18,EQ,784.8,811.9,775.05,779.25,807.85,804.9,801.74,862.6,563.9,63513,50921051.9,7506,AMRUTANJAN
2024-09-19,EQ,807.8,824.65,773.25,804.9,781.0,781.25,795.23,862.6,563.9,73200,58210841.8,7855,AMRUTANJAN
2024-09-20,EQ,790.0,803.4,784.95,781.25,800.0,801.5,794.73,862.6,563.9,31117,24729558.15,2303,AMRUTANJAN
2024-09-23,EQ,801.5,811.0,789.15,801.5,794.65,791.8,797.8,862.6,563.9,24488,19536648.4,2629,AMRUTANJAN
2024-09-24,EQ,795.0,810.8,788.5,791.8,792.6,796.8,798.28,862.6,563.9,26073,20813463.45,2413,AMRUTANJAN
2024-09-25,EQ,790.35,800.35,771.25,796.8,774.0,773.95,780.16,862.6,563.9,25068,19557095.45,2879,AMRUTANJAN
2024-09-26,EQ,774.0,785.85,737.3,773.95,744.0,748.1,758.86,862.6,563.9,1180187,895601990.4,11822,AMRUTANJAN
2024-09-27,EQ,768.0,783.3,732.25,748.1,767.25,768.7,753.76,862.6,563.9,256177,193096505.35,10876,AMRUTANJAN
2024-09-30,EQ,770.0,820.8,769.0,768.7,814.95,816.05,806.09,862.6,563.9,207004,166864435.25,12036,AMRUTANJAN
2024-10-01,EQ,809.0,816.0,791.05,816.05,799.9,795.15,800.47,862.6,563.9,38987,31207841.3,2563,AMRUTANJAN
2024-10-03,EQ,798.7,798.7,770.05,795.15,776.0,772.6,780.77,862.6,563.9,28987,22632151.85,2530,AMRUTANJAN
2024-10-04,EQ,776.5,785.6,764.0,772.6,768.0,768.55,772.86,862.6,563.9,25471,19685501.2,2212,AMRUTANJAN
2024-10-07,EQ,772.7,774.4,728.0,768.55,735.4,742.95,742.9,862.6,563.9,50784,37727441.3,3496,AMRUTANJAN
2024-10-08,EQ,740.0,768.0,733.05,742.95,767.95,758.8,753.77,862.6,563.9,26136,19700494.15,2533,AMRUTANJAN
2024-10-09,EQ,762.6,778.25,759.2,758.8,768.9,770.1,767.87,862.6,563.9,36110,27727696.8,2128,AMRUTANJAN
2024-10-10,EQ,776.4,776.4,760.0,770.1,764.2,763.85,766.95,862.6,563.9,16603,12733592.45,1773,AMRUTANJAN
2024-10-11,EQ,757.0,785.9,757.0,763.85,776.9,775.6,775.69,862.6,563.9,21483,16664224.7,2058,AMRUTANJAN
2024-10-14,EQ,775.6,776.95,759.6,775.6,759.6,762.4,765.28,862.6,563.9,11365,8697393.55,1199,AMRUTANJAN
2024-10-15,EQ,768.5,768.5,751.5,762.4,757.9,761.45,760.83,862.6,563.9,15674,11925296.7,1473,AMRUTANJAN
2024-10-16,EQ,764.95,790.0,760.1,761.45,786.9,786.15,780.22,862.6,563.9,46979,36654168.55,5386,AMRUTANJAN
2024-10-17,EQ,788.05,798.7,768.0,786.15,768.05,770.05,782.25,862.6,563.9,19812,15497842.75,2382,AMRUTANJAN
2024-10-18,EQ,762.35,773.95,754.05,770.05,764.0,769.7,766.59,862.6,563.9,15106,11580111.0,1903,AMRUTANJAN
2024-10-21,EQ,762.0,767.8,738.05,769.7,751.0,749.4,751.94,862.6,563.9,19611,14746292.25,2512,AMRUTANJAN
2024-10-22,EQ,750.6,753.15,728.4,749.4,733.9,730.9,739.65,862.6,563.9,17286,12785504.2,2286,AMRUTANJAN
2024-10-23,EQ,731.0,767.7,728.0,730.9,759.0,748.95,745.75,862.6,563.9,25462,18988180.7,3612,AMRUTANJAN
2024-10-24,EQ,741.45,751.1,735.0,748.95,738.65,740.8,745.01,862.6,563.9,10908,8126562.35,2136,AMRUTANJAN
2024-10-25,EQ,741.15,746.65,712.35,740.8,722.5,721.85,727.64,862.6,563.9,32458,23617756.8,3494,AMRUTANJAN
2024-10-28,EQ,721.85,730.25,712.55,721.85,719.0,720.55,721.03,862.6,570.0,13074,9426787.95,1782,AMRUTANJAN
2024-10-29,EQ,720.55,730.0,714.5,720.55,727.0,724.7,724.11,862.6,570.0,16376,11858089.25,1979,AMRUTANJAN
2024-10-30,EQ,716.0,744.0,716.0,724.7,739.0,738.35,737.39,862.6,570.0,24383,17979698.45,3184,AMRUTANJAN
2024-10-31,EQ,742.05,762.95,730.05,738.35,762.0,759.9,755.25,862.6,570.0,22284,16829964.5,4094,AMRUTANJAN
2024-11-01,EQ,759.9,775.5,752.2,759.9,755.0,761.8,766.11,862.6,570.0,9416,7213708.55,614,AMRUTANJAN
2024-11-04,EQ,751.0,765.0,740.2,761.8,749.6,745.9,751.09,862.6,570.0,24295,18247806.45,3318,AMRUTANJAN
2024-11-05,EQ,742.0,756.95,740.0,745.9,747.0,743.65,747.38,862.6,570.0,16731,12504484.9,2189,AMRUTANJAN
2024-11-06,EQ,743.65,746.9,735.1,743.65,736.25,737.75,738.51,862.6,570.0,19770,14600359.5,2418,AMRUTANJAN
2024-11-07,EQ,739.6,740.2,714.65,737.75,722.4,720.15,724.15,862.6,570.0,20064,14529261.0,2180,AMRUTANJAN
2024-11-08,EQ,720.0,720.0,703.5,720.15,705.7,707.2,710.36,862.6,570.0,20123,14294531.85,2200,AMRUTANJAN
2024-11-11,EQ,701.2,709.95,696.1,707.2,705.95,700.1,702.77,862.6,570.0,14003,9840873.2,1726,AMRUTANJAN
2024-11-12,EQ,700.1,703.45,662.0,700.1,668.0,666.45,680.72,862.6,570.0,29428,20032192.75,2792,AMRUTANJAN
2024-11-13,EQ,692.25,732.25,669.2,666.45,690.0,684.9,694.04,862.6,570.0,156098,108337928.55,9962,AMRUTANJAN
2024-11-14,EQ,687.0,713.95,679.95,684.9,700.0,701.15,697.35,862.6,570.0,29918,20863320.55,2834,AMRUTANJAN
2024-11-18,EQ,695.35,721.05,675.0,701.15,698.0,702.55,696.29,862.6,570.0,44489,30977365.7,3227,AMRUTANJAN
2024-11-19,EQ,702.55,774.9,698.0,702.55,722.0,723.9,736.88,862.6,570.0,122991,90629913.5,7554,AMRUTANJAN
2024-11-21,EQ,725.0,727.1,701.75,723.9,701.75,705.5,708.37,862.6,570.0,24242,17172196.05,2234,AMRUTANJAN
2024-11-22,EQ,705.0,707.2,693.1,705.5,693.1,699.8,702.44,862.6,570.0,19242,13516396.2,1721,AMRUTANJAN
2024-11-25,EQ,703.9,709.0,698.1,699.8,699.8,702.85,702.62,862.6,570.0,15174,10661616.25,1310,AMRUTANJAN
2024-11-26,EQ,699.0,728.65,699.0,702.85,708.0,712.45,714.59,862.6,570.0,18142,12964131.35,1814,AMRUTANJAN
2024-11-27,EQ,717.7,724.15,706.55,712.45,720.0,720.3,716.44,862.6,570.0,10165,7282588.6,1279,AMRUTANJAN
2024-11-28,EQ,725.0,734.45,720.0,720.3,720.1,727.3,728.54,862.6,570.0,23826,17358236.75,2476,AMRUTANJAN
2024-11-29,EQ,728.0,742.45,721.65,727.3,739.35,737.95,732.83,862.6,570.0,16950,12421385.45,2917,AMRUTANJAN
2024-12-02,EQ,731.0,744.8,730.6,737.95,741.0,740.5,740.18,862.6,570.0,13003,9624525.15,1714,AMRUTANJAN
2024-12-03,EQ,746.15,755.0,736.25,740.5,751.0,749.7,749.3,862.6,570.0,20376,15267751.15,2510,AMRUTANJAN
2024-12-04,EQ,755.0,755.0,736.75,749.7,737.1,740.6,743.53,862.6,570.0,13069,9717208.55,1226,AMRUTANJAN
2024-12-05,EQ,740.6,746.7,728.3,740.6,735.15,738.45,735.2,862.6,570.0,13882,10206070.85,1182,AMRUTANJAN
2024-12-06,EQ,736.1,744.35,719.1,738.45,723.0,721.9,728.29,862.6,570.0,18253,13293547.0,1858,AMRUTANJAN
2024-12-09,EQ,727.5,750.0,719.05,721.9,749.0,742.65,733.35,862.6,570.0,36243,26578646.9,4193,AMRUTANJAN
2024-12-10,EQ,744.45,756.0,741.95,742.65,754.0,752.95,750.1,862.6,570.0,32416,24315334.3,2231,AMRUTANJAN
2024-12-11,EQ,754.85,760.3,748.0,752.95,752.0,750.25,751.88,862.6,570.0,21672,16294766.1,1287,AMRUTANJAN
2024-12-12,EQ,755.95,755.95,748.25,750.25,750.0,750.0,750.43,862.6,570.0,24506,18389976.2,1078,AMRUTANJAN
2024-12-13,EQ,745.0,753.7,740.0,750.0,750.0,750.55,747.11,862.6,570.0,18409,13753539.0,1591,AMRUTANJAN
2024-12-16,EQ,756.35,756.6,743.0,750.55,748.1,749.8,747.2,862.6,570.0,20545,15351232.95,944,AMRUTANJAN
2024-12-17,EQ,743.85,751.9,735.7,749.8,750.0,745.45,745.31,862.6,570.0,17341,12924485.3,1678,AMRUTANJAN
2024-12-18,EQ,740.5,768.0,740.5,745.45,756.9,751.3,750.85,862.6,570.0,22309,16750801.8,1241,AMRUTANJAN
2024-12-19,EQ,748.0,755.15,743.9,751.3,755.15,752.1,749.45,862.6,570.0,12910,9675369.0,1341,AMRUTANJAN
2024-12-20,EQ,752.15,765.0,740.15,752.1,750.0,749.15,751.82,862.6,570.0,33344,25068585.4,2361,AMRUTANJAN
2024-12-23,EQ,749.15,751.45,727.3,749.15,731.25,738.65,736.04,862.6,570.0,26103,19212738.35,4532,AMRUTANJAN
2024-12-24,EQ,743.9,743.9,723.55,738.65,729.0,726.25,728.96,862.6,570.0,5324,3880976.95,837,AMRUTANJAN
2024-12-26,EQ,723.0,727.5,706.6,726.25,719.0,713.75,717.6,862.6,570.0,7498,5380545.95,1006,AMRUTANJAN
2024-12-27,EQ,718.25,719.25,709.55,713.75,717.9,716.45,714.58,862.6,570.0,5990,4280313.0,788,AMRUTANJAN
2024-12-30,EQ,712.0,721.9,695.05,716.45,700.0,699.2,705.87,862.6,570.0,21099,14893046.15,2544,AMRUTANJAN
2024-12-31,EQ,704.6,726.4,695.25,699.2,722.8,722.65,715.73,862.6,570.0,11331,8109888.8,2069,AMRUTANJAN
2025-01-01,EQ,722.65,724.1,715.05,722.65,719.8,720.3,720.23,862.6,570.0,5419,3902941.1,790,AMRUTANJAN
2025-01-02,EQ,725.9,729.45,717.65,720.3,727.45,725.55,722.19,862.6,570.0,4914,3548852.1,833,AMRUTANJAN
2025-01-03,EQ,731.15,734.9,720.0,725.55,724.95,723.85,727.92,862.6,570.0,9802,7135082.4,1355,AMRUTANJAN
2025-01-06,EQ,720.0,722.6,701.05,723.85,702.9,705.75,709.25,862.6,570.0,11294,8010312.35,2222,AMRUTANJAN
2025-01-07,EQ,705.6,721.55,705.6,705.75,720.25,719.6,716.65,862.6,570.0,9963,7139939.3,2104,AMRUTANJAN
2025-01-08,EQ,724.95,724.95,706.05,719.6,710.75,711.45,711.28,862.6,570.0,5619,3996699.25,1076,AMRUTANJAN
2025-01-09,EQ,702.35,716.8,702.35,711.45,711.9,710.3,710.55,862.6,570.0,5924,4209322.35,692,AMRUTANJAN
2025-01-10,EQ,710.3,710.3,700.0,710.3,704.0,702.45,702.53,862.6,570.0,6075,4267898.75,776,AMRUTANJAN
2025-01-13,EQ,704.0,842.9,671.8,702.45,673.0,683.2,715.73,862.6,570.0,393254,281462968.7,9027,AMRUTANJAN
2025-01-14,EQ,675.0,711.95,674.1,683.2,692.6,703.7,690.42,862.6,570.0,29792,20569053.35,2927,AMRUTANJAN
2025-01-15,EQ,710.15,710.15,666.0,703.7,679.1,675.4,675.61,862.6,570.0,64035,43262781.8,5838,AMRUTANJAN
2025-01-16,EQ,682.05,710.0,679.1,675.4,698.0,693.7,692.74,862.6,570.0,42610,29517486.45,3668,AMRUTANJAN
2025-01-17,EQ,694.9,698.9,686.75,693.7,695.0,695.25,694.18,862.6,570.0,14576,10118422.85,1557,AMRUTANJAN
2025-01-20,EQ,695.25,699.75,688.05,695.25,695.0,690.45,694.12,862.6,570.0,35009,24300287.7,1329,AMRUTANJAN
2025-01-21,EQ,694.95,701.45,678.1,690.45,678.65,680.3,686.91,862.6,570.0,15570,10695248.6,1317,AMRUTANJAN
2025-01-22,EQ,680.4,700.0,670.55,680.3,692.0,693.3,679.8,862.6,570.0,14019,9530076.45,1391,AMRUTANJAN
2025-01-23,EQ,687.7,706.95,679.15,693.3,695.1,702.25,695.66,862.6,570.0,11475,7982692.2,1613,AMRUTANJAN
2025-01-24,EQ,691.7,712.95,682.1,702.25,691.8,695.7,697.05,862.6,570.0,18017,12558690.4,1986,AMRUTANJAN
2025-01-27,EQ,683.0,695.65,665.0,695.7,665.8,666.15,672.6,862.6,570.0,20806,13994216.25,1667,AMRUTANJAN
2025-01-28,EQ,660.3,698.0,637.6,666.15,672.0,677.3,662.07,862.6,570.0,28191,18664329.65,2788,AMRUTANJAN
2025-01-29,EQ,670.0,687.3,666.85,677.3,673.9,673.95,675.13,862.6,570.0,12062,8143368.2,1605,AMRUTANJAN
2025-01-30,EQ,677.3,680.0,664.0,673.95,667.25,666.0,669.11,862.6,570.0,7656,5122719.0,1152,AMRUTANJAN
2025-01-31,EQ,676.0,676.0,662.15,666.0,666.0,666.35,669.1,862.6,570.0,6616,4426758.0,870,AMRUTANJAN
2025-02-01,EQ,666.35,693.9,661.15,666.35,689.9,688.2,680.44,862.6,570.0,10152,6907832.5,1121,AMRUTANJAN
2025-02-03,EQ,686.35,686.35,659.05,688.2,665.9,663.05,669.52,862.6,570.6,15957,10683535.1,5309,AMRUTANJAN
2025-02-04,EQ,663.1,670.8,639.25,663.05,656.4,655.55,655.06,862.6,570.6,25880,16952987.25,2188,AMRUTANJAN
2025-02-05,EQ,660.85,679.0,652.0,655.55,670.0,670.3,668.01,862.6,570.6,10013,6688787.05,1244,AMRUTANJAN
2025-02-06,EQ,673.65,680.0,662.65,670.3,668.05,673.35,672.16,862.6,570.6,8249,5544609.5,2020,AMRUTANJAN
2025-02-07,EQ,670.65,670.95,652.1,673.35,657.05,657.4,663.48,862.6,570.6,8733,5794190.95,1756,AMRUTANJAN
2025-02-10,EQ,657.95,660.5,646.8,657.4,655.1,656.15,652.6,862.6,596.0,9780,6382414.15,1237,AMRUTANJAN
2025-02-11,EQ,661.25,661.25,625.0,656.15,631.9,631.9,637.96,862.6,596.0,12310,7853230.35,2181,AMRUTANJAN
2025-02-12,EQ,638.0,638.0,611.85,631.9,630.0,621.7,620.12,862.6,596.0,11594,7189689.55,1925,AMRUTANJAN
2025-02-13,EQ,640.35,665.0,624.95,621.7,632.0,634.6,643.8,862.6,596.0,20734,13348644.9,2432,AMRUTANJAN
2025-02-14,EQ,634.6,641.25,596.6,634.6,611.0,612.15,613.41,862.6,596.0,22397,13738652.55,3426,AMRUTANJAN
2025-02-17,EQ,619.55,619.6,592.3,612.15,615.0,602.85,598.82,862.6,592.3,18284,10948887.95,2860,AMRUTANJAN
2025-02-18,EQ,605.0,607.55,586.4,602.85,600.05,598.25,598.49,862.6,586.4,17786,10644821.05,1790,AMRUTANJAN
2025-02-19,EQ,598.25,616.25,590.0,598.25,610.0,606.65,605.12,862.6,586.4,15393,9314604.25,3812,AMRUTANJAN
2025-02-20,EQ,609.0,610.0,591.0,606.65,593.0,597.75,600.88,862.6,586.4,17410,10461328.4,2101,AMRUTANJAN
2025-02-21,EQ,601.85,607.6,593.45,597.75,597.35,598.4,600.54,862.6,586.4,15990,9602585.9,2900,AMRUTANJAN
2025-02-24,EQ,584.3,615.0,583.35,598.4,615.0,611.35,603.26,862.6,583.35,25210,15208245.05,2907,AMRUTANJAN
2025-02-25,EQ,602.2,624.8,594.3,611.35,595.25,600.65,607.1,862.6,583.35,39175,23783313.25,3191,AMRUTANJAN
2025-02-27,EQ,599.0,605.75,590.0,600.65,591.7,593.4,594.9,862.6,583.35,10973,6527833.2,1310,AMRUTANJAN
2025-02-28,EQ,590.1,591.5,575.55,593.4,578.2,577.75,582.87,862.6,575.55,19241,11215067.95,2011,AMRUTANJAN
2025-03-03,EQ,579.0,586.8,559.95,577.75,581.55,583.35,571.51,862.6,559.95,24486,13994105.3,2836,AMRUTANJAN
2025-03-04,EQ,575.0,619.0,569.3,583.35,612.0,601.05,590.44,862.6,559.95,18090,10680974.45,2612,AMRUTANJAN
2025-03-05,EQ,597.45,654.55,597.2,601.05,632.1,630.6,634.9,862.6,559.95,49510,31433969.0,5480,AMRUTANJAN
2025-03-06,EQ,630.3,638.8,622.5,630.6,624.1,626.85,631.23,862.6,559.95,8131,5132525.4,1380,AMRUTANJAN
2025-03-07,EQ,627.5,637.0,610.05,626.85,613.95,616.35,623.1,862.6,559.95,14580,9084814.05,1598,AMRUTANJAN
2025-03-10,EQ,620.95,620.95,589.05,616.35,594.0,593.75,600.31,862.6,559.95,14646,8792143.75,1475,AMRUTANJAN
2025-03-11,EQ,593.75,601.8,580.0,593.75,595.05,595.6,592.53,862.6,559.95,21475,12724580.4,2202,AMRUTANJAN
2025-03-12,EQ,596.55,598.75,585.1,595.6,590.0,589.7,590.21,862.6,559.95,16677,9842931.45,2267,AMRUTANJAN
2025-03-13,EQ,595.0,595.05,585.0,589.7,586.5,589.1,590.65,862.6,559.95,18201,10750435.0,1103,AMRUTANJAN
2025-03-17,EQ,585.55,592.7,577.55,589.1,580.55,590.3,585.7,862.6,559.95,23492,13759284.05,1906,AMRUTANJAN
2025-03-18,EQ,594.9,606.0,586.85,590.3,606.0,604.2,592.69,862.6,559.95,39598,23469362.95,1476,AMRUTANJAN
2025-03-19,EQ,604.8,614.0,604.8,604.2,613.0,612.1,610.93,862.6,559.95,24685,15080817.15,1058,AMRUTANJAN
2025-03-20,EQ,612.1,637.55,612.1,612.1,625.0,631.7,626.0,862.6,559.95,36981,23150194.85,4760,AMRUTANJAN
2025-03-21,EQ,635.0,647.9,632.0,631.7,640.0,640.6,639.72,862.6,559.95,24512,15680740.05,2173,AMRUTANJAN
2025-03-24,EQ,644.95,652.0,620.15,640.6,650.0,635.8,628.9,862.6,559.95,67974,42749150.1,5556,AMRUTANJAN
2025-03-25,EQ,636.25,662.75,635.55,635.8,642.0,640.9,642.49,862.6,559.95,38251,24576036.3,4234,AMRUTANJAN
2025-03-26,EQ,644.1,644.95,610.0,640.9,611.9,613.9,625.63,862.6,559.95,21976,13748815.05,3536,AMRUTANJAN
2025-03-27,EQ,613.9,634.9,607.6,613.9,632.0,631.8,624.94,862.6,559.95,36336,22707868.1,4002,AMRUTANJAN
2025-03-28,EQ,633.4,674.7,622.4,631.8,665.0,652.1,644.75,862.6,559.95,36478,23519250.2,4716,AMRUTANJAN
2025-04-01,EQ,661.1,672.0,640.35,652.1,643.4,643.55,655.09,862.6,559.95,15352,10057003.75,2900,AMRUTANJAN
2025-04-02,EQ,635.1,653.0,635.05,643.55,646.05,645.45,644.14,862.6,559.95,5077,3270279.85,942,AMRUTANJAN
2025-04-03,EQ,641.1,668.8,641.1,645.45,666.0,665.9,659.49,862.6,559.95,16588,10939625.3,2638,AMRUTANJAN
2025-04-04,EQ,659.05,665.15,636.25,665.9,650.0,642.5,654.45,862.6,559.95,15895,10402484.1,2838,AMRUTANJAN
2025-04-07,EQ,620.0,635.0,570.55,642.5,615.0,612.1,612.59,862.6,559.95,24800,15192341.1,4056,AMRUTANJAN
2025-04-08,EQ,622.8,632.45,616.4,612.1,631.15,627.35,626.2,862.6,559.95,17240,10795769.9,3724,AMRUTANJAN
2025-04-09,EQ,632.0,644.9,620.9,627.35,635.65,635.9,634.05,862.6,559.95,9384,5949937.25,2134,AMRUTANJAN
2025-04-11,EQ,640.9,641.05,624.95,635.9,631.55,632.05,633.54,862.6,559.95,6925,4387258.15,1524,AMRUTANJAN
2025-04-15,EQ,636.95,734.0,632.05,632.05,664.2,669.5,697.09,862.6,559.95,268873,187429774.7,23344,AMRUTANJAN
2025-04-16,EQ,668.85,697.7,667.85,669.5,684.1,685.4,684.24,862.6,559.95,31783,21747285.35,5901,AMRUTANJAN
2025-04-17,EQ,685.4,685.4,671.95,685.4,672.9,673.15,675.43,862.6,559.95,14570,9840963.25,1842,AMRUTANJAN
2025-04-21,EQ,678.2,690.0,670.2,673.15,672.1,673.5,679.96,862.6,559.95,28383,19299234.95,3533,AMRUTANJAN
2025-04-22,EQ,673.2,690.05,665.95,673.5,680.55,683.65,682.5,862.6,559.95,17338,11833266.2,2588,AMRUTANJAN
2025-04-23,EQ,683.65,686.65,669.0,683.65,669.05,670.15,676.22,862.6,559.95,12233,8272164.9,1317,AMRUTANJAN
2025-04-24,EQ,670.0,685.0,669.0,670.15,669.0,671.65,676.61,862.6,559.95,8492,5745746.95,1230,AMRUTANJAN
2025-04-25,EQ,671.65,676.7,651.0,671.65,660.9,654.5,658.47,862.6,559.95,11177,7359762.3,1585,AMRUTANJAN
2025-04-28,EQ,650.3,668.8,650.05,654.5,663.9,665.15,661.98,862.6,559.95,5898,3904335.45,1129,AMRUTANJAN
2025-04-29,EQ,666.8,687.45,665.55,665.15,683.0,680.1,677.76,862.6,559.95,27036,18323854.0,1920,AMRUTANJAN
2025-04-30,EQ,684.35,709.0,544.1,680.1,701.0,694.3,671.3,862.6,544.1,222553,149400843.95,8940,AMRUTANJAN
2025-05-02,EQ,696.6,715.0,693.35,694.3,697.05,700.65,702.35,862.6,544.1,43945,30864934.45,4441,AMRUTANJAN
2025-05-05,EQ,700.0,703.85,684.05,700.65,687.15,694.15,693.29,862.6,544.1,16803,11649274.6,2363,AMRUTANJAN
2025-05-06,EQ,694.15,698.95,670.0,694.15,670.5,672.55,678.72,862.6,544.1,12714,8629303.45,1527,AMRUTANJAN
2025-05-07,EQ,666.25,689.0,666.25,672.55,672.15,679.4,675.47,862.6,544.1,12655,8548058.05,2227,AMRUTANJAN
2025-05-08,EQ,682.65,702.0,678.4,679.4,691.0,698.4,696.7,862.6,544.1,26371,18372620.75,3144,AMRUTANJAN
2025-05-09,EQ,670.0,696.3,670.0,698.4,690.65,689.7,687.36,862.6,544.1,12887,8858025.05,1730,AMRUTANJAN
2025-05-12,EQ,694.0,707.7,694.0,689.7,706.0,705.65,702.12,862.6,544.1,16825,11813091.25,2466,AMRUTANJAN
2025-05-13,EQ,703.5,712.9,703.5,705.65,707.9,709.9,709.32,862.6,544.1,10868,7708837.9,1451,AMRUTANJAN
2025-05-14,EQ,713.35,722.25,706.8,709.9,718.0,715.4,712.57,862.6,544.1,8948,6376077.45,958,AMRUTANJAN
2025-05-15,EQ,717.95,724.8,712.25,715.4,715.0,717.1,719.8,862.6,544.1,11653,8387880.7,1425,AMRUTANJAN
2025-05-16,EQ,721.95,721.95,695.0,717.1,699.05,703.35,705.36,862.6,544.1,92822,65473138.25,5232,AMRUTANJAN
2025-05-19,EQ,700.0,710.3,698.95,703.35,706.15,705.45,704.02,862.6,544.1,14639,10306205.85,1816,AMRUTANJAN
2025-05-20,EQ,704.45,710.9,690.05,705.45,693.0,693.55,698.2,862.6,544.1,9388,6554735.1,1564,AMRUTANJAN
2025-05-21,EQ,693.55,717.0,689.05,693.55,717.0,713.9,710.56,862.6,544.1,29273,20800160.85,2658,AMRUTANJAN
2025-05-22,EQ,713.9,731.0,704.95,713.9,731.0,723.2,717.64,862.6,544.1,18212,13069592.5,2473,AMRUTANJAN
2025-05-23,EQ,723.2,733.95,713.05,723.2,715.1,718.3,721.2,862.6,544.1,18980,13688352.2,2147,AMRUTANJAN
2025-05-26,EQ,714.0,728.45,706.25,718.3,720.0,720.85,718.0,862.6,544.1,16875,12116223.0,2185,AMRUTANJAN
2025-05-27,EQ,720.0,733.0,715.0,720.85,729.0,728.1,726.71,862.6,544.1,39655,28817667.3,3094,AMRUTANJAN
2025-05-28,EQ,728.1,730.95,712.85,728.1,730.0,719.65,723.28,862.6,544.1,9118,6594884.25,1158,AMRUTANJAN
2025-05-29,EQ,719.65,735.6,707.6,719.65,735.0,729.9,722.63,862.6,544.1,26624,19239349.75,2813,AMRUTANJAN
2025-05-30,EQ,734.0,734.0,710.05,729.9,711.75,712.0,718.43,862.6,544.1,9124,6554914.2,1399,AMRUTANJAN
2025-06-02,EQ,707.7,735.0,706.0,712.0,725.0,725.15,718.68,862.6,544.1,18365,13198593.35,2478,AMRUTANJAN
2025-06-03,EQ,726.0,740.45,720.65,725.15,730.15,728.8,732.1,862.6,544.1,17596,12881956.85,3184,AMRUTANJAN
2025-06-04,EQ,734.4,751.0,707.75,728.8,740.0,731.7,717.82,862.6,544.1,111440,79993515.0,7170,AMRUTANJAN
2025-06-05,EQ,738.0,744.45,719.0,731.7,719.1,722.5,734.92,862.6,544.1,17043,12525321.95,2514,AMRUTANJAN
2025-06-06,EQ,722.5,727.55,713.2,722.5,714.5,714.45,718.59,862.6,544.1,7269,5223446.0,1468,AMRUTANJAN
2025-06-09,EQ,719.85,725.9,711.0,714.45,714.0,712.25,715.83,862.6,544.1,12624,9036625.7,2024,AMRUTANJAN
2025-06-10,EQ,712.25,718.1,705.0,712.25,706.15,707.2,710.0,862.6,544.1,16252,11538875.6,2392,AMRUTANJAN
2025-06-11,EQ,707.2,710.0,698.0,707.2,698.0,699.95,704.79,862.6,544.1,20147,14199383.2,2051,AMRUTANJAN
2025-06-12,EQ,697.0,717.8,696.25,699.95,696.25,700.55,706.45,862.6,544.1,13226,9343548.9,2595,AMRUTANJAN
2025-06-13,EQ,691.0,702.4,681.85,700.55,695.75,695.45,694.15,862.6,544.1,14658,10174897.4,2964,AMRUTANJAN
